latitude,longitude,brightness,scan,track,acq_date,acq_time,satellite,confidence,version,bright_t31,frp,daynight
-14.04668,132.18803,317.32,1.4,1.17,2026-04-29,0011,T,72,6.1NRT,299.1,17.72,D
-14.08601,131.84377,310.53,1.33,1.14,2026-04-29,0011,T,38,6.1NRT,299.22,6.39,D
-14.09585,131.84828,314.84,1.33,1.14,2026-04-29,0011,T,63,6.1NRT,299.92,10.96,D
-14.45597,125.16779,320.02,1.27,1.12,2026-04-29,0011,T,0,6.1NRT,300.29,13.91,D
-14.46764,125.17773,340.69,1.26,1.12,2026-04-29,0011,T,79,6.1NRT,301.51,51.06,D
-14.63601,125.40978,313.76,1.22,1.1,2026-04-29,0011,T,63,6.1NRT,300.35,8.66,D
-14.63771,125.4209,316.42,1.22,1.1,2026-04-29,0011,T,61,6.1NRT,300.24,11.73,D
-15.44508,129.6445,312.01,1.07,1.03,2026-04-29,0011,T,40,6.1NRT,299.65,5.48,D
-15.07114,126.8921,312.03,1.04,1.02,2026-04-29,0011,T,63,6.1NRT,300.59,5.93,D
-15.45366,129.57753,322.86,1.06,1.03,2026-04-29,0011,T,78,6.1NRT,301.8,15.23,D
-15.45497,129.58727,326.16,1.06,1.03,2026-04-29,0011,T,81,6.1NRT,301.39,19.37,D
-15.45628,129.59698,313.31,1.06,1.03,2026-04-29,0011,T,28,6.1NRT,300.68,5.25,D
-15.4769,129.47607,330,1.05,1.02,2026-04-29,0011,T,84,6.1NRT,301.06,24.71,D
-15.48612,129.54352,311.53,1.06,1.03,2026-04-29,0011,T,45,6.1NRT,299.61,4.16,D
-15.49008,129.57256,312.44,1.06,1.03,2026-04-29,0011,T,50,6.1NRT,300.5,5.22,D
-15.7248,130.86775,313.97,1.22,1.1,2026-04-29,0011,T,66,6.1NRT,302.06,8.08,D
-15.61157,129.85895,312.34,1.09,1.04,2026-04-29,0011,T,61,6.1NRT,300.65,7.02,D
-15.77583,130.80446,314.21,1.21,1.09,2026-04-29,0011,T,66,6.1NRT,301.32,8.84,D
-15.29317,127.27363,320.61,1.02,1.01,2026-04-29,0011,T,76,6.1NRT,299.01,13.34,D
-15.58551,129.32791,312.7,1.04,1.02,2026-04-29,0011,T,55,6.1NRT,300.85,5.77,D
-16.32929,135.02722,315.3,2.47,1.51,2026-04-29,0011,T,71,6.1NRT,297.77,36.01,D
-15.12699,125.13219,310.93,1.25,1.11,2026-04-29,0011,T,47,6.1NRT,298.79,7.58,D
-15.13678,125.13055,309.61,1.25,1.11,2026-04-29,0011,T,52,6.1NRT,298.31,6.15,D
-15.41692,126.98441,316.35,1.03,1.02,2026-04-29,0011,T,70,6.1NRT,300.12,9.74,D
-15.41831,126.99382,331.82,1.03,1.02,2026-04-29,0011,T,85,6.1NRT,301.58,27.49,D
-15.41969,127.00321,314.35,1.03,1.01,2026-04-29,0011,T,63,6.1NRT,300.06,7.72,D
-15.414,126.83991,312.07,1.04,1.02,2026-04-29,0011,T,63,6.1NRT,299.11,6.54,D
-15.14326,124.9699,308.83,1.27,1.12,2026-04-29,0011,T,40,6.1NRT,298.79,6.14,D
-15.56719,127.50526,314.04,1.01,1,2026-04-29,0011,T,52,6.1NRT,301.22,5.42,D
-15.35421,125.82121,327.64,1.14,1.06,2026-04-29,0011,T,83,6.1NRT,299.99,25.11,D
-15.36053,125.82491,322.01,1.14,1.06,2026-04-29,0011,T,78,6.1NRT,299.73,17.47,D
-15.77827,128.65498,313.78,1.01,1.01,2026-04-29,0011,T,29,6.1NRT,301.91,6.27,D
-15.30025,125.37743,312.87,1.2,1.09,2026-04-29,0011,T,62,6.1NRT,297.34,11.57,D
-15.65311,127.71103,312.34,1,1,2026-04-29,0011,T,61,6.1NRT,301.03,5.44,D
-15.53135,126.57437,309.53,1.06,1.03,2026-04-29,0011,T,51,6.1NRT,299.22,5.6,D
-15.68414,127.61284,313.54,1,1,2026-04-29,0011,T,46,6.1NRT,300.63,5.55,D
-15.49767,125.33248,310.84,1.2,1.09,2026-04-29,0011,T,50,6.1NRT,299.45,6.58,D
-15.50729,125.33087,313.99,1.2,1.09,2026-04-29,0011,T,68,6.1NRT,298.74,10.14,D
-15.5835,125.50732,316.07,1.17,1.08,2026-04-29,0011,T,71,6.1NRT,297.73,12.38,D
-15.7809,126.82589,309.91,1.04,1.02,2026-04-29,0011,T,56,6.1NRT,298.29,5.22,D
-15.58853,125.5109,317.44,1.17,1.08,2026-04-29,0011,T,73,6.1NRT,297.82,14.06,D
-15.62607,125.68891,310.31,1.15,1.07,2026-04-29,0011,T,55,6.1NRT,298.71,6.04,D
-15.63273,125.48131,310.06,1.18,1.08,2026-04-29,0011,T,53,6.1NRT,298.9,6.2,D
-15.63897,125.45835,314.42,1.18,1.08,2026-04-29,0011,T,69,6.1NRT,298.18,10.93,D
-15.72669,125.74184,311.09,1.14,1.06,2026-04-29,0011,T,62,6.1NRT,297.38,7.82,D
-16.10103,127.43386,310.07,1.01,1,2026-04-29,0011,T,48,6.1NRT,299.66,4.58,D
-16.24669,127.6776,313.82,1,1,2026-04-29,0011,T,66,6.1NRT,300.69,5.91,D
-16.24801,127.68675,313.45,1,1,2026-04-29,0011,T,65,6.1NRT,300.28,5.59,D
-16.29038,127.65522,316.58,1,1,2026-04-29,0011,T,70,6.1NRT,300.41,9.12,D
-16.40459,127.55694,310.14,1,1,2026-04-29,0011,T,36,6.1NRT,299.67,4.2,D
-16.47108,126.81325,316.07,1.03,1.01,2026-04-29,0013,T,70,6.1NRT,300.6,8.33,D
-17.01196,130.65283,337,1.23,1.1,2026-04-29,0013,T,89,6.1NRT,300.23,46.09,D
-17.01341,130.66412,325.46,1.23,1.1,2026-04-29,0013,T,81,6.1NRT,299.43,25.73,D
-16.39602,125.64222,309.22,1.13,1.06,2026-04-29,0013,T,48,6.1NRT,298.9,4.81,D
-16.34794,124.99281,312.31,1.22,1.1,2026-04-29,0013,T,64,6.1NRT,299.51,8.42,D
-16.97315,126.15657,310.52,1.07,1.03,2026-04-29,0013,T,58,6.1NRT,299.51,5.06,D
-16.97899,126.19573,316.17,1.06,1.03,2026-04-29,0013,T,70,6.1NRT,300,9.5,D
-16.98042,126.20531,329.39,1.06,1.03,2026-04-29,0013,T,84,6.1NRT,301.44,24.69,D
-17.31789,126.73982,326.54,1.02,1.01,2026-04-29,0013,T,81,6.1NRT,300.67,20.07,D
-17.56028,127.77657,361.97,1,1,2026-04-29,0013,T,100,6.1NRT,303.26,86.83,D
-17.56159,127.78578,335.94,1,1,2026-04-29,0013,T,88,6.1NRT,300.34,32.21,D
-17.56291,127.79501,311.04,1,1,2026-04-29,0013,T,51,6.1NRT,298.17,5.37,D
-17.56913,127.77523,338.44,1,1,2026-04-29,0013,T,90,6.1NRT,299.87,36.03,D
-17.57045,127.78445,327.41,1,1,2026-04-29,0013,T,82,6.1NRT,300.18,20.63,D
-17.57176,127.79367,309.91,1,1,2026-04-29,0013,T,31,6.1NRT,298.28,4.14,D
-17.99378,130.13423,315.85,1.18,1.08,2026-04-29,0013,T,70,6.1NRT,298.67,11.56,D
-17.3491,125.29881,312.8,1.15,1.07,2026-04-29,0013,T,54,6.1NRT,300.66,6.44,D
-17.90422,127.79417,323.79,1,1,2026-04-29,0013,T,79,6.1NRT,299.26,16.38,D
-17.90553,127.80342,323.1,1,1,2026-04-29,0013,T,78,6.1NRT,298.8,15.41,D
-18.06909,127.78504,318.87,1,1,2026-04-29,0013,T,71,6.1NRT,300.63,10.46,D
-19.0897,134.23792,311.65,2.34,1.48,2026-04-29,0013,T,45,6.1NRT,299,19.33,D
-19.08427,134.06404,316.36,2.27,1.46,2026-04-29,0013,T,71,6.1NRT,297.4,32.91,D
-19.10283,134.23645,311.91,2.34,1.48,2026-04-29,0013,T,59,6.1NRT,297.86,20.47,D
-19.10553,134.01912,310.39,2.25,1.45,2026-04-29,0013,T,21,6.1NRT,297.15,16.09,D
-19.0827,134.0575,318.09,2.27,1.46,2026-04-29,0013,T,73,6.1NRT,297.34,36.34,D
-19.09996,134.22995,313.64,2.34,1.48,2026-04-29,0013,T,58,6.1NRT,298.15,24.68,D
-18.00443,123.99157,314.73,1.33,1.14,2026-04-29,0013,T,68,6.1NRT,300.43,11.94,D
-18.00639,124.00381,323.43,1.32,1.14,2026-04-29,0013,T,79,6.1NRT,301.34,23.98,D
-18.25975,125.02923,312.32,1.15,1.07,2026-04-29,0013,T,54,6.1NRT,298.09,8.08,D
-18.3397,125.0747,315.29,1.15,1.07,2026-04-29,0013,T,36,6.1NRT,300.48,9.19,D
-18.31792,124.74596,320.82,1.19,1.09,2026-04-29,0013,T,76,6.1NRT,301.72,15.14,D
-18.32921,124.75535,314.73,1.19,1.08,2026-04-29,0013,T,28,6.1NRT,300.15,7.79,D
-20.39966,135.38821,331.42,2.99,1.64,2026-04-29,0013,T,85,6.1NRT,298.81,125.06,D
-20.40239,135.41634,323.55,3,1.65,2026-04-29,0013,T,78,6.1NRT,298.49,79.33,D
-20.41427,135.3867,323.62,2.99,1.64,2026-04-29,0013,T,79,6.1NRT,295.77,81.49,D
-20.41702,135.41476,316.45,3,1.65,2026-04-29,0013,T,70,6.1NRT,295.84,47.24,D
-20.40094,135.38266,333.6,2.99,1.64,2026-04-29,0013,T,87,6.1NRT,298.28,143.85,D
-20.40346,135.41075,332.44,3,1.65,2026-04-29,0013,T,86,6.1NRT,299.09,136.91,D
-20.41554,135.3811,307.73,2.99,1.64,2026-04-29,0013,T,47,6.1NRT,295.26,19.58,D
-20.4181,135.40918,308.93,3,1.65,2026-04-29,0013,T,54,6.1NRT,295.76,23.41,D
-19.30304,121.64246,310.7,1.82,1.32,2026-04-29,0013,T,39,6.1NRT,299.34,10.23,D
-19.29844,121.6373,310.86,1.82,1.32,2026-04-29,0013,T,50,6.1NRT,299.73,11.36,D
-19.31009,121.63509,311.84,1.82,1.32,2026-04-29,0013,T,59,6.1NRT,300.04,13.4,D
-19.99135,120.2841,311.59,2.23,1.45,2026-04-29,0013,T,37,6.1NRT,298.39,16.38,D
-19.99501,120.30474,315.22,2.22,1.44,2026-04-29,0013,T,63,6.1NRT,299.36,24.3,D
-19.99425,120.29904,318.68,2.22,1.44,2026-04-29,0013,T,73,6.1NRT,299.21,36.13,D
-20.03239,120.2916,321.22,2.22,1.44,2026-04-29,0013,T,45,6.1NRT,299.49,37.38,D
-20.04661,120.22412,349.67,2.24,1.45,2026-04-29,0013,T,95,6.1NRT,299.63,181.65,D
-20.05035,120.24493,442.82,2.23,1.45,2026-04-29,0013,T,100,6.1NRT,318.53,1988.32,D
-20.05408,120.26572,386.43,2.23,1.45,2026-04-29,0013,T,100,6.1NRT,306.81,552.67,D
-20.0578,120.2865,341.39,2.22,1.44,2026-04-29,0013,T,90,6.1NRT,301.08,115.09,D
-20.07583,120.23976,378.34,2.23,1.45,2026-04-29,0013,T,100,6.1NRT,302.69,455.81,D
-20.07952,120.26056,354.64,2.23,1.45,2026-04-29,0013,T,97,6.1NRT,303.28,210.17,D
-20.04913,120.2382,418.55,2.23,1.45,2026-04-29,0013,T,100,6.1NRT,314.25,1217.54,D
-20.053,120.25893,399.08,2.23,1.45,2026-04-29,0013,T,100,6.1NRT,310.69,766.83,D
-20.05687,120.27967,353.24,2.22,1.44,2026-04-29,0013,T,97,6.1NRT,302.61,191.1,D
-20.07461,120.23306,358.91,2.23,1.45,2026-04-29,0013,T,99,6.1NRT,299.46,254.46,D
-20.07845,120.25384,368.85,2.23,1.45,2026-04-29,0013,T,100,6.1NRT,304.78,341.36,D
-20.08227,120.27453,327.89,2.22,1.44,2026-04-29,0013,T,74,6.1NRT,300.65,60.43,D
-43.62863,172.12503,315.91,1.28,1.12,2026-04-29,0406,A,76,6.1NRT,288.67,22.25,D
-11.87101,142.00572,322.32,1.05,1.02,2026-04-29,0555,A,78,6.1NRT,296.38,17.23,D
-29.24537,149.30229,320.49,1.07,1.03,2026-04-29,0550,A,76,6.1NRT,297.84,14.31,D
-29.24709,149.29158,322.4,1.07,1.03,2026-04-29,0550,A,79,6.1NRT,300.61,16.02,D
-28.6716,150.46417,321.25,1.21,1.1,2026-04-29,0550,A,80,6.1NRT,297.42,21.55,D
-28.79198,148.42665,313.19,1.02,1.01,2026-04-29,0550,A,54,6.1NRT,297.76,6.49,D
-28.79357,148.41644,316.66,1.02,1.01,2026-04-29,0550,A,71,6.1NRT,301.35,9.42,D
-27.34675,151.58995,309.26,1.48,1.2,2026-04-29,0550,A,62,6.1NRT,295.4,10.3,D
-25.29318,149.1163,311.43,1.16,1.07,2026-04-29,0553,A,65,6.1NRT,294.56,10.65,D
-23.61625,151.08386,323.9,1.62,1.25,2026-04-29,0553,A,73,6.1NRT,294.18,33.5,D
-23.58343,151.07674,318.06,1.62,1.25,2026-04-29,0553,A,62,6.1NRT,294.76,23.43,D
-23.56432,151.05672,327.97,1.62,1.25,2026-04-29,0553,A,79,6.1NRT,295.53,44.17,D
-23.64218,149.32147,309.96,1.25,1.11,2026-04-29,0553,A,45,6.1NRT,299.31,6.17,D
-22.92493,146.29724,314.26,1,1,2026-04-29,0553,A,67,6.1NRT,298.84,8.39,D
-22.90713,146.27769,309.02,1,1,2026-04-29,0553,A,51,6.1NRT,298.5,4.95,D
-22.85601,146.31755,308.69,1,1,2026-04-29,0553,A,16,6.1NRT,298.24,3.89,D
-22.85744,146.30801,320.82,1,1,2026-04-29,0553,A,76,6.1NRT,298.8,14.04,D
-21.44554,148.67026,317.55,1.24,1.11,2026-04-29,0553,A,61,6.1NRT,294.17,15.41,D
-21.27341,148.50903,306.01,1.23,1.1,2026-04-29,0553,A,29,6.1NRT,291.83,7.3,D
-19.90877,144.11038,312.08,1.03,1.01,2026-04-29,0553,A,31,6.1NRT,291.57,7.52,D
-19.91013,144.10081,310.86,1.03,1.01,2026-04-29,0553,A,51,6.1NRT,291.11,7.44,D
-19.85694,144.21919,316.57,1.02,1.01,2026-04-29,0553,A,64,6.1NRT,296.29,11.88,D
-19.86639,144.15248,315.38,1.03,1.01,2026-04-29,0553,A,29,6.1NRT,290.23,8.69,D
-19.84726,144.15919,331.6,1.03,1.01,2026-04-29,0553,A,73,6.1NRT,296.02,26.95,D
-19.83299,144.19594,321.12,1.02,1.01,2026-04-29,0553,A,78,6.1NRT,295.12,15.18,D
-19.83433,144.18642,339.35,1.02,1.01,2026-04-29,0553,A,91,6.1NRT,297.25,39.46,D
-19.81122,144.22157,315.62,1.02,1.01,2026-04-29,0553,A,70,6.1NRT,291.89,11.58,D
-19.50242,144.11847,315.07,1.02,1.01,2026-04-29,0553,A,63,6.1NRT,293.94,11.17,D
-19.15159,143.47049,323.28,1.06,1.03,2026-04-29,0553,A,45,6.1NRT,296.2,15.97,D
-19.08156,143.50974,319.01,1.06,1.03,2026-04-29,0553,A,75,6.1NRT,299.64,13.08,D
-18.34429,142.64821,315.83,1.12,1.06,2026-04-29,0555,A,62,6.1NRT,301.72,8.81,D
-17.58725,144.09526,314.69,1.01,1,2026-04-29,0555,A,67,6.1NRT,299.88,6.49,D
-16.77271,136.90492,310.52,2.66,1.57,2026-04-29,0555,A,38,6.1NRT,293.39,19.46,D
-16.74651,136.82079,312.95,2.7,1.57,2026-04-29,0555,A,35,6.1NRT,297.26,27.4,D
-42.62208,147.72874,300.19,1.22,1.1,2026-04-29,0546,A,31,6.1NRT,287.45,6.96,D
-42.50502,147.13951,304.21,1.29,1.13,2026-04-29,0546,A,58,6.1NRT,288.23,10.33,D
-42.49498,147.13783,354.57,1.29,1.13,2026-04-29,0546,A,98,6.1NRT,291.04,107.03,D
-42.4966,147.12286,334.26,1.29,1.13,2026-04-29,0546,A,89,6.1NRT,288.3,52.29,D
-42.25594,147.27516,304.59,1.26,1.12,2026-04-29,0546,A,59,6.1NRT,286.23,10.28,D
-42.24601,147.27344,305.88,1.26,1.12,2026-04-29,0546,A,62,6.1NRT,285.77,11.69,D
-41.62114,146.87131,310.96,1.29,1.13,2026-04-29,0546,A,71,6.1NRT,287.87,15.99,D
-41.62443,146.84122,313.3,1.3,1.13,2026-04-29,0546,A,73,6.1NRT,287.09,18.9,D
-41.44841,147.05585,300.69,1.26,1.12,2026-04-29,0546,A,33,6.1NRT,287.08,7.01,D
-41.18307,147.67935,448.64,1.18,1.08,2026-04-29,0546,A,94,6.1NRT,309.94,881.84,D
-41.17352,147.67719,307.88,1.18,1.08,2026-04-29,0546,A,44,6.1NRT,286.06,10.48,D
-41.27719,146.11273,310.93,1.39,1.17,2026-04-29,0546,A,61,6.1NRT,286.43,17.89,D
-41.27892,146.09631,304.97,1.4,1.17,2026-04-29,0546,A,24,6.1NRT,286.53,11.36,D
-41.26681,146.11081,313.32,1.39,1.17,2026-04-29,0546,A,74,6.1NRT,286.83,20.91,D
-41.2685,146.09468,305.12,1.4,1.17,2026-04-29,0546,A,26,6.1NRT,286.59,11.6,D
-41.31183,145.67459,360.94,1.47,1.2,2026-04-29,0546,A,100,6.1NRT,289.34,160.71,D
-41.31359,145.65723,328.73,1.47,1.2,2026-04-29,0546,A,86,6.1NRT,286.98,52.29,D
-41.18771,145.57608,310.58,1.48,1.2,2026-04-29,0546,A,70,6.1NRT,279.71,22.56,D
-41.18944,145.55844,336.52,1.49,1.2,2026-04-29,0546,A,90,6.1NRT,280.22,73.26,D
-41.18394,145.56877,336.44,1.48,1.2,2026-04-29,0546,A,90,6.1NRT,280.4,70.76,D
-41.18577,145.5511,330.25,1.49,1.2,2026-04-29,0546,A,82,6.1NRT,279.34,55.74,D
-38.51941,145.81125,306.54,1.33,1.14,2026-04-29,0546,A,64,6.1NRT,290.97,10.52,D
-38.51217,145.80441,307.69,1.33,1.14,2026-04-29,0546,A,66,6.1NRT,290.88,11.85,D
-38.22015,144.15918,301.75,1.63,1.26,2026-04-29,0546,A,49,6.1NRT,289.97,8.94,D
-38.12203,144.00671,303.01,1.66,1.27,2026-04-29,0546,A,54,6.1NRT,290.06,9.34,D
-37.48806,149.15237,311.67,1.01,1,2026-04-29,0546,A,72,6.1NRT,289.34,11.51,D
-37.8713,145.3405,300.99,1.38,1.16,2026-04-29,0546,A,39,6.1NRT,289.86,6.57,D
-38.08168,142.93562,302.38,1.93,1.36,2026-04-29,0546,A,52,6.1NRT,291.06,11.95,D
-37.60496,147.17931,303.53,1.13,1.06,2026-04-29,0546,A,56,6.1NRT,284.08,7.89,D
-37.97365,143.78125,305.73,1.7,1.28,2026-04-29,0546,A,57,6.1NRT,291.31,11.23,D
-37.96225,143.77959,341.53,1.7,1.28,2026-04-29,0546,A,92,6.1NRT,292.97,97.6,D
-37.96409,143.76045,305.96,1.71,1.28,2026-04-29,0546,A,57,6.1NRT,291.56,11.75,D
-37.98263,143.56586,307.4,1.76,1.3,2026-04-29,0546,A,65,6.1NRT,290.56,15.97,D
-37.98965,143.36397,357.04,1.81,1.32,2026-04-29,0546,A,98,6.1NRT,291.94,182.86,D
-37.99153,143.34361,345.47,1.81,1.32,2026-04-29,0546,A,94,6.1NRT,291.28,122.42,D
-37.97793,143.36234,352.24,1.81,1.32,2026-04-29,0546,A,84,6.1NRT,283,157.97,D
-37.97979,143.34195,316.12,1.81,1.32,2026-04-29,0546,A,72,6.1NRT,287.24,31.33,D
-37.99295,142.43509,302.29,2.07,1.4,2026-04-29,0546,A,35,6.1NRT,286.54,12.83,D
-37.34788,147.30701,300.7,1.11,1.05,2026-04-29,0546,A,31,6.1NRT,289.4,4.88,D
-37.77908,143.15623,324.61,1.85,1.33,2026-04-29,0546,A,59,6.1NRT,284.65,52.31,D
-37.7844,143.14983,312.14,1.85,1.33,2026-04-29,0546,A,62,6.1NRT,284.11,28.31,D
-37.49606,145.70914,309.26,1.31,1.13,2026-04-29,0546,A,65,6.1NRT,288.34,13.54,D
-37.48772,145.69226,310.7,1.31,1.14,2026-04-29,0546,A,62,6.1NRT,288.28,14.97,D
-36.93118,149.80363,307.5,1,1,2026-04-29,0546,A,57,6.1NRT,290.67,6.96,D
-36.93281,149.79265,307.29,1,1,2026-04-29,0546,A,56,6.1NRT,290.81,6.9,D
-37.74397,142.93083,317.21,1.91,1.35,2026-04-29,0546,A,77,6.1NRT,277.9,42.32,D
-36.92237,149.80157,331.84,1,1,2026-04-29,0546,A,88,6.1NRT,291.45,30.05,D
-36.924,149.79059,354.38,1,1,2026-04-29,0546,A,98,6.1NRT,293.39,71.62,D
-36.92564,149.7796,315.66,1,1,2026-04-29,0546,A,76,6.1NRT,290.57,13.25,D
-36.97087,147.53151,300.01,1.08,1.04,2026-04-29,0548,A,16,6.1NRT,284.48,5.94,D
-36.91979,147.50258,301.67,1.08,1.04,2026-04-29,0548,A,48,6.1NRT,282.5,7.56,D
-37.20767,143.93806,307.6,1.63,1.26,2026-04-29,0548,A,66,6.1NRT,294,12.01,D
-37.22878,143.60344,306.25,1.71,1.28,2026-04-29,0548,A,63,6.1NRT,294.42,11.48,D
-36.43297,149.9855,303.25,1,1,2026-04-29,0548,A,55,6.1NRT,290.23,5.12,D
-37.21737,143.60176,307.86,1.71,1.28,2026-04-29,0548,A,66,6.1NRT,293.54,14.16,D
-36.71875,147.70389,302.28,1.07,1.03,2026-04-29,0548,A,41,6.1NRT,285.18,6.37,D
-36.71457,147.66521,302.82,1.07,1.03,2026-04-29,0548,A,34,6.1NRT,288.99,6.24,D
-36.76892,146.94762,308.5,1.13,1.06,2026-04-29,0548,A,67,6.1NRT,286.48,10.76,D
-36.77047,146.9352,310.99,1.13,1.06,2026-04-29,0548,A,71,6.1NRT,285.94,12.74,D
-36.76106,146.93372,307.49,1.13,1.06,2026-04-29,0548,A,36,6.1NRT,285.96,9.11,D
-36.33633,149.70193,303.67,1,1,2026-04-29,0548,A,57,6.1NRT,289.23,6.3,D
-36.27652,150.03821,301.33,1.01,1,2026-04-29,0548,A,46,6.1NRT,290.67,4.6,D
-36.42054,148.53984,311.59,1.02,1.01,2026-04-29,0548,A,67,6.1NRT,284.33,12.41,D
-36.94024,143.87694,310.99,1.63,1.26,2026-04-29,0548,A,26,6.1NRT,296.22,12.93,D
-36.92731,143.89319,314.82,1.62,1.25,2026-04-29,0548,A,75,6.1NRT,295.71,19.73,D
-36.92908,143.87518,317.58,1.63,1.26,2026-04-29,0548,A,77,6.1NRT,296.5,24.88,D
-36.96316,143.52431,312.44,1.71,1.28,2026-04-29,0548,A,72,6.1NRT,294.02,17.66,D
-36.55295,146.785,304.78,1.14,1.06,2026-04-29,0548,A,53,6.1NRT,291.02,7.01,D
-36.5436,146.78273,304.09,1.14,1.06,2026-04-29,0548,A,47,6.1NRT,292.59,6.4,D
-36.92237,142.9948,349.15,1.85,1.33,2026-04-29,0548,A,96,6.1NRT,294.21,140.43,D
-36.92424,142.9743,316.58,1.85,1.33,2026-04-29,0548,A,76,6.1NRT,293.96,28.21,D
-37.01014,140.82127,318.85,2.55,1.54,2026-04-29,0548,A,78,6.1NRT,284.87,64.9,D
-36.16295,148.54048,301.41,1.01,1.01,2026-04-29,0548,A,47,6.1NRT,284.98,6.21,D
-36.57231,144.69373,316.94,1.44,1.19,2026-04-29,0548,A,77,6.1NRT,297.29,20.55,D
-36.74612,142.93674,318.05,1.85,1.33,2026-04-29,0548,A,72,6.1NRT,294.21,33.17,D
-36.86636,141.52959,327.58,2.29,1.46,2026-04-29,0548,A,84,6.1NRT,290.15,77.41,D
-36.86837,141.5042,304.29,2.29,1.47,2026-04-29,0548,A,32,6.1NRT,288.91,9.58,D
-36.81596,141.99171,309.76,2.13,1.42,2026-04-29,0548,A,55,6.1NRT,294.79,17.37,D
-36.81792,141.96803,314.91,2.14,1.42,2026-04-29,0548,A,56,6.1NRT,294.6,28.68,D
-36.88345,141.13634,324.37,2.43,1.5,2026-04-29,0548,A,82,6.1NRT,293.26,75.2,D
-36.88548,141.10936,329.94,2.44,1.51,2026-04-29,0548,A,86,6.1NRT,293.52,99.85,D
-36.81882,141.79861,334.67,2.19,1.44,2026-04-29,0548,A,79,6.1NRT,294.05,99.28,D
-36.42398,145.74699,306.75,1.26,1.12,2026-04-29,0548,A,36,6.1NRT,285.98,9.83,D
-36.8877,141.12982,329.78,2.43,1.5,2026-04-29,0548,A,86,6.1NRT,293.7,95.07,D
-36.8899,141.10284,317.93,2.44,1.51,2026-04-29,0548,A,77,6.1NRT,292.92,49.2,D
-36.8189,141.79173,330.6,2.19,1.44,2026-04-29,0548,A,81,6.1NRT,294.35,82.39,D
-36.15158,147.39383,306.99,1.08,1.04,2026-04-29,0548,A,65,6.1NRT,292.49,7.75,D
-36.52281,144.07391,374.51,1.57,1.23,2026-04-29,0548,A,100,6.1NRT,299.73,249.63,D
-36.52453,144.05666,341.34,1.57,1.23,2026-04-29,0548,A,92,6.1NRT,294.64,83.54,D
-36.51996,144.08569,313.24,1.56,1.23,2026-04-29,0548,A,71,6.1NRT,295.82,16.88,D
-36.52178,144.06851,368.48,1.57,1.23,2026-04-29,0548,A,100,6.1NRT,299.8,209.36,D
-36.67808,141.2872,318.74,2.36,1.48,2026-04-29,0548,A,77,6.1NRT,294.38,48.57,D
-36.44686,143.80124,309.17,1.62,1.25,2026-04-29,0548,A,44,6.1NRT,297.05,11.91,D
-36.67896,141.30684,304.37,2.35,1.48,2026-04-29,0548,A,28,6.1NRT,290.26,10.72,D
-36.68112,141.28076,321.16,2.36,1.48,2026-04-29,0548,A,79,6.1NRT,295.18,57.03,D
-35.58289,149.79297,301.59,1.01,1,2026-04-29,0548,A,48,6.1NRT,288.79,5.21,D
-36.08512,145.69707,324.18,1.26,1.11,2026-04-29,0548,A,83,6.1NRT,293.49,30.98,D
-36.08671,145.6833,306.52,1.26,1.12,2026-04-29,0548,A,64,6.1NRT,292.91,10.11,D
-36.09703,145.41393,337.12,1.3,1.13,2026-04-29,0548,A,85,6.1NRT,281.44,56.99,D
-36.09786,145.40755,328.2,1.3,1.13,2026-04-29,0548,A,85,6.1NRT,281.82,39.19,D
-35.77601,147.802,324.4,1.04,1.02,2026-04-29,0548,A,78,6.1NRT,282.31,23.33,D
-35.76858,147.78859,333.09,1.04,1.02,2026-04-29,0548,A,60,6.1NRT,283.33,32.72,D
-35.88367,146.76392,321.78,1.12,1.06,2026-04-29,0548,A,81,6.1NRT,295.34,21.51,D
-35.88522,146.75159,313.64,1.13,1.06,2026-04-29,0548,A,74,6.1NRT,293.88,12.96,D
-36.01383,145.6918,311.61,1.26,1.11,2026-04-29,0548,A,71,6.1NRT,291.56,14.82,D
-36.01543,145.67809,309.51,1.26,1.11,2026-04-29,0548,A,69,6.1NRT,291.93,12.62,D
-35.90343,146.44963,308.04,1.16,1.07,2026-04-29,0548,A,59,6.1NRT,291.49,9.46,D
-35.89395,146.44785,309.81,1.16,1.07,2026-04-29,0548,A,69,6.1NRT,291.27,10.75,D
-36.40662,141.28816,323.63,2.34,1.48,2026-04-29,0548,A,81,6.1NRT,297.89,58.81,D
-36.40528,141.13005,315.22,2.4,1.49,2026-04-29,0548,A,68,6.1NRT,293.6,36.09,D
-36.39491,141.30801,308.36,2.33,1.48,2026-04-29,0548,A,52,6.1NRT,297.04,15.31,D
-36.39703,141.28233,317.54,2.34,1.48,2026-04-29,0548,A,75,6.1NRT,297.79,40.12,D
-35.78739,146.72752,306.04,1.13,1.06,2026-04-29,0548,A,63,6.1NRT,292.19,6.25,D
-35.79291,146.44923,309.8,1.16,1.07,2026-04-29,0548,A,65,6.1NRT,294.44,8.22,D
-35.78721,146.45432,307.78,1.15,1.07,2026-04-29,0548,A,55,6.1NRT,292.88,7.76,D
-35.78879,146.44176,305.78,1.16,1.07,2026-04-29,0548,A,44,6.1NRT,294.52,5.9,D
-35.75418,146.56297,301.74,1.14,1.06,2026-04-29,0548,A,49,6.1NRT,288.81,3.23,D
-36.05544,143.73506,316.16,1.62,1.25,2026-04-29,0548,A,74,6.1NRT,298.11,22.04,D
-36.05724,143.71738,316.39,1.62,1.25,2026-04-29,0548,A,74,6.1NRT,297.83,22.65,D
-35.69358,146.81479,304.89,1.12,1.05,2026-04-29,0548,A,53,6.1NRT,289.53,7.35,D
-35.73347,145.99336,325.37,1.21,1.09,2026-04-29,0548,A,84,6.1NRT,290,28.68,D
-35.73507,145.98026,315.01,1.21,1.09,2026-04-29,0548,A,75,6.1NRT,290.33,15.5,D
-35.7238,145.99161,343.82,1.21,1.09,2026-04-29,0548,A,93,6.1NRT,290.26,63.12,D
-35.72538,145.97849,328.55,1.21,1.09,2026-04-29,0548,A,86,6.1NRT,292.02,33,D
-35.56534,147.10246,319.69,1.09,1.04,2026-04-29,0548,A,80,6.1NRT,293.79,17.97,D
-35.33226,147.88191,301.45,1.03,1.02,2026-04-29,0548,A,47,6.1NRT,291.26,4.17,D
-35.33378,147.87071,311.52,1.03,1.02,2026-04-29,0548,A,71,6.1NRT,292.37,10.74,D
-35.41969,147.16983,311.99,1.08,1.04,2026-04-29,0548,A,72,6.1NRT,294.8,10.19,D
-35.18167,148.82106,300.9,1,1,2026-04-29,0548,A,43,6.1NRT,289.48,4.55,D
-35.18322,148.81032,300.1,1,1,2026-04-29,0548,A,27,6.1NRT,289.52,4.22,D
-35.41827,146.96465,303.34,1.1,1.04,2026-04-29,0548,A,55,6.1NRT,293.29,4.32,D
-35.37195,146.88272,328.11,1.1,1.05,2026-04-29,0548,A,85,6.1NRT,290.41,28.63,D
-34.77353,150.35657,310.17,1.03,1.02,2026-04-29,0548,A,57,6.1NRT,290.67,8.79,D
-35.23899,147.00215,332.81,1.09,1.04,2026-04-29,0548,A,88,6.1NRT,295.4,33.56,D
-35.24052,146.99042,354.26,1.09,1.04,2026-04-29,0548,A,97,6.1NRT,298.59,78.18,D
-35.22979,147.00037,317.49,1.09,1.04,2026-04-29,0548,A,76,6.1NRT,296.97,14.72,D
-35.23132,146.98863,326.42,1.09,1.04,2026-04-29,0548,A,83,6.1NRT,297.04,24.97,D
-34.93104,149.08548,307.27,1,1,2026-04-29,0548,A,65,6.1NRT,291.8,7.12,D
-35.00816,148.42691,303.14,1.01,1,2026-04-29,0548,A,55,6.1NRT,291.93,4.1,D
-35.21076,146.70482,361.3,1.11,1.05,2026-04-29,0548,A,100,6.1NRT,294.5,100.79,D
-35.21227,146.69279,377.74,1.12,1.05,2026-04-29,0548,A,100,6.1NRT,298.99,164.89,D
-35.20516,146.69687,373.1,1.11,1.05,2026-04-29,0548,A,100,6.1NRT,299.38,145.42,D
-35.20671,146.68484,322.7,1.12,1.05,2026-04-29,0548,A,80,6.1NRT,296.99,20.24,D
-34.61023,150.67894,301.43,1.06,1.03,2026-04-29,0548,A,47,6.1NRT,288.44,5.68,D
-35.50518,143.8775,310.09,1.56,1.23,2026-04-29,0548,A,63,6.1NRT,297.87,11.42,D
-34.98047,147.14201,315.7,1.07,1.03,2026-04-29,0548,A,74,6.1NRT,296.79,12.49,D
-34.98198,147.13049,308.47,1.07,1.03,2026-04-29,0548,A,62,6.1NRT,296.57,6.45,D
-34.82713,147.33394,310.84,1.06,1.03,2026-04-29,0548,A,67,6.1NRT,295.99,8.57,D
-34.84994,147.09247,307.98,1.07,1.03,2026-04-29,0548,A,60,6.1NRT,296.18,6.42,D
-35.14829,144.5528,306.74,1.41,1.17,2026-04-29,0548,A,46,6.1NRT,294.5,6.31,D
-34.8236,146.86125,308.13,1.09,1.04,2026-04-29,0548,A,58,6.1NRT,295.9,5.85,D
-34.72094,147.57103,313.65,1.04,1.02,2026-04-29,0548,A,72,6.1NRT,295.28,10.24,D
-34.72246,147.55992,316.45,1.04,1.02,2026-04-29,0548,A,75,6.1NRT,296.48,12.79,D
-34.81713,146.85355,306.61,1.09,1.04,2026-04-29,0548,A,56,6.1NRT,294.13,5.48,D
-34.20355,150.9575,305.08,1.09,1.04,2026-04-29,0548,A,61,6.1NRT,290.9,6.65,D
-34.81547,146.64764,318.82,1.11,1.05,2026-04-29,0548,A,76,6.1NRT,287.7,17.05,D
-34.817,146.63574,323.92,1.11,1.05,2026-04-29,0548,A,81,6.1NRT,288.08,23,D
-34.55583,148.48808,313.09,1,1,2026-04-29,0548,A,73,6.1NRT,294.69,9.54,D
-34.49854,148.69594,320.84,1,1,2026-04-29,0548,A,80,6.1NRT,295.15,16.83,D
-34.50009,148.68529,362.81,1,1,2026-04-29,0548,A,100,6.1NRT,298.88,92.57,D
-34.5872,148.07373,328.28,1.02,1.01,2026-04-29,0548,A,85,6.1NRT,296.93,25.23,D
-34.50978,148.5554,308.64,1,1,2026-04-29,0548,A,67,6.1NRT,295.92,6.39,D
-34.64475,147.45871,318.37,1.04,1.02,2026-04-29,0548,A,77,6.1NRT,296.27,13.9,D
-34.64628,147.44748,384.21,1.05,1.02,2026-04-29,0548,A,100,6.1NRT,306.67,179.44,D
-34.6478,147.43628,326.49,1.05,1.02,2026-04-29,0548,A,84,6.1NRT,298.06,21.88,D
-34.63726,147.44571,348.71,1.05,1.02,2026-04-29,0548,A,95,6.1NRT,297.9,60.22,D
-34.53598,147.30397,345.91,1.05,1.02,2026-04-29,0548,A,94,6.1NRT,298.4,54.8,D
-34.53749,147.29272,353.96,1.05,1.02,2026-04-29,0548,A,97,6.1NRT,300.59,73.41,D
-34.52693,147.3022,369.34,1.05,1.02,2026-04-29,0548,A,100,6.1NRT,300.64,119.5,D
-34.52844,147.29094,390.88,1.05,1.02,2026-04-29,0548,A,100,6.1NRT,305.72,215.64,D
-34.30976,148.34114,304.34,1.01,1,2026-04-29,0548,A,57,6.1NRT,293.95,4.59,D
-34.34475,147.28842,312.77,1.05,1.02,2026-04-29,0548,A,70,6.1NRT,293.6,9.97,D
-34.34625,147.27722,305.23,1.05,1.02,2026-04-29,0548,A,54,6.1NRT,293.19,4.42,D
-34.16962,148.48059,308.88,1,1,2026-04-29,0548,A,68,6.1NRT,295.14,7.36,D
-34.1721,147.94667,318.02,1.02,1.01,2026-04-29,0548,A,77,6.1NRT,296.3,13.12,D
-34.17361,147.93588,325.55,1.02,1.01,2026-04-29,0548,A,83,6.1NRT,297.15,20.98,D
-33.67263,151.13548,307.05,1.12,1.05,2026-04-29,0548,A,65,6.1NRT,284.95,9.22,D
-34.16322,147.94484,305.87,1.02,1.01,2026-04-29,0548,A,29,6.1NRT,295.22,3.44,D
-34.16473,147.93407,305.35,1.02,1.01,2026-04-29,0548,A,18,6.1NRT,295.25,3.14,D
-33.73486,150.01031,308.62,1.03,1.02,2026-04-29,0548,A,67,6.1NRT,287.21,10.6,D
-34.09676,147.35846,306.87,1.04,1.02,2026-04-29,0548,A,33,6.1NRT,296.33,4.23,D
-34.09827,147.3474,316.45,1.04,1.02,2026-04-29,0548,A,75,6.1NRT,298.17,11.83,D
-34.01541,147.88013,306.83,1.02,1.01,2026-04-29,0548,A,61,6.1NRT,292.52,5.47,D
-34.08926,147.34563,314.86,1.04,1.02,2026-04-29,0548,A,73,6.1NRT,297.21,10.16,D
-33.94945,148.15337,323.06,1.01,1,2026-04-29,0548,A,82,6.1NRT,296.02,19.69,D
-33.95097,148.14267,313.37,1.01,1,2026-04-29,0548,A,73,6.1NRT,294.67,10.89,D
-33.92086,148.2899,303.47,1,1,2026-04-29,0548,A,39,6.1NRT,293.37,4.15,D
-33.91204,148.28804,306.23,1,1,2026-04-29,0548,A,62,6.1NRT,292.22,6.01,D
-33.72039,149.26469,334.85,1.01,1,2026-04-29,0548,A,89,6.1NRT,291.3,36.34,D
-33.72199,149.25412,320.26,1.01,1,2026-04-29,0548,A,80,6.1NRT,291.08,18.64,D
-33.73764,148.21756,311.03,1.01,1,2026-04-29,0548,A,69,6.1NRT,296.91,8.1,D
-33.73915,148.20697,307.51,1.01,1,2026-04-29,0548,A,52,6.1NRT,296.28,5.75,D
-33.72881,148.21573,307.79,1.01,1,2026-04-29,0548,A,46,6.1NRT,296.76,5.65,D
-33.63983,148.44096,310.12,1,1,2026-04-29,0548,A,68,6.1NRT,296.37,7.19,D
-33.64137,148.43042,328.36,1,1,2026-04-29,0548,A,85,6.1NRT,297.34,24.53,D
-33.59453,148.37146,306.81,1,1,2026-04-29,0548,A,55,6.1NRT,296.76,4.97,D
-33.53484,148.71709,324.55,1,1,2026-04-29,0548,A,83,6.1NRT,296.6,20,D
-33.53639,148.70657,326.21,1,1,2026-04-29,0548,A,84,6.1NRT,298.23,21.97,D
-33.58572,148.36961,308.1,1,1,2026-04-29,0548,A,63,6.1NRT,296.62,5.91,D
-33.63895,147.99892,312.55,1.01,1,2026-04-29,0548,A,45,6.1NRT,296.57,7.5,D
-33.52604,148.71521,340.14,1,1,2026-04-29,0548,A,92,6.1NRT,298.28,40.32,D
-33.52759,148.70468,341.95,1,1,2026-04-29,0548,A,92,6.1NRT,298.56,43.43,D
-33.6301,147.9971,308.68,1.01,1,2026-04-29,0548,A,42,6.1NRT,297.35,5.17,D
-33.63161,147.98647,324.41,1.01,1,2026-04-29,0548,A,82,6.1NRT,297.76,19.22,D
-33.53891,148.56607,322.85,1,1,2026-04-29,0548,A,81,6.1NRT,295.01,17.05,D
-33.54045,148.55556,330.14,1,1,2026-04-29,0548,A,86,6.1NRT,297.2,25.55,D
-33.5301,148.56421,323.76,1,1,2026-04-29,0548,A,82,6.1NRT,296.15,18.16,D
-33.53164,148.55368,332.76,1,1,2026-04-29,0548,A,88,6.1NRT,297.93,29.15,D
-33.68882,147.24257,308.57,1.04,1.02,2026-04-29,0548,A,62,6.1NRT,297.27,5.77,D
-33.45498,148.62837,391.11,1,1,2026-04-29,0548,A,100,6.1NRT,301.54,200.62,D
-33.45652,148.61787,395.65,1,1,2026-04-29,0548,A,100,6.1NRT,306.59,224.69,D
-33.44617,148.62651,347.12,1,1,2026-04-29,0548,A,95,6.1NRT,298.17,51.89,D
-33.44772,148.616,365.72,1,1,2026-04-29,0548,A,100,6.1NRT,299.96,98.2,D
-33.43737,148.62463,314.1,1,1,2026-04-29,0548,A,56,6.1NRT,295.63,9.09,D
-33.41616,148.70676,314.22,1,1,2026-04-29,0548,A,73,6.1NRT,297.32,10.18,D
-33.42702,148.63327,311.05,1,1,2026-04-29,0548,A,57,6.1NRT,294.26,7.12,D
-33.42857,148.62276,313.07,1,1,2026-04-29,0548,A,62,6.1NRT,295.75,8.63,D
-33.69769,146.47278,306.93,1.1,1.05,2026-04-29,0548,A,56,6.1NRT,296.31,5.26,D
-33.69918,146.46115,316.13,1.1,1.05,2026-04-29,0548,A,73,6.1NRT,296.38,13.12,D
-33.61393,146.48744,308.12,1.1,1.04,2026-04-29,0548,A,58,6.1NRT,296.47,7.54,D
-34.07961,141.0042,313.09,2.29,1.46,2026-04-29,0548,A,67,6.1NRT,298.6,25.27,D
-34.08207,140.99979,313.69,2.29,1.46,2026-04-29,0548,A,68,6.1NRT,298.36,27.03,D
-33.10398,149.06569,315.51,1.01,1,2026-04-29,0548,A,75,6.1NRT,291.42,12.88,D
-33.10556,149.05522,305.63,1.01,1,2026-04-29,0548,A,60,6.1NRT,291.84,5.48,D
-32.99476,148.99207,327.13,1,1,2026-04-29,0548,A,84,6.1NRT,295.94,23.18,D
-32.99634,148.98157,308.4,1,1,2026-04-29,0548,A,66,6.1NRT,295.66,5.89,D
-33.30361,146.81812,318.17,1.06,1.03,2026-04-29,0548,A,75,6.1NRT,300.33,12.77,D
-32.57614,147.82367,324.93,1.01,1,2026-04-29,0548,A,81,6.1NRT,302.35,17.24,D
-32.57763,147.81319,318.39,1.01,1,2026-04-29,0548,A,65,6.1NRT,301.96,10.49,D
-32.56741,147.81619,321.12,1.01,1,2026-04-29,0548,A,78,6.1NRT,302.8,14.8,D
-32.54655,147.89816,310.7,1,1,2026-04-29,0548,A,64,6.1NRT,300.07,5.78,D
-32.2565,147.541,322.78,1.01,1.01,2026-04-29,0548,A,79,6.1NRT,300.58,17.73,D
-32.0878,146.96759,316.39,1.03,1.02,2026-04-29,0548,A,36,6.1NRT,302.32,9.15,D
-32.07883,146.96585,321.34,1.03,1.02,2026-04-29,0548,A,77,6.1NRT,301.78,14.39,D
-32.0803,146.95514,313.14,1.04,1.02,2026-04-29,0548,A,50,6.1NRT,300.54,6.97,D
-31.80243,148.7551,313.51,1.01,1,2026-04-29,0548,A,69,6.1NRT,298.5,8.65,D
-32.19646,145.58495,312.86,1.15,1.07,2026-04-29,0548,A,68,6.1NRT,301.67,8.96,D
-32.19798,145.57294,324.17,1.15,1.07,2026-04-29,0548,A,81,6.1NRT,302.37,21.85,D
-31.67899,148.7702,314.75,1.01,1,2026-04-29,0548,A,70,6.1NRT,299.45,9.29,D
-31.33007,146.64778,316.88,1.04,1.02,2026-04-29,0548,A,72,6.1NRT,302.52,10.32,D
-30.95152,148.87271,313.6,1.02,1.01,2026-04-29,0548,A,69,6.1NRT,300.96,6.72,D
-31.1753,146.90671,330.09,1.03,1.01,2026-04-29,0548,A,84,6.1NRT,302.59,23.98,D
-31.17676,146.89618,326.1,1.03,1.01,2026-04-29,0548,A,81,6.1NRT,302.14,19.02,D
-31.16637,146.90503,318.46,1.03,1.01,2026-04-29,0548,A,74,6.1NRT,302.02,11.79,D
-31.16783,146.8945,314.49,1.03,1.01,2026-04-29,0548,A,68,6.1NRT,302.14,8.29,D
-30.86256,148.79485,313.25,1.02,1.01,2026-04-29,0548,A,67,6.1NRT,300.7,6.57,D
-30.86416,148.78448,317.44,1.02,1.01,2026-04-29,0548,A,73,6.1NRT,300.64,10.13,D
-22.29574,124.16176,350.24,1.23,1.1,2026-04-29,0729,A,95,6.1NRT,308.47,69.62,D
-22.29766,124.15015,333.89,1.23,1.1,2026-04-29,0729,A,49,6.1NRT,305,30.91,D
-22.28802,124.14823,340.18,1.23,1.1,2026-04-29,0729,A,89,6.1NRT,308.02,44.96,D
-22.26867,124.20438,319.44,1.24,1.11,2026-04-29,0729,A,47,6.1NRT,305.6,11.01,D
-34.31136,115.50711,333.28,2.63,1.56,2026-04-29,0726,A,85,6.1NRT,286.41,132.67,D
-22.27061,124.19279,323.34,1.24,1.1,2026-04-29,0729,A,44,6.1NRT,306.92,15.05,D
-22.27644,124.15793,324.83,1.23,1.1,2026-04-29,0729,A,18,6.1NRT,306.44,15.95,D
-20.14862,120.30008,323.86,1,1,2026-04-29,0731,A,69,6.1NRT,307.21,12.14,D
-34.26119,115.14462,316.67,2.78,1.59,2026-04-29,0726,A,50,6.1NRT,289.61,64.24,D
-20.13575,120.32661,325.62,1,1,2026-04-29,0731,A,72,6.1NRT,306.97,13.39,D
-20.12559,120.33449,322,1,1,2026-04-29,0731,A,59,6.1NRT,308.33,8.64,D
-34.25557,115.16908,328.43,2.76,1.59,2026-04-29,0726,A,62,6.1NRT,289.39,119.45,D
-20.12695,120.32516,332.81,1,1,2026-04-29,0731,A,82,6.1NRT,308.07,22.17,D
-20.10593,120.40762,329.32,1,1,2026-04-29,0731,A,65,6.1NRT,310.26,14.81,D
-20.09311,120.31,332.62,1,1,2026-04-29,0731,A,81,6.1NRT,306.1,21.93,D
-20.0394,120.61584,349.09,1,1,2026-04-29,0731,A,94,6.1NRT,309.85,48.18,D
-20.07347,120.38313,323.37,1,1,2026-04-29,0731,A,68,6.1NRT,310.29,9.19,D
-20.08431,120.30854,355.9,1,1,2026-04-29,0731,A,98,6.1NRT,307.34,63.9,D
-20.08567,120.29921,355.9,1,1,2026-04-29,0731,A,98,6.1NRT,310.24,64.85,D
-20.09378,120.24319,320.31,1,1,2026-04-29,0731,A,39,6.1NRT,306.09,8.45,D
-20.02924,120.62367,369.26,1,1,2026-04-29,0731,A,100,6.1NRT,315.43,101.28,D
-20.03061,120.61437,436.21,1,1,2026-04-29,0731,A,100,6.1NRT,328.79,535.89,D
-20.03198,120.60506,358.1,1,1,2026-04-29,0731,A,99,6.1NRT,311.9,69.22,D
-20.07551,120.30708,414.08,1,1,2026-04-29,0731,A,100,6.1NRT,317.58,336.23,D
-20.07687,120.29775,335.56,1,1,2026-04-29,0731,A,84,6.1NRT,309.01,24.41,D
-20.01726,120.62448,327.65,1,1,2026-04-29,0731,A,76,6.1NRT,311.24,13.84,D
-20.06362,120.30798,389.92,1,1,2026-04-29,0731,A,100,6.1NRT,316.36,186.27,D
-20.05482,120.30653,388.38,1,1,2026-04-29,0731,A,100,6.1NRT,314.31,178.89,D
-19.64582,121.68695,320.25,1.04,1.02,2026-04-29,0731,A,61,6.1NRT,309.08,7.2,D
-19.3404,121.63563,322.4,1.04,1.02,2026-04-29,0731,A,58,6.1NRT,308.78,9.25,D
-19.34188,121.62604,319.67,1.04,1.02,2026-04-29,0731,A,34,6.1NRT,308.52,6.32,D
-19.30142,121.64194,324.41,1.04,1.02,2026-04-29,0731,A,57,6.1NRT,309.27,10.15,D
-19.26714,121.62613,321.51,1.04,1.02,2026-04-29,0731,A,67,6.1NRT,310.91,7.58,D
-17.99341,127.78507,312.03,2.66,1.57,2026-04-29,0731,A,45,6.1NRT,301.02,18.57,D
-17.98817,127.77874,314.54,2.66,1.57,2026-04-29,0731,A,58,6.1NRT,301.39,27.8,D
-18.35248,125.07976,324.74,1.64,1.26,2026-04-29,0731,A,71,6.1NRT,304.59,26.8,D
-18.30888,125.13358,330.4,1.66,1.27,2026-04-29,0731,A,81,6.1NRT,305.89,40.14,D
-18.31153,125.11846,324.37,1.65,1.26,2026-04-29,0731,A,30,6.1NRT,303.74,23.48,D
-18.31946,125.07329,319.29,1.64,1.26,2026-04-29,0731,A,29,6.1NRT,304.23,15.04,D
-18.29782,125.13143,326.09,1.66,1.27,2026-04-29,0731,A,57,6.1NRT,305.44,28.63,D
-18.31734,124.75023,322.96,1.56,1.23,2026-04-29,0731,A,43,6.1NRT,305.92,19.23,D
-18.25888,125.02488,315.12,1.63,1.26,2026-04-29,0731,A,47,6.1NRT,304.53,10.24,D
-18.29828,124.73188,322.72,1.55,1.23,2026-04-29,0731,A,39,6.1NRT,305.84,18.32,D
-18.16846,124.6856,316.21,1.55,1.23,2026-04-29,0731,A,54,6.1NRT,303.96,11.06,D
-17.55898,127.79088,322.89,2.73,1.58,2026-04-29,0731,A,74,6.1NRT,301.47,60.24,D
-17.56369,127.76601,317.89,2.71,1.58,2026-04-29,0731,A,66,6.1NRT,300.81,39.11,D
-17.93752,124.94342,316.76,1.63,1.26,2026-04-29,0731,A,60,6.1NRT,305.26,13.08,D
-17.90644,124.85536,339.91,1.61,1.25,2026-04-29,0731,A,89,6.1NRT,304.27,72.49,D
-17.90898,124.84073,347.02,1.61,1.25,2026-04-29,0731,A,93,6.1NRT,304.73,98.53,D
-18.01851,124.01297,319.42,1.4,1.17,2026-04-29,0731,A,58,6.1NRT,305.58,11.49,D
-18.02071,124.00008,345.71,1.4,1.17,2026-04-29,0731,A,92,6.1NRT,308.47,72.01,D
-18.02287,123.98745,318.74,1.4,1.17,2026-04-29,0731,A,37,6.1NRT,307.12,10.74,D
-17.88309,124.32072,318.74,1.48,1.2,2026-04-29,0731,A,31,6.1NRT,303.23,12.96,D
-17.87258,124.31873,322.14,1.48,1.2,2026-04-29,0731,A,56,6.1NRT,304.06,18.27,D
-17.82554,123.94454,318.97,1.4,1.17,2026-04-29,0731,A,42,6.1NRT,305.07,12.89,D
-17.83211,123.84098,317.7,1.38,1.16,2026-04-29,0731,A,51,6.1NRT,304.53,12.13,D
-17.83419,123.82842,323.39,1.38,1.16,2026-04-29,0731,A,74,6.1NRT,305.44,20.94,D
-17.69605,123.11191,350.24,1.25,1.11,2026-04-29,0731,A,95,6.1NRT,303.38,78.86,D
-17.69795,123.10046,311.44,1.25,1.11,2026-04-29,0731,A,29,6.1NRT,300.81,5.89,D
-17.69349,123.11769,330.9,1.25,1.11,2026-04-29,0731,A,83,6.1NRT,302.39,32.99,D
-17.69532,123.10622,330.6,1.25,1.11,2026-04-29,0731,A,83,6.1NRT,302.51,32.26,D
-17.71185,122.57493,316.35,1.17,1.08,2026-04-29,0731,A,54,6.1NRT,303.28,10.51,D
-17.71358,122.56422,318.27,1.17,1.08,2026-04-29,0731,A,67,6.1NRT,302.42,12.69,D
-17.7256,122.48965,321.49,1.16,1.07,2026-04-29,0731,A,38,6.1NRT,300.52,14.94,D
-17.7492,122.34271,337.88,1.14,1.06,2026-04-29,0731,A,88,6.1NRT,300.67,41.09,D
-17.71621,122.48798,380.67,1.16,1.07,2026-04-29,0731,A,100,6.1NRT,307.61,182.16,D
-17.71792,122.47742,403.66,1.16,1.07,2026-04-29,0731,A,100,6.1NRT,311.21,329.84,D
-17.71962,122.46686,337.67,1.16,1.07,2026-04-29,0731,A,87,6.1NRT,302.18,39.55,D
-17.73821,122.35144,320.78,1.14,1.06,2026-04-29,0731,A,65,6.1NRT,298.48,14.63,D
-17.73988,122.34104,340.5,1.14,1.06,2026-04-29,0731,A,90,6.1NRT,300.95,45.85,D
-17.70854,122.47572,360.89,1.16,1.07,2026-04-29,0731,A,100,6.1NRT,307.73,98.1,D
-17.71025,122.46517,397.9,1.16,1.07,2026-04-29,0731,A,100,6.1NRT,312.35,288.37,D
-17.71196,122.45462,318.06,1.15,1.07,2026-04-29,0731,A,68,6.1NRT,300.28,12.69,D
-17.72889,122.34977,331.84,1.14,1.06,2026-04-29,0731,A,84,6.1NRT,299.44,29.49,D
-17.73057,122.33937,331.84,1.14,1.06,2026-04-29,0731,A,83,6.1NRT,300.26,29.22,D
-17.74057,122.27724,314.81,1.13,1.06,2026-04-29,0731,A,48,6.1NRT,298.89,8.64,D
-17.74222,122.26692,318.85,1.13,1.06,2026-04-29,0731,A,60,6.1NRT,299.32,13.1,D
-17.63644,122.8913,315.94,1.22,1.1,2026-04-29,0731,A,30,6.1NRT,302.61,8.61,D
-17.68495,122.58533,317.53,1.17,1.08,2026-04-29,0731,A,67,6.1NRT,300.13,12.79,D
-17.70009,122.48923,312.37,1.16,1.07,2026-04-29,0731,A,46,6.1NRT,300.47,7.25,D
-17.70176,122.47864,316.34,1.16,1.07,2026-04-29,0731,A,51,6.1NRT,301.34,10.57,D
-17.70342,122.46807,350.33,1.16,1.07,2026-04-29,0731,A,95,6.1NRT,303.96,70.47,D
-17.70508,122.4575,331.3,1.16,1.07,2026-04-29,0731,A,84,6.1NRT,301.91,29.99,D
-17.72157,122.35249,315.11,1.14,1.06,2026-04-29,0731,A,62,6.1NRT,299.23,9.66,D
-17.7232,122.34207,316.61,1.14,1.06,2026-04-29,0731,A,65,6.1NRT,299.53,11.68,D
-17.73457,122.26952,353.79,1.13,1.06,2026-04-29,0731,A,97,6.1NRT,301.68,77.05,D
-17.73618,122.25919,330.7,1.13,1.06,2026-04-29,0731,A,83,6.1NRT,300.35,27.3,D
-17.72528,122.26787,347.25,1.13,1.06,2026-04-29,0731,A,94,6.1NRT,299.06,60.05,D
-17.7269,122.25753,377.93,1.13,1.06,2026-04-29,0731,A,100,6.1NRT,304.89,165.39,D
-17.72852,122.2472,326.02,1.13,1.06,2026-04-29,0731,A,74,6.1NRT,299.89,20.88,D
-17.69632,122.39095,324.39,1.15,1.07,2026-04-29,0731,A,74,6.1NRT,299.7,18.62,D
-17.69797,122.3805,318.94,1.15,1.07,2026-04-29,0731,A,41,6.1NRT,299.15,11.93,D
-17.71924,122.24557,324.98,1.13,1.06,2026-04-29,0731,A,78,6.1NRT,298.36,20.6,D
-17.72086,122.23527,326.86,1.13,1.06,2026-04-29,0731,A,80,6.1NRT,299.31,23.45,D
-17.62007,122.80856,317.42,1.21,1.09,2026-04-29,0731,A,48,6.1NRT,302.02,11.06,D
-17.67863,122.44189,320.77,1.15,1.07,2026-04-29,0731,A,72,6.1NRT,299.08,15.93,D
-17.70995,122.24394,361.7,1.13,1.06,2026-04-29,0731,A,100,6.1NRT,300.89,99.64,D
-17.71158,122.23363,357.15,1.13,1.06,2026-04-29,0731,A,98,6.1NRT,301.01,85.29,D
-17.61051,122.80682,335.21,1.21,1.09,2026-04-29,0731,A,86,6.1NRT,302.07,37.96,D
-17.62812,122.69738,313.26,1.19,1.09,2026-04-29,0731,A,55,6.1NRT,301.29,8.11,D
-17.65232,122.54636,312.74,1.17,1.08,2026-04-29,0731,A,30,6.1NRT,300.87,6.5,D
-17.69904,122.25262,364.1,1.13,1.06,2026-04-29,0731,A,100,6.1NRT,301.15,107.04,D
-17.70067,122.24231,365.79,1.13,1.06,2026-04-29,0731,A,100,6.1NRT,303.13,113.84,D
-17.59199,122.86035,335.29,1.22,1.1,2026-04-29,0731,A,87,6.1NRT,301.58,37.02,D
-17.68648,122.27164,338.54,1.13,1.06,2026-04-29,0731,A,89,6.1NRT,299.5,42.83,D
-17.68812,122.26131,356.7,1.13,1.06,2026-04-29,0731,A,98,6.1NRT,301.46,85.46,D
-17.68976,122.25098,346.12,1.13,1.06,2026-04-29,0731,A,93,6.1NRT,301.16,57.99,D
-17.69139,122.24067,323.34,1.13,1.06,2026-04-29,0731,A,76,6.1NRT,299.17,18.57,D
-17.57332,122.91424,321.81,1.22,1.1,2026-04-29,0731,A,53,6.1NRT,302.83,15.91,D
-17.57515,122.90307,343.96,1.22,1.1,2026-04-29,0731,A,92,6.1NRT,303.65,56.97,D
-17.57697,122.89191,337.92,1.22,1.1,2026-04-29,0731,A,88,6.1NRT,303.27,41,D
-17.586,122.8364,320,1.21,1.09,2026-04-29,0731,A,53,6.1NRT,301.67,12.83,D
-17.67718,122.26999,310.52,1.13,1.06,2026-04-29,0731,A,30,6.1NRT,298.39,6.27,D
-17.57642,122.83465,331.45,1.21,1.09,2026-04-29,0731,A,84,6.1NRT,303.36,30.35,D
-17.61712,122.58414,328.54,1.17,1.08,2026-04-29,0731,A,81,6.1NRT,301.5,25.46,D
-17.62921,122.50926,327.71,1.16,1.07,2026-04-29,0731,A,80,6.1NRT,299.66,23.37,D
-17.64115,122.43513,318.49,1.15,1.07,2026-04-29,0731,A,67,6.1NRT,299.76,12.86,D
-17.64285,122.42459,316.57,1.15,1.07,2026-04-29,0731,A,35,6.1NRT,298.51,9.76,D
-17.59009,122.69053,315.85,1.19,1.09,2026-04-29,0731,A,34,6.1NRT,302.36,9.55,D
-17.59187,122.67965,342.47,1.19,1.08,2026-04-29,0731,A,91,6.1NRT,302.51,53.14,D
-17.60242,122.61475,349.12,1.18,1.08,2026-04-29,0731,A,95,6.1NRT,303.37,66.6,D
-17.60418,122.60396,325.34,1.18,1.08,2026-04-29,0731,A,41,6.1NRT,300.77,17.86,D
-17.61808,122.51822,319.54,1.17,1.07,2026-04-29,0731,A,69,6.1NRT,299.86,12.12,D
-17.6198,122.50757,316.47,1.16,1.07,2026-04-29,0731,A,39,6.1NRT,298.27,9.22,D
-17.58237,122.67794,312.78,1.19,1.08,2026-04-29,0731,A,27,6.1NRT,300.82,6.77,D
-17.59647,122.59148,388.73,1.18,1.08,2026-04-29,0731,A,100,6.1NRT,309.55,233.31,D
-17.59822,122.58073,334.48,1.17,1.08,2026-04-29,0731,A,86,6.1NRT,300.94,34.29,D
-17.60694,122.52718,325.13,1.17,1.08,2026-04-29,0731,A,42,6.1NRT,300.7,16.5,D
-17.60867,122.51653,352.96,1.17,1.07,2026-04-29,0731,A,96,6.1NRT,300.49,74.19,D
-17.61039,122.50588,326.92,1.16,1.07,2026-04-29,0731,A,48,6.1NRT,298,20.05,D
-17.62581,122.41077,330.8,1.15,1.07,2026-04-29,0731,A,49,6.1NRT,299.86,26.32,D
-17.58978,122.60689,320.38,1.18,1.08,2026-04-29,0731,A,70,6.1NRT,303,15.21,D
-17.59148,122.5961,368.84,1.18,1.08,2026-04-29,0731,A,100,6.1NRT,307.14,134.69,D
-17.59318,122.58531,361.13,1.18,1.08,2026-04-29,0731,A,100,6.1NRT,306.31,103.94,D
-17.60165,122.53162,346.29,1.17,1.08,2026-04-29,0731,A,93,6.1NRT,302.14,59.54,D
-17.60333,122.52096,363.2,1.17,1.08,2026-04-29,0731,A,100,6.1NRT,304.88,110.69,D
-17.61003,122.47841,333.28,1.16,1.07,2026-04-29,0731,A,85,6.1NRT,299.34,30.65,D
-17.61169,122.46781,332.71,1.16,1.07,2026-04-29,0731,A,81,6.1NRT,299.65,29.67,D
-17.61999,122.41498,314.34,1.15,1.07,2026-04-29,0731,A,22,6.1NRT,298.92,8.27,D
-17.62165,122.40443,313.94,1.15,1.07,2026-04-29,0731,A,31,6.1NRT,299.16,7.7,D
-17.6233,122.39391,320.02,1.15,1.07,2026-04-29,0731,A,71,6.1NRT,298.86,13.79,D
-17.58031,122.60517,315.11,1.18,1.08,2026-04-29,0731,A,24,6.1NRT,301.12,8.77,D
-17.59391,122.51926,320.42,1.17,1.08,2026-04-29,0731,A,70,6.1NRT,300.4,15.29,D
-17.60062,122.47674,355.15,1.16,1.07,2026-04-29,0731,A,97,6.1NRT,302.39,82.54,D
-17.6023,122.46614,394,1.16,1.07,2026-04-29,0731,A,100,6.1NRT,309.56,263.71,D
-17.60397,122.45556,317.28,1.16,1.07,2026-04-29,0731,A,35,6.1NRT,299.21,11.13,D
-17.55007,122.73392,311.95,1.2,1.09,2026-04-29,0731,A,46,6.1NRT,300.99,6.72,D
-17.55181,122.72298,315.38,1.2,1.09,2026-04-29,0731,A,62,6.1NRT,301.47,10.3,D
-17.55704,122.6902,321.7,1.19,1.09,2026-04-29,0731,A,49,6.1NRT,302.1,15.9,D
-17.59123,122.47504,356.57,1.16,1.07,2026-04-29,0731,A,98,6.1NRT,301.68,87.66,D
-17.59291,122.46445,390.67,1.16,1.07,2026-04-29,0731,A,100,6.1NRT,306.34,242.55,D
-17.59458,122.45387,345.33,1.16,1.07,2026-04-29,0731,A,93,6.1NRT,301.21,58.43,D
-17.61776,122.30708,310.86,1.14,1.06,2026-04-29,0731,A,28,6.1NRT,298.33,6.34,D
-17.54927,122.67759,319.78,1.19,1.09,2026-04-29,0731,A,45,6.1NRT,302.15,13.85,D
-17.59356,122.39947,311.32,1.15,1.07,2026-04-29,0731,A,38,6.1NRT,298.89,6.25,D
-17.04619,125.60676,330.5,1.9,1.35,2026-04-29,0731,A,83,6.1NRT,300.69,59.91,D
-17.54673,122.63245,316.5,1.18,1.08,2026-04-29,0731,A,65,6.1NRT,301.77,11.18,D
-17.54847,122.62162,314.28,1.18,1.08,2026-04-29,0731,A,59,6.1NRT,301.95,8.53,D
-17.56735,122.50355,313.33,1.17,1.07,2026-04-29,0731,A,16,6.1NRT,299.57,6.84,D
-17.59583,122.32456,312.45,1.14,1.06,2026-04-29,0731,A,52,6.1NRT,298.03,7.96,D
-17.54592,122.57677,312.3,1.18,1.08,2026-04-29,0731,A,27,6.1NRT,300.66,6.26,D
-17.54765,122.56602,334.85,1.17,1.08,2026-04-29,0731,A,86,6.1NRT,302.03,37.69,D
-17.56134,122.48058,318.42,1.16,1.07,2026-04-29,0731,A,68,6.1NRT,300.75,12.1,D
-16.92205,126.16172,316.42,2.11,1.41,2026-04-29,0731,A,64,6.1NRT,303.41,19.45,D
-16.92545,126.14297,324.84,2.1,1.41,2026-04-29,0731,A,77,6.1NRT,303.29,45.03,D
-17.59856,122.18696,312.6,1.12,1.06,2026-04-29,0731,A,16,6.1NRT,298.11,7.53,D
-17.51855,122.50574,315.78,1.17,1.08,2026-04-29,0731,A,48,6.1NRT,300.28,9.65,D
-17.51442,122.43272,331.75,1.16,1.07,2026-04-29,0731,A,84,6.1NRT,299.92,29.66,D
-17.51608,122.42215,317.67,1.16,1.07,2026-04-29,0731,A,63,6.1NRT,299.86,11.73,D
-17.53095,122.32773,321.07,1.14,1.07,2026-04-29,0731,A,26,6.1NRT,298.7,14.58,D
-17.53586,122.29652,310.96,1.14,1.06,2026-04-29,0731,A,40,6.1NRT,298.58,6.6,D
-17.50336,122.44158,336.61,1.16,1.07,2026-04-29,0731,A,87,6.1NRT,301.99,36.23,D
-17.50504,122.43102,326.07,1.16,1.07,2026-04-29,0731,A,43,6.1NRT,300.63,19.14,D
-17.51997,122.3365,322.44,1.15,1.07,2026-04-29,0731,A,67,6.1NRT,297.96,17.12,D
-17.4718,122.45773,337.92,1.16,1.07,2026-04-29,0731,A,77,6.1NRT,302.16,38.52,D
-17.48593,122.30907,322.05,1.14,1.07,2026-04-29,0731,A,54,6.1NRT,298.88,16.26,D
-17.04211,124.8964,325.96,1.68,1.28,2026-04-29,0731,A,78,6.1NRT,304.61,32.87,D
-17.45639,122.4333,314.92,1.16,1.07,2026-04-29,0731,A,46,6.1NRT,298.57,8.49,D
-17.45808,122.42278,314.6,1.16,1.07,2026-04-29,0731,A,51,6.1NRT,298,8.12,D
-17.49642,122.18342,311.82,1.13,1.06,2026-04-29,0731,A,35,6.1NRT,298.06,6.72,D
-17.46893,122.29543,326.46,1.14,1.06,2026-04-29,0731,A,44,6.1NRT,299.42,20.62,D
-17.45835,122.26665,310.62,1.14,1.06,2026-04-29,0731,A,38,6.1NRT,297.66,6.43,D
-17.44948,122.2013,312.05,1.13,1.06,2026-04-29,0731,A,37,6.1NRT,297.57,6.87,D
-17.45271,122.18078,311.56,1.13,1.06,2026-04-29,0731,A,18,6.1NRT,297.32,5.85,D
-17.45432,122.17051,311.79,1.13,1.06,2026-04-29,0731,A,30,6.1NRT,297.72,5.94,D
-17.4122,122.3768,311.88,1.15,1.07,2026-04-29,0731,A,50,6.1NRT,298.91,6.55,D
-17.42323,122.18621,332.23,1.13,1.06,2026-04-29,0731,A,84,6.1NRT,298.68,31.13,D
-17.42486,122.1759,314.84,1.13,1.06,2026-04-29,0731,A,38,6.1NRT,297.88,8.21,D
-17.39536,122.18142,313.97,1.13,1.06,2026-04-29,0731,A,22,6.1NRT,298.74,7.36,D
-17.38441,122.19012,325.71,1.13,1.06,2026-04-29,0731,A,79,6.1NRT,298.8,21.52,D
-16.28301,127.38679,316.31,2.7,1.57,2026-04-29,0731,A,45,6.1NRT,300.64,31.96,D
-16.28772,127.36217,319.05,2.69,1.57,2026-04-29,0731,A,68,6.1NRT,300.37,40.72,D
-16.27643,127.3777,321.4,2.7,1.57,2026-04-29,0731,A,74,6.1NRT,301.34,54.16,D
-16.28098,127.35297,313.48,2.69,1.57,2026-04-29,0731,A,57,6.1NRT,300.58,22.41,D
-15.8959,129.13391,311.71,3.75,1.81,2026-04-29,0731,A,50,6.1NRT,299.41,34.18,D
-15.52877,130.24876,333.23,4.64,1.97,2026-04-29,0731,A,85,6.1NRT,297.98,254.85,D
-15.52622,130.24026,336.48,4.64,1.97,2026-04-29,0731,A,88,6.1NRT,297.99,300.76,D
-15.51734,130.19559,311.23,4.61,1.97,2026-04-29,0731,A,42,6.1NRT,296.35,48.25,D
-15.5166,130.19064,312.11,4.61,1.97,2026-04-29,0731,A,24,6.1NRT,296.27,51.54,D
-16.0191,125.82485,316.11,2.07,1.4,2026-04-29,0731,A,65,6.1NRT,300.19,22.05,D
-16.02435,125.83798,316.69,2.08,1.4,2026-04-29,0731,A,67,6.1NRT,299.72,23.68,D
-16.02763,125.81913,312.75,2.07,1.4,2026-04-29,0731,A,56,6.1NRT,300.45,14.79,D
-15.90939,126.34344,325.05,2.29,1.46,2026-04-29,0731,A,78,6.1NRT,299.59,59.44,D
-15.86736,126.35668,318.03,2.29,1.47,2026-04-29,0731,A,69,6.1NRT,298.83,35.09,D
-15.8711,126.33612,315.93,2.29,1.46,2026-04-29,0731,A,65,6.1NRT,299.41,29.43,D
-15.99283,125.66049,313.07,2.02,1.38,2026-04-29,0731,A,55,6.1NRT,300.53,12.5,D
-15.97785,125.57845,313.1,1.99,1.38,2026-04-29,0731,A,58,6.1NRT,299.22,16.21,D
-15.95762,125.48168,318.45,1.96,1.37,2026-04-29,0731,A,70,6.1NRT,299.44,25.74,D
-15.96075,125.46386,315.63,1.95,1.36,2026-04-29,0731,A,54,6.1NRT,299.35,18.24,D
-15.99071,125.1546,330.09,1.85,1.33,2026-04-29,0731,A,83,6.1NRT,301.99,51.34,D
-15.91873,125.49258,311,1.96,1.37,2026-04-29,0731,A,13,6.1NRT,298.76,11.5,D
-15.89176,125.53597,314.47,1.98,1.37,2026-04-29,0731,A,48,6.1NRT,299.76,17.44,D
-15.85627,125.45639,311.28,1.96,1.37,2026-04-29,0731,A,22,6.1NRT,299.52,11.07,D
-15.9302,125.03425,320.69,1.81,1.32,2026-04-29,0731,A,59,6.1NRT,302.33,22.41,D
-15.9331,125.01762,340.3,1.81,1.32,2026-04-29,0731,A,90,6.1NRT,303.3,83.23,D
-15.92163,125.0153,318.71,1.81,1.32,2026-04-29,0731,A,48,6.1NRT,301.58,19.58,D
-15.92446,124.99913,320.64,1.8,1.32,2026-04-29,0731,A,69,6.1NRT,301.58,25.05,D
-15.92728,124.98298,314.48,1.8,1.31,2026-04-29,0731,A,28,6.1NRT,300.92,12.84,D
-15.82269,125.50652,314.74,1.98,1.37,2026-04-29,0731,A,30,6.1NRT,301.74,13,D
-15.82588,125.48866,318.73,1.97,1.37,2026-04-29,0731,A,51,6.1NRT,301.18,22.77,D
-15.89865,125.07836,315.33,1.83,1.32,2026-04-29,0731,A,61,6.1NRT,299.89,17.96,D
-15.89176,125.07161,315.01,1.83,1.32,2026-04-29,0731,A,58,6.1NRT,299.38,16.93,D
-15.72656,125.74345,313.63,2.07,1.4,2026-04-29,0731,A,60,6.1NRT,299.32,17.15,D
-15.7495,125.54254,315.16,2,1.38,2026-04-29,0731,A,64,6.1NRT,303.59,15.64,D
-15.75074,125.39613,312.09,1.95,1.36,2026-04-29,0731,A,47,6.1NRT,299.97,11.77,D
-15.62827,125.6993,313.89,2.07,1.4,2026-04-29,0731,A,53,6.1NRT,300.54,16.78,D
-15.41131,126.82623,314.35,2.55,1.54,2026-04-29,0731,A,62,6.1NRT,301.33,26.12,D
-15.64277,125.47725,313.57,1.98,1.37,2026-04-29,0731,A,53,6.1NRT,301.69,13.76,D
-15.70102,125.01359,334.57,1.82,1.32,2026-04-29,0731,A,86,6.1NRT,302.92,63.93,D
-15.63896,125.47133,314.99,1.98,1.37,2026-04-29,0731,A,45,6.1NRT,301.94,15.79,D
-15.70286,125.02517,316.24,1.83,1.32,2026-04-29,0731,A,38,6.1NRT,302.49,14.97,D
-15.70563,125.00883,316.77,1.82,1.32,2026-04-29,0731,A,45,6.1NRT,302.25,15.89,D
-15.69129,125.02299,316.7,1.83,1.32,2026-04-29,0731,A,54,6.1NRT,302.05,15.57,D
-15.69408,125.0067,319.55,1.82,1.32,2026-04-29,0731,A,68,6.1NRT,302.05,21.91,D
-15.59683,125.5,312.86,2,1.38,2026-04-29,0731,A,57,6.1NRT,301.21,13.9,D
-15.56209,125.34686,315.49,1.95,1.36,2026-04-29,0731,A,64,6.1NRT,300.24,19.48,D
-15.56483,125.35838,314.79,1.95,1.36,2026-04-29,0731,A,63,6.1NRT,300.14,17.31,D
-15.49948,125.31072,318.78,1.94,1.36,2026-04-29,0731,A,70,6.1NRT,302.05,24.46,D
-15.40562,125.62715,319.79,2.06,1.4,2026-04-29,0731,A,71,6.1NRT,301.68,28.46,D
-15.40904,125.60828,335.56,2.05,1.39,2026-04-29,0731,A,87,6.1NRT,302.48,83.86,D
-15.4032,125.6214,328.88,2.06,1.4,2026-04-29,0731,A,82,6.1NRT,302.24,57.53,D
-15.40652,125.60226,331.94,2.05,1.39,2026-04-29,0731,A,84,6.1NRT,302.48,68.74,D
-15.40981,125.58331,315.92,2.04,1.39,2026-04-29,0731,A,43,6.1NRT,301.58,18.97,D
-15.40776,125.45174,325.17,2,1.38,2026-04-29,0731,A,78,6.1NRT,300.69,43.95,D
-15.41092,125.43365,335.25,1.99,1.38,2026-04-29,0731,A,87,6.1NRT,301.62,80.28,D
-15.41407,125.41566,319.08,1.98,1.37,2026-04-29,0731,A,57,6.1NRT,301.41,26.11,D
-15.40833,125.37785,324.9,1.97,1.37,2026-04-29,0731,A,78,6.1NRT,301.11,41.34,D
-15.41138,125.36047,316.08,1.96,1.37,2026-04-29,0731,A,61,6.1NRT,302.24,17.82,D
-15.36435,125.55647,321.28,2.04,1.39,2026-04-29,0731,A,63,6.1NRT,301.69,31.14,D
-15.36756,125.5384,326.83,2.03,1.39,2026-04-29,0731,A,80,6.1NRT,301.58,47.15,D
-15.33995,125.30499,326.86,1.95,1.36,2026-04-29,0731,A,80,6.1NRT,302.38,42.75,D
-15.32805,125.3028,324.06,1.95,1.36,2026-04-29,0731,A,77,6.1NRT,302.12,36.58,D
-15.29201,125.36726,313.56,1.98,1.37,2026-04-29,0731,A,53,6.1NRT,299.98,13.3,D
-15.2166,125.27587,312.73,1.95,1.36,2026-04-29,0731,A,43,6.1NRT,300.57,11.31,D
-15.20172,125.24827,314.37,1.95,1.36,2026-04-29,0731,A,51,6.1NRT,301.62,13.55,D
-15.21043,125.19729,318.39,1.93,1.36,2026-04-29,0731,A,58,6.1NRT,301.44,21.04,D
-15.07662,125.75253,312.38,2.14,1.42,2026-04-29,0731,A,52,6.1NRT,300.59,14.91,D
-15.17496,125.19041,313.43,1.93,1.36,2026-04-29,0731,A,51,6.1NRT,301.35,12.13,D
-15.16063,124.9952,359.28,1.86,1.33,2026-04-29,0731,A,0,6.1NRT,300.26,191.85,D
-15.16357,124.9785,357.09,1.86,1.33,2026-04-29,0731,A,74,6.1NRT,302.63,177.69,D
-15.14899,124.99291,331.25,1.86,1.33,2026-04-29,0731,A,72,6.1NRT,298.72,54.14,D
-15.15197,124.97612,339.19,1.86,1.33,2026-04-29,0731,A,89,6.1NRT,300.69,85.06,D
-15.15444,124.98857,367.5,1.86,1.33,2026-04-29,0731,A,0,6.1NRT,301.13,251.77,D
-15.15728,124.97179,328.77,1.86,1.33,2026-04-29,0731,A,71,6.1NRT,301.64,51.87,D
-15.14569,124.96931,314.82,1.86,1.33,2026-04-29,0731,A,63,6.1NRT,299.28,18.85,D
-14.27515,129.58688,309.38,4.41,1.93,2026-04-29,0731,A,41,6.1NRT,296.03,45.06,D
-14.65772,126.32682,311.64,2.42,1.5,2026-04-29,0731,A,54,6.1NRT,298.69,18.88,D
-14.77258,125.23409,324.21,1.98,1.37,2026-04-29,0731,A,78,6.1NRT,300.27,41.4,D
-14.68161,125.23072,313.16,1.98,1.37,2026-04-29,0731,A,0,6.1NRT,299.17,14.65,D
-14.61047,125.17375,323,1.97,1.37,2026-04-29,0731,A,0,6.1NRT,299.04,28.98,D
-31.48855,146.68629,302.42,4.22,1.9,2026-04-29,1041,T,49,6.1NRT,285.83,57.05,N
-31.49071,146.64211,300.32,4.25,1.91,2026-04-29,1041,T,25,6.1NRT,285.76,49.02,N
-31.4716,146.68512,311,4.22,1.9,2026-04-29,1041,T,81,6.1NRT,286.37,99.69,N
-31.47371,146.64104,307.69,4.25,1.91,2026-04-29,1041,T,72,6.1NRT,286.58,82.37,N
-31.48438,146.68089,321.4,4.22,1.9,2026-04-29,1041,T,100,6.1NRT,286.62,176.02,N
-31.48678,146.6368,306.99,4.25,1.91,2026-04-29,1041,T,70,6.1NRT,286.09,82.94,N
-28.28446,149.87961,302.26,2.32,1.47,2026-04-29,1041,T,48,6.1NRT,289.66,18.17,N
-23.66875,151.17891,312.47,1.63,1.26,2026-04-29,1043,T,67,6.1NRT,291.6,19.1,N
-23.62305,151.07065,310.96,1.65,1.26,2026-04-29,1043,T,40,6.1NRT,292.05,17.29,N
-23.61012,151.08521,310.54,1.65,1.26,2026-04-29,1043,T,43,6.1NRT,292.06,15.12,N
-23.13594,133.67313,300.14,1.12,1.06,2026-04-29,1221,T,19,6.1NRT,287.81,6.03,N
-19.06358,134.23203,307.66,1.37,1.16,2026-04-29,1221,T,72,6.1NRT,291.03,12.64,N
-17.65931,132.64665,301.58,1.16,1.07,2026-04-29,1223,T,22,6.1NRT,291.38,5.33,N
-17.65515,132.63965,301.97,1.16,1.07,2026-04-29,1223,T,46,6.1NRT,291.26,6.18,N
-17.57055,132.81346,309.28,1.19,1.08,2026-04-29,1223,T,77,6.1NRT,291.62,11.84,N
-17.57221,132.80257,303.17,1.19,1.08,2026-04-29,1223,T,49,6.1NRT,290.68,6.91,N
-17.89729,127.80349,308.92,1.15,1.07,2026-04-29,1223,T,76,6.1NRT,292.83,10.46,N
-17.89863,127.79281,305.78,1.16,1.07,2026-04-29,1223,T,66,6.1NRT,291.77,7.73,N
-17.56099,127.786,304.8,1.15,1.07,2026-04-29,1223,T,62,6.1NRT,292.88,6.93,N
-17.55157,127.78465,316.13,1.15,1.07,2026-04-29,1223,T,93,6.1NRT,293.2,16.59,N
-17.64447,122.89984,304.22,2.51,1.52,2026-04-29,1223,T,59,6.1NRT,293.45,19.89,N
-17.60172,122.91865,303.92,2.5,1.52,2026-04-29,1223,T,46,6.1NRT,293.49,17.41,N
-17.60402,122.89565,304.96,2.51,1.52,2026-04-29,1223,T,61,6.1NRT,293.62,18.69,N
-17.60672,122.91259,304.35,2.5,1.52,2026-04-29,1223,T,60,6.1NRT,293.88,19,N
-16.91711,126.15269,306.3,1.4,1.17,2026-04-29,1223,T,68,6.1NRT,296.22,7.66,N
-16.01488,129.0569,303.54,1.01,1.01,2026-04-29,1223,T,23,6.1NRT,293.51,4.56,N
-16.006,129.0556,308.21,1.01,1.01,2026-04-29,1223,T,73,6.1NRT,293.6,7.63,N
-16.00725,129.04634,317.28,1.02,1.01,2026-04-29,1223,T,95,6.1NRT,293.84,14.91,N
-16.35473,124.99915,317.75,1.66,1.27,2026-04-29,1223,T,96,6.1NRT,297.02,28.14,N
-15.86463,128.80481,303.32,1.02,1.01,2026-04-29,1223,T,52,6.1NRT,292.62,4.77,N
-15.81815,129.01598,315.36,1.01,1.01,2026-04-29,1223,T,91,6.1NRT,296.38,11.65,N
-15.51655,130.1987,308.12,1.01,1,2026-04-29,1223,T,74,6.1NRT,293.05,7.58,N
-15.70609,127.7711,308.63,1.1,1.05,2026-04-29,1223,T,75,6.1NRT,296.35,7.03,N
-15.4463,129.65132,309.58,1,1,2026-04-29,1223,T,58,6.1NRT,296.31,7.12,N
-15.43749,129.65001,307.61,1,1,2026-04-29,1223,T,11,6.1NRT,296.6,5.15,N
-15.86438,126.35034,315.43,1.32,1.14,2026-04-29,1223,T,91,6.1NRT,292.91,20.61,N
-15.86584,126.33825,312.89,1.32,1.14,2026-04-29,1223,T,86,6.1NRT,292.25,17.47,N
-15.21948,129.55295,309,1,1,2026-04-29,1223,T,76,6.1NRT,297.5,7.28,N
-15.73878,125.55302,309.54,1.48,1.2,2026-04-29,1223,T,78,6.1NRT,296.26,12.1,N
-15.64934,125.53471,307.2,1.48,1.2,2026-04-29,1223,T,63,6.1NRT,296.82,8.83,N
-15.64521,125.47977,329.15,1.5,1.21,2026-04-29,1223,T,100,6.1NRT,296.8,45.25,N
-15.62632,125.36501,312.75,1.53,1.22,2026-04-29,1223,T,86,6.1NRT,296.07,16.69,N
-15.59935,125.50164,309.02,1.49,1.21,2026-04-29,1223,T,76,6.1NRT,296.15,10.97,N
-15.56302,125.49106,311.11,1.49,1.21,2026-04-29,1223,T,82,6.1NRT,295.91,14.38,N
-15.54996,125.42001,305.46,1.51,1.21,2026-04-29,1223,T,64,6.1NRT,295.4,7.31,N
-15.5061,125.33017,308.52,1.53,1.22,2026-04-29,1223,T,75,6.1NRT,295.83,10.7,N
-15.50278,125.3232,307.24,1.53,1.22,2026-04-29,1223,T,71,6.1NRT,295.52,9.51,N
-15.45309,125.37338,311.63,1.51,1.21,2026-04-29,1223,T,52,6.1NRT,295.97,14.06,N
-15.45476,125.35945,332.35,1.52,1.22,2026-04-29,1223,T,100,6.1NRT,297.09,52.73,N
-15.45643,125.34539,335.09,1.52,1.22,2026-04-29,1223,T,100,6.1NRT,297.32,60.02,N
-15.44238,125.37201,307.62,1.51,1.21,2026-04-29,1223,T,30,6.1NRT,295.89,9.28,N
-15.44404,125.35799,312.19,1.52,1.22,2026-04-29,1223,T,69,6.1NRT,295.71,14.42,N
-15.46732,125.16061,308.6,1.57,1.23,2026-04-29,1223,T,75,6.1NRT,296.34,10.56,N
-15.43168,125.37055,307.9,1.51,1.21,2026-04-29,1223,T,66,6.1NRT,295.55,10.1,N
-15.42981,125.19843,309.24,1.56,1.23,2026-04-29,1223,T,77,6.1NRT,296.47,11.1,N
-15.42552,125.2065,310.18,1.55,1.23,2026-04-29,1223,T,79,6.1NRT,296.67,12.66,N
-15.42718,125.19285,312.93,1.56,1.23,2026-04-29,1223,T,86,6.1NRT,296.36,16.64,N
-15.36217,125.54764,305.96,1.47,1.2,2026-04-29,1223,T,66,6.1NRT,295.57,7.25,N
-15.33648,125.30949,315.37,1.53,1.22,2026-04-29,1223,T,91,6.1NRT,296.36,20.5,N
-15.333,125.30241,306.39,1.53,1.22,2026-04-29,1223,T,68,6.1NRT,295.88,8.26,N
-15.14504,124.9781,306.85,1.6,1.25,2026-04-29,1223,T,69,6.1NRT,294.46,11.7,N
-14.62075,125.16844,333,1.53,1.22,2026-04-29,1223,T,100,6.1NRT,297.63,54.66,N
-14.60998,125.16723,309.15,1.53,1.22,2026-04-29,1223,T,59,6.1NRT,296.28,10.07,N
-14.60477,125.17427,306.92,1.52,1.22,2026-04-29,1223,T,62,6.1NRT,296.18,7.84,N
-14.47976,125.18021,312.95,1.51,1.21,2026-04-29,1223,T,85,6.1NRT,297.46,16.13,N
-14.46904,125.17886,317.61,1.51,1.21,2026-04-29,1223,T,95,6.1NRT,297.5,23.24,N
-23.65168,151.19626,305.72,1.42,1.18,2026-04-29,1645,A,30,6.1NRT,290,9.89,N
-31.47917,146.67163,302.67,1.94,1.36,2026-04-29,1648,A,51,6.1NRT,283.92,22.5,N
-36.92259,149.79399,306.1,1.07,1.03,2026-04-29,1650,A,67,6.1NRT,286.91,10.42,N
-36.61486,146.99097,300.01,1.43,1.18,2026-04-29,1650,A,8,6.1NRT,284.98,9.54,N
-36.64878,146.99779,300.7,1.43,1.18,2026-04-29,1650,A,17,6.1NRT,285.16,9.35,N
-15.80857,129.01433,318.9,1.34,1.15,2026-04-29,1821,A,95,6.1NRT,293.99,23.35,N
-15.81055,129.02635,312.93,1.34,1.15,2026-04-29,1821,A,46,6.1NRT,293.86,15.31,N
-15.81864,129.0128,308.99,1.34,1.15,2026-04-29,1821,A,48,6.1NRT,292.95,11.59,N
-15.81644,129.00642,306.5,1.34,1.15,2026-04-29,1821,A,44,6.1NRT,291.75,9.26,N
-15.81848,129.01833,309.02,1.34,1.15,2026-04-29,1821,A,63,6.1NRT,293.8,11.72,N
-17.55328,127.79085,304.38,1.51,1.21,2026-04-29,1821,A,60,6.1NRT,289.64,12.1,N
-17.98818,127.78293,305.47,1.48,1.2,2026-04-29,1821,A,64,6.1NRT,290.27,13.37,N
-19.05554,134.05391,307.46,2.79,1.6,2026-04-29,2314,T,60,6.1NRT,293.22,21.79,D
-20.7304,139.47844,313.85,1.13,1.06,2026-04-29,2314,T,66,6.1NRT,297.08,9.37,D
-20.73975,139.47687,312.55,1.13,1.06,2026-04-29,2314,T,64,6.1NRT,296.41,8.15,D
-20.42243,135.38022,308.43,2.08,1.4,2026-04-29,2314,T,62,6.1NRT,294.1,16.32,D
-24.60113,144.41063,309.12,1.31,1.14,2026-04-29,2314,T,61,6.1NRT,296.15,8.72,D
-28.31914,150.25848,320.61,3.73,1.81,2026-04-29,2316,T,70,6.1NRT,293.91,96.83,D
-28.32738,150.25246,321.7,3.73,1.81,2026-04-29,2316,T,80,6.1NRT,293.72,113.47,D
-28.3298,150.29002,308.02,3.75,1.81,2026-04-29,2316,T,62,6.1NRT,293.58,36.43,D
-30.4619,148.62953,306.27,3.02,1.65,2026-04-29,2316,T,60,6.1NRT,294.3,19.31,D
-30.4643,148.6535,305.25,3.03,1.66,2026-04-29,2316,T,58,6.1NRT,294.38,19.42,D
-34.26089,146.01938,317.73,2.21,1.44,2026-04-29,2318,T,78,6.1NRT,292.42,45.41,D
-35.36735,148.41287,301.23,3.28,1.71,2026-04-29,2318,T,45,6.1NRT,286.09,33.34,D
-15.14439,124.9877,327.63,2.29,1.46,2026-04-30,0052,T,62,6.1NRT,299.36,69.94,D
-15.15739,124.98645,311.14,2.29,1.46,2026-04-30,0052,T,0,6.1NRT,300.2,19.57,D
-15.8191,129.01508,308.9,4.82,2,2026-04-30,0052,T,49,6.1NRT,296.63,36.25,D
-15.7261,125.553,310.2,2.58,1.54,2026-04-30,0052,T,57,6.1NRT,297.32,21.92,D
-15.73983,125.55181,308.85,2.58,1.54,2026-04-30,0052,T,45,6.1NRT,297.2,16.75,D
-15.87146,126.34919,308.07,3,1.65,2026-04-30,0052,T,46,6.1NRT,297.11,20.41,D
-16.08981,127.31867,309.51,3.6,1.78,2026-04-30,0052,T,54,6.1NRT,297.67,27.17,D
-16.35647,125.00502,313.42,2.39,1.49,2026-04-30,0052,T,54,6.1NRT,297.47,22.14,D
-16.36652,124.9987,313.18,2.39,1.49,2026-04-30,0052,T,64,6.1NRT,297.59,24.13,D
-17.07807,124.48396,318.53,2.23,1.45,2026-04-30,0052,T,69,6.1NRT,299.64,28.01,D
-17.09091,124.48252,319.75,2.23,1.45,2026-04-30,0052,T,74,6.1NRT,299.08,31.89,D
-17.5546,127.78938,311.48,4.08,1.87,2026-04-30,0052,T,59,6.1NRT,296.07,47.41,D
-17.56029,127.78311,309.88,4.08,1.87,2026-04-30,0052,T,53,6.1NRT,296.1,38.82,D
-17.86605,124.31798,316.67,2.22,1.44,2026-04-30,0052,T,69,6.1NRT,301.39,26.77,D
-17.89169,124.31512,329.53,2.22,1.44,2026-04-30,0052,T,83,6.1NRT,300.81,69.97,D
-17.89394,124.33569,312.41,2.23,1.45,2026-04-30,0052,T,41,6.1NRT,300.15,15.07,D
-18.01414,124.00529,317.24,2.11,1.41,2026-04-30,0052,T,70,6.1NRT,302.69,26.66,D
-18.01624,124.0246,315.2,2.12,1.41,2026-04-30,0052,T,66,6.1NRT,301.16,21.28,D
-18.29073,125.10255,319.72,2.58,1.54,2026-04-30,0052,T,73,6.1NRT,300.2,40.99,D
-18.29332,125.12652,314.33,2.6,1.55,2026-04-30,0052,T,41,6.1NRT,300.64,21.99,D
-18.29974,125.1189,313.88,2.6,1.55,2026-04-30,0052,T,57,6.1NRT,299.81,21.11,D
-19.64735,121.69527,316.03,1.5,1.21,2026-04-30,0052,T,65,6.1NRT,302.99,12.85,D
-23.58736,151.06151,314.92,3.9,1.84,2026-04-30,0451,A,41,6.1NRT,292.25,69.33,D
-37.77622,145.78346,304.23,1.51,1.21,2026-04-30,0625,A,40,6.1NRT,279.59,12.31,D
-37.77932,145.76753,309.01,1.51,1.21,2026-04-30,0625,A,58,6.1NRT,280.96,17.96,D
-37.75512,145.77676,311.09,1.51,1.21,2026-04-30,0625,A,55,6.1NRT,283.08,19.81,D
-38.11395,143.74269,304.17,1.18,1.08,2026-04-30,0625,A,58,6.1NRT,281.25,8.25,D
-38.09969,143.71114,301.04,1.18,1.08,2026-04-30,0625,A,24,6.1NRT,281.99,5.62,D
-19.10188,134.24898,323.43,1.04,1.02,2026-04-30,0631,A,66,6.1NRT,301.18,16.15,D
-38.09541,143.71802,301.96,1.18,1.08,2026-04-30,0625,A,50,6.1NRT,281.79,7.27,D
-37.56015,146.29137,303.91,1.64,1.26,2026-04-30,0625,A,57,6.1NRT,280.09,15.66,D
-17.7012,132.78612,313.45,1.15,1.07,2026-04-30,0631,A,53,6.1NRT,300.33,6.53,D
-37.56405,146.27193,308.08,1.63,1.26,2026-04-30,0625,A,66,6.1NRT,282.44,20.77,D
-17.66187,132.81656,317.23,1.14,1.07,2026-04-30,0631,A,59,6.1NRT,300.78,11.7,D
-37.55377,146.02174,322.79,1.58,1.24,2026-04-30,0625,A,82,6.1NRT,285.99,40.74,D
-37.55729,146.00378,311.95,1.58,1.24,2026-04-30,0625,A,38,6.1NRT,285.99,21.47,D
-17.63815,132.91939,312.75,1.13,1.06,2026-04-30,0631,A,21,6.1NRT,294.71,7.33,D
-38.01878,143.39191,320.51,1.15,1.07,2026-04-30,0625,A,54,6.1NRT,289.67,19.57,D
-17.65683,132.78366,321.99,1.15,1.07,2026-04-30,0631,A,71,6.1NRT,299.28,17.09,D
-38.00723,143.40196,311.38,1.15,1.07,2026-04-30,0625,A,43,6.1NRT,288.44,10.82,D
-17.67426,132.65652,327.37,1.16,1.07,2026-04-30,0631,A,66,6.1NRT,297.17,23.38,D
-38.00944,143.38925,324.02,1.15,1.07,2026-04-30,0625,A,83,6.1NRT,289.82,24.94,D
-38.03071,143.04103,303.68,1.11,1.05,2026-04-30,0625,A,54,6.1NRT,285.78,7.1,D
-17.65026,132.62022,331.7,1.17,1.08,2026-04-30,0631,A,84,6.1NRT,295.39,31.23,D
-36.91872,147.51254,328.2,2.01,1.38,2026-04-30,0625,A,85,6.1NRT,285.52,79.89,D
-17.56207,132.80682,374.62,1.14,1.06,2026-04-30,0631,A,100,6.1NRT,303.44,151.07,D
-37.82457,142.78696,331.75,1.1,1.05,2026-04-30,0625,A,88,6.1NRT,284.63,37.22,D
-17.56351,132.79636,355.77,1.14,1.07,2026-04-30,0631,A,98,6.1NRT,297.3,83.09,D
-37.71054,143.3934,308.52,1.16,1.07,2026-04-30,0625,A,52,6.1NRT,284.73,10.18,D
-17.54841,132.83678,324.36,1.14,1.06,2026-04-30,0631,A,78,6.1NRT,299.7,18.63,D
-37.62351,143.24255,310.42,1.15,1.07,2026-04-30,0627,A,70,6.1NRT,287.35,12.33,D
-17.52972,132.834,337.63,1.14,1.06,2026-04-30,0631,A,89,6.1NRT,300.06,40.11,D
-37.61816,143.24863,300.46,1.15,1.07,2026-04-30,0627,A,37,6.1NRT,286.52,5.5,D
-18.00379,127.7593,314.93,2.6,1.55,2026-04-30,0631,A,52,6.1NRT,301.28,23.04,D
-37.62032,143.23602,302.39,1.15,1.07,2026-04-30,0627,A,52,6.1NRT,286.48,6.65,D
-17.92515,127.88467,313.54,2.53,1.53,2026-04-30,0631,A,37,6.1NRT,302.08,19.39,D
-36.61058,146.98241,304.48,1.9,1.35,2026-04-30,0627,A,56,6.1NRT,285.17,17.36,D
-17.89353,124.93661,313.05,4.28,1.91,2026-04-30,0631,A,24,6.1NRT,300.7,36.76,D
-36.59869,146.97983,303.97,1.9,1.35,2026-04-30,0627,A,57,6.1NRT,285.23,16.7,D
-17.89739,124.89699,315.07,4.31,1.92,2026-04-30,0631,A,48,6.1NRT,300.86,48.71,D
-17.55286,127.79902,318.04,2.54,1.53,2026-04-30,0631,A,50,6.1NRT,301.83,29.75,D
-37.46206,140.2742,307.73,1,1,2026-04-30,0627,A,47,6.1NRT,293.15,5.73,D
-17.55538,127.77581,316.86,2.55,1.54,2026-04-30,0631,A,34,6.1NRT,301.99,26.78,D
-37.46368,140.26314,309.27,1,1,2026-04-30,0627,A,57,6.1NRT,293.41,6.81,D
-17.90026,124.30972,314.39,4.79,2,2026-04-30,0631,A,42,6.1NRT,301.27,48.14,D
-37.45325,140.27213,308.7,1,1,2026-04-30,0627,A,61,6.1NRT,294.09,6.63,D
-17.55774,127.79286,319.88,2.54,1.53,2026-04-30,0631,A,66,6.1NRT,301.88,37,D
-37.45488,140.26108,312.97,1,1,2026-04-30,0627,A,73,6.1NRT,294.28,9.77,D
-17.54425,127.79115,318.05,2.54,1.53,2026-04-30,0631,A,60,6.1NRT,301.68,30.49,D
-37.00722,143.01088,306.97,1.15,1.07,2026-04-30,0627,A,27,6.1NRT,283.01,8.78,D
-17.22686,130.31441,316.62,1.61,1.25,2026-04-30,0631,A,56,6.1NRT,302.42,13.21,D
-36.9189,142.53273,327.99,1.1,1.05,2026-04-30,0627,A,85,6.1NRT,288.94,29.14,D
-17.22871,130.29973,316.83,1.62,1.25,2026-04-30,0631,A,57,6.1NRT,303.85,13.93,D
-36.90972,142.53029,303.05,1.1,1.05,2026-04-30,0627,A,44,6.1NRT,285.33,4.49,D
-17.0626,130.8029,323.13,1.48,1.2,2026-04-30,0631,A,46,6.1NRT,298.54,24.53,D
-36.93162,142.18184,317.66,1.07,1.03,2026-04-30,0627,A,78,6.1NRT,290.47,17,D
-16.72627,131.66577,334.94,1.29,1.13,2026-04-30,0631,A,73,6.1NRT,304.93,41.16,D
-37.01091,140.87427,365.22,1.01,1,2026-04-30,0627,A,100,6.1NRT,300.16,100.53,D
-17.29599,124.58888,314.84,4.47,1.94,2026-04-30,0631,A,21,6.1NRT,300.49,54.32,D
-37.01261,140.86319,314.8,1.01,1,2026-04-30,0627,A,75,6.1NRT,295.53,11.21,D
-17.29999,124.54797,329.05,4.5,1.95,2026-04-30,0631,A,81,6.1NRT,301.02,187.14,D
-36.9663,140.85674,325.68,1.01,1,2026-04-30,0627,A,84,6.1NRT,296.07,21.88,D
-17.22376,124.97887,314.46,4.17,1.89,2026-04-30,0631,A,45,6.1NRT,300.94,38.54,D
-36.96799,140.84567,327.86,1.01,1,2026-04-30,0627,A,85,6.1NRT,296.85,24.46,D
-17.19411,124.93707,327.44,4.19,1.9,2026-04-30,0631,A,79,6.1NRT,300.98,139.32,D
-36.9432,140.82819,305.5,1.01,1,2026-04-30,0627,A,61,6.1NRT,294.95,4.55,D
-17.29764,124.54391,325.16,4.5,1.95,2026-04-30,0631,A,77,6.1NRT,300.93,142.08,D
-36.12049,145.28127,314.12,1.54,1.22,2026-04-30,0627,A,56,6.1NRT,282.09,24.2,D
-17.18925,124.93259,330.5,4.19,1.9,2026-04-30,0631,A,82,6.1NRT,301.31,170.77,D
-36.12366,145.26476,317.9,1.54,1.22,2026-04-30,0627,A,78,6.1NRT,279.66,30.53,D
-17.17258,124.93063,315.56,4.19,1.9,2026-04-30,0631,A,51,6.1NRT,301,48.45,D
-36.86688,140.965,308.88,1.01,1.01,2026-04-30,0627,A,37,6.1NRT,295.29,6.05,D
-16.91507,126.25888,315,3.28,1.71,2026-04-30,0631,A,49,6.1NRT,301.71,26.66,D
-36.10984,145.27806,385.87,1.54,1.22,2026-04-30,0627,A,100,6.1NRT,283.18,335.72,D
-36.11303,145.26157,393.01,1.54,1.22,2026-04-30,0627,A,100,6.1NRT,282.87,400.96,D
-16.09904,127.32966,318.59,2.63,1.56,2026-04-30,0631,A,68,6.1NRT,302.65,35.47,D
-36.85803,140.96283,312.75,1.01,1.01,2026-04-30,0627,A,73,6.1NRT,294.89,9.23,D
-16.10178,127.30565,314.54,2.64,1.56,2026-04-30,0631,A,55,6.1NRT,302.02,22.05,D
-36.85974,140.95174,306.21,1.01,1.01,2026-04-30,0627,A,54,6.1NRT,294.7,4.6,D
-15.52281,130.30522,316.81,1.53,1.22,2026-04-30,0631,A,66,6.1NRT,299.57,18.07,D
-35.78316,146.72858,305.8,1.91,1.35,2026-04-30,0627,A,62,6.1NRT,287.86,18.69,D
-15.52455,130.29132,315.52,1.53,1.22,2026-04-30,0631,A,62,6.1NRT,299.26,16.18,D
-35.78738,146.70833,307.75,1.91,1.35,2026-04-30,0627,A,66,6.1NRT,287.99,21.82,D
-15.51956,130.29924,322.89,1.53,1.22,2026-04-30,0631,A,73,6.1NRT,300.27,26.69,D
-35.91103,145.99022,311.48,1.71,1.28,2026-04-30,0627,A,71,6.1NRT,285.99,24.21,D
-15.71935,127.79337,335.47,2.39,1.49,2026-04-30,0631,A,87,6.1NRT,303.24,93.85,D
-36.74407,140.55716,309.44,1,1,2026-04-30,0627,A,68,6.1NRT,295.49,7.38,D
-15.7218,127.7716,330.3,2.4,1.49,2026-04-30,0631,A,79,6.1NRT,303.33,69.87,D
-36.72692,140.61,307.6,1.01,1,2026-04-30,0627,A,65,6.1NRT,295.47,5.63,D
-15.4651,130.01239,319.85,1.6,1.24,2026-04-30,0631,A,58,6.1NRT,299.99,18.05,D
-35.78173,145.93752,326.31,1.71,1.28,2026-04-30,0627,A,84,6.1NRT,282.46,53.72,D
-15.7216,127.7868,333.84,2.39,1.49,2026-04-30,0631,A,81,6.1NRT,302.91,87.92,D
-35.78534,145.91946,352.24,1.71,1.28,2026-04-30,0627,A,97,6.1NRT,282.03,147.8,D
-15.72427,127.7647,328.96,2.4,1.49,2026-04-30,0631,A,61,6.1NRT,303.1,65.6,D
-35.73688,145.80873,339.95,1.68,1.28,2026-04-30,0627,A,92,6.1NRT,285.13,91.4,D
-15.47109,129.5238,317.72,1.74,1.29,2026-04-30,0631,A,13,6.1NRT,299.8,16.37,D
-35.73424,145.82001,322.16,1.69,1.28,2026-04-30,0627,A,81,6.1NRT,283.77,43.45,D
-15.47907,129.45992,319.62,1.76,1.3,2026-04-30,0631,A,36,6.1NRT,301.46,21.38,D
-35.73779,145.80205,327.67,1.68,1.28,2026-04-30,0627,A,85,6.1NRT,284.43,56.06,D
-15.70259,127.60768,334.26,2.47,1.51,2026-04-30,0631,A,80,6.1NRT,300.29,94.18,D
-35.70251,145.51132,303.35,1.62,1.25,2026-04-30,0627,A,46,6.1NRT,284.44,9.74,D
-15.84764,126.33107,325.83,3.13,1.68,2026-04-30,0631,A,78,6.1NRT,300.9,91.43,D
-35.7033,145.50581,305.38,1.62,1.25,2026-04-30,0627,A,61,6.1NRT,284.64,13.21,D
-15.85811,124.93549,314.27,4.03,1.86,2026-04-30,0631,A,31,6.1NRT,298.23,43.67,D
-36.36552,141.03046,308.69,1.02,1.01,2026-04-30,0627,A,66,6.1NRT,295.51,6.6,D
-36.36251,140.75471,316.38,1.01,1.01,2026-04-30,0627,A,45,6.1NRT,296.07,10.51,D
-15.84179,124.93301,317.92,4.03,1.86,2026-04-30,0631,A,67,6.1NRT,298.44,68.73,D
-36.36421,140.74371,344.67,1.01,1.01,2026-04-30,0627,A,94,6.1NRT,298.8,48.43,D
-15.85095,124.92694,316.55,4.03,1.86,2026-04-30,0631,A,65,6.1NRT,298.28,62.46,D
-36.35253,140.75809,317.4,1.01,1.01,2026-04-30,0627,A,76,6.1NRT,295.8,13,D
-15.79811,124.95676,312.42,4,1.86,2026-04-30,0631,A,21,6.1NRT,298.41,34.84,D
-36.35423,140.74709,324.27,1.01,1.01,2026-04-30,0627,A,82,6.1NRT,298.07,20.08,D
-15.72272,125.37032,316.18,3.71,1.8,2026-04-30,0631,A,51,6.1NRT,299.35,47.46,D
-35.51985,145.3116,306.79,1.59,1.24,2026-04-30,0627,A,64,6.1NRT,290.3,13.99,D
-35.17223,146.89693,335.69,2.03,1.39,2026-04-30,0627,A,90,6.1NRT,289.73,100.3,D
-15.72939,125.36665,317.16,3.71,1.8,2026-04-30,0631,A,67,6.1NRT,299.27,55.71,D
-35.1602,146.89319,320.58,2.03,1.39,2026-04-30,0627,A,80,6.1NRT,288.51,50.09,D
-15.78316,124.87666,313.05,4.05,1.87,2026-04-30,0631,A,18,6.1NRT,298.41,39.58,D
-36.16023,141.45111,307.56,1.04,1.02,2026-04-30,0627,A,65,6.1NRT,295.74,6.35,D
-15.71364,125.36394,314.26,3.71,1.8,2026-04-30,0631,A,41,6.1NRT,299.72,37.39,D
-35.07663,146.7634,301.61,2,1.38,2026-04-30,0627,A,48,6.1NRT,284.49,13.41,D
-15.66965,125.32509,313.49,3.73,1.81,2026-04-30,0631,A,57,6.1NRT,299.03,39.59,D
-35.3962,145.10297,317.62,1.56,1.23,2026-04-30,0627,A,78,6.1NRT,283.91,30.82,D
-15.67572,125.31886,312.16,3.73,1.81,2026-04-30,0631,A,16,6.1NRT,298.83,29.57,D
-35.39938,145.08643,307.48,1.55,1.23,2026-04-30,0627,A,65,6.1NRT,285.96,15.4,D
-15.45162,125.52391,312.92,3.57,1.77,2026-04-30,0631,A,55,6.1NRT,299.58,29.82,D
-35.49422,144.41437,300.1,1.42,1.18,2026-04-30,0627,A,27,6.1NRT,286.53,6.19,D
-34.9385,147.11244,303.6,2.12,1.42,2026-04-30,0627,A,56,6.1NRT,290.79,15.34,D
-14.58007,132.45381,334.71,1.11,1.05,2026-04-30,0631,A,87,6.1NRT,300.35,33.06,D
-35.31045,145.30867,338,1.61,1.25,2026-04-30,0627,A,91,6.1NRT,291.64,74.25,D
-14.58148,132.4438,317.32,1.11,1.05,2026-04-30,0631,A,69,6.1NRT,295.12,10.13,D
-34.78703,147.00441,310.61,2.11,1.41,2026-04-30,0627,A,70,6.1NRT,291.88,28.01,D
-14.5503,132.19102,319.31,1.14,1.06,2026-04-30,0631,A,56,6.1NRT,300.5,12.36,D
-34.79172,146.98239,303.08,2.1,1.41,2026-04-30,0627,A,55,6.1NRT,292.29,13.58,D
-14.71097,130.6131,319.59,1.41,1.18,2026-04-30,0631,A,62,6.1NRT,296.78,17.65,D
-34.90085,145.88609,348.03,1.78,1.31,2026-04-30,0627,A,95,6.1NRT,297.83,131.75,D
-14.33755,132.66768,314.03,1.08,1.04,2026-04-30,0631,A,54,6.1NRT,299.56,6.02,D
-34.90468,145.86737,317.22,1.78,1.31,2026-04-30,0627,A,77,6.1NRT,295.67,30.99,D
-14.58052,130.41763,320.52,1.45,1.19,2026-04-30,0631,A,22,6.1NRT,297.21,19.93,D
-34.82981,145.78001,304,1.76,1.3,2026-04-30,0627,A,53,6.1NRT,289.8,10.84,D
-14.58573,130.41292,327.75,1.45,1.19,2026-04-30,0631,A,50,6.1NRT,298.28,31.54,D
-34.78775,145.92644,312.61,1.8,1.32,2026-04-30,0627,A,73,6.1NRT,292.2,23.07,D
-14.56132,130.43619,336.31,1.45,1.19,2026-04-30,0631,A,88,6.1NRT,298.66,52.06,D
-35.73561,137.91367,312.55,1.07,1.03,2026-04-30,0627,A,68,6.1NRT,294.38,10.78,D
-14.54915,130.44772,337.25,1.44,1.19,2026-04-30,0631,A,88,6.1NRT,300.53,55.13,D
-34.08235,147.34903,302.65,2.31,1.47,2026-04-30,0627,A,53,6.1NRT,289.38,14.18,D
-14.55087,130.43472,319.87,1.45,1.19,2026-04-30,0631,A,62,6.1NRT,298.47,18.61,D
-35.75241,137.3483,304.29,1.11,1.05,2026-04-30,0627,A,56,6.1NRT,290.6,5.54,D
-14.54025,130.35315,317.84,1.46,1.2,2026-04-30,0631,A,69,6.1NRT,298.17,17.47,D
-33.85662,147.64099,303.35,2.45,1.51,2026-04-30,0627,A,56,6.1NRT,291.7,15.01,D
-14.54198,130.33994,345.98,1.47,1.2,2026-04-30,0631,A,93,6.1NRT,299.5,84.77,D
-33.84669,147.07927,303.7,2.25,1.45,2026-04-30,0627,A,52,6.1NRT,288.9,15.37,D
-14.5437,130.32669,327.61,1.47,1.2,2026-04-30,0631,A,81,6.1NRT,298.3,33.94,D
-33.85165,147.05609,308.75,2.24,1.45,2026-04-30,0627,A,68,6.1NRT,290.93,25.47,D
-15.14657,124.9841,312,3.9,1.84,2026-04-30,0631,A,45,6.1NRT,299.32,42.75,D
-33.71549,142.4612,314.05,1.21,1.09,2026-04-30,0627,A,74,6.1NRT,296.57,12.56,D
-33.7177,142.44849,317.74,1.21,1.09,2026-04-30,0627,A,78,6.1NRT,297.91,16.64,D
-15.05071,125.73801,317.75,3.39,1.74,2026-04-30,0631,A,69,6.1NRT,299.68,51.02,D
-33.23975,142.46992,315.44,1.23,1.1,2026-04-30,0627,A,68,6.1NRT,297.44,16.66,D
-15.05404,125.70695,313.9,3.41,1.74,2026-04-30,0631,A,42,6.1NRT,300.42,33.5,D
-32.18681,147.57867,316.48,2.68,1.57,2026-04-30,0627,A,77,6.1NRT,295.48,50.43,D
-15.1205,125.41669,326.92,3.6,1.78,2026-04-30,0631,A,0,6.1NRT,300.3,119.18,D
-33.36786,135.17084,309.54,1.31,1.14,2026-04-30,0627,A,56,6.1NRT,298.49,7.17,D
-15.15448,124.97744,313.64,3.9,1.84,2026-04-30,0631,A,45,6.1NRT,299.73,48.87,D
-31.17174,146.8837,305.42,2.55,1.54,2026-04-30,0627,A,43,6.1NRT,287.19,23.82,D
-14.49968,130.2048,314.75,1.5,1.21,2026-04-30,0631,A,46,6.1NRT,294.8,14.55,D
-14.50147,130.19127,317.77,1.5,1.21,2026-04-30,0631,A,47,6.1NRT,296.97,19.28,D
-15.05304,125.73061,315.71,3.39,1.74,2026-04-30,0631,A,65,6.1NRT,300.05,42.06,D
-15.03778,125.72875,314.63,3.39,1.74,2026-04-30,0631,A,61,6.1NRT,299.52,37.45,D
-14.48733,130.13388,313.63,1.51,1.21,2026-04-30,0631,A,47,6.1NRT,298.16,13.09,D
-14.41158,130.63022,318.31,1.4,1.17,2026-04-30,0631,A,68,6.1NRT,298.83,17.77,D
-14.41325,130.6176,315.36,1.4,1.17,2026-04-30,0631,A,44,6.1NRT,298.55,13.82,D
-15.02779,125.53938,313.63,3.51,1.76,2026-04-30,0631,A,53,6.1NRT,299.47,34.73,D
-14.9853,125.7843,320.97,3.35,1.73,2026-04-30,0631,A,74,6.1NRT,299.31,75.4,D
-14.08868,132.86362,316.04,1.06,1.03,2026-04-30,0631,A,62,6.1NRT,297.19,10.16,D
-14.19018,132.06142,318.18,1.14,1.07,2026-04-30,0631,A,64,6.1NRT,305.42,9.53,D
-14.06419,132.84473,313.81,1.06,1.03,2026-04-30,0631,A,51,6.1NRT,298.6,5.87,D
-14.988,125.77993,318.11,3.35,1.73,2026-04-30,0631,A,56,6.1NRT,299.02,53.96,D
-14.00069,132.9032,315.02,1.05,1.03,2026-04-30,0631,A,55,6.1NRT,295.53,9.6,D
-14.00372,132.81616,320.83,1.06,1.03,2026-04-30,0631,A,61,6.1NRT,297.46,13.1,D
-13.92569,133.16364,318.03,1.03,1.02,2026-04-30,0631,A,56,6.1NRT,296.31,10.16,D
-13.93105,133.12634,316.89,1.04,1.02,2026-04-30,0631,A,34,6.1NRT,298.28,9.03,D
-13.85738,133.3232,316.71,1.02,1.01,2026-04-30,0631,A,69,6.1NRT,298.38,9.23,D
-14.32872,129.77066,316.09,1.6,1.25,2026-04-30,0631,A,58,6.1NRT,299.5,17.32,D
-13.83628,133.21634,310.86,1.03,1.01,2026-04-30,0631,A,53,6.1NRT,297.87,4.77,D
-13.76444,133.33157,322.73,1.02,1.01,2026-04-30,0631,A,54,6.1NRT,298.3,14.99,D
-13.73653,133.33669,317.5,1.02,1.01,2026-04-30,0631,A,32,6.1NRT,296.58,10.01,D
-13.73784,133.32751,346.72,1.02,1.01,2026-04-30,0631,A,94,6.1NRT,298.64,50.17,D
-13.72897,133.32616,335.78,1.02,1.01,2026-04-30,0631,A,54,6.1NRT,297.44,30.56,D
-13.73028,133.31697,363.61,1.02,1.01,2026-04-30,0631,A,100,6.1NRT,298.81,91.64,D
-13.77097,133.02945,312.75,1.04,1.02,2026-04-30,0631,A,33,6.1NRT,296.18,7.67,D
-13.82528,132.24261,322.11,1.11,1.05,2026-04-30,0631,A,68,6.1NRT,303.54,14,D
-13.82667,132.23262,331.7,1.11,1.05,2026-04-30,0631,A,84,6.1NRT,301.62,27.77,D
-13.61122,133.23959,320.45,1.03,1.01,2026-04-30,0631,A,58,6.1NRT,296.58,11.56,D
-13.63505,133.07312,337.59,1.04,1.02,2026-04-30,0631,A,82,6.1NRT,296.55,32.95,D
-13.63638,133.06381,328.89,1.04,1.02,2026-04-30,0631,A,63,6.1NRT,298.44,20.98,D
-13.60135,133.18161,324.09,1.03,1.01,2026-04-30,0631,A,69,6.1NRT,299.14,15.49,D
-13.60267,133.17238,322.29,1.03,1.01,2026-04-30,0631,A,30,6.1NRT,299.85,13.59,D
-13.60795,133.13538,312.85,1.03,1.02,2026-04-30,0631,A,51,6.1NRT,296.99,7.01,D
-13.5872,133.21713,343.02,1.03,1.01,2026-04-30,0631,A,92,6.1NRT,300.41,41.77,D
-13.58983,133.19872,335.78,1.03,1.01,2026-04-30,0631,A,72,6.1NRT,300.35,27.28,D
-13.58094,133.19736,339.23,1.03,1.01,2026-04-30,0631,A,84,6.1NRT,300.29,32.55,D
-13.58488,133.16971,337.63,1.03,1.01,2026-04-30,0631,A,78,6.1NRT,301.14,31.83,D
-13.57467,133.17755,330.5,1.03,1.01,2026-04-30,0631,A,81,6.1NRT,300.73,22.05,D
-13.57598,133.16833,337.38,1.03,1.01,2026-04-30,0631,A,89,6.1NRT,300.24,32.72,D
-13.763,131.82132,323.53,1.16,1.07,2026-04-30,0631,A,77,6.1NRT,299.62,19.65,D
-13.56519,133.10355,331.35,1.03,1.02,2026-04-30,0631,A,73,6.1NRT,300.76,25.52,D
-13.56653,133.09427,325.12,1.03,1.02,2026-04-30,0631,A,60,6.1NRT,300.86,17.21,D
-13.54698,133.16695,332.14,1.03,1.01,2026-04-30,0631,A,85,6.1NRT,296.3,26.15,D
-13.55095,133.13928,320.16,1.03,1.01,2026-04-30,0631,A,73,6.1NRT,299.08,11.68,D
-13.53809,133.16559,320.72,1.03,1.01,2026-04-30,0631,A,49,6.1NRT,297.7,12.56,D
-13.55757,131.20407,317.13,1.25,1.11,2026-04-30,0631,A,46,6.1NRT,301,11.16,D
-13.12698,133.33139,321.96,1.02,1.01,2026-04-30,0631,A,73,6.1NRT,298.46,12.8,D
-13.15854,133.11176,359.21,1.03,1.01,2026-04-30,0631,A,99,6.1NRT,302.32,80.23,D
-13.15985,133.10257,352.65,1.03,1.01,2026-04-30,0631,A,96,6.1NRT,302.17,63.86,D
-13.13189,133.10762,316.13,1.03,1.01,2026-04-30,0631,A,26,6.1NRT,300.98,7.96,D
-13.37856,130.64427,327.31,1.35,1.15,2026-04-30,0631,A,81,6.1NRT,299.63,30.53,D
-12.72332,133.95973,314.42,1,1,2026-04-30,0631,A,66,6.1NRT,298.56,6.43,D
-13.05345,131.55113,323.39,1.18,1.08,2026-04-30,0631,A,63,6.1NRT,299.62,17.82,D
-13.05488,131.54053,334.03,1.18,1.08,2026-04-30,0631,A,86,6.1NRT,297.98,34.59,D
-13.04904,131.54381,327.71,1.18,1.08,2026-04-30,0631,A,82,6.1NRT,295.94,26.05,D
-13.05052,131.5332,313.24,1.18,1.08,2026-04-30,0631,A,51,6.1NRT,297.14,7.94,D
-13.12586,130.77275,342.06,1.31,1.14,2026-04-30,0631,A,91,6.1NRT,301.09,58.71,D
-13.12745,130.76111,320.4,1.31,1.14,2026-04-30,0631,A,68,6.1NRT,298.38,15.01,D
-13.15696,130.14821,310.23,1.45,1.19,2026-04-30,0631,A,26,6.1NRT,294.56,7.9,D
-13.07812,130.60223,320.8,1.34,1.15,2026-04-30,0631,A,75,6.1NRT,299.43,17.86,D
-13.07978,130.59013,322.41,1.35,1.15,2026-04-30,0631,A,76,6.1NRT,298.99,20.53,D
-13.03413,130.84877,314.28,1.29,1.13,2026-04-30,0631,A,52,6.1NRT,297.74,10.89,D
-13.0615,130.64873,311.48,1.33,1.14,2026-04-30,0631,A,56,6.1NRT,298.75,6.51,D
-13.06803,130.6008,326.49,1.34,1.15,2026-04-30,0631,A,81,6.1NRT,300.63,26.18,D
-13.06968,130.58871,320.58,1.35,1.15,2026-04-30,0631,A,58,6.1NRT,299.55,16.46,D
-13.02898,130.81245,324.42,1.3,1.13,2026-04-30,0631,A,79,6.1NRT,298.01,23.69,D
-13.06227,130.41335,315.09,1.38,1.16,2026-04-30,0631,A,56,6.1NRT,298.89,12.96,D
-13.03898,130.51016,311.84,1.36,1.16,2026-04-30,0631,A,36,6.1NRT,298.69,7.19,D
-13.0406,130.498,325.03,1.36,1.16,2026-04-30,0631,A,79,6.1NRT,299.33,26.51,D
-13.03045,130.49652,317.38,1.36,1.16,2026-04-30,0631,A,70,6.1NRT,298.54,15.4,D
-13.02835,130.4337,309.79,1.38,1.16,2026-04-30,0631,A,47,6.1NRT,295.85,7.57,D
-12.46603,134.06534,313.52,1,1,2026-04-30,0631,A,65,6.1NRT,298.51,5.26,D
-12.84876,130.55766,330.95,1.34,1.15,2026-04-30,0631,A,84,6.1NRT,298.54,38.28,D
-12.6596,130.74757,319.81,1.3,1.13,2026-04-30,0633,A,75,6.1NRT,294.11,18.9,D
-11.49271,130.52663,339.43,1.29,1.13,2026-04-30,0633,A,91,6.1NRT,296.57,54.55,D
-11.49429,130.51509,312.81,1.3,1.13,2026-04-30,0633,A,39,6.1NRT,292.54,9.2,D
-33.50661,118.18359,300.04,1.27,1.12,2026-04-30,0805,A,23,6.1NRT,289.04,5.13,D
-32.61101,116.90502,388.71,1.14,1.06,2026-04-30,0805,A,100,6.1NRT,298.13,233.7,D
-31.6336,116.4122,303.53,1.12,1.06,2026-04-30,0807,A,53,6.1NRT,289.75,5.85,D
-31.63554,116.4006,332.18,1.12,1.05,2026-04-30,0807,A,88,6.1NRT,290.8,37.34,D
-31.48064,115.71024,307.43,1.06,1.03,2026-04-30,0807,A,65,6.1NRT,290.28,8.45,D
-30.97085,116.32435,301.67,1.13,1.06,2026-04-30,0807,A,43,6.1NRT,289.57,5.29,D
-30.97278,116.31284,305.08,1.13,1.06,2026-04-30,0807,A,47,6.1NRT,288.64,7.91,D
-30.96155,116.32222,326.03,1.13,1.06,2026-04-30,0807,A,84,6.1NRT,290.12,28.09,D
-30.9635,116.31069,331.1,1.13,1.06,2026-04-30,0807,A,76,6.1NRT,289.39,35.67,D
-28.13413,114.63692,307.49,1.06,1.03,2026-04-30,0807,A,61,6.1NRT,294.74,5.32,D
-28.12513,114.63503,305.27,1.06,1.03,2026-04-30,0807,A,54,6.1NRT,294.51,3.67,D
-19.52826,169.44884,310.88,1.01,1,2026-04-30,0945,T,73,6.1NRT,283.92,10.49,N
-11.87035,142.0222,310.23,1.08,1.04,2026-04-30,1125,T,79,6.1NRT,290.51,9.84,N
-11.87163,142.01253,309.79,1.08,1.04,2026-04-30,1125,T,78,6.1NRT,289.74,9.55,N
-31.17567,146.89711,304.32,1.04,1.02,2026-04-30,1119,T,59,6.1NRT,284.56,8.45,N
-30.69425,147.75723,300.99,1,1,2026-04-30,1119,T,36,6.1NRT,279.17,6.95,N
-30.57697,148.13899,306.67,1,1,2026-04-30,1119,T,69,6.1NRT,283.64,10.45,N
-28.88239,149.64029,321.85,1.09,1.04,2026-04-30,1119,T,100,6.1NRT,289.11,23.08,N
-28.87321,149.63841,310.52,1.09,1.04,2026-04-30,1119,T,80,6.1NRT,288.1,11.88,N
-28.77101,149.8679,301.75,1.11,1.05,2026-04-30,1119,T,44,6.1NRT,287.91,5.95,N
-28.77277,149.85677,326.06,1.11,1.05,2026-04-30,1119,T,100,6.1NRT,288.71,29.21,N
-28.76577,149.8604,312.67,1.11,1.05,2026-04-30,1119,T,85,6.1NRT,285.82,14.69,N
-28.76749,149.84926,320.82,1.11,1.05,2026-04-30,1119,T,100,6.1NRT,287.45,22.86,N
-28.01815,148.50221,306.47,1.03,1.01,2026-04-30,1121,T,68,6.1NRT,289.52,8.54,N
-28.01964,148.49199,308.5,1.03,1.01,2026-04-30,1121,T,75,6.1NRT,288.75,9.8,N
-28.0107,148.49028,302.35,1.03,1.01,2026-04-30,1121,T,14,6.1NRT,288.48,5.32,N
-27.9277,147.38503,302.38,1,1,2026-04-30,1121,T,49,6.1NRT,288.53,6.45,N
-27.92907,147.37508,310.8,1,1,2026-04-30,1121,T,81,6.1NRT,288.4,11.76,N
-24.84198,151.88161,306.51,1.67,1.27,2026-04-30,1121,T,68,6.1NRT,288.14,17.91,N
-25.04012,145.81169,309.3,1.02,1.01,2026-04-30,1121,T,77,6.1NRT,291.12,9.55,N
-23.55787,151.06647,302.3,1.55,1.23,2026-04-30,1121,T,21,6.1NRT,290.71,7.23,N
-23.78047,149.11598,311.8,1.18,1.08,2026-04-30,1121,T,83,6.1NRT,285.64,16.62,N
-23.77098,149.11406,320.35,1.18,1.08,2026-04-30,1121,T,100,6.1NRT,287.53,25.31,N
-23.77272,149.10284,326.52,1.18,1.08,2026-04-30,1121,T,100,6.1NRT,287.01,33.72,N
-22.57606,149.72346,316.55,1.33,1.14,2026-04-30,1121,T,93,6.1NRT,290.76,21.53,N
-22.56601,149.72156,325.67,1.33,1.14,2026-04-30,1121,T,100,6.1NRT,290.82,35.09,N
-22.56803,149.70895,321.29,1.32,1.14,2026-04-30,1121,T,100,6.1NRT,290.31,28.07,N
-22.558,149.70705,304.16,1.32,1.14,2026-04-30,1121,T,49,6.1NRT,290.03,8.48,N
-37.75223,145.77988,305.05,1.32,1.14,2026-04-30,1119,T,12,6.1NRT,280.2,12.36,N
-37.5767,146.10988,304.92,1.27,1.12,2026-04-30,1119,T,11,6.1NRT,284.33,10.78,N
-37.57821,146.09567,310.66,1.27,1.12,2026-04-30,1119,T,68,6.1NRT,285.04,16.37,N
-37.44123,146.3353,309.62,1.23,1.1,2026-04-30,1119,T,76,6.1NRT,283.01,15.22,N
-37.44275,146.32114,312.22,1.23,1.1,2026-04-30,1119,T,83,6.1NRT,282.5,17.58,N
-36.92437,149.79454,303.76,1,1,2026-04-30,1119,T,57,6.1NRT,287.63,6.92,N
-36.91552,149.79259,301.4,1,1,2026-04-30,1119,T,35,6.1NRT,286.04,5.34,N
-34.95253,150.66574,305.94,1.04,1.02,2026-04-30,1119,T,66,6.1NRT,288.65,8.93,N
-34.95422,150.65457,309.46,1.04,1.02,2026-04-30,1119,T,77,6.1NRT,288.31,11.41,N
-33.41301,116.6383,307.12,2.19,1.44,2026-04-30,1259,T,70,6.1NRT,280.53,35.92,N
-33.41374,116.63162,302.52,2.19,1.44,2026-04-30,1259,T,50,6.1NRT,280.57,27.18,N
-19.65847,121.70923,308.5,1.02,1.01,2026-04-30,1301,T,63,6.1NRT,295.36,6.94,N
-18.30365,124.76762,304.35,1.49,1.21,2026-04-30,1301,T,45,6.1NRT,292.59,8.57,N
-17.54879,127.79234,302.49,2.58,1.54,2026-04-30,1301,T,49,6.1NRT,291.56,18.99,N
-17.89909,124.91333,304.25,1.55,1.23,2026-04-30,1301,T,57,6.1NRT,293.58,9.1,N
-17.88829,124.91143,304.43,1.55,1.23,2026-04-30,1301,T,60,6.1NRT,293.13,9.38,N
-18.01256,124.02769,308.58,1.35,1.15,2026-04-30,1301,T,75,6.1NRT,296.04,8.82,N
-18.00248,124.02567,307.51,1.35,1.15,2026-04-30,1301,T,62,6.1NRT,296.78,8.16,N
-17.89886,124.34748,335.98,1.42,1.18,2026-04-30,1301,T,100,6.1NRT,296.9,59.56,N
-17.90096,124.33447,345.49,1.42,1.18,2026-04-30,1301,T,100,6.1NRT,297.72,86.34,N
-17.90306,124.32146,307.98,1.41,1.18,2026-04-30,1301,T,73,6.1NRT,294.95,10.92,N
-17.88851,124.34562,336.18,1.42,1.18,2026-04-30,1301,T,100,6.1NRT,296.51,59.98,N
-17.89062,124.3326,348.44,1.42,1.18,2026-04-30,1301,T,100,6.1NRT,297.5,95.43,N
-17.88027,124.33074,318.67,1.42,1.18,2026-04-30,1301,T,97,6.1NRT,295.55,24.85,N
-17.88248,124.33874,313.54,1.42,1.18,2026-04-30,1301,T,87,6.1NRT,295.55,17.9,N
-17.88451,124.3257,314.88,1.42,1.18,2026-04-30,1301,T,90,6.1NRT,295.09,19.65,N
-17.87213,124.33686,312.77,1.42,1.18,2026-04-30,1301,T,86,6.1NRT,294.89,17.01,N
-17.87417,124.32383,314.46,1.42,1.18,2026-04-30,1301,T,89,6.1NRT,294.4,19.36,N
-17.83464,123.98392,309.8,1.35,1.15,2026-04-30,1301,T,78,6.1NRT,294.86,12.71,N
-17.2153,124.99892,308.47,1.62,1.25,2026-04-30,1301,T,11,6.1NRT,296.12,10.97,N
-17.28146,124.60004,346.99,1.51,1.21,2026-04-30,1301,T,100,6.1NRT,298.46,100.03,N
-17.28374,124.58624,312.19,1.51,1.21,2026-04-30,1301,T,84,6.1NRT,295.81,16.97,N
-17.28635,124.60943,311.48,1.51,1.21,2026-04-30,1301,T,83,6.1NRT,295.76,17.03,N
-17.28853,124.59556,326.17,1.51,1.21,2026-04-30,1301,T,100,6.1NRT,295.7,41.48,N
-17.21442,124.99303,308.46,1.62,1.25,2026-04-30,1301,T,15,6.1NRT,296.28,11.51,N
-17.27568,124.60754,314.96,1.51,1.21,2026-04-30,1301,T,90,6.1NRT,295.26,22.47,N
-17.27788,124.59361,355.36,1.51,1.21,2026-04-30,1301,T,100,6.1NRT,298.26,134.36,N
-17.28006,124.57981,314.85,1.51,1.21,2026-04-30,1301,T,90,6.1NRT,295.57,21.93,N
-17.26942,124.57786,311.91,1.51,1.21,2026-04-30,1301,T,84,6.1NRT,293.67,18.56,N
-17.2716,124.56412,313.68,1.5,1.21,2026-04-30,1301,T,88,6.1NRT,293.72,20.9,N
-17.55682,122.58185,310.91,1.14,1.06,2026-04-30,1301,T,81,6.1NRT,294.78,10.87,N
-17.54747,122.58025,316.34,1.14,1.06,2026-04-30,1301,T,93,6.1NRT,294.43,16.37,N
-16.70872,124.91491,308.14,1.63,1.26,2026-04-30,1301,T,74,6.1NRT,295.04,13.71,N
-16.21271,125.33749,308.37,1.79,1.31,2026-04-30,1301,T,74,6.1NRT,292.8,17.4,N
-15.88888,125.54975,304.09,1.88,1.34,2026-04-30,1301,T,51,6.1NRT,293.45,10.82,N
-15.19617,129.41844,301.89,3.85,1.83,2026-04-30,1301,T,45,6.1NRT,291.26,27.25,N
-15.93645,124.97695,306.61,1.7,1.28,2026-04-30,1301,T,69,6.1NRT,293.87,12.45,N
-15.1883,129.41165,305.81,3.85,1.83,2026-04-30,1301,T,66,6.1NRT,291.43,43.52,N
-15.63544,125.55588,303.64,1.9,1.35,2026-04-30,1301,T,53,6.1NRT,293.15,8.77,N
-15.74097,124.83094,311.04,1.67,1.27,2026-04-30,1301,T,82,6.1NRT,295.17,17.33,N
-15.42283,125.57809,308.42,1.93,1.36,2026-04-30,1301,T,74,6.1NRT,294.19,16.91,N
-15.41097,125.57579,305.42,1.93,1.36,2026-04-30,1301,T,64,6.1NRT,293.68,11.19,N
-15.4422,125.38728,311.83,1.86,1.33,2026-04-30,1301,T,73,6.1NRT,294.66,20.67,N
-15.44493,125.37074,315.28,1.86,1.33,2026-04-30,1301,T,91,6.1NRT,295.01,26.86,N
-15.43047,125.38529,309.87,1.86,1.33,2026-04-30,1301,T,79,6.1NRT,294.14,18.77,N
-15.28648,125.54797,305.75,1.93,1.36,2026-04-30,1301,T,26,6.1NRT,294.84,9.74,N
-15.29533,125.49556,309.03,1.91,1.35,2026-04-30,1301,T,76,6.1NRT,295.09,15.7,N
-15.22135,125.45895,307.38,1.9,1.35,2026-04-30,1304,T,71,6.1NRT,294.12,12.64,N
-14.59671,125.18363,308.24,1.86,1.33,2026-04-30,1304,T,74,6.1NRT,295.21,13.29,N
-22.57229,149.71747,300.14,1.33,1.14,2026-04-30,1722,A,19,6.1NRT,287.62,7.42,N
-23.63054,151.12531,301.44,1.71,1.28,2026-04-30,1724,A,17,6.1NRT,289.68,8.74,N
-23.76851,149.10982,312.11,1.27,1.12,2026-04-30,1724,A,84,6.1NRT,286.52,18.36,N
-36.50009,146.72227,309.54,1.36,1.15,2026-04-30,1726,A,57,6.1NRT,279.24,18.52,N
-17.65941,132.79237,302.85,4.25,1.91,2026-04-30,1900,A,52,6.1NRT,289.82,48.54,N
-17.66344,132.78398,305.09,4.25,1.91,2026-04-30,1900,A,63,6.1NRT,290.04,55.58,N
-17.54503,127.80513,300.3,1.74,1.29,2026-04-30,1900,A,24,6.1NRT,289.7,10.4,N
-17.8705,124.35409,307.87,1.09,1.04,2026-04-30,1900,A,63,6.1NRT,288.04,8.69,N
-17.87193,124.36407,303.33,1.09,1.04,2026-04-30,1900,A,12,6.1NRT,287.37,5.43,N
-17.87962,124.35719,306.44,1.09,1.04,2026-04-30,1900,A,68,6.1NRT,289.13,8.65,N
-18.24959,125.04508,311.64,1.18,1.08,2026-04-30,1900,A,78,6.1NRT,292.55,13.14,N
-18.25909,125.04369,326.14,1.18,1.08,2026-04-30,1900,A,100,6.1NRT,293.13,30.93,N
-14.57231,125.14713,308.13,1.09,1.04,2026-04-30,1900,A,74,6.1NRT,296.27,7.53,N
-18.26055,125.05453,305.93,1.18,1.08,2026-04-30,1900,A,66,6.1NRT,291.6,8.67,N
-14.61793,125.41927,309.01,1.12,1.06,2026-04-30,1900,A,76,6.1NRT,296.73,7.98,N
-18.26859,125.04229,304.52,1.18,1.08,2026-04-30,1900,A,53,6.1NRT,292.37,7.55,N
-15.21475,125.4614,306.51,1.15,1.07,2026-04-30,1900,A,68,6.1NRT,294.27,7.08,N
-18.26532,124.73887,310.95,1.14,1.06,2026-04-30,1900,A,81,6.1NRT,292.82,12.31,N
-15.5479,127.52424,307.63,1.55,1.23,2026-04-30,1900,A,72,6.1NRT,293.51,13.52,N
-18.27613,124.74795,303.18,1.14,1.06,2026-04-30,1900,A,54,6.1NRT,291.98,6.36,N
-15.54076,127.51979,303.27,1.55,1.23,2026-04-30,1900,A,54,6.1NRT,293.2,8.47,N
-15.54256,127.53409,304.82,1.55,1.23,2026-04-30,1900,A,62,6.1NRT,293.04,10.13,N
-15.78128,126.84155,303.87,1.4,1.17,2026-04-30,1900,A,57,6.1NRT,291.15,10.34,N
-39.98644,175.20776,301.33,1.02,1.01,2026-04-30,2042,T,46,6.1NRT,279.18,8.02,D
-39.9882,175.21944,303.25,1.02,1.01,2026-04-30,2042,T,55,6.1NRT,279.1,9.16,D
-23.62188,151.11542,304.41,1.55,1.23,2026-04-30,2216,T,44,6.1NRT,292.42,7,D
-26.63056,150.37697,305.01,1.53,1.22,2026-04-30,2216,T,60,6.1NRT,289.77,11.16,D
-27.74078,152.75671,300.83,1.1,1.05,2026-04-30,2216,T,42,6.1NRT,289.9,4.52,D
-11.49318,130.5275,304.37,1.32,1.14,2026-04-30,2352,T,53,6.1NRT,284.74,5.79,D
-13.12359,133.30351,323.38,1,1,2026-04-30,2352,T,80,6.1NRT,296.06,16.41,D
-13.1249,133.31253,313.36,1,1,2026-04-30,2352,T,68,6.1NRT,295.99,7.19,D
-13.72512,133.32547,313.63,1,1,2026-04-30,2352,T,66,6.1NRT,297.31,7.62,D
-13.72642,133.3345,310.19,1,1,2026-04-30,2352,T,58,6.1NRT,296.98,5.22,D
-13.78978,131.57516,317.96,1.09,1.04,2026-04-30,2352,T,73,6.1NRT,298.18,12.43,D
-16.05143,128.98682,313.04,1.42,1.18,2026-04-30,2352,T,63,6.1NRT,298.68,10.05,D
-15.77864,126.82808,312.56,2.06,1.4,2026-04-30,2352,T,65,6.1NRT,296.57,20.87,D
-15.7818,126.84676,319.51,2.05,1.39,2026-04-30,2352,T,75,6.1NRT,295.94,38.1,D
-15.78447,126.8402,325.76,2.05,1.39,2026-04-30,2352,T,81,6.1NRT,296.4,53.89,D
-17.02282,130.67299,313.46,1.11,1.05,2026-04-30,2354,T,51,6.1NRT,299.05,7.35,D
-17.03674,130.63947,316.49,1.11,1.05,2026-04-30,2354,T,69,6.1NRT,299.66,10.59,D
-17.30403,130.57681,312.37,1.11,1.05,2026-04-30,2354,T,62,6.1NRT,298.76,6.66,D
-16.72765,126.83685,310.11,1.97,1.37,2026-04-30,2354,T,40,6.1NRT,296.66,12.05,D
-16.73062,126.85461,318.11,1.96,1.37,2026-04-30,2354,T,73,6.1NRT,295.98,29.87,D
-17.66397,132.76324,324.49,1,1,2026-04-30,2354,T,50,6.1NRT,300.25,15.75,D
-17.66659,132.78171,338.33,1,1,2026-04-30,2354,T,89,6.1NRT,301.83,33.18,D
-17.6679,132.79094,321.87,1,1,2026-04-30,2354,T,35,6.1NRT,299.18,12.36,D
-16.73498,126.84806,326.27,1.96,1.37,2026-04-30,2354,T,82,6.1NRT,296.33,52.13,D
-17.67283,132.7619,343.9,1,1,2026-04-30,2354,T,93,6.1NRT,301.65,43.25,D
-16.74705,126.84603,310.54,1.96,1.37,2026-04-30,2354,T,57,6.1NRT,296.57,14.52,D
-18.00318,127.77148,309.25,1.59,1.24,2026-04-30,2354,T,52,6.1NRT,297.35,8.46,D
-19.10925,134.24477,314.56,1.1,1.05,2026-04-30,2354,T,64,6.1NRT,298.93,8.22,D
-19.11061,134.25505,326.77,1.1,1.05,2026-04-30,2354,T,81,6.1NRT,298.46,22.4,D
-18.26448,125.04656,313.28,2.51,1.52,2026-04-30,2354,T,38,6.1NRT,296.14,26.65,D
-18.25872,125.04163,313.88,2.51,1.52,2026-04-30,2354,T,68,6.1NRT,296.51,31.82,D
-18.26297,125.06458,308.21,2.5,1.52,2026-04-30,2354,T,49,6.1NRT,295.63,16,D
-18.27446,124.74393,319.02,2.64,1.56,2026-04-30,2354,T,75,6.1NRT,296.76,46.05,D
-18.28006,124.73589,313.62,2.64,1.56,2026-04-30,2354,T,21,6.1NRT,297.39,22.64,D
-18.31645,124.77879,320.99,2.62,1.55,2026-04-30,2354,T,77,6.1NRT,296.87,54.14,D
-38.07639,143.94189,312.31,3.78,1.82,2026-05-01,0527,A,0,6.1NRT,285.24,71.37,D
-36.51618,144.08667,308.62,3.57,1.77,2026-05-01,0527,A,58,6.1NRT,291.19,41.3,D
-36.5228,144.08272,309.99,3.57,1.77,2026-05-01,0527,A,56,6.1NRT,290.46,45.34,D
-35.97586,148.62238,308.15,1.79,1.31,2026-05-01,0527,A,0,6.1NRT,288.64,18,D
-11.8702,142.0051,311.05,2.46,1.51,2026-05-01,0533,A,46,6.1NRT,292.78,20.58,D
-35.74553,149.53731,321.27,1.56,1.23,2026-05-01,0527,A,81,6.1NRT,288.24,37.63,D
-35.74722,149.52113,303.11,1.56,1.23,2026-05-01,0527,A,42,6.1NRT,286.59,11.65,D
-35.98808,146.43207,304.97,2.48,1.52,2026-05-01,0527,A,58,6.1NRT,291.3,19.04,D
-35.99014,146.40489,315.25,2.49,1.52,2026-05-01,0527,A,57,6.1NRT,289.46,46.81,D
-35.88052,146.30461,324,2.52,1.53,2026-05-01,0527,A,63,6.1NRT,293.79,68.74,D
-35.88631,146.29817,314,2.52,1.53,2026-05-01,0527,A,56,6.1NRT,291.69,35.29,D
-35.88358,146.15759,326.46,2.57,1.54,2026-05-01,0527,A,80,6.1NRT,295.88,84.15,D
-35.86985,146.15605,325.53,2.57,1.54,2026-05-01,0527,A,63,6.1NRT,291.34,78.43,D
-35.76112,146.68779,320.74,2.37,1.49,2026-05-01,0527,A,80,6.1NRT,294.99,55.06,D
-35.64098,146.7654,308.39,2.33,1.48,2026-05-01,0527,A,52,6.1NRT,293.16,23.06,D
-35.41489,147.14769,354.29,2.19,1.43,2026-05-01,0527,A,98,6.1NRT,293.73,218.26,D
-34.9599,150.69069,306.19,1.31,1.13,2026-05-01,0527,A,63,6.1NRT,290.06,9.15,D
-34.96311,150.66258,304.04,1.31,1.14,2026-05-01,0527,A,57,6.1NRT,289.99,7.12,D
-35.12927,148.1781,310.57,1.86,1.33,2026-05-01,0527,A,70,6.1NRT,294.32,19.39,D
-34.86462,147.2305,326.15,2.12,1.42,2026-05-01,0527,A,84,6.1NRT,293.11,62.63,D
-34.45965,150.88284,314.79,1.26,1.12,2026-05-01,0527,A,0,6.1NRT,295.02,15.66,D
-34.46121,150.86938,305.36,1.26,1.12,2026-05-01,0527,A,58,6.1NRT,294.5,6.41,D
-34.76511,147.79289,308.91,1.95,1.36,2026-05-01,0527,A,65,6.1NRT,295.03,17.93,D
-34.8844,145.89703,333.19,2.61,1.55,2026-05-01,0527,A,66,6.1NRT,295.68,124.9,D
-34.6745,147.33165,322.42,2.08,1.4,2026-05-01,0527,A,70,6.1NRT,292.07,50.89,D
-34.64565,147.37315,332.57,2.07,1.4,2026-05-01,0527,A,88,6.1NRT,294.84,83.7,D
-34.64189,147.3903,308.23,2.06,1.4,2026-05-01,0527,A,64,6.1NRT,292.04,16.3,D
-34.64398,147.36806,326.21,2.07,1.4,2026-05-01,0527,A,84,6.1NRT,295.1,62.66,D
-34.50743,148.51997,314.33,1.73,1.29,2026-05-01,0527,A,74,6.1NRT,296.32,20.82,D
-34.49596,148.51845,317.32,1.73,1.29,2026-05-01,0527,A,77,6.1NRT,295.8,26.96,D
-34.45605,148.56973,334.07,1.72,1.29,2026-05-01,0527,A,89,6.1NRT,296.85,70.33,D
-34.45791,148.5509,320.07,1.72,1.29,2026-05-01,0527,A,79,6.1NRT,295.33,34.03,D
-34.54606,147.61893,309.6,1.98,1.37,2026-05-01,0527,A,56,6.1NRT,296.04,20.19,D
-34.55376,147.53375,309.88,2.01,1.38,2026-05-01,0527,A,49,6.1NRT,293.34,16.76,D
-34.09726,150.85175,315.92,1.25,1.11,2026-05-01,0527,A,76,6.1NRT,291.81,17.28,D
-34.09883,150.83826,333.14,1.25,1.11,2026-05-01,0527,A,88,6.1NRT,293.31,43.91,D
-34.08744,150.84988,328.86,1.25,1.11,2026-05-01,0527,A,86,6.1NRT,291.63,34.8,D
-34.08899,150.83652,347.15,1.25,1.11,2026-05-01,0527,A,95,6.1NRT,293.2,75.46,D
-34.08748,150.84444,339.59,1.25,1.11,2026-05-01,0527,A,92,6.1NRT,293.13,57.59,D
-34.0891,150.8311,324.67,1.25,1.11,2026-05-01,0527,A,83,6.1NRT,292.19,29.34,D
-34.35554,147.97781,362.19,1.87,1.34,2026-05-01,0527,A,100,6.1NRT,299.05,220.91,D
-34.34367,147.9762,341.04,1.87,1.34,2026-05-01,0527,A,92,6.1NRT,298.83,101.14,D
-34.45917,146.36732,331.7,2.4,1.49,2026-05-01,0527,A,82,6.1NRT,293.71,97.61,D
-34.33799,147.64308,313.91,1.96,1.37,2026-05-01,0527,A,73,6.1NRT,296.75,25.58,D
-34.33983,147.62256,326.79,1.97,1.37,2026-05-01,0527,A,84,6.1NRT,296.69,59.77,D
-34.33346,147.63559,322.84,1.96,1.37,2026-05-01,0527,A,81,6.1NRT,297.62,47.08,D
-34.33541,147.6152,313.8,1.97,1.37,2026-05-01,0527,A,67,6.1NRT,295.45,25.08,D
-34.27565,147.85748,309.21,1.9,1.35,2026-05-01,0527,A,58,6.1NRT,297.81,12.04,D
-34.27758,147.83713,310.89,1.9,1.35,2026-05-01,0527,A,69,6.1NRT,296.25,15.92,D
-34.25222,147.9769,308.59,1.86,1.33,2026-05-01,0527,A,65,6.1NRT,295.66,13.75,D
-34.48505,144.78429,313.8,3.06,1.66,2026-05-01,0527,A,70,6.1NRT,291.21,55.73,D
-34.16755,148.48898,305.74,1.72,1.29,2026-05-01,0527,A,59,6.1NRT,295.7,10.69,D
-34.48536,144.77972,315.99,3.06,1.66,2026-05-01,0527,A,70,6.1NRT,291.12,63.14,D
-34.24844,147.31503,308.95,2.06,1.4,2026-05-01,0527,A,61,6.1NRT,294.36,18.85,D
-34.25045,147.2932,309.24,2.07,1.4,2026-05-01,0527,A,57,6.1NRT,296.81,19.34,D
-34.12679,148.09425,339.63,1.82,1.32,2026-05-01,0527,A,91,6.1NRT,298.33,92.96,D
-34.12141,148.06674,341.31,1.83,1.32,2026-05-01,0527,A,92,6.1NRT,297.3,99.79,D
-34.03558,148.67773,317.66,1.67,1.27,2026-05-01,0527,A,77,6.1NRT,296.49,27.69,D
-34.0188,148.72961,310.65,1.65,1.26,2026-05-01,0527,A,69,6.1NRT,297.51,15.29,D
-33.93984,147.89665,317.1,1.87,1.34,2026-05-01,0527,A,76,6.1NRT,296,27.9,D
-33.94168,147.87669,345.5,1.87,1.34,2026-05-01,0527,A,94,6.1NRT,298.4,123.58,D
-33.94529,147.89029,313.19,1.87,1.34,2026-05-01,0527,A,72,6.1NRT,296.57,21.3,D
-33.93342,147.88866,328.97,1.87,1.34,2026-05-01,0527,A,86,6.1NRT,297.17,59.18,D
-33.93538,147.8687,328.58,1.87,1.34,2026-05-01,0527,A,85,6.1NRT,297.93,58.13,D
-33.51949,148.60875,306.95,1.66,1.27,2026-05-01,0527,A,53,6.1NRT,296.43,8.57,D
-33.43983,148.71526,330.5,1.63,1.26,2026-05-01,0527,A,86,6.1NRT,294.52,53.4,D
-33.24677,148.38536,335.61,1.7,1.28,2026-05-01,0527,A,89,6.1NRT,295.47,74.69,D
-33.07946,149.19235,308.83,1.5,1.21,2026-05-01,0527,A,49,6.1NRT,293.07,12.53,D
-33.06878,149.1904,328.48,1.5,1.21,2026-05-01,0527,A,85,6.1NRT,296.07,46.23,D
-33.07045,149.17525,317.02,1.51,1.21,2026-05-01,0527,A,76,6.1NRT,294.05,25.15,D
-32.97581,147.51657,323.3,1.92,1.35,2026-05-01,0527,A,81,6.1NRT,299.39,42.57,D
-32.97116,147.51109,329.26,1.92,1.35,2026-05-01,0527,A,85,6.1NRT,299.65,61.03,D
-32.50358,147.86983,311,1.79,1.31,2026-05-01,0527,A,62,6.1NRT,299.94,12.66,D
-32.33769,147.91739,311.2,1.77,1.3,2026-05-01,0527,A,66,6.1NRT,300.03,13.27,D
-30.69329,147.75658,312.44,1.72,1.29,2026-05-01,0527,A,64,6.1NRT,301.47,12.21,D
-30.61641,147.6012,330.4,1.76,1.3,2026-05-01,0527,A,85,6.1NRT,300.74,56.18,D
-30.61822,147.58313,310.56,1.77,1.3,2026-05-01,0527,A,47,6.1NRT,299.03,12.05,D
-30.61988,147.5965,325.51,1.76,1.3,2026-05-01,0527,A,81,6.1NRT,300.99,42.39,D
-30.46088,148.63512,321.22,1.5,1.21,2026-05-01,0527,A,77,6.1NRT,301.94,24.02,D
-29.27271,149.06235,316.06,1.36,1.16,2026-05-01,0529,A,64,6.1NRT,300.05,13.07,D
-28.40557,151.50397,309.43,1.04,1.02,2026-05-01,0529,A,66,6.1NRT,294.86,6.93,D
-23.66459,151.14381,349.49,1.01,1,2026-05-01,0529,A,72,6.1NRT,298.98,51.57,D
-23.64607,151.19319,310.17,1.01,1,2026-05-01,0529,A,62,6.1NRT,296.57,6.66,D
-23.64141,151.16286,320.55,1.01,1,2026-05-01,0529,A,41,6.1NRT,296.83,12.98,D
-23.64834,151.11475,320.4,1.01,1,2026-05-01,0529,A,58,6.1NRT,296.74,13.66,D
-23.62185,151.11021,324.91,1.01,1,2026-05-01,0529,A,27,6.1NRT,297.04,16.34,D
-23.59067,151.07526,320.76,1.01,1,2026-05-01,0529,A,19,6.1NRT,297.17,11.46,D
-23.55222,151.08263,315.12,1.01,1,2026-05-01,0529,A,55,6.1NRT,296.66,9.48,D
-23.5536,151.073,320,1.01,1,2026-05-01,0529,A,73,6.1NRT,297.91,13.52,D
-23.76804,149.09517,315.14,1.17,1.08,2026-05-01,0529,A,69,6.1NRT,291.76,15.79,D
-18.2594,125.05831,350.66,1.01,1.01,2026-05-01,0709,A,95,6.1NRT,306.86,53.85,D
-18.26073,125.04899,330.8,1.01,1.01,2026-05-01,0709,A,81,6.1NRT,308.5,18.83,D
-18.25056,125.0569,321.25,1.01,1.01,2026-05-01,0709,A,58,6.1NRT,305.9,8.61,D
-18.25189,125.04758,331.5,1.01,1.01,2026-05-01,0709,A,81,6.1NRT,307.7,20.31,D
-17.27363,130.58356,314.53,1.69,1.28,2026-05-01,0709,A,62,6.1NRT,302.25,12.77,D
-17.2751,130.57831,318.94,1.69,1.28,2026-05-01,0709,A,71,6.1NRT,302.11,20.15,D
-17.54249,127.79533,317.13,1.13,1.06,2026-05-01,0709,A,65,6.1NRT,303.25,9.89,D
-17.8197,123.3956,320.27,1.13,1.06,2026-05-01,0709,A,53,6.1NRT,301.27,12.33,D
-17.0457,130.63432,316.15,1.73,1.29,2026-05-01,0709,A,48,6.1NRT,301.95,16,D
-17.01492,130.67743,314.85,1.74,1.29,2026-05-01,0709,A,49,6.1NRT,301.84,13.29,D
-16.46614,131.75659,312.24,2.15,1.43,2026-05-01,0709,A,42,6.1NRT,293.19,18.83,D
-17.9091,124.86372,326.18,1.02,1.01,2026-05-01,0709,A,76,6.1NRT,305.09,15.51,D
-17.81738,123.05952,370.49,1.18,1.08,2026-05-01,0709,A,100,6.1NRT,304.55,140.07,D
-17.89228,124.91835,320.86,1.02,1.01,2026-05-01,0709,A,42,6.1NRT,305.48,9.2,D
-17.8936,124.90903,323.41,1.02,1.01,2026-05-01,0709,A,63,6.1NRT,304.69,11.8,D
-17.82028,123.0379,320.79,1.18,1.08,2026-05-01,0709,A,67,6.1NRT,300.75,14.55,D
-17.90024,124.86231,316.3,1.02,1.01,2026-05-01,0709,A,42,6.1NRT,303.19,5.55,D
-16.40571,131.80525,315.3,2.18,1.43,2026-05-01,0709,A,50,6.1NRT,299.28,22.02,D
-18.07239,123.49364,317.44,1.13,1.06,2026-05-01,0709,A,60,6.1NRT,305.19,6.78,D
-16.4093,131.78571,315.45,2.17,1.43,2026-05-01,0709,A,65,6.1NRT,296.55,23.11,D
-18.06515,123.40734,316.37,1.14,1.06,2026-05-01,0709,A,57,6.1NRT,304.21,6.9,D
-17.5929,124.49158,316.57,1.03,1.02,2026-05-01,0709,A,62,6.1NRT,300.91,6.97,D
-17.99507,123.5032,315.15,1.13,1.06,2026-05-01,0709,A,42,6.1NRT,303.16,4.69,D
-17.59423,124.48211,315.78,1.03,1.02,2026-05-01,0709,A,59,6.1NRT,303.48,6.34,D
-17.98846,123.50724,317.82,1.13,1.06,2026-05-01,0709,A,63,6.1NRT,303.49,7.51,D
-17.68156,123.8524,318.95,1.08,1.04,2026-05-01,0709,A,48,6.1NRT,303.94,10.43,D
-17.8614,123.48156,321.5,1.13,1.06,2026-05-01,0709,A,59,6.1NRT,302.18,14.84,D
-16.40399,131.79764,316.87,2.18,1.43,2026-05-01,0709,A,52,6.1NRT,298.22,24.59,D
-17.89767,123.14293,321.27,1.17,1.08,2026-05-01,0709,A,70,6.1NRT,303.7,13.89,D
-17.6017,124.0946,315.72,1.06,1.03,2026-05-01,0709,A,45,6.1NRT,299.56,6.95,D
-17.72027,123.09355,318.2,1.17,1.08,2026-05-01,0709,A,67,6.1NRT,303.01,10.88,D
-16.17161,132.48813,314.55,2.49,1.52,2026-05-01,0709,A,63,6.1NRT,296.91,26.38,D
-16.17287,132.50638,313.05,2.5,1.52,2026-05-01,0709,A,61,6.1NRT,297.49,24.21,D
-16.17692,132.48396,310.09,2.49,1.52,2026-05-01,0709,A,49,6.1NRT,296.87,15.78,D
-17.43998,124.59042,311.75,1.03,1.01,2026-05-01,0709,A,22,6.1NRT,300.32,3.61,D
-17.41241,124.72004,316.69,1.02,1.01,2026-05-01,0709,A,54,6.1NRT,304.64,6.44,D
-17.51829,123.83551,312.08,1.08,1.04,2026-05-01,0709,A,42,6.1NRT,299.49,5.65,D
-17.51966,123.82558,316.2,1.08,1.04,2026-05-01,0709,A,57,6.1NRT,299.89,8.73,D
-17.72153,122.31751,336.13,1.29,1.13,2026-05-01,0709,A,87,6.1NRT,299.83,43.17,D
-17.72308,122.30557,319.95,1.3,1.13,2026-05-01,0709,A,71,6.1NRT,301.39,14.56,D
-17.37297,124.74241,321.14,1.02,1.01,2026-05-01,0709,A,53,6.1NRT,303.29,10.19,D
-17.35399,124.73302,325.26,1.02,1.01,2026-05-01,0709,A,68,6.1NRT,300.4,14.91,D
-17.49434,123.74392,319.71,1.09,1.04,2026-05-01,0709,A,66,6.1NRT,302.29,13.32,D
-17.34647,124.72231,317.58,1.02,1.01,2026-05-01,0709,A,65,6.1NRT,300.89,7.97,D
-17.32122,124.70881,313.89,1.02,1.01,2026-05-01,0709,A,41,6.1NRT,302.15,5.24,D
-17.31902,124.66076,327.36,1.02,1.01,2026-05-01,0709,A,79,6.1NRT,301.52,19.21,D
-17.32035,124.65141,318.41,1.02,1.01,2026-05-01,0709,A,67,6.1NRT,301.25,9.67,D
-17.31098,124.5254,323.27,1.03,1.01,2026-05-01,0709,A,75,6.1NRT,302.47,14.27,D
-17.31231,124.51598,317.32,1.03,1.01,2026-05-01,0709,A,65,6.1NRT,302.08,8.47,D
-17.23454,124.99828,316.76,1.01,1,2026-05-01,0709,A,24,6.1NRT,302.44,5.94,D
-17.23586,124.98907,318,1.01,1,2026-05-01,0709,A,55,6.1NRT,302.62,7.5,D
-17.22636,124.9818,316.15,1.01,1,2026-05-01,0709,A,62,6.1NRT,302.53,6.02,D
-17.30003,124.46985,314.31,1.03,1.01,2026-05-01,0709,A,40,6.1NRT,301.33,7.43,D
-17.30137,124.46042,316.59,1.03,1.01,2026-05-01,0709,A,53,6.1NRT,299.01,9.4,D
-17.33657,124.21326,324.85,1.05,1.02,2026-05-01,0709,A,76,6.1NRT,300.52,16.34,D
-17.28135,124.409,332.09,1.03,1.02,2026-05-01,0709,A,84,6.1NRT,301.68,24.38,D
-17.27376,124.39815,315.45,1.03,1.02,2026-05-01,0709,A,22,6.1NRT,301.28,6.01,D
-17.26617,124.3873,321.08,1.03,1.02,2026-05-01,0709,A,72,6.1NRT,301.06,11.87,D
-17.32181,123.92407,323.09,1.07,1.03,2026-05-01,0709,A,75,6.1NRT,301.03,13.97,D
-17.31138,123.93247,322.67,1.07,1.03,2026-05-01,0709,A,49,6.1NRT,303.12,13.13,D
-17.31274,123.92269,325.26,1.07,1.03,2026-05-01,0709,A,66,6.1NRT,303.39,16.05,D
-17.22911,124.39125,322.92,1.03,1.02,2026-05-01,0709,A,74,6.1NRT,300.38,14.99,D
-17.23044,124.38179,334.76,1.03,1.02,2026-05-01,0709,A,86,6.1NRT,302.59,30.28,D
-17.24507,124.27725,321.92,1.04,1.02,2026-05-01,0709,A,73,6.1NRT,300.09,13.17,D
-17.2345,124.27882,326.32,1.04,1.02,2026-05-01,0709,A,65,6.1NRT,300.29,18,D
-17.25595,123.99709,314.14,1.06,1.03,2026-05-01,0709,A,57,6.1NRT,301.39,5.68,D
-17.17047,124.27867,317.97,1.04,1.02,2026-05-01,0709,A,63,6.1NRT,295.27,10.64,D
-17.12501,124.2756,334.71,1.04,1.02,2026-05-01,0709,A,81,6.1NRT,298.77,30.78,D
-17.1327,124.09106,327.61,1.05,1.02,2026-05-01,0709,A,61,6.1NRT,300.94,19.55,D
-17.12235,124.09929,326.47,1.05,1.02,2026-05-01,0709,A,76,6.1NRT,300.47,17.74,D
-17.1237,124.08967,326.58,1.05,1.02,2026-05-01,0709,A,75,6.1NRT,301.37,17.8,D
-16.97839,124.33354,317.23,1.03,1.02,2026-05-01,0709,A,49,6.1NRT,301.37,9.11,D
-16.61767,126.6571,321.7,1.04,1.02,2026-05-01,0709,A,74,6.1NRT,301.43,14.04,D
-16.61914,126.64761,314.6,1.04,1.02,2026-05-01,0709,A,55,6.1NRT,301.04,6.78,D
-16.24157,128.6189,319.44,1.3,1.13,2026-05-01,0709,A,60,6.1NRT,303.07,13.23,D
-16.92511,124.12558,322.49,1.05,1.02,2026-05-01,0709,A,75,6.1NRT,299.96,15.05,D
-16.51736,126.83076,318.07,1.06,1.03,2026-05-01,0709,A,40,6.1NRT,300.41,8.66,D
-16.05524,128.99112,370.37,1.38,1.16,2026-05-01,0709,A,100,6.1NRT,304.96,175.73,D
-16.7897,124.2341,316.22,1.04,1.02,2026-05-01,0709,A,65,6.1NRT,300.94,6.86,D
-16.01805,128.66519,328.16,1.32,1.14,2026-05-01,0709,A,81,6.1NRT,304.23,25.4,D
-16.01999,128.65355,322.8,1.31,1.14,2026-05-01,0709,A,75,6.1NRT,302.25,16.57,D
-16.01622,128.67017,319.06,1.32,1.14,2026-05-01,0709,A,41,6.1NRT,305.16,10.38,D
-16.0181,128.65842,328.71,1.32,1.14,2026-05-01,0709,A,81,6.1NRT,303.02,25.77,D
-15.78059,128.6656,317.9,1.33,1.14,2026-05-01,0709,A,36,6.1NRT,303.25,10.78,D
-15.50672,130.16005,315.34,1.7,1.28,2026-05-01,0709,A,63,6.1NRT,300.33,13.61,D
-16.28463,124.40672,315.35,1.02,1.01,2026-05-01,0709,A,0,6.1NRT,303.1,6.1,D
-15.90199,126.31894,314.36,1.03,1.02,2026-05-01,0709,A,50,6.1NRT,298.96,7.1,D
-15.9034,126.30957,311.91,1.03,1.02,2026-05-01,0709,A,24,6.1NRT,298.84,5.5,D
-15.89308,126.31747,345.64,1.03,1.02,2026-05-01,0709,A,93,6.1NRT,302.41,49.08,D
-15.8945,126.30811,342.06,1.03,1.02,2026-05-01,0709,A,91,6.1NRT,301.87,42.74,D
-15.7768,126.83516,318.01,1.07,1.03,2026-05-01,0709,A,55,6.1NRT,302.5,8.43,D
-16.03899,124.70515,318.76,1.01,1,2026-05-01,0709,A,59,6.1NRT,302.02,9.62,D
-15.89753,125.54796,321.08,1,1,2026-05-01,0709,A,52,6.1NRT,302.21,11.73,D
-15.89888,125.53886,347.32,1,1,2026-05-01,0709,A,94,6.1NRT,302.65,49.99,D
-15.55594,127.52383,318.54,1.15,1.07,2026-05-01,0709,A,54,6.1NRT,304.24,7.73,D
-15.72389,126.33491,319.9,1.04,1.02,2026-05-01,0709,A,52,6.1NRT,301.31,12.19,D
-15.87573,124.8883,313.03,1,1,2026-05-01,0709,A,57,6.1NRT,301.16,4.91,D
-15.80912,124.95506,315.27,1,1,2026-05-01,0709,A,63,6.1NRT,302.22,6.26,D
-15.80564,124.91733,312.49,1,1,2026-05-01,0709,A,53,6.1NRT,300.3,4.75,D
-15.6821,125.43967,323.77,1,1,2026-05-01,0709,A,50,6.1NRT,302.12,12.95,D
-15.76073,124.90443,313.13,1,1,2026-05-01,0709,A,38,6.1NRT,300.83,4.37,D
-15.77666,124.79521,313.52,1,1,2026-05-01,0709,A,45,6.1NRT,302.31,5.55,D
-15.75243,124.83801,319.09,1,1,2026-05-01,0709,A,51,6.1NRT,300.41,10.07,D
-15.65905,125.35235,319.05,1,1,2026-05-01,0709,A,70,6.1NRT,302.51,9.68,D
-15.63685,125.44162,320.87,1,1,2026-05-01,0709,A,73,6.1NRT,301.55,10.2,D
-15.70091,125.00641,322.12,1,1,2026-05-01,0709,A,74,6.1NRT,303.92,11.59,D
-15.6908,125.01409,332.57,1,1,2026-05-01,0709,A,85,6.1NRT,302.48,22.53,D
-15.69213,125.00501,354.76,1,1,2026-05-01,0709,A,97,6.1NRT,305.48,63.92,D
-15.56934,125.573,312.35,1.01,1,2026-05-01,0709,A,52,6.1NRT,300.49,5.76,D
-15.3824,126.14862,320.31,1.03,1.01,2026-05-01,0709,A,72,6.1NRT,302.39,11.35,D
-15.45957,125.51235,320.47,1,1,2026-05-01,0709,A,73,6.1NRT,303.02,9.84,D
-15.46092,125.50327,327.66,1,1,2026-05-01,0709,A,81,6.1NRT,303.57,18.11,D
-15.40749,125.55982,315.16,1.01,1,2026-05-01,0709,A,49,6.1NRT,299.61,7.7,D
-15.46394,125.17905,332.57,1,1,2026-05-01,0709,A,80,6.1NRT,300.85,25.2,D
-15.46528,125.17,329.42,1,1,2026-05-01,0709,A,82,6.1NRT,300.63,21.09,D
-14.54051,130.5316,315.15,1.9,1.35,2026-05-01,0709,A,65,6.1NRT,298.79,19.19,D
-14.54337,130.51509,311.71,1.89,1.34,2026-05-01,0709,A,55,6.1NRT,298.24,12.1,D
-15.3737,125.34341,320.39,1,1,2026-05-01,0709,A,42,6.1NRT,303.03,10.34,D
-14.53752,130.34149,315.09,1.83,1.33,2026-05-01,0709,A,65,6.1NRT,297.54,19.64,D
-14.54228,130.33679,313.26,1.83,1.33,2026-05-01,0709,A,53,6.1NRT,297.47,14.88,D
-15.23969,125.44623,328.82,1,1,2026-05-01,0709,A,60,6.1NRT,300.83,18.34,D
-15.22955,125.4539,324.59,1,1,2026-05-01,0709,A,67,6.1NRT,302.23,13.6,D
-15.23091,125.44482,321.93,1,1,2026-05-01,0709,A,44,6.1NRT,301.66,11.12,D
-15.19994,125.57279,315.47,1.01,1,2026-05-01,0709,A,64,6.1NRT,300.2,7.48,D
-13.97994,132.64241,310.52,2.84,1.61,2026-05-01,0709,A,30,6.1NRT,290.71,22.31,D
-15.20175,125.25732,312.64,1,1,2026-05-01,0709,A,56,6.1NRT,299.32,5.29,D
-15.03238,125.71773,355.82,1.01,1.01,2026-05-01,0709,A,98,6.1NRT,302.71,70.34,D
-15.03376,125.7086,324.35,1.01,1.01,2026-05-01,0709,A,56,6.1NRT,302.68,15.59,D
-15.14008,124.99214,316.74,1,1,2026-05-01,0709,A,56,6.1NRT,300.5,7.63,D
-14.98729,125.76,315.3,1.02,1.01,2026-05-01,0709,A,29,6.1NRT,302.25,5.77,D
-13.99984,130.44936,317.06,1.91,1.35,2026-05-01,0709,A,71,6.1NRT,299.5,20.68,D
-13.94739,130.43445,321.63,1.91,1.35,2026-05-01,0709,A,77,6.1NRT,297.27,32.15,D
-13.95028,130.41736,316.35,1.91,1.35,2026-05-01,0709,A,70,6.1NRT,298.89,19.34,D
-14.76101,125.24036,318.34,1,1,2026-05-01,0709,A,67,6.1NRT,302.07,7.79,D
-14.52331,126.38655,327.05,1.06,1.03,2026-05-01,0709,A,79,6.1NRT,303.01,18.36,D
-13.08375,130.5452,309.53,2.03,1.39,2026-05-01,0709,A,0,6.1NRT,291.88,14.7,D
-12.80592,130.70445,325.41,2.12,1.41,2026-05-01,0709,A,81,6.1NRT,294.02,56.27,D
-41.01563,145.16048,305.01,4.08,1.87,2026-05-01,0701,A,7,6.1NRT,280.68,69.96,D
-41.01225,145.15428,306.43,4.08,1.87,2026-05-01,0701,A,45,6.1NRT,280.78,76.56,D
-42.7891,146.96001,307.66,1.41,1.18,2026-05-01,1157,T,72,6.1NRT,275.34,20.21,N
-41.31979,146.69676,304.93,1.47,1.2,2026-05-01,1157,T,62,6.1NRT,281.68,16.42,N
-11.49806,130.52185,309.04,1.31,1.13,2026-05-01,1204,T,74,6.1NRT,294.02,10.54,N
-17.67798,132.72064,307,1.16,1.07,2026-05-01,1204,T,70,6.1NRT,293.14,8.44,N
-17.63251,132.92824,307.91,1.13,1.06,2026-05-01,1204,T,73,6.1NRT,292.86,8.97,N
-17.63383,132.91785,302.9,1.13,1.06,2026-05-01,1204,T,52,6.1NRT,289.47,5.29,N
-17.65641,132.73926,319.1,1.15,1.07,2026-05-01,1204,T,98,6.1NRT,293.29,19.26,N
-17.65774,132.72864,325.15,1.15,1.07,2026-05-01,1204,T,100,6.1NRT,293.29,26.85,N
-17.6483,132.72733,303.18,1.15,1.07,2026-05-01,1204,T,54,6.1NRT,292.84,5.55,N
-18.25886,125.07,304.55,4.22,1.9,2026-05-01,1204,T,61,6.1NRT,291.75,43.28,N
-18.25415,125.06304,307.2,4.22,1.9,2026-05-01,1204,T,71,6.1NRT,291.61,57.77,N
-16.7224,133.42778,308.41,1.06,1.03,2026-05-01,1204,T,63,6.1NRT,292.39,7.86,N
-16.71334,133.42648,307.3,1.06,1.03,2026-05-01,1204,T,44,6.1NRT,291.54,7.03,N
-17.31693,124.67085,302.1,4.41,1.93,2026-05-01,1204,T,47,6.1NRT,291.73,35.96,N
-16.24412,128.6241,305.33,2.09,1.41,2026-05-01,1204,T,64,6.1NRT,295.17,14.19,N
-16.24613,128.60608,310.92,2.1,1.41,2026-05-01,1204,T,81,6.1NRT,294.99,25.26,N
-16.04917,129.00369,316.25,1.95,1.36,2026-05-01,1204,T,93,6.1NRT,296.4,32.18,N
-16.0372,129.00183,331.51,1.95,1.36,2026-05-01,1204,T,100,6.1NRT,296.14,75.31,N
-16.03913,128.98401,314.32,1.95,1.36,2026-05-01,1204,T,89,6.1NRT,295.11,26.82,N
-16.04189,129.01385,309.49,1.94,1.36,2026-05-01,1204,T,44,6.1NRT,294.87,18.31,N
-16.0439,128.99657,326.59,1.95,1.36,2026-05-01,1204,T,100,6.1NRT,296.95,59.6,N
-16.03193,128.99472,314.49,1.95,1.36,2026-05-01,1204,T,78,6.1NRT,295.07,27.78,N
-15.52728,129.48824,307.32,1.76,1.3,2026-05-01,1204,T,69,6.1NRT,295.24,11.59,N
-15.42708,129.67039,306.33,1.69,1.28,2026-05-01,1204,T,36,6.1NRT,295.65,10.94,N
-14.32713,132.33528,311.6,1.12,1.05,2026-05-01,1204,T,83,6.1NRT,292.3,9.2,N
-14.29624,132.20695,307.76,1.13,1.06,2026-05-01,1204,T,72,6.1NRT,295.29,5.38,N
-14.29755,132.19669,308.01,1.13,1.06,2026-05-01,1204,T,73,6.1NRT,295.67,5.45,N
-14.28689,132.2057,310.74,1.13,1.06,2026-05-01,1204,T,81,6.1NRT,294.26,7.4,N
-14.28819,132.19543,327.4,1.13,1.06,2026-05-01,1204,T,100,6.1NRT,294.45,26.21,N
-14.05766,131.83812,322.31,1.17,1.08,2026-05-01,1204,T,100,6.1NRT,294.56,22.64,N
-11.87307,142.00612,305.38,3.02,1.65,2026-05-01,1204,T,20,6.1NRT,291.07,26.29,N
-13.06785,130.52768,305.44,1.37,1.16,2026-05-01,1204,T,64,6.1NRT,293.53,7.52,N
-15.38039,167.85243,309.75,1.7,1.28,2026-05-01,1620,A,62,6.1NRT,270.09,22.83,N
-23.30389,150.34976,319.79,1.45,1.19,2026-05-01,2254,T,78,6.1NRT,296.1,23.98,D
-10.0121,147.93498,308.39,1.03,1.02,2026-05-01,2252,T,56,6.1NRT,294.98,4.08,D
-23.30553,150.36371,311.15,1.45,1.19,2026-05-01,2254,T,67,6.1NRT,295.52,11.54,D
-23.31029,150.35725,312.19,1.45,1.19,2026-05-01,2254,T,45,6.1NRT,295.64,12.08,D
-19.11855,143.48538,307.07,1.33,1.14,2026-05-01,2254,T,62,6.1NRT,294.78,7.41,D
-23.88207,149.15825,305.72,1.25,1.11,2026-05-01,2254,T,57,6.1NRT,291.01,7.9,D
-30.21633,147.78139,304.05,1.24,1.11,2026-05-01,2257,T,44,6.1NRT,282.36,6.68,D
-33.41039,147.48085,309.51,1.31,1.13,2026-05-01,2259,T,69,6.1NRT,276.76,16.48,D
-34.61733,146.0358,310.16,1.15,1.07,2026-05-01,2259,T,70,6.1NRT,277.07,14.58,D
-15.47216,130.02916,310.54,2.34,1.48,2026-05-02,0033,T,48,6.1NRT,296.05,15.3,D
-15.40121,126.85136,312.57,1.36,1.15,2026-05-02,0033,T,47,6.1NRT,299.6,8.32,D
-15.40281,126.86382,318.73,1.36,1.16,2026-05-02,0033,T,71,6.1NRT,299.03,16.79,D
-15.53546,127.53342,318.54,1.52,1.22,2026-05-02,0033,T,71,6.1NRT,299.98,18.15,D
-16.09664,127.45122,314.46,1.53,1.22,2026-05-02,0033,T,64,6.1NRT,299.73,11.69,D
-16.2463,128.60339,320.06,1.86,1.33,2026-05-02,0033,T,69,6.1NRT,297.56,30,D
-16.24843,128.62149,318.32,1.87,1.34,2026-05-02,0033,T,54,6.1NRT,298.41,26.23,D
-17.18516,124.96951,312.24,1.12,1.05,2026-05-02,0033,T,26,6.1NRT,296.3,5.73,D
-17.18653,124.97977,314.18,1.12,1.06,2026-05-02,0033,T,61,6.1NRT,295.93,7.5,D
-17.18546,124.29171,310.71,1.06,1.03,2026-05-02,0033,T,53,6.1NRT,296.63,4.8,D
-17.27421,124.54303,316.21,1.08,1.04,2026-05-02,0033,T,60,6.1NRT,299.45,9.45,D
-17.27554,124.55296,316.36,1.08,1.04,2026-05-02,0033,T,53,6.1NRT,300.21,9.12,D
-17.28436,124.41083,313.06,1.07,1.03,2026-05-02,0033,T,62,6.1NRT,298.18,7.5,D
-17.30041,124.52924,321.66,1.08,1.04,2026-05-02,0033,T,76,6.1NRT,297.5,14.8,D
-17.30175,124.53915,314.76,1.08,1.04,2026-05-02,0033,T,54,6.1NRT,299.07,7.27,D
-17.34456,124.71693,323.23,1.1,1.04,2026-05-02,0033,T,77,6.1NRT,298.81,18.19,D
-17.34593,124.72703,313.73,1.1,1.04,2026-05-02,0033,T,63,6.1NRT,298.19,7.96,D
-17.38745,124.29376,317.22,1.06,1.03,2026-05-02,0033,T,18,6.1NRT,298.5,9.12,D
-17.39656,124.29247,324.22,1.06,1.03,2026-05-02,0033,T,79,6.1NRT,299.02,17.22,D
-17.72968,124.16644,316.27,1.05,1.03,2026-05-02,0033,T,40,6.1NRT,295.47,8.34,D
-17.73102,124.17616,314.75,1.06,1.03,2026-05-02,0033,T,30,6.1NRT,294.96,7.25,D
-17.73855,124.16868,316.09,1.06,1.03,2026-05-02,0033,T,69,6.1NRT,293.46,9.98,D
-17.85954,124.38641,350.51,1.08,1.04,2026-05-02,0033,T,96,6.1NRT,296.14,63.03,D
-17.86086,124.39637,344,1.08,1.04,2026-05-02,0033,T,92,6.1NRT,297.06,48.73,D
-17.86739,124.37517,346.87,1.07,1.03,2026-05-02,0033,T,94,6.1NRT,297.29,54.97,D
-17.86871,124.38511,337.5,1.08,1.04,2026-05-02,0033,T,89,6.1NRT,298.14,37.77,D
-17.87003,124.39507,324.7,1.08,1.04,2026-05-02,0033,T,79,6.1NRT,296.74,19.04,D
-18.2404,125.04855,315.53,1.16,1.07,2026-05-02,0033,T,66,6.1NRT,298.55,9.46,D
-18.24178,125.05927,341.18,1.16,1.07,2026-05-02,0033,T,91,6.1NRT,299.54,49.25,D
-18.24316,125.07002,331.19,1.16,1.07,2026-05-02,0033,T,84,6.1NRT,297.67,30.53,D
-18.24454,125.08078,332.39,1.16,1.07,2026-05-02,0033,T,85,6.1NRT,296.78,33.88,D
-18.25267,125.06871,346.05,1.16,1.07,2026-05-02,0033,T,93,6.1NRT,298.98,59.91,D
-18.25406,125.07947,325.13,1.16,1.07,2026-05-02,0033,T,79,6.1NRT,296.99,22.18,D
-18.24508,124.78978,321.68,1.12,1.06,2026-05-02,0033,T,75,6.1NRT,297.47,16.24,D
-18.24646,124.8002,325.87,1.13,1.06,2026-05-02,0033,T,80,6.1NRT,298.78,21.59,D
-18.24757,124.73651,343.28,1.12,1.05,2026-05-02,0033,T,92,6.1NRT,301.43,46.76,D
-18.24894,124.74689,330.88,1.12,1.05,2026-05-02,0033,T,71,6.1NRT,300.63,24.12,D
-18.25032,124.75727,349.81,1.12,1.06,2026-05-02,0033,T,95,6.1NRT,300.69,62.15,D
-18.2517,124.76766,378.72,1.12,1.06,2026-05-02,0033,T,100,6.1NRT,302.47,164.65,D
-18.25308,124.77806,334.85,1.12,1.06,2026-05-02,0033,T,80,6.1NRT,299.39,31.59,D
-18.25446,124.78848,325.18,1.12,1.06,2026-05-02,0033,T,65,6.1NRT,300.69,18.22,D
-18.25584,124.7989,330.88,1.13,1.06,2026-05-02,0033,T,84,6.1NRT,300.94,26.82,D
-18.25691,124.73521,321.84,1.12,1.05,2026-05-02,0033,T,65,6.1NRT,301.83,11.97,D
-18.2583,124.74558,319.78,1.12,1.05,2026-05-02,0033,T,65,6.1NRT,301.46,10.5,D
-18.25968,124.75597,324.77,1.12,1.06,2026-05-02,0033,T,74,6.1NRT,300.61,15.87,D
-18.26106,124.76636,332.48,1.12,1.06,2026-05-02,0033,T,85,6.1NRT,300.68,26.47,D
-18.26244,124.77676,328.5,1.12,1.06,2026-05-02,0033,T,46,6.1NRT,301.47,19.07,D
-18.26521,124.79758,334.56,1.13,1.06,2026-05-02,0033,T,87,6.1NRT,301.83,30.79,D
-18.2666,124.80802,334.31,1.13,1.06,2026-05-02,0033,T,86,6.1NRT,301.04,30.9,D
-18.29982,124.79742,318.29,1.13,1.06,2026-05-02,0033,T,38,6.1NRT,300.61,8.11,D
-32.49399,115.94025,301.32,1.21,1.09,2026-05-02,0037,T,46,6.1NRT,282.2,8.89,D
-33.89388,117.55757,307.15,1.03,1.01,2026-05-02,0037,T,65,6.1NRT,281.11,9.73,D
-15.48436,141.82297,320.08,1.07,1.03,2026-05-02,0610,A,72,6.1NRT,301.9,10.96,D
-15.01438,133.93533,342.21,2.11,1.41,2026-05-02,0610,A,86,6.1NRT,297.74,121.39,D
-15.01161,133.92801,330.7,2.11,1.41,2026-05-02,0610,A,84,6.1NRT,297.66,69.04,D
-14.14555,132.60277,312.22,2.61,1.55,2026-05-02,0610,A,60,6.1NRT,296.63,21.81,D
-13.72184,133.2829,313.25,2.27,1.46,2026-05-02,0610,A,63,6.1NRT,297.3,22.88,D
-13.79913,131.57111,310.33,3.11,1.67,2026-05-02,0610,A,37,6.1NRT,293.98,24.52,D
-11.87393,142.02652,310.38,1.19,1.09,2026-05-02,0612,A,37,6.1NRT,295.73,6.19,D
-11.87559,142.01596,342.21,1.19,1.08,2026-05-02,0612,A,91,6.1NRT,297.41,54.93,D
-13.0886,130.61964,324.98,3.62,1.78,2026-05-02,0612,A,80,6.1NRT,295.91,108.19,D
-13.09416,130.61551,324.98,3.62,1.78,2026-05-02,0612,A,80,6.1NRT,295.47,113.04,D
-11.49852,130.51494,313.04,3.49,1.76,2026-05-02,0612,A,57,6.1NRT,296.5,42.24,D
-11.50258,130.51062,311.48,3.49,1.76,2026-05-02,0612,A,49,6.1NRT,296.31,34.39,D
-32.06067,149.32272,304.69,1.51,1.21,2026-05-02,0605,A,60,6.1NRT,276.23,14.45,D
-29.21861,148.29311,316.93,1.49,1.21,2026-05-02,0608,A,42,6.1NRT,282.59,23.1,D
-29.21561,148.2865,318.06,1.49,1.21,2026-05-02,0608,A,77,6.1NRT,281.83,26.32,D
-19.90085,144.20668,307.3,1.22,1.1,2026-05-02,0610,A,28,6.1NRT,295.83,5.51,D
-19.89124,144.20483,317.81,1.22,1.1,2026-05-02,0610,A,74,6.1NRT,296.64,16.79,D
-19.11512,143.48895,316.1,1.15,1.07,2026-05-02,0610,A,69,6.1NRT,298.82,11.17,D
-19.11683,143.47844,323.19,1.15,1.07,2026-05-02,0610,A,78,6.1NRT,299.28,19.52,D
-18.15954,144.71451,316.35,1.4,1.17,2026-05-02,0610,A,63,6.1NRT,297.3,18.72,D
-18.17038,144.6512,320.42,1.38,1.16,2026-05-02,0610,A,49,6.1NRT,296.74,21.08,D
-18.17253,144.63863,332.42,1.38,1.16,2026-05-02,0610,A,86,6.1NRT,297.76,43.31,D
-18.17377,144.64638,325.28,1.38,1.16,2026-05-02,0610,A,70,6.1NRT,297.86,29.17,D
-18.1372,143.98871,315.55,1.26,1.12,2026-05-02,0610,A,68,6.1NRT,298.22,11.6,D
-17.54354,144.0359,315,1.29,1.13,2026-05-02,0610,A,65,6.1NRT,302.68,8.79,D
-17.4828,143.97096,326.74,1.29,1.13,2026-05-02,0610,A,81,6.1NRT,303.11,25.44,D
-17.48472,143.95932,318.38,1.28,1.12,2026-05-02,0610,A,72,6.1NRT,302.84,12.94,D
-18.75243,134.29028,349.43,2.25,1.45,2026-05-02,0610,A,95,6.1NRT,296,180.38,D
-18.73729,134.30939,315.58,2.24,1.45,2026-05-02,0610,A,64,6.1NRT,291.63,25.37,D
-18.73962,134.28868,313.95,2.25,1.45,2026-05-02,0610,A,53,6.1NRT,291.63,21.18,D
-17.66718,132.7305,320.32,2.87,1.62,2026-05-02,0610,A,55,6.1NRT,297.25,50.95,D
-17.67009,132.70421,325.63,2.88,1.62,2026-05-02,0610,A,80,6.1NRT,297.16,78.49,D
-17.63299,132.90973,317.16,2.78,1.59,2026-05-02,0610,A,71,6.1NRT,296.31,39.96,D
-17.63581,132.88428,340.26,2.79,1.6,2026-05-02,0610,A,90,6.1NRT,298.38,168.64,D
-32.00555,116.27536,302.93,1.24,1.11,2026-05-02,0744,A,29,6.1NRT,283.78,7.79,D
-31.69396,116.5958,307.98,1.19,1.08,2026-05-02,0744,A,66,6.1NRT,289.36,10.57,D
-31.60544,116.81049,305.15,1.16,1.07,2026-05-02,0744,A,58,6.1NRT,288.8,7.39,D
-31.60695,116.79844,307.99,1.16,1.07,2026-05-02,0744,A,63,6.1NRT,290.56,9.7,D
-31.59439,116.62881,303.15,1.18,1.08,2026-05-02,0744,A,54,6.1NRT,290.59,5.9,D
-31.58484,116.62715,304.57,1.18,1.08,2026-05-02,0744,A,59,6.1NRT,290.42,7.18,D
-31.45035,116.66092,300.07,1.17,1.08,2026-05-02,0744,A,25,6.1NRT,289.54,4.18,D
-31.49253,115.72329,306.44,1.31,1.13,2026-05-02,0744,A,64,6.1NRT,289.38,11.08,D
-30.97889,116.52493,300.15,1.18,1.08,2026-05-02,0744,A,30,6.1NRT,289.31,4.23,D
-30.91289,116.85936,303.66,1.13,1.06,2026-05-02,0744,A,57,6.1NRT,290.17,6.16,D
-30.87394,116.20735,308.36,1.21,1.1,2026-05-02,0744,A,67,6.1NRT,290.36,10.89,D
-30.87547,116.195,307.51,1.22,1.1,2026-05-02,0744,A,65,6.1NRT,289.82,10.1,D
-30.82523,116.36285,318.76,1.19,1.09,2026-05-02,0744,A,79,6.1NRT,290.8,21.1,D
-30.82673,116.35063,304.21,1.19,1.09,2026-05-02,0744,A,58,6.1NRT,290.11,6.82,D
-30.61712,116.22284,334.21,1.2,1.09,2026-05-02,0744,A,89,6.1NRT,289.71,44.86,D
-30.61867,116.21046,361.98,1.21,1.09,2026-05-02,0744,A,100,6.1NRT,294.22,120.57,D
-30.62022,116.19807,305.5,1.21,1.09,2026-05-02,0744,A,62,6.1NRT,290.38,8.3,D
-30.54091,116.51876,300.53,1.16,1.07,2026-05-02,0744,A,38,6.1NRT,289.9,4.49,D
-30.40084,117.11177,302.92,1.1,1.04,2026-05-02,0744,A,48,6.1NRT,290.94,4.74,D
-30.39161,117.11016,305.2,1.1,1.04,2026-05-02,0744,A,61,6.1NRT,290.59,6.37,D
-30.33298,116.13177,308.59,1.21,1.09,2026-05-02,0744,A,67,6.1NRT,289.01,11.33,D
-29.83369,116.03788,311.89,1.2,1.09,2026-05-02,0744,A,72,6.1NRT,291.93,12.15,D
-29.82251,116.04852,304.6,1.2,1.09,2026-05-02,0744,A,32,6.1NRT,291.62,5.84,D
-29.82405,116.03629,312.07,1.2,1.09,2026-05-02,0744,A,72,6.1NRT,291.52,12.49,D
-29.7465,116.00549,305.24,1.21,1.09,2026-05-02,0744,A,61,6.1NRT,291.92,7.18,D
-29.251,115.06731,322.76,1.33,1.14,2026-05-02,0744,A,82,6.1NRT,295.75,28.01,D
-28.76015,114.74796,311.22,1.37,1.16,2026-05-02,0744,A,70,6.1NRT,294.88,13.09,D
-28.67418,114.78418,306.14,1.36,1.16,2026-05-02,0744,A,60,6.1NRT,294.28,7.37,D
-20.61726,116.76611,319.84,1,1,2026-05-02,0746,A,59,6.1NRT,303.81,9.38,D
-17.91688,124.29034,329.47,2.88,1.62,2026-05-02,0746,A,83,6.1NRT,296.98,102.92,D
-17.87058,123.4831,314.86,2.51,1.52,2026-05-02,0746,A,64,6.1NRT,299.3,26.36,D
-17.72428,124.10163,316.52,2.82,1.6,2026-05-02,0746,A,67,6.1NRT,295.22,42.3,D
-17.72104,124.09602,313.47,2.82,1.6,2026-05-02,0746,A,27,6.1NRT,294.88,29.04,D
-17.30009,124.45593,325.55,3.06,1.66,2026-05-02,0746,A,80,6.1NRT,297.81,89.61,D
-17.28565,124.45278,316.96,3.06,1.66,2026-05-02,0746,A,69,6.1NRT,296.67,47.94,D
-17.29484,124.47863,315.07,3.08,1.67,2026-05-02,0746,A,53,6.1NRT,297.36,36.54,D
-17.29999,124.45109,324.56,3.06,1.66,2026-05-02,0746,A,79,6.1NRT,297.67,83.7,D
-17.18473,124.24932,319.43,2.97,1.64,2026-05-02,0746,A,69,6.1NRT,297.29,55.81,D
-15.46783,125.19038,315.73,3.82,1.83,2026-05-02,0748,A,53,6.1NRT,293.65,62.03,D
-32.53556,151.95178,308.13,1.05,1.02,2026-05-02,1100,T,74,6.1NRT,282.04,11.13,N
-28.26844,150.02435,309.55,1.13,1.06,2026-05-02,1102,T,78,6.1NRT,280.18,13.32,N
-28.15625,146.50574,309.83,1.81,1.32,2026-05-02,1102,T,78,6.1NRT,284.37,24.34,N
-28.14454,146.50432,308.56,1.81,1.32,2026-05-02,1102,T,75,6.1NRT,281.84,22.19,N
-26.55554,150.16502,300.96,1.08,1.04,2026-05-02,1102,T,36,6.1NRT,286.41,6.45,N
-23.61844,151.10965,303.26,1,1,2026-05-02,1102,T,46,6.1NRT,291.59,3.91,N
-23.55699,151.0834,300.71,1,1,2026-05-02,1102,T,27,6.1NRT,290.5,3.74,N
-20.94122,134.79326,312.21,3.11,1.67,2026-05-02,1242,T,84,6.1NRT,289.95,59.09,N
-20.94673,134.76483,300.99,3.09,1.67,2026-05-02,1242,T,36,6.1NRT,288.69,21.53,N
-18.74461,134.27969,305.65,3.18,1.69,2026-05-02,1242,T,65,6.1NRT,284.31,42.02,N
-18.25993,124.81213,301.42,1.01,1,2026-05-02,1242,T,29,6.1NRT,291.35,3.6,N
-17.73896,124.16994,303.41,1.03,1.02,2026-05-02,1242,T,55,6.1NRT,293.26,4.36,N
-17.71094,124.10159,302.67,1.04,1.02,2026-05-02,1242,T,51,6.1NRT,290.46,4.28,N
-17.4234,124.6034,316.48,1.01,1.01,2026-05-02,1242,T,93,6.1NRT,294.29,13.39,N
-17.40966,124.28996,306.28,1.02,1.01,2026-05-02,1242,T,44,6.1NRT,294.69,5.27,N
-17.41092,124.28055,305.47,1.02,1.01,2026-05-02,1242,T,52,6.1NRT,294.69,5,N
-17.39822,124.30745,327.9,1.02,1.01,2026-05-02,1242,T,100,6.1NRT,295.27,24.93,N
-17.38931,124.30614,312.11,1.02,1.01,2026-05-02,1242,T,44,6.1NRT,294.26,8.83,N
-17.31008,124.6936,351.55,1.01,1,2026-05-02,1242,T,100,6.1NRT,295.91,65.2,N
-17.31133,124.68434,304.03,1.01,1,2026-05-02,1242,T,53,6.1NRT,294.02,4.2,N
-17.30123,124.69227,331.42,1.01,1,2026-05-02,1242,T,100,6.1NRT,294.43,29.94,N
-17.30968,124.49471,334.52,1.01,1.01,2026-05-02,1242,T,100,6.1NRT,295.67,33.77,N
-17.31093,124.4854,322.32,1.01,1.01,2026-05-02,1242,T,100,6.1NRT,295.22,18.57,N
-17.29253,124.47688,307.27,1.01,1.01,2026-05-02,1242,T,65,6.1NRT,295.24,5.95,N
-17.28239,124.48488,307.32,1.01,1.01,2026-05-02,1242,T,65,6.1NRT,295.34,5.85,N
-17.28365,124.47556,320.54,1.01,1.01,2026-05-02,1242,T,100,6.1NRT,296.23,16.8,N
-17.28104,124.4276,306.41,1.02,1.01,2026-05-02,1242,T,66,6.1NRT,294.26,5.94,N
-17.19445,124.99946,316.63,1,1,2026-05-02,1242,T,93,6.1NRT,296.39,11.83,N
-17.27215,124.42628,313.52,1.02,1.01,2026-05-02,1242,T,87,6.1NRT,294.19,11,N
-17.27341,124.41695,307.12,1.02,1.01,2026-05-02,1242,T,68,6.1NRT,294.26,6.3,N
-17.16169,124.97572,305.08,1,1,2026-05-02,1242,T,18,6.1NRT,295.05,3.66,N
-17.16294,124.96654,326.28,1,1,2026-05-02,1242,T,100,6.1NRT,295.62,21.87,N
-16.29987,127.67163,304.91,1.19,1.09,2026-05-02,1242,T,61,6.1NRT,294.52,5.83,N
-15.78364,128.67458,309.24,1.39,1.17,2026-05-02,1242,T,53,6.1NRT,296.27,9.81,N
-15.77337,128.67287,314.64,1.39,1.17,2026-05-02,1242,T,89,6.1NRT,296.57,15.57,N
-15.77483,128.68037,311.51,1.39,1.17,2026-05-02,1242,T,64,6.1NRT,295.91,12.86,N
-15.43739,129.67299,305.99,1.65,1.26,2026-05-02,1242,T,49,6.1NRT,294.5,9.63,N
-15.39455,129.72153,309.88,1.67,1.27,2026-05-02,1242,T,63,6.1NRT,293.69,19.15,N
-15.63534,125.54302,319.55,1.01,1.01,2026-05-02,1244,T,99,6.1NRT,296.68,14.2,N
-15.62648,125.54166,306.72,1.01,1.01,2026-05-02,1244,T,51,6.1NRT,296.25,4.24,N
-15.62777,125.53252,308.98,1.01,1.01,2026-05-02,1244,T,75,6.1NRT,296.72,5.41,N
-15.61891,125.53119,307.75,1.01,1.01,2026-05-02,1244,T,44,6.1NRT,296.66,4.44,N
-15.32723,126.77736,304.35,1.11,1.05,2026-05-02,1244,T,60,6.1NRT,294.29,5.36,N
-15.46623,125.17757,307.9,1,1,2026-05-02,1244,T,73,6.1NRT,296.97,4.07,N
-15.1937,126.81578,348.59,1.12,1.05,2026-05-02,1244,T,100,6.1NRT,297.13,67.84,N
-15.19518,126.80567,320.32,1.11,1.05,2026-05-02,1244,T,100,6.1NRT,295.2,19.29,N
-15.23817,126.44696,309.94,1.08,1.04,2026-05-02,1244,T,64,6.1NRT,291.32,10.58,N
-15.23958,126.43723,305.59,1.08,1.04,2026-05-02,1244,T,28,6.1NRT,289.88,7.88,N
-15.15297,126.52782,319.01,1.09,1.04,2026-05-02,1244,T,98,6.1NRT,294.58,17.27,N
-15.18398,126.31327,338.52,1.07,1.03,2026-05-02,1244,T,100,6.1NRT,292.79,44.1,N
-15.18537,126.30363,306.52,1.07,1.03,2026-05-02,1244,T,60,6.1NRT,291.32,6.55,N
-15.14382,126.52639,304.64,1.09,1.04,2026-05-02,1244,T,58,6.1NRT,293.91,5.02,N
-15.17351,126.32153,303.5,1.07,1.03,2026-05-02,1244,T,16,6.1NRT,293,3.97,N
-15.17491,126.31184,326.23,1.07,1.03,2026-05-02,1244,T,100,6.1NRT,293.98,25.17,N
-15.1763,126.3022,317.66,1.07,1.03,2026-05-02,1244,T,95,6.1NRT,290.11,15.29,N
-14.79483,126.51774,310.93,1.09,1.04,2026-05-02,1244,T,57,6.1NRT,295.59,8.44,N
-14.60962,126.95831,315.72,1.15,1.07,2026-05-02,1244,T,91,6.1NRT,297.06,13.36,N
-36.50558,146.71037,301.86,1.03,1.01,2026-05-02,1705,A,37,6.1NRT,287.79,6.11,N
-15.69038,127.63622,310.97,1.03,1.01,2026-05-02,1836,A,81,6.1NRT,295.29,8.59,N
-15.69182,127.64548,305.83,1.03,1.01,2026-05-02,1836,A,66,6.1NRT,295.2,4.96,N
-15.69926,127.63482,304.39,1.03,1.01,2026-05-02,1836,A,60,6.1NRT,294.28,4.2,N
-15.47119,125.18412,305.92,1.34,1.15,2026-05-02,1836,A,66,6.1NRT,295.22,7.02,N
-16.08747,127.45394,310.03,1.03,1.02,2026-05-02,1836,A,79,6.1NRT,289.1,11.03,N
-16.08893,127.46329,317.12,1.03,1.01,2026-05-02,1836,A,94,6.1NRT,289.3,17.2,N
-17.20181,125.01357,306.45,1.29,1.13,2026-05-02,1838,A,68,6.1NRT,294.77,8.8,N
-18.2411,124.82152,307.27,1.28,1.12,2026-05-02,1838,A,71,6.1NRT,292.3,10.98,N
-20.95284,134.79974,301.18,2.5,1.52,2026-05-02,1838,A,38,6.1NRT,289.63,18.59,N
-18.75587,134.2769,318.2,1.24,1.11,2026-05-02,2333,T,73,6.1NRT,298.18,14.84,D
-20.9303,134.78352,378.15,1.1,1.05,2026-05-02,2333,T,100,6.1NRT,296.36,166.52,D
-20.9488,134.78029,398.23,1.1,1.05,2026-05-02,2333,T,94,6.1NRT,299.57,277.03,D
-20.95805,134.77867,318.52,1.1,1.05,2026-05-02,2333,T,72,6.1NRT,293.39,16.8,D
-20.95965,134.78906,331.69,1.1,1.05,2026-05-02,2333,T,66,6.1NRT,289.72,33.47,D
-21.68353,122.30959,339.47,4.11,1.88,2026-05-03,0111,T,91,6.1NRT,291.71,303.77,D
-21.68672,122.34859,340.48,4.14,1.88,2026-05-03,0111,T,91,6.1NRT,292.43,318.8,D
-21.67182,122.30395,321.48,4.11,1.88,2026-05-03,0111,T,78,6.1NRT,290.88,122.43,D
-21.67473,122.34309,322.68,4.14,1.88,2026-05-03,0111,T,79,6.1NRT,291.23,131.99,D
-21.69149,122.34152,336.88,4.14,1.88,2026-05-03,0111,T,89,6.1NRT,292.54,264.48,D
-21.92684,115.22958,312.3,1.27,1.12,2026-05-03,0111,T,58,6.1NRT,298.2,6.67,D
-33.60246,150.59511,316.3,2.9,1.62,2026-05-03,0504,A,66,6.1NRT,290.32,63.32,D
-33.60058,150.59041,315.07,2.9,1.62,2026-05-03,0504,A,63,6.1NRT,290.42,57.64,D
-32.92795,117.02524,324.68,1.9,1.35,2026-05-03,0822,A,0,6.1NRT,286.58,61.32,D
-32.78968,116.87588,321.23,1.87,1.34,2026-05-03,0822,A,76,6.1NRT,287.26,49.18,D
-32.79353,116.85692,309.48,1.86,1.33,2026-05-03,0822,A,69,6.1NRT,289.28,24.03,D
-32.61506,116.99803,301.01,1.92,1.35,2026-05-03,0822,A,44,6.1NRT,288.01,12.14,D
-32.43813,117.35006,300.53,2.04,1.39,2026-05-03,0822,A,38,6.1NRT,289.17,11.67,D
-32.48046,117.14371,356.38,1.98,1.37,2026-05-03,0822,A,98,6.1NRT,292.11,208.96,D
-32.48459,117.1235,304.3,1.97,1.37,2026-05-03,0822,A,59,6.1NRT,288.74,15.3,D
-32.36747,117.23419,301.58,2.02,1.38,2026-05-03,0822,A,48,6.1NRT,289.24,12.08,D
-32.29435,117.27904,300.9,2.04,1.39,2026-05-03,0822,A,43,6.1NRT,288.27,11.74,D
-32.30454,117.27705,301.52,2.04,1.39,2026-05-03,0822,A,47,6.1NRT,288.73,13.1,D
-32.16823,116.90254,305.04,1.94,1.36,2026-05-03,0822,A,60,6.1NRT,288.83,17.67,D
-32.07684,116.30342,302.9,1.78,1.31,2026-05-03,0822,A,54,6.1NRT,288.96,14.02,D
-31.13014,115.60162,301.85,1.68,1.28,2026-05-03,0822,A,49,6.1NRT,291.34,9.31,D
-30.96315,116.33376,335.96,1.9,1.35,2026-05-03,0822,A,90,6.1NRT,291.05,94.96,D
-30.96695,116.3147,302.55,1.89,1.34,2026-05-03,0822,A,53,6.1NRT,289.35,12.37,D
-30.81481,116.14117,319.5,1.86,1.33,2026-05-03,0822,A,79,6.1NRT,290.85,43.12,D
-30.8963,115.72565,310.45,1.74,1.29,2026-05-03,0822,A,70,6.1NRT,291.7,20.85,D
-30.71453,116.04872,313.87,1.84,1.33,2026-05-03,0822,A,74,6.1NRT,290.44,29.56,D
-30.506,116.09715,306.03,1.87,1.34,2026-05-03,0822,A,63,6.1NRT,291.46,16.56,D
-30.50085,116.0903,306.3,1.87,1.34,2026-05-03,0822,A,63,6.1NRT,291.82,15.95,D
-29.84139,116.34566,302.77,2.02,1.38,2026-05-03,0822,A,42,6.1NRT,291.47,10.74,D
-29.82938,116.34233,309.77,2.02,1.38,2026-05-03,0822,A,69,6.1NRT,291.56,23.56,D
-29.76504,116.06911,340.88,1.94,1.36,2026-05-03,0822,A,92,6.1NRT,293.03,116.9,D
-29.76892,116.04987,318.62,1.93,1.36,2026-05-03,0822,A,79,6.1NRT,292.17,41.42,D
-28.8627,115.39297,303.79,1.83,1.32,2026-05-03,0822,A,31,6.1NRT,293.65,8.78,D
-28.85507,115.38393,309.73,1.83,1.32,2026-05-03,0822,A,69,6.1NRT,293.39,18.66,D
-28.91202,114.83733,309.45,1.68,1.27,2026-05-03,0822,A,68,6.1NRT,294.96,15.04,D
-28.74271,115.0546,310.74,1.75,1.3,2026-05-03,0822,A,70,6.1NRT,295.02,18.89,D
-28.74466,115.04809,306.93,1.75,1.3,2026-05-03,0822,A,64,6.1NRT,294.73,12.15,D
-28.15951,114.63428,314.94,1.68,1.28,2026-05-03,0824,A,55,6.1NRT,295.47,21.98,D
-28.14722,114.64295,312.25,1.69,1.28,2026-05-03,0824,A,71,6.1NRT,295.62,19.41,D
-28.1503,114.62645,315.07,1.68,1.28,2026-05-03,0824,A,75,6.1NRT,295.37,24.12,D
-28.12451,114.5172,306.23,1.66,1.27,2026-05-03,0824,A,61,6.1NRT,295.13,9.91,D
-28.11344,114.51465,308.43,1.66,1.27,2026-05-03,0824,A,66,6.1NRT,295.28,13.07,D
-21.41287,135.81129,308.83,1.35,1.15,2026-05-03,0646,A,51,6.1NRT,296.7,5.46,D
-21.41501,135.79871,310.74,1.35,1.15,2026-05-03,0646,A,59,6.1NRT,297.42,7.39,D
-22.25672,124.21278,311.25,2.79,1.6,2026-05-03,0646,A,29,6.1NRT,299.54,18.42,D
-21.66517,122.30039,326.87,3.82,1.83,2026-05-03,0646,A,79,6.1NRT,298.44,122.7,D
-21.66837,122.26447,340.73,3.85,1.83,2026-05-03,0646,A,90,6.1NRT,299.03,261.22,D
-21.65221,122.26279,339.23,3.85,1.83,2026-05-03,0646,A,89,6.1NRT,298.26,246.03,D
-21.63606,122.26118,334.71,3.85,1.83,2026-05-03,0646,A,86,6.1NRT,297.37,204.69,D
-21.63915,122.22535,321.27,3.87,1.83,2026-05-03,0646,A,72,6.1NRT,296.73,87.62,D
-21.6199,122.25954,355.39,3.85,1.83,2026-05-03,0646,A,98,6.1NRT,297.93,476.67,D
-21.62295,122.22383,366.34,3.87,1.83,2026-05-03,0646,A,100,6.1NRT,298.91,691.99,D
-21.67261,122.29362,328.95,3.82,1.83,2026-05-03,0646,A,81,6.1NRT,299.05,141.72,D
-21.67606,122.2577,325.79,3.85,1.83,2026-05-03,0646,A,78,6.1NRT,298.2,113.49,D
-21.6565,122.29189,319.59,3.82,1.83,2026-05-03,0646,A,70,6.1NRT,297.77,78.68,D
-21.65991,122.256,330.55,3.85,1.83,2026-05-03,0646,A,83,6.1NRT,298.47,162.49,D
-21.64374,122.25445,335.21,3.85,1.83,2026-05-03,0646,A,86,6.1NRT,297.64,205.63,D
-21.62757,122.25294,354.54,3.85,1.83,2026-05-03,0646,A,97,6.1NRT,298.24,464.45,D
-21.63088,122.21718,330.85,3.87,1.83,2026-05-03,0646,A,83,6.1NRT,297.02,164.16,D
-21.61142,122.25125,356.88,3.85,1.83,2026-05-03,0646,A,98,6.1NRT,297.43,511.49,D
-21.61471,122.21523,350.36,3.87,1.83,2026-05-03,0646,A,95,6.1NRT,297.25,406.99,D
-18.76149,134.24287,326.93,1.2,1.09,2026-05-03,0646,A,44,6.1NRT,301.46,21.53,D
-18.7483,134.26323,329.73,1.2,1.09,2026-05-03,0646,A,58,6.1NRT,300.62,24.59,D
-18.74419,134.26831,320.83,1.21,1.09,2026-05-03,0646,A,54,6.1NRT,299.72,12.89,D
-18.74596,134.25722,323.36,1.2,1.09,2026-05-03,0646,A,57,6.1NRT,300.02,17.66,D
-18.33257,130.58495,319.29,1.02,1.01,2026-05-03,0646,A,58,6.1NRT,294.37,15.97,D
-17.69993,132.72212,320.3,1.06,1.03,2026-05-03,0646,A,70,6.1NRT,299.11,12.18,D
-18.75333,121.76408,315.36,3.85,1.83,2026-05-03,0646,A,41,6.1NRT,298.61,43.58,D
-18.73722,121.76218,322.32,3.85,1.83,2026-05-03,0646,A,71,6.1NRT,298.05,90.61,D
-18.74064,121.72668,336,3.87,1.83,2026-05-03,0646,A,86,6.1NRT,298.9,212.46,D
-18.74562,121.7585,326.62,3.85,1.83,2026-05-03,0646,A,43,6.1NRT,298.55,111.63,D
-18.2596,124.82178,320.36,2.19,1.44,2026-05-03,0646,A,59,6.1NRT,303.95,15.86,D
-17.81795,125.84219,336.39,1.81,1.32,2026-05-03,0646,A,86,6.1NRT,301.53,66.53,D
-17.8199,125.82562,323.19,1.81,1.32,2026-05-03,0646,A,63,6.1NRT,299.37,27.39,D
-17.82099,125.83554,328.5,1.81,1.32,2026-05-03,0646,A,72,6.1NRT,301.34,40.67,D
-17.80937,125.83419,326.46,1.81,1.32,2026-05-03,0646,A,41,6.1NRT,301.35,34.07,D
-17.78615,123.93946,317.79,2.53,1.53,2026-05-03,0646,A,44,6.1NRT,301.92,27.39,D
-17.7752,123.91471,323.75,2.54,1.53,2026-05-03,0646,A,70,6.1NRT,300.95,50.34,D
-17.19683,128.42169,320.35,1.19,1.09,2026-05-03,0646,A,65,6.1NRT,301.37,12.88,D
-17.19831,128.41078,323.22,1.2,1.09,2026-05-03,0646,A,72,6.1NRT,301.04,16.45,D
-17.11241,128.75859,317.28,1.15,1.07,2026-05-03,0646,A,48,6.1NRT,303.18,6.57,D
-17.80707,123.04799,322.92,2.97,1.64,2026-05-03,0646,A,59,6.1NRT,299.75,59.3,D
-17.11156,128.69414,318.19,1.15,1.07,2026-05-03,0646,A,53,6.1NRT,303.04,8.88,D
-17.79262,123.0463,331.1,2.97,1.64,2026-05-03,0646,A,82,6.1NRT,298.01,106.46,D
-17.79552,123.01894,322.51,2.99,1.64,2026-05-03,0646,A,63,6.1NRT,298.67,59.7,D
-17.68064,123.8267,318.49,2.57,1.54,2026-05-03,0646,A,37,6.1NRT,301.33,31.91,D
-17.79305,123.01121,325.72,2.99,1.64,2026-05-03,0646,A,58,6.1NRT,298.93,74.21,D
-17.65904,123.81672,316.98,2.57,1.54,2026-05-03,0646,A,28,6.1NRT,299.06,28,D
-17.55403,123.82327,312.61,2.56,1.54,2026-05-03,0646,A,38,6.1NRT,299.27,15.51,D
-16.47096,131.87851,322.87,1.02,1.01,2026-05-03,0646,A,75,6.1NRT,302.26,12.06,D
-16.47237,131.86922,321.28,1.02,1.01,2026-05-03,0646,A,66,6.1NRT,302.79,10.28,D
-16.4621,131.87704,333.42,1.02,1.01,2026-05-03,0646,A,85,6.1NRT,303.29,24.13,D
-16.46351,131.86775,349.9,1.02,1.01,2026-05-03,0646,A,83,6.1NRT,299.69,53.71,D
-16.48271,131.68112,333.65,1.01,1.01,2026-05-03,0646,A,80,6.1NRT,298.52,27.11,D
-16.43296,131.87506,316.37,1.02,1.01,2026-05-03,0646,A,62,6.1NRT,301.91,6.7,D
-16.33621,132.39174,318.87,1.06,1.03,2026-05-03,0646,A,69,6.1NRT,302.15,10.94,D
-16.33768,132.38214,324.95,1.06,1.03,2026-05-03,0646,A,77,6.1NRT,301.42,17.71,D
-16.30919,132.38721,313.12,1.06,1.03,2026-05-03,0646,A,53,6.1NRT,301.74,5.58,D
-17.3837,124.16245,317.73,2.4,1.49,2026-05-03,0646,A,65,6.1NRT,301.44,23.15,D
-16.28596,132.24026,318.22,1.05,1.02,2026-05-03,0646,A,55,6.1NRT,301.03,9.06,D
-17.38447,124.17974,317.75,2.39,1.49,2026-05-03,0646,A,61,6.1NRT,301.9,22.12,D
-16.27699,132.23877,317.51,1.05,1.02,2026-05-03,0646,A,66,6.1NRT,301.25,8.82,D
-16.27844,132.22926,314.68,1.05,1.02,2026-05-03,0646,A,50,6.1NRT,301.07,6.22,D
-17.29013,124.85491,315.59,2.11,1.41,2026-05-03,0646,A,44,6.1NRT,300.28,16.86,D
-16.23278,132.46762,323.72,1.07,1.03,2026-05-03,0646,A,75,6.1NRT,301.93,15.07,D
-16.23575,132.44826,341.65,1.07,1.03,2026-05-03,0646,A,91,6.1NRT,302.37,42.1,D
-16.21627,132.51463,315.18,1.07,1.03,2026-05-03,0646,A,59,6.1NRT,300.79,7.1,D
-16.29181,131.9608,318.87,1.03,1.01,2026-05-03,0646,A,64,6.1NRT,300.58,9.23,D
-17.25056,124.86944,318.86,2.1,1.41,2026-05-03,0646,A,68,6.1NRT,300.07,24.13,D
-16.27118,131.97653,322.39,1.03,1.01,2026-05-03,0646,A,73,6.1NRT,302.56,13.01,D
-16.18307,132.48912,323.97,1.07,1.03,2026-05-03,0646,A,69,6.1NRT,299.87,15.9,D
-16.2436,132.09717,337.33,1.04,1.02,2026-05-03,0646,A,88,6.1NRT,302.89,32.46,D
-17.26131,124.44528,346.69,2.27,1.46,2026-05-03,0646,A,93,6.1NRT,299.83,152.15,D
-16.23467,132.0957,321.75,1.04,1.02,2026-05-03,0646,A,38,6.1NRT,300.86,12.04,D
-16.16498,132.48607,331.2,1.07,1.03,2026-05-03,0646,A,71,6.1NRT,302.77,24.02,D
-16.1665,132.47636,325.93,1.07,1.03,2026-05-03,0646,A,57,6.1NRT,300.19,17.27,D
-16.15368,132.49756,317.16,1.07,1.03,2026-05-03,0646,A,60,6.1NRT,302.31,8.27,D
-16.15516,132.48784,325.8,1.07,1.03,2026-05-03,0646,A,78,6.1NRT,302.69,17.97,D
-16.15665,132.47812,326.4,1.07,1.03,2026-05-03,0646,A,79,6.1NRT,301.71,18.27,D
-17.26158,124.4385,342.88,2.27,1.46,2026-05-03,0646,A,91,6.1NRT,299.67,129.16,D
-16.20595,132.09404,333.23,1.04,1.02,2026-05-03,0646,A,85,6.1NRT,301.5,26.96,D
-16.19703,132.09256,320.91,1.04,1.02,2026-05-03,0646,A,72,6.1NRT,301.47,11.84,D
-16.12802,132.48326,317.05,1.07,1.03,2026-05-03,0646,A,66,6.1NRT,299.14,8.06,D
-16.14142,132.39618,324.2,1.06,1.03,2026-05-03,0646,A,39,6.1NRT,301.59,14.46,D
-16.1881,132.09108,324.26,1.04,1.02,2026-05-03,0646,A,76,6.1NRT,301.03,15.44,D
-16.13388,132.38503,326.62,1.06,1.03,2026-05-03,0646,A,37,6.1NRT,299.85,17.06,D
-16.09634,132.50784,316.91,1.07,1.03,2026-05-03,0646,A,18,6.1NRT,302.89,7.36,D
-16.13802,132.23831,320.78,1.05,1.02,2026-05-03,0646,A,72,6.1NRT,301.18,12.69,D
-16.16822,131.98174,320.01,1.03,1.02,2026-05-03,0646,A,70,6.1NRT,303.08,9.9,D
-17.18588,124.30167,317.26,2.32,1.47,2026-05-03,0646,A,50,6.1NRT,300.67,23.99,D
-16.10963,132.24335,313.12,1.05,1.02,2026-05-03,0648,A,36,6.1NRT,300.31,4.7,D
-16.11111,132.23383,314.05,1.05,1.02,2026-05-03,0648,A,50,6.1NRT,300.16,5.63,D
-16.13307,132.0916,319.88,1.04,1.02,2026-05-03,0648,A,65,6.1NRT,301.4,10.62,D
-16.13453,132.08217,314.37,1.04,1.02,2026-05-03,0648,A,15,6.1NRT,300.2,5.52,D
-16.15041,131.97878,325.44,1.03,1.02,2026-05-03,0648,A,77,6.1NRT,302.72,15.72,D
-16.15185,131.96941,315.34,1.03,1.02,2026-05-03,0648,A,39,6.1NRT,301.98,5.35,D
-16.12335,132.09398,313.42,1.04,1.02,2026-05-03,0648,A,30,6.1NRT,301.21,4.87,D
-16.12478,132.08453,322.02,1.04,1.02,2026-05-03,0648,A,73,6.1NRT,301.48,13.07,D
-16.09278,132.23486,314.65,1.05,1.02,2026-05-03,0648,A,40,6.1NRT,301.64,5.9,D
-16.09655,132.08951,314.76,1.04,1.02,2026-05-03,0648,A,57,6.1NRT,301.75,6.28,D
-17.15652,124.22792,322.83,2.35,1.48,2026-05-03,0648,A,68,6.1NRT,300.03,44.51,D
-16.89886,126.16129,318.07,1.66,1.27,2026-05-03,0648,A,46,6.1NRT,300.15,18.43,D
-15.4861,130.03627,321.41,1.01,1.01,2026-05-03,0648,A,63,6.1NRT,303.05,9.65,D
-15.47727,130.03488,325.18,1.01,1.01,2026-05-03,0648,A,50,6.1NRT,304.68,12.5,D
-15.4786,130.0257,322.96,1.01,1.01,2026-05-03,0648,A,25,6.1NRT,304.27,9.78,D
-15.45962,130.03207,322.53,1.01,1.01,2026-05-03,0648,A,39,6.1NRT,305.18,8.87,D
-15.50926,129.55649,323.08,1.04,1.02,2026-05-03,0648,A,72,6.1NRT,305.71,10.24,D
-15.53089,129.33727,319.15,1.05,1.02,2026-05-03,0648,A,61,6.1NRT,301.09,8.36,D
-15.44533,129.6739,319.53,1.03,1.01,2026-05-03,0648,A,31,6.1NRT,304.37,7.48,D
-15.40047,129.73352,317.56,1.03,1.01,2026-05-03,0648,A,26,6.1NRT,303.16,6.64,D
-15.384,129.72163,318.74,1.03,1.01,2026-05-03,0648,A,43,6.1NRT,306.44,6.69,D
-15.85107,126.20717,316,1.59,1.24,2026-05-03,0648,A,61,6.1NRT,300.09,15.59,D
-15.98605,125.14351,315.02,1.91,1.35,2026-05-03,0648,A,30,6.1NRT,299.36,13.39,D
-15.68192,125.34922,323.34,1.83,1.32,2026-05-03,0648,A,75,6.1NRT,301.22,31.06,D
-15.68326,125.35918,319.47,1.82,1.32,2026-05-03,0648,A,58,6.1NRT,301.52,19.54,D
-15.68532,125.34308,320.79,1.83,1.32,2026-05-03,0648,A,68,6.1NRT,301.06,23.04,D
-15.31676,126.72937,332.95,1.43,1.18,2026-05-03,0648,A,75,6.1NRT,300.67,45.85,D
-15.3188,126.73624,335.52,1.43,1.18,2026-05-03,0648,A,75,6.1NRT,299.38,48.38,D
-15.23277,127.14555,334.16,1.34,1.15,2026-05-03,0648,A,74,6.1NRT,297.54,40.24,D
-15.20624,127.19084,347.42,1.33,1.14,2026-05-03,0648,A,94,6.1NRT,301.58,72.43,D
-15.20941,127.16685,319.05,1.34,1.15,2026-05-03,0648,A,26,6.1NRT,297.25,12.49,D
-15.21578,127.11853,319.16,1.35,1.15,2026-05-03,0648,A,57,6.1NRT,300.13,15.32,D
-15.21053,127.08015,337.71,1.35,1.15,2026-05-03,0648,A,88,6.1NRT,302.47,49.53,D
-15.17693,126.9566,313.6,1.38,1.16,2026-05-03,0648,A,50,6.1NRT,300.51,7.13,D
-15.14673,127.02768,322.7,1.36,1.16,2026-05-03,0648,A,74,6.1NRT,302.82,18.81,D
-15.0173,127.15218,320.46,1.33,1.14,2026-05-03,0648,A,66,6.1NRT,301.14,15.92,D
-15.14341,126.17823,314.68,1.56,1.23,2026-05-03,0648,A,59,6.1NRT,301.17,10.97,D
-14.53582,130.3468,324.54,1,1,2026-05-03,0648,A,77,6.1NRT,299.68,16.18,D
-14.98489,127.01796,317.42,1.36,1.15,2026-05-03,0648,A,58,6.1NRT,302.78,12.3,D
-14.98656,127.00555,323.76,1.36,1.15,2026-05-03,0648,A,71,6.1NRT,300.96,21.86,D
-14.94367,127.17253,318.68,1.32,1.14,2026-05-03,0648,A,53,6.1NRT,302.81,13.04,D
-15.03694,126.46528,315.11,1.48,1.2,2026-05-03,0648,A,40,6.1NRT,299.77,10.49,D
-15.03867,126.45197,314.86,1.48,1.2,2026-05-03,0648,A,47,6.1NRT,299.3,9.98,D
-14.80984,127.10453,315.46,1.33,1.14,2026-05-03,0648,A,39,6.1NRT,302.5,7.88,D
-13.99937,132.50172,319.91,1.12,1.06,2026-05-03,0648,A,55,6.1NRT,298.37,15.25,D
-14.77449,127.06248,319.31,1.34,1.15,2026-05-03,0648,A,70,6.1NRT,301.88,13.61,D
-14.77612,127.05029,321.23,1.34,1.15,2026-05-03,0648,A,73,6.1NRT,301.42,16.91,D
-14.76989,126.86194,317.52,1.38,1.16,2026-05-03,0648,A,63,6.1NRT,300.93,13.28,D
-14.77152,126.84943,318.82,1.38,1.16,2026-05-03,0648,A,59,6.1NRT,301.14,15.31,D
-14.78773,126.26023,316.76,1.52,1.22,2026-05-03,0648,A,63,6.1NRT,298.18,13.21,D
-13.99313,130.4055,324.25,1,1,2026-05-03,0648,A,78,6.1NRT,302.54,13.61,D
-13.96433,130.40456,317.89,1,1,2026-05-03,0648,A,69,6.1NRT,302.32,7.72,D
-13.94989,130.31955,315.77,1,1,2026-05-03,0648,A,61,6.1NRT,301.23,5.81,D
-13.95121,130.31056,317.28,1,1,2026-05-03,0648,A,68,6.1NRT,300.32,7.48,D
-13.94243,130.30919,315.99,1,1,2026-05-03,0648,A,47,6.1NRT,301.42,6.14,D
-14.48119,126.3376,312.8,1.48,1.2,2026-05-03,0648,A,29,6.1NRT,294.83,11.47,D
-13.38123,131.21678,311.38,1.03,1.01,2026-05-03,0648,A,52,6.1NRT,297.48,5.17,D
-13.18942,132.41594,347.35,1.14,1.06,2026-05-03,0648,A,94,6.1NRT,300.64,60.24,D
-13.19099,132.40575,328.71,1.13,1.06,2026-05-03,0648,A,82,6.1NRT,299.27,24.46,D
-13.9374,126.90054,319.04,1.34,1.15,2026-05-03,0648,A,32,6.1NRT,300.8,12.46,D
-13.91413,126.92173,331.75,1.33,1.14,2026-05-03,0648,A,65,6.1NRT,301.46,30.45,D
-13.90069,126.95057,340.1,1.32,1.14,2026-05-03,0648,A,90,6.1NRT,301.31,50.26,D
-13.90231,126.9387,332.28,1.33,1.14,2026-05-03,0648,A,51,6.1NRT,301.09,30.61,D
-13.87939,127.03207,319.5,1.31,1.13,2026-05-03,0648,A,54,6.1NRT,299.8,13.02,D
-13.88099,127.02032,328.77,1.31,1.14,2026-05-03,0648,A,82,6.1NRT,301.15,28.09,D
-13.87101,127.01888,319.86,1.31,1.14,2026-05-03,0648,A,49,6.1NRT,300.88,13.58,D
-13.88868,126.88815,323.49,1.34,1.15,2026-05-03,0648,A,20,6.1NRT,300.46,17.19,D
-13.85371,126.91974,323.77,1.33,1.14,2026-05-03,0648,A,67,6.1NRT,301.11,18.13,D
-13.83269,127.0013,318.71,1.31,1.14,2026-05-03,0648,A,17,6.1NRT,299.18,12.03,D
-13.83426,126.98949,323.67,1.31,1.14,2026-05-03,0648,A,58,6.1NRT,300.13,19.24,D
-13.85959,126.79765,320.93,1.35,1.15,2026-05-03,0648,A,43,6.1NRT,300.11,15.85,D
-13.83364,126.91681,325.03,1.33,1.14,2026-05-03,0648,A,46,6.1NRT,301.45,19.2,D
-13.81407,126.90742,316.05,1.33,1.14,2026-05-03,0648,A,35,6.1NRT,300.6,8.72,D
-13.82389,126.83539,318.83,1.34,1.15,2026-05-03,0648,A,26,6.1NRT,300.64,11.66,D
-12.96234,132.50252,316.82,1.15,1.07,2026-05-03,0648,A,68,6.1NRT,300.34,9.45,D
-12.408,130.99448,315.16,1.03,1.01,2026-05-03,0648,A,62,6.1NRT,298.62,6.22,D
-11.49914,130.52951,339.75,1.01,1.01,2026-05-03,0648,A,90,6.1NRT,300.72,36.76,D
-11.49032,130.52815,316.06,1.01,1.01,2026-05-03,0648,A,18,6.1NRT,300.73,6.99,D
-20.73411,139.47659,306.98,1.04,1.02,2026-05-03,1142,T,70,6.1NRT,295.04,5.7,N
-18.7447,134.26318,345.05,2.02,1.39,2026-05-03,1145,T,100,6.1NRT,294.75,144.6,N
-18.74662,134.24445,351.03,2.03,1.39,2026-05-03,1145,T,100,6.1NRT,295.08,179.4,N
-18.74855,134.22566,313.56,2.04,1.39,2026-05-03,1145,T,87,6.1NRT,292.32,32.58,N
-18.75546,134.23901,323.01,2.03,1.39,2026-05-03,1145,T,100,6.1NRT,293.62,57.38,N
-18.73909,134.27495,345.37,2.02,1.38,2026-05-03,1145,T,100,6.1NRT,294.64,146.29,N
-18.74114,134.25629,352.14,2.02,1.39,2026-05-03,1145,T,100,6.1NRT,295.32,186.22,N
-18.74319,134.23758,330.09,2.03,1.39,2026-05-03,1145,T,100,6.1NRT,293.21,80.43,N
-18.72483,134.29211,324.44,2.01,1.38,2026-05-03,1145,T,100,6.1NRT,292.88,60.64,N
-18.72686,134.27351,316.28,2.02,1.38,2026-05-03,1145,T,93,6.1NRT,292.49,38.19,N
-29.22648,148.28934,305.28,1.66,1.27,2026-05-03,1138,T,64,6.1NRT,285.2,15.7,N
-29.2244,148.30049,306.37,1.66,1.27,2026-05-03,1138,T,68,6.1NRT,286.7,18.32,N
-33.78225,116.57818,320.36,1.15,1.07,2026-05-03,1316,T,100,6.1NRT,283,26.39,N
-32.39613,117.51111,310.84,1.04,1.02,2026-05-03,1316,T,81,6.1NRT,283.68,14.22,N
-30.23063,115.18028,319.73,1.23,1.1,2026-05-03,1318,T,99,6.1NRT,284.08,27.7,N
-30.2321,115.16751,310.86,1.23,1.1,2026-05-03,1318,T,81,6.1NRT,284.08,17.71,N
-21.65575,122.26283,313.88,1.9,1.35,2026-05-03,1321,T,66,6.1NRT,289.45,31.28,N
-21.65878,122.27625,304,1.9,1.35,2026-05-03,1321,T,25,6.1NRT,288.72,14.6,N
-21.66185,122.25841,306.71,1.9,1.35,2026-05-03,1321,T,43,6.1NRT,289.61,19.05,N
-21.65006,122.25594,313.03,1.9,1.35,2026-05-03,1321,T,45,6.1NRT,289.58,28.73,N
-21.57663,122.21595,300.69,1.89,1.34,2026-05-03,1321,T,26,6.1NRT,289.92,10.69,N
-20.6174,116.76828,308.07,1.01,1,2026-05-03,1323,T,58,6.1NRT,295.21,6.35,N
-18.71677,121.7531,309.5,1.99,1.38,2026-05-03,1323,T,36,6.1NRT,292.84,19.98,N
-18.71996,121.73488,309.19,1.98,1.37,2026-05-03,1323,T,50,6.1NRT,293.03,19.18,N
-17.15498,124.98465,303.83,3.78,1.82,2026-05-03,1323,T,57,6.1NRT,292.23,27.52,N
-19.52593,169.44667,310.83,1.1,1.04,2026-05-03,1558,A,72,6.1NRT,291.56,11.41,N
-23.70784,150.81221,315.25,1,1,2026-05-03,2235,T,74,6.1NRT,295.08,11.21,D
-24.45181,148.34158,306.89,1.14,1.07,2026-05-03,2235,T,44,6.1NRT,293.91,5.68,D
-24.46123,148.33984,307.88,1.14,1.07,2026-05-03,2235,T,64,6.1NRT,293.9,6.69,D
-28.01574,148.63303,305.72,1.04,1.02,2026-05-03,2237,T,59,6.1NRT,292.69,4.82,D
-28.57525,150.12503,323.84,1,1,2026-05-03,2237,T,82,6.1NRT,293.31,19.84,D
-37.29517,148.2256,300.02,1.01,1,2026-05-03,2240,T,20,6.1NRT,284.28,5.83,D
-37.29669,148.23674,314.46,1.01,1,2026-05-03,2240,T,75,6.1NRT,284.94,15.32,D
-11.49166,130.52733,314.71,1.06,1.03,2026-05-04,0009,T,57,6.1NRT,299.04,7.93,D
-14.07911,131.87877,312.62,1.32,1.14,2026-05-04,0011,T,54,6.1NRT,297.81,7.31,D
-13.96333,123.32234,314.56,1.76,1.3,2026-05-04,0011,T,61,6.1NRT,295.23,21.88,D
-15.43661,129.69423,312.7,1.06,1.03,2026-05-04,0011,T,56,6.1NRT,299.32,5.88,D
-15.51173,129.56944,316.68,1.05,1.02,2026-05-04,0011,T,66,6.1NRT,299.53,8.35,D
-15.20809,127.11429,313.92,1.03,1.02,2026-05-04,0011,T,62,6.1NRT,298.09,7.8,D
-15.25067,126.47539,313.05,1.08,1.04,2026-05-04,0011,T,24,6.1NRT,300.72,5.85,D
-15.71003,127.64148,330.83,1.01,1,2026-05-04,0011,T,84,6.1NRT,300.52,22.89,D
-15.49721,125.96381,326.41,1.13,1.06,2026-05-04,0011,T,81,6.1NRT,298.68,23.43,D
-15.49877,125.97408,326.97,1.13,1.06,2026-05-04,0011,T,81,6.1NRT,297.5,24.69,D
-15.85845,126.22365,310.72,1.09,1.04,2026-05-04,0011,T,44,6.1NRT,298.41,5.43,D
-16.08192,127.4754,318.8,1.01,1,2026-05-04,0011,T,61,6.1NRT,300.05,9.47,D
-16.08326,127.4846,340.76,1.01,1,2026-05-04,0011,T,90,6.1NRT,299.76,38.05,D
-16.09213,127.48323,330.42,1.01,1,2026-05-04,0011,T,84,6.1NRT,299.12,22.42,D
-16.10101,127.48187,313.71,1.01,1,2026-05-04,0011,T,19,6.1NRT,298.25,5.03,D
-16.89862,126.26253,319.06,1.07,1.03,2026-05-04,0011,T,73,6.1NRT,299.77,11.77,D
-16.9001,126.27234,310.38,1.07,1.03,2026-05-04,0011,T,43,6.1NRT,298.37,4.15,D
-17.34937,128.47961,316.7,1.01,1.01,2026-05-04,0011,T,69,6.1NRT,300.77,8.08,D
-17.35068,128.48895,328.69,1.01,1.01,2026-05-04,0011,T,82,6.1NRT,299.8,20.67,D
-17.1515,124.97372,312.45,1.21,1.1,2026-05-04,0011,T,36,6.1NRT,298.99,7.03,D
-17.14275,124.21076,318.2,1.35,1.15,2026-05-04,0011,T,73,6.1NRT,297.09,17.7,D
-17.14473,124.22314,313.35,1.34,1.15,2026-05-04,0011,T,29,6.1NRT,297.42,10.74,D
-17.15289,124.20899,327.52,1.35,1.15,2026-05-04,0011,T,78,6.1NRT,296.95,30.89,D
-17.15487,124.22139,327.03,1.34,1.15,2026-05-04,0011,T,66,6.1NRT,298.42,29.01,D
-17.2837,124.70614,320.11,1.25,1.11,2026-05-04,0011,T,36,6.1NRT,296.87,16.61,D
-17.27038,124.43182,314.34,1.3,1.13,2026-05-04,0011,T,67,6.1NRT,296.84,11.26,D
-17.27229,124.44379,312.45,1.3,1.13,2026-05-04,0011,T,54,6.1NRT,297.8,8.57,D
-17.28226,124.44209,325.17,1.3,1.13,2026-05-04,0011,T,81,6.1NRT,297.16,25.75,D
-17.29656,124.40274,330.74,1.3,1.13,2026-05-04,0011,T,85,6.1NRT,298.16,36.3,D
-17.30782,124.47437,310,1.29,1.13,2026-05-04,0011,T,39,6.1NRT,297.24,7.26,D
-17.30655,124.40102,312.25,1.3,1.13,2026-05-04,0011,T,32,6.1NRT,296.56,9.11,D
-17.30755,124.40704,316.87,1.3,1.13,2026-05-04,0011,T,69,6.1NRT,296.47,15.19,D
-17.38083,124.16312,321.77,1.34,1.15,2026-05-04,0011,T,78,6.1NRT,297.83,22.59,D
-17.81687,125.81013,315.4,1.09,1.04,2026-05-04,0011,T,68,6.1NRT,298.69,8.69,D
-17.81842,125.82017,313.14,1.09,1.04,2026-05-04,0011,T,54,6.1NRT,299.46,6.35,D
-17.53171,123.82593,345.34,1.4,1.17,2026-05-04,0011,T,93,6.1NRT,299.04,80.02,D
-17.53997,123.81123,348.99,1.41,1.17,2026-05-04,0011,T,95,6.1NRT,297.98,90.65,D
-17.54207,123.82417,370.66,1.4,1.17,2026-05-04,0011,T,100,6.1NRT,302.67,187.98,D
-17.54416,123.83709,322.18,1.4,1.17,2026-05-04,0011,T,79,6.1NRT,297.25,25.56,D
-17.55242,123.82236,347.95,1.4,1.17,2026-05-04,0011,T,95,6.1NRT,297.9,87.12,D
-17.55451,123.8353,326.68,1.4,1.17,2026-05-04,0011,T,82,6.1NRT,297.96,32.2,D
-17.65382,123.81173,352.35,1.4,1.17,2026-05-04,0011,T,97,6.1NRT,299.3,103.68,D
-17.6559,123.82465,320.39,1.4,1.17,2026-05-04,0011,T,75,6.1NRT,297.95,21.57,D
-17.66416,123.80993,360.21,1.4,1.17,2026-05-04,0011,T,100,6.1NRT,298.18,132.56,D
-17.66623,123.82285,360.76,1.4,1.17,2026-05-04,0011,T,100,6.1NRT,299.76,133.37,D
-17.67656,123.82107,339.07,1.4,1.17,2026-05-04,0011,T,90,6.1NRT,298.01,55.65,D
-17.69888,123.96152,311.31,1.37,1.16,2026-05-04,0011,T,64,6.1NRT,296.78,9.83,D
-17.67231,123.8152,334.72,1.4,1.17,2026-05-04,0011,T,88,6.1NRT,297.2,48.28,D
-17.67445,123.8281,324.08,1.4,1.17,2026-05-04,0011,T,75,6.1NRT,298.17,25.69,D
-17.68478,123.82635,316.44,1.4,1.17,2026-05-04,0011,T,37,6.1NRT,296.69,14.93,D
-17.70788,123.96635,353.7,1.37,1.16,2026-05-04,0011,T,97,6.1NRT,299.07,102.8,D
-17.70995,123.97892,330.97,1.36,1.16,2026-05-04,0011,T,86,6.1NRT,297.65,39.09,D
-17.72017,123.97717,313.03,1.36,1.16,2026-05-04,0011,T,58,6.1NRT,296.99,10.96,D
-17.88548,124.87949,310.22,1.2,1.09,2026-05-04,0011,T,59,6.1NRT,296.42,7.26,D
-17.77337,123.91604,327.02,1.37,1.16,2026-05-04,0011,T,83,6.1NRT,297.13,30.6,D
-17.78563,123.9269,319.79,1.37,1.16,2026-05-04,0011,T,70,6.1NRT,297.01,18.95,D
-17.78241,123.92126,325.81,1.37,1.16,2026-05-04,0011,T,71,6.1NRT,296.82,28.92,D
-17.77794,123.01089,311.67,1.58,1.24,2026-05-04,0011,T,42,6.1NRT,295.08,13.06,D
-17.78036,123.02544,316.51,1.58,1.24,2026-05-04,0011,T,46,6.1NRT,295.77,19.42,D
-17.79126,123.02343,347.62,1.58,1.24,2026-05-04,0011,T,95,6.1NRT,297.01,100.97,D
-17.79366,123.03794,334.68,1.57,1.24,2026-05-04,0011,T,88,6.1NRT,296.12,57.82,D
-17.79605,123.05238,315.71,1.57,1.23,2026-05-04,0011,T,45,6.1NRT,295.53,17.63,D
-17.80694,123.05044,326.15,1.57,1.23,2026-05-04,0011,T,81,6.1NRT,297.18,37.22,D
-18.71502,121.71223,331.82,1.89,1.34,2026-05-04,0011,T,56,6.1NRT,295.71,65.94,D
-18.72392,121.72263,332.17,1.88,1.34,2026-05-04,0011,T,87,6.1NRT,296.25,68.23,D
-18.73002,121.75724,311.93,1.87,1.34,2026-05-04,0011,T,54,6.1NRT,295.48,18.33,D
-18.73306,121.77451,307.18,1.86,1.33,2026-05-04,0011,T,52,6.1NRT,293.99,11.02,D
-18.73877,121.73771,330.05,1.87,1.34,2026-05-04,0011,T,85,6.1NRT,295.97,60.57,D
-21.58702,122.22253,324.85,1.53,1.22,2026-05-04,0013,T,83,6.1NRT,292.63,38.91,D
-21.5895,122.23691,309.65,1.53,1.22,2026-05-04,0013,T,67,6.1NRT,292.2,13.18,D
-21.6144,122.18749,318.81,1.54,1.22,2026-05-04,0013,T,78,6.1NRT,290.86,27.95,D
-21.61687,122.20202,396.39,1.54,1.22,2026-05-04,0013,T,100,6.1NRT,300.42,432.17,D
-21.61934,122.21651,340.48,1.53,1.22,2026-05-04,0013,T,92,6.1NRT,295.31,75.93,D
-21.62766,122.2,351.68,1.54,1.22,2026-05-04,0013,T,96,6.1NRT,292.05,118.65,D
-21.63011,122.21451,397.56,1.53,1.22,2026-05-04,0013,T,100,6.1NRT,299.04,440.38,D
-21.63256,122.2289,343.64,1.53,1.22,2026-05-04,0013,T,93,6.1NRT,295.03,86.11,D
-21.64328,122.22669,340.48,1.53,1.22,2026-05-04,0013,T,92,6.1NRT,292.69,75.61,D
-21.6457,122.24102,326.73,1.53,1.22,2026-05-04,0013,T,84,6.1NRT,293.33,39.4,D
-22.25495,124.2223,303.35,1.15,1.07,2026-05-04,0013,T,48,6.1NRT,293.06,4.7,D
-22.26438,124.22063,332.7,1.15,1.07,2026-05-04,0013,T,88,6.1NRT,293.26,37.78,D
-23.45785,129.99425,324.13,1.32,1.14,2026-05-04,0013,T,83,6.1NRT,293.48,30.86,D
-19.52973,169.44328,319.8,1.1,1.05,2026-05-04,0408,A,41,6.1NRT,293.06,17.13,D
-41.13959,175.9985,346.25,1.03,1.01,2026-05-04,0402,A,94,6.1NRT,287.59,59.3,D
-41.14122,175.98657,301.68,1.03,1.01,2026-05-04,0402,A,48,6.1NRT,285.69,6.87,D
-41.02662,175.61034,302.7,1.04,1.02,2026-05-04,0402,A,53,6.1NRT,286.21,7.45,D
-39.90162,176.60196,334.03,1,1,2026-05-04,0402,A,89,6.1NRT,286.82,36.42,D
-39.19056,175.22676,300.01,1.04,1.02,2026-05-04,0402,A,17,6.1NRT,283.77,6.68,D
-24.55028,152.03568,335.96,1.4,1.17,2026-05-04,0544,A,89,6.1NRT,295.71,56.9,D
-24.46939,148.34244,324.37,1,1,2026-05-04,0544,A,67,6.1NRT,299.11,16.88,D
-24.46059,148.34084,373.57,1,1,2026-05-04,0544,A,94,6.1NRT,302.49,123,D
-23.75715,151.2511,307.77,1.29,1.13,2026-05-04,0544,A,23,6.1NRT,295.53,6.21,D
-23.7452,151.26135,317.01,1.29,1.13,2026-05-04,0544,A,71,6.1NRT,296.11,17.1,D
-23.74728,151.24904,330.5,1.29,1.13,2026-05-04,0544,A,85,6.1NRT,296.89,38.45,D
-23.64307,151.13235,311.14,1.28,1.12,2026-05-04,0544,A,56,6.1NRT,296,10.31,D
-23.85475,149.16212,319.86,1.04,1.02,2026-05-04,0544,A,74,6.1NRT,297.1,15.04,D
-23.85789,149.14212,313.66,1.04,1.02,2026-05-04,0544,A,44,6.1NRT,295.92,9.6,D
-19.12648,144.0128,312.24,1.19,1.08,2026-05-04,0546,A,60,6.1NRT,298.95,8.37,D
-19.11626,143.49055,315.1,1.27,1.12,2026-05-04,0546,A,67,6.1NRT,299.3,10.73,D
-19.11333,143.49553,312.47,1.26,1.12,2026-05-04,0546,A,61,6.1NRT,298.95,7.84,D
-18.18247,144.64581,308.89,1.09,1.04,2026-05-04,0546,A,38,6.1NRT,291.92,7.06,D
-17.46285,144.92245,305.51,1.05,1.02,2026-05-04,0546,A,44,6.1NRT,286.28,7.76,D
-17.48612,143.96347,318.87,1.14,1.07,2026-05-04,0546,A,72,6.1NRT,301.75,13.26,D
-11.8734,142.01451,305.86,1.26,1.11,2026-05-04,0548,A,42,6.1NRT,280.15,7.24,D
-41.81514,147.29317,315.96,1.5,1.21,2026-05-04,0540,A,76,6.1NRT,283.97,28.49,D
-41.81688,147.27521,301.15,1.51,1.21,2026-05-04,0540,A,22,6.1NRT,283.19,9.85,D
-41.81282,147.2876,314.2,1.5,1.21,2026-05-04,0540,A,74,6.1NRT,283.15,27.32,D
-35.89401,149.98376,317.79,1.02,1.01,2026-05-04,0542,A,74,6.1NRT,289.5,15.86,D
-28.67253,149.93823,311.17,1.02,1.01,2026-05-04,0544,A,44,6.1NRT,298.19,4.31,D
-28.0287,151.19981,317.03,1.12,1.06,2026-05-04,0544,A,73,6.1NRT,299.71,11.43,D
-28.03051,151.18875,313.76,1.12,1.06,2026-05-04,0544,A,68,6.1NRT,298.95,7.88,D
-28.40671,148.63054,320.18,1,1,2026-05-04,0544,A,78,6.1NRT,286.06,15.92,D
-28.13852,146.49362,313.58,1.13,1.06,2026-05-04,0544,A,60,6.1NRT,294.16,8.5,D
-28.13998,146.48238,317.62,1.13,1.06,2026-05-04,0544,A,76,6.1NRT,292.62,12.56,D
-33.6208,117.39339,304.42,2.5,1.52,2026-05-04,0722,A,0,6.1NRT,285.58,21.28,D
-33.5708,117.67477,303.79,2.39,1.49,2026-05-04,0722,A,54,6.1NRT,289.37,16.98,D
-33.57416,117.66813,301.86,2.39,1.49,2026-05-04,0722,A,21,6.1NRT,288.66,11.21,D
-33.47683,118.17212,335.91,2.2,1.44,2026-05-04,0722,A,85,6.1NRT,290.24,113.44,D
-33.47892,118.1486,318.79,2.21,1.44,2026-05-04,0722,A,69,6.1NRT,288.31,48.75,D
-33.27724,118.08793,312.95,2.22,1.44,2026-05-04,0722,A,73,6.1NRT,292.84,31.95,D
-33.2644,118.08657,306.79,2.22,1.44,2026-05-04,0722,A,44,6.1NRT,292.25,17.95,D
-33.26556,118.08209,311.62,2.22,1.44,2026-05-04,0722,A,65,6.1NRT,292.32,28.09,D
-33.11156,117.32618,312.24,2.49,1.52,2026-05-04,0722,A,72,6.1NRT,290.13,35.41,D
-32.98589,117.86836,308.85,2.28,1.46,2026-05-04,0722,A,18,6.1NRT,291.19,21.34,D
-32.98511,117.88535,309.67,2.27,1.46,2026-05-04,0722,A,69,6.1NRT,291.58,25.69,D
-32.98727,117.86139,307.89,2.28,1.46,2026-05-04,0722,A,66,6.1NRT,291.11,22.49,D
-32.74219,117.84412,305.18,2.27,1.46,2026-05-04,0722,A,61,6.1NRT,291.49,16.78,D
-32.74426,117.82006,325.44,2.28,1.46,2026-05-04,0722,A,84,6.1NRT,292.51,74.3,D
-32.72925,117.84238,301.83,2.27,1.46,2026-05-04,0722,A,46,6.1NRT,291.59,10.23,D
-32.75061,117.4232,303.07,2.43,1.5,2026-05-04,0722,A,55,6.1NRT,291.08,14.54,D
-32.74652,117.81525,312.57,2.28,1.46,2026-05-04,0722,A,58,6.1NRT,292.21,31.26,D
-32.73135,117.8376,309.9,2.27,1.46,2026-05-04,0722,A,40,6.1NRT,291.7,24.22,D
-32.73354,117.81371,308.15,2.28,1.46,2026-05-04,0722,A,28,6.1NRT,290.96,20.66,D
-32.71611,117.71477,302.61,2.31,1.47,2026-05-04,0722,A,53,6.1NRT,290.83,13.81,D
-32.71826,117.69045,301.29,2.32,1.47,2026-05-04,0722,A,46,6.1NRT,291.23,11.54,D
-32.66927,117.48445,305.3,2.4,1.49,2026-05-04,0722,A,61,6.1NRT,290.08,20.33,D
-32.67132,117.45946,303.61,2.41,1.5,2026-05-04,0722,A,56,6.1NRT,289.84,17.92,D
-32.67268,117.47803,306.76,2.4,1.49,2026-05-04,0722,A,64,6.1NRT,290.14,23.8,D
-32.6749,117.45309,303.25,2.41,1.5,2026-05-04,0722,A,55,6.1NRT,290.11,16.83,D
-32.57872,117.31389,302.76,2.46,1.51,2026-05-04,0722,A,38,6.1NRT,291.7,14.43,D
-32.58081,117.28782,306.52,2.47,1.51,2026-05-04,0722,A,64,6.1NRT,291.63,22.24,D
-32.6207,116.77535,321.62,2.68,1.57,2026-05-04,0722,A,81,6.1NRT,293.06,74.85,D
-32.57066,117.30779,304.04,2.46,1.51,2026-05-04,0722,A,58,6.1NRT,291.58,19.02,D
-32.61351,116.7981,313.08,2.66,1.57,2026-05-04,0722,A,73,6.1NRT,292.96,43.91,D
-32.61583,116.76982,328.76,2.68,1.57,2026-05-04,0722,A,86,6.1NRT,293.42,110.71,D
-32.52396,117.11072,306.35,2.53,1.53,2026-05-04,0722,A,63,6.1NRT,292.74,21.46,D
-32.46303,117.18327,304.42,2.5,1.52,2026-05-04,0722,A,59,6.1NRT,292.18,18.02,D
-32.46521,117.15715,312.57,2.51,1.52,2026-05-04,0722,A,73,6.1NRT,292.44,39.16,D
-32.27946,116.88101,314.68,2.61,1.55,2026-05-04,0722,A,75,6.1NRT,293.98,47.5,D
-32.28162,116.8539,322.91,2.62,1.55,2026-05-04,0722,A,82,6.1NRT,293.5,78.65,D
-32.28736,116.87705,308.87,2.61,1.55,2026-05-04,0722,A,51,6.1NRT,292.72,26.68,D
-32.28972,116.8498,305.57,2.62,1.55,2026-05-04,0722,A,20,6.1NRT,292.19,17.72,D
-32.27358,116.87554,312.78,2.61,1.55,2026-05-04,0722,A,73,6.1NRT,293.66,38.9,D
-32.02578,119.23953,305.46,1.79,1.31,2026-05-04,0722,A,24,6.1NRT,291.75,12.04,D
-32.01418,119.23788,316.01,1.79,1.31,2026-05-04,0722,A,76,6.1NRT,292.55,30.49,D
-32.14456,117.58588,322.63,2.32,1.47,2026-05-04,0722,A,82,6.1NRT,292.78,65.91,D
-32.14665,117.56173,312.76,2.33,1.48,2026-05-04,0722,A,73,6.1NRT,291.43,35.31,D
-31.84402,118.75507,305.85,1.91,1.35,2026-05-04,0722,A,62,6.1NRT,294.21,12.23,D
-31.65077,117.01058,310.09,2.51,1.52,2026-05-04,0722,A,64,6.1NRT,294.16,26.74,D
-31.63505,117.03532,309.87,2.5,1.52,2026-05-04,0722,A,69,6.1NRT,294.4,27.29,D
-31.63724,117.00901,309.98,2.51,1.52,2026-05-04,0722,A,69,6.1NRT,293.97,27.66,D
-31.64017,117.02885,321.2,2.5,1.52,2026-05-04,0722,A,80,6.1NRT,295.1,61.27,D
-31.64254,117.00253,310.47,2.51,1.52,2026-05-04,0722,A,19,6.1NRT,293.94,26.58,D
-31.48671,116.46236,335.74,2.73,1.58,2026-05-04,0722,A,89,6.1NRT,294.83,151.64,D
-31.47913,116.48272,313.77,2.71,1.58,2026-05-04,0722,A,73,6.1NRT,293.87,44.41,D
-31.48155,116.45407,328.65,2.73,1.58,2026-05-04,0722,A,85,6.1NRT,294.59,110.1,D
-31.43024,116.5618,318.42,2.68,1.57,2026-05-04,0722,A,78,6.1NRT,295.08,58.93,D
-31.43252,116.5339,326.71,2.69,1.57,2026-05-04,0722,A,84,6.1NRT,296.45,95.75,D
-31.41631,116.56023,350.99,2.68,1.57,2026-05-04,0722,A,96,6.1NRT,296.29,258.42,D
-31.41858,116.5321,366.51,2.69,1.57,2026-05-04,0722,A,100,6.1NRT,299.23,432.39,D
-31.41133,116.55482,327.06,2.68,1.57,2026-05-04,0722,A,84,6.1NRT,295.55,94.51,D
-31.41378,116.52665,326.74,2.69,1.57,2026-05-04,0722,A,84,6.1NRT,296.16,93.45,D
-31.21766,116.60963,304.56,2.64,1.56,2026-05-04,0722,A,56,6.1NRT,294.08,16.75,D
-30.74424,116.87501,306.07,2.5,1.52,2026-05-04,0722,A,60,6.1NRT,295.45,16.68,D
-30.77442,116.33781,321.67,2.73,1.58,2026-05-04,0722,A,80,6.1NRT,294.74,74.83,D
-30.76673,116.35842,307.95,2.71,1.58,2026-05-04,0722,A,64,6.1NRT,294.8,24.91,D
-30.76913,116.33037,314.26,2.73,1.58,2026-05-04,0722,A,73,6.1NRT,294.71,45.58,D
-30.61979,116.36588,345.16,2.7,1.57,2026-05-04,0722,A,94,6.1NRT,296.48,212.51,D
-30.62209,116.33786,321.25,2.71,1.58,2026-05-04,0722,A,80,6.1NRT,295.52,70.37,D
-30.6142,116.35793,343.5,2.7,1.57,2026-05-04,0722,A,93,6.1NRT,297.55,196.87,D
-30.41526,116.13342,323.48,2.79,1.6,2026-05-04,0722,A,82,6.1NRT,295.69,83.35,D
-30.41751,116.10458,318.74,2.8,1.6,2026-05-04,0722,A,78,6.1NRT,295.34,62.05,D
-30.42513,116.12685,326.88,2.79,1.6,2026-05-04,0722,A,84,6.1NRT,295.56,100.5,D
-30.42758,116.09809,306.26,2.8,1.6,2026-05-04,0722,A,59,6.1NRT,294.53,19.47,D
-30.38845,115.48718,315.3,3.09,1.67,2026-05-04,0722,A,74,6.1NRT,294.99,58.02,D
-30.37365,115.48523,332.09,3.09,1.67,2026-05-04,0722,A,87,6.1NRT,295.92,149.1,D
-30.37594,115.45394,307.24,3.11,1.67,2026-05-04,0722,A,32,6.1NRT,294.14,24.84,D
-30.38886,115.48257,312.76,3.09,1.67,2026-05-04,0722,A,71,6.1NRT,294.81,48.24,D
-30.37406,115.48068,334.53,3.09,1.67,2026-05-04,0722,A,89,6.1NRT,296.04,167.05,D
-30.17608,116.0886,314.5,2.79,1.6,2026-05-04,0722,A,73,6.1NRT,295.6,47.62,D
-30.09378,116.91024,314.81,2.44,1.51,2026-05-04,0722,A,74,6.1NRT,296.62,37.63,D
-30.09859,116.90592,313.44,2.44,1.51,2026-05-04,0722,A,72,6.1NRT,296.16,33.94,D
-30.17257,116.08341,313.92,2.79,1.6,2026-05-04,0722,A,72,6.1NRT,295.83,44.91,D
-30.13697,116.16543,306.02,2.75,1.59,2026-05-04,0722,A,42,6.1NRT,295.12,17.34,D
-30.12287,116.164,309.72,2.75,1.59,2026-05-04,0722,A,66,6.1NRT,296.01,28.93,D
-29.69856,116.06618,309.51,2.76,1.59,2026-05-04,0722,A,66,6.1NRT,296.66,27.22,D
-29.69377,116.05846,314.15,2.76,1.59,2026-05-04,0722,A,72,6.1NRT,297,44.79,D
-29.56147,115.83064,307.9,2.86,1.61,2026-05-04,0722,A,61,6.1NRT,297.23,22.68,D
-28.10217,114.54873,310.99,3.39,1.74,2026-05-04,0724,A,64,6.1NRT,299.47,34.05,D
-28.10619,114.54424,312.33,3.39,1.74,2026-05-04,0724,A,66,6.1NRT,299.64,41.47,D
-25.13846,128.63264,308.87,1.64,1.26,2026-05-04,0724,A,61,6.1NRT,298.18,10.92,D
-21.63751,122.21089,321.88,1,1,2026-05-04,0724,A,74,6.1NRT,305.48,12.54,D
-21.63888,122.20145,315.16,1,1,2026-05-04,0724,A,56,6.1NRT,303.48,6.21,D
-21.61172,122.26456,322.82,1,1,2026-05-04,0724,A,48,6.1NRT,304.32,12.22,D
-21.61518,122.1781,316.07,1.01,1,2026-05-04,0724,A,61,6.1NRT,303.21,6.77,D
-21.57251,122.21352,326.26,1,1,2026-05-04,0724,A,79,6.1NRT,304.79,16.61,D
-21.5637,122.21204,314.81,1,1,2026-05-04,0724,A,43,6.1NRT,303.91,5.84,D
-18.73713,121.72584,318.76,1,1,2026-05-04,0724,A,35,6.1NRT,306.92,6.27,D
-18.72296,121.76134,316.14,1,1,2026-05-04,0724,A,35,6.1NRT,304.79,6.25,D
-18.2361,124.82658,322.16,1.24,1.1,2026-05-04,0724,A,70,6.1NRT,307.11,11.2,D
-18.23303,124.83217,319.93,1.24,1.11,2026-05-04,0724,A,59,6.1NRT,307.61,8.24,D
-18.23485,124.82085,319.79,1.24,1.1,2026-05-04,0724,A,58,6.1NRT,306.98,8.33,D
-18.69434,121.76048,316.63,1,1,2026-05-04,0724,A,57,6.1NRT,303.57,7.76,D
-17.51237,128.24016,327.06,2.2,1.44,2026-05-04,0724,A,79,6.1NRT,301.55,53,D
-17.51599,128.22023,324.66,2.19,1.44,2026-05-04,0724,A,77,6.1NRT,300.92,43.29,D
-17.36259,128.20296,314.9,2.2,1.44,2026-05-04,0724,A,56,6.1NRT,299.69,16.65,D
-17.27055,128.698,319.6,2.42,1.5,2026-05-04,0724,A,53,6.1NRT,298.63,41.63,D
-17.88886,124.86773,318.69,1.26,1.11,2026-05-04,0724,A,54,6.1NRT,303.58,10.24,D
-17.87911,124.86597,318.82,1.26,1.11,2026-05-04,0724,A,49,6.1NRT,304.82,10.86,D
-17.2269,128.28842,321.8,2.25,1.45,2026-05-04,0724,A,58,6.1NRT,299.17,40.4,D
-17.16046,128.57854,312.43,2.38,1.49,2026-05-04,0724,A,50,6.1NRT,297.2,13.35,D
-17.16445,128.55693,315.33,2.37,1.49,2026-05-04,0724,A,62,6.1NRT,297.94,22.13,D
-17.1625,128.4232,314.53,2.31,1.47,2026-05-04,0724,A,50,6.1NRT,298.38,19.63,D
-16.25144,131.95491,312.62,4.5,1.95,2026-05-04,0724,A,56,6.1NRT,293.33,56.79,D
-17.72108,123.97232,317.59,1.13,1.06,2026-05-04,0724,A,47,6.1NRT,306.49,7.22,D
-16.24786,131.946,310.44,4.5,1.95,2026-05-04,0724,A,43,6.1NRT,293.2,44.64,D
-17.80113,123.03754,323.72,1.04,1.02,2026-05-04,0724,A,27,6.1NRT,305.37,10.57,D
-17.80261,123.02798,318.88,1.04,1.02,2026-05-04,0724,A,21,6.1NRT,305.52,6.53,D
-17.78772,123.06477,367.6,1.05,1.02,2026-05-04,0724,A,100,6.1NRT,307.2,104.78,D
-17.77876,123.06322,326.13,1.05,1.02,2026-05-04,0724,A,19,6.1NRT,303.86,14.41,D
-17.65829,123.78658,321.42,1.12,1.05,2026-05-04,0724,A,58,6.1NRT,304.84,13.02,D
-17.77081,123.05606,319.66,1.05,1.02,2026-05-04,0724,A,69,6.1NRT,303.55,10.32,D
-17.77227,123.04648,327.82,1.05,1.02,2026-05-04,0724,A,80,6.1NRT,306.56,19.84,D
-17.77373,123.0369,315.74,1.05,1.02,2026-05-04,0724,A,27,6.1NRT,303.13,5.72,D
-17.64906,123.78497,322.28,1.12,1.05,2026-05-04,0724,A,73,6.1NRT,303.16,14.49,D
-17.76331,123.04496,355.34,1.05,1.02,2026-05-04,0724,A,97,6.1NRT,307.21,70.93,D
-17.76478,123.03537,347.15,1.05,1.02,2026-05-04,0724,A,93,6.1NRT,307.56,51.46,D
-17.75435,123.04343,342.21,1.05,1.02,2026-05-04,0724,A,91,6.1NRT,302.04,42.38,D
-17.75582,123.03384,365.79,1.05,1.02,2026-05-04,0724,A,100,6.1NRT,306.34,101.54,D
-17.62258,123.83276,370.93,1.12,1.06,2026-05-04,0724,A,100,6.1NRT,305.91,129.08,D
-17.62419,123.82254,432.69,1.12,1.05,2026-05-04,0724,A,100,6.1NRT,324.92,592.87,D
-17.62579,123.81232,357.09,1.12,1.05,2026-05-04,0724,A,98,6.1NRT,308.1,80.33,D
-17.61495,123.82088,322.13,1.12,1.05,2026-05-04,0724,A,58,6.1NRT,303.57,13.87,D
-17.73335,123.00063,321.99,1.04,1.02,2026-05-04,0724,A,35,6.1NRT,303.01,11.9,D
-17.72441,122.9991,320.76,1.04,1.02,2026-05-04,0724,A,41,6.1NRT,302.39,11.07,D
-17.4338,124.61965,316.31,1.24,1.1,2026-05-04,0724,A,45,6.1NRT,304.47,7.02,D
-17.55907,123.82559,323.48,1.12,1.06,2026-05-04,0724,A,40,6.1NRT,304.79,13.18,D
-17.53291,123.81052,325.98,1.12,1.06,2026-05-04,0724,A,67,6.1NRT,304.71,17.43,D
-17.40056,124.57906,316.47,1.23,1.1,2026-05-04,0724,A,45,6.1NRT,304.26,7.82,D
-17.52204,123.81918,317.35,1.12,1.06,2026-05-04,0724,A,30,6.1NRT,303.16,8.13,D
-17.3866,124.15505,319.74,1.17,1.08,2026-05-04,0724,A,68,6.1NRT,305.59,10.29,D
-17.3883,124.14439,317.5,1.17,1.08,2026-05-04,0724,A,62,6.1NRT,304.4,7.76,D
-17.28835,124.70481,317.84,1.25,1.11,2026-05-04,0724,A,59,6.1NRT,304.55,10.27,D
-17.57998,122.8548,320.75,1.04,1.02,2026-05-04,0724,A,63,6.1NRT,304.42,9.28,D
-17.58143,122.84531,347.25,1.04,1.02,2026-05-04,0724,A,94,6.1NRT,306.85,49.33,D
-17.24829,124.88827,319.14,1.29,1.13,2026-05-04,0724,A,67,6.1NRT,304.05,12.39,D
-17.31523,124.4778,316.97,1.22,1.1,2026-05-04,0724,A,36,6.1NRT,305.15,8.08,D
-17.57252,122.84379,328.41,1.04,1.02,2026-05-04,0724,A,80,6.1NRT,305.36,18.45,D
-17.21698,125.01633,319.33,1.31,1.14,2026-05-04,0724,A,67,6.1NRT,306.42,9.77,D
-17.23844,124.88644,316.23,1.29,1.13,2026-05-04,0724,A,57,6.1NRT,303.27,8.14,D
-17.51187,123.1777,328.71,1.06,1.03,2026-05-04,0724,A,81,6.1NRT,302.97,20.94,D
-17.30501,124.41917,317.4,1.21,1.09,2026-05-04,0724,A,30,6.1NRT,302.85,8.74,D
-17.30681,124.40816,331.45,1.21,1.09,2026-05-04,0724,A,83,6.1NRT,305.32,30.1,D
-17.30859,124.39717,326.79,1.21,1.09,2026-05-04,0724,A,78,6.1NRT,305.23,22.44,D
-17.50286,123.17616,319.76,1.06,1.03,2026-05-04,0724,A,64,6.1NRT,302.33,10.68,D
-17.29544,124.41744,332.42,1.21,1.09,2026-05-04,0724,A,84,6.1NRT,303.34,29.82,D
-17.29724,124.40646,339.63,1.21,1.09,2026-05-04,0724,A,89,6.1NRT,305.61,45.38,D
-17.49384,123.17462,319.92,1.06,1.03,2026-05-04,0724,A,70,6.1NRT,303.01,11.14,D
-17.17722,125.00208,320.4,1.31,1.14,2026-05-04,0724,A,54,6.1NRT,304.72,9.42,D
-17.26232,124.47297,316.87,1.22,1.1,2026-05-04,0724,A,44,6.1NRT,303.88,8.54,D
-17.26938,124.4287,319.77,1.21,1.09,2026-05-04,0724,A,49,6.1NRT,305.5,9.99,D
-17.16728,125.00026,320.8,1.31,1.14,2026-05-04,0724,A,52,6.1NRT,305.67,10.76,D
-17.22682,124.38701,340.5,1.21,1.09,2026-05-04,0724,A,89,6.1NRT,304.34,48.72,D
-17.49575,122.31034,324.31,1.01,1.01,2026-05-04,0724,A,77,6.1NRT,303.09,15.75,D
-17.49713,122.30109,317.55,1.01,1.01,2026-05-04,0724,A,66,6.1NRT,302.5,9,D
-17.17769,124.30516,326.09,1.2,1.09,2026-05-04,0726,A,75,6.1NRT,304.69,19.12,D
-17.48693,122.30889,315.77,1.01,1.01,2026-05-04,0726,A,23,6.1NRT,302.03,6.63,D
-17.48831,122.29964,315.92,1.01,1.01,2026-05-04,0726,A,27,6.1NRT,301.88,6.9,D
-17.16817,124.30345,336.74,1.2,1.09,2026-05-04,0726,A,87,6.1NRT,303.56,38.42,D
-17.16991,124.29258,323.19,1.2,1.09,2026-05-04,0726,A,74,6.1NRT,304.12,15.18,D
-17.13462,124.20844,337.42,1.18,1.08,2026-05-04,0726,A,87,6.1NRT,304.19,35.61,D
-17.13637,124.1977,351.35,1.18,1.08,2026-05-04,0726,A,96,6.1NRT,306.11,70.23,D
-17.12696,124.22247,320.89,1.19,1.08,2026-05-04,0726,A,71,6.1NRT,305.29,13.8,D
-17.13037,124.20089,336.74,1.18,1.08,2026-05-04,0726,A,87,6.1NRT,304.36,37.89,D
-16.95085,124.32019,318.6,1.21,1.09,2026-05-04,0726,A,66,6.1NRT,303.37,11.04,D
-16.94128,124.31849,314.72,1.21,1.09,2026-05-04,0726,A,41,6.1NRT,301.88,6.73,D
-16.07043,126.25269,320.99,1.67,1.27,2026-05-04,0726,A,72,6.1NRT,301.01,24.4,D
-16.05933,126.25072,328.03,1.67,1.27,2026-05-04,0726,A,80,6.1NRT,299.96,39.73,D
-16.02958,126.35498,312.91,1.7,1.28,2026-05-04,0726,A,21,6.1NRT,296.59,12.09,D
-16.0295,126.34817,312.27,1.7,1.28,2026-05-04,0726,A,34,6.1NRT,297.33,11.17,D
-16.01078,126.18855,315.34,1.65,1.26,2026-05-04,0726,A,61,6.1NRT,300.49,16.11,D
-15.94991,126.14114,315.12,1.65,1.26,2026-05-04,0726,A,60,6.1NRT,298.77,15.47,D
-15.95243,126.12627,315.26,1.64,1.26,2026-05-04,0726,A,55,6.1NRT,299.13,15.03,D
-15.9014,126.22486,315.79,1.67,1.27,2026-05-04,0726,A,63,6.1NRT,300.38,14.96,D
-15.92953,126.06126,316.23,1.62,1.25,2026-05-04,0726,A,42,6.1NRT,299.35,13.92,D
-15.86597,126.29661,317.35,1.69,1.28,2026-05-04,0726,A,66,6.1NRT,300.09,18.66,D
-15.86329,126.30509,316.45,1.7,1.28,2026-05-04,0726,A,55,6.1NRT,299.32,15.8,D
-15.87895,126.07545,316.27,1.63,1.26,2026-05-04,0726,A,27,6.1NRT,296.38,16.05,D
-15.91534,125.85826,325.62,1.57,1.24,2026-05-04,0726,A,78,6.1NRT,294.35,35.78,D
-15.8757,125.8951,314.43,1.58,1.24,2026-05-04,0726,A,45,6.1NRT,295.86,15.49,D
-15.84515,126.0084,311.79,1.62,1.25,2026-05-04,0726,A,25,6.1NRT,295.98,11.4,D
-15.81637,126.10982,321.08,1.65,1.26,2026-05-04,0726,A,69,6.1NRT,297.59,25.92,D
-15.8106,125.93658,318.21,1.6,1.25,2026-05-04,0726,A,68,6.1NRT,295.14,22.79,D
-15.74962,126.23121,314.44,1.68,1.28,2026-05-04,0726,A,44,6.1NRT,296.93,15.09,D
-15.7726,126.09549,314.57,1.65,1.26,2026-05-04,0726,A,60,6.1NRT,294.73,17.11,D
-15.77508,126.08076,312.85,1.64,1.26,2026-05-04,0726,A,54,6.1NRT,296.49,14.35,D
-15.695,126.34779,313.97,1.72,1.29,2026-05-04,0726,A,49,6.1NRT,297.74,14.68,D
-15.72771,126.02647,314.05,1.63,1.26,2026-05-04,0726,A,37,6.1NRT,297.48,14.33,D
-15.73028,126.01167,319.95,1.62,1.25,2026-05-04,0726,A,71,6.1NRT,297.48,24.89,D
-15.72599,126.01931,324.08,1.63,1.26,2026-05-04,0726,A,68,6.1NRT,297.59,31.5,D
-15.83662,124.96073,313.47,1.37,1.16,2026-05-04,0726,A,41,6.1NRT,295.85,10.41,D
-15.64159,126.04952,319.89,1.64,1.26,2026-05-04,0726,A,56,6.1NRT,296.92,25.15,D
-15.58607,126.17223,317.38,1.68,1.27,2026-05-04,0726,A,68,6.1NRT,297.63,20.82,D
-15.51671,126.17501,319.54,1.68,1.28,2026-05-04,0726,A,44,6.1NRT,296.74,22.74,D
-15.51937,126.15971,321.45,1.68,1.27,2026-05-04,0726,A,38,6.1NRT,297.46,26.33,D
-15.50825,126.15767,322.95,1.68,1.27,2026-05-04,0726,A,31,6.1NRT,296.68,27.89,D
-15.5109,126.14249,333.98,1.68,1.27,2026-05-04,0726,A,0,6.1NRT,294.91,56.52,D
-15.51635,126.16808,327.55,1.68,1.28,2026-05-04,0726,A,73,6.1NRT,297.43,40.31,D
-15.50778,126.15075,337.29,1.68,1.27,2026-05-04,0726,A,83,6.1NRT,297.11,67.48,D
-15.47003,126.23813,327.82,1.71,1.28,2026-05-04,0726,A,81,6.1NRT,299.47,42.93,D
-15.45881,126.23613,335.96,1.71,1.28,2026-05-04,0726,A,87,6.1NRT,299.49,66.32,D
-15.46143,126.22077,354.43,1.7,1.28,2026-05-04,0726,A,97,6.1NRT,301.01,142.46,D
-15.46401,126.20566,313.13,1.7,1.28,2026-05-04,0726,A,52,6.1NRT,295.41,11.13,D
-15.48266,125.96274,318.87,1.63,1.26,2026-05-04,0726,A,70,6.1NRT,297.76,22.51,D
-15.48517,125.94809,325.47,1.62,1.25,2026-05-04,0726,A,79,6.1NRT,297.88,35.6,D
-15.47169,125.96075,357.61,1.63,1.26,2026-05-04,0726,A,93,6.1NRT,297.14,151.21,D
-15.47421,125.94614,368.6,1.62,1.25,2026-05-04,0726,A,94,6.1NRT,298.46,214.99,D
-15.36153,126.13432,356.22,1.68,1.28,2026-05-04,0726,A,98,6.1NRT,299.75,149.98,D
-15.36415,126.11903,316.64,1.68,1.27,2026-05-04,0726,A,66,6.1NRT,298.44,16.75,D
-15.21587,125.48236,320,1.52,1.22,2026-05-04,0726,A,72,6.1NRT,299.07,18.25,D
-15.0186,126.50655,318.82,1.82,1.32,2026-05-04,0726,A,70,6.1NRT,298.57,23.94,D
-15.02143,126.49029,311.9,1.82,1.32,2026-05-04,0726,A,50,6.1NRT,297.93,10.22,D
-13.87344,127.02233,314.9,2.1,1.41,2026-05-04,0726,A,62,6.1NRT,296.98,20.76,D
-24.46151,148.33492,315.68,2.75,1.59,2026-05-04,1043,T,92,6.1NRT,288.74,66.02,N
-24.45456,148.35393,303.48,2.74,1.58,2026-05-04,1043,T,55,6.1NRT,287.81,28.72,N
-24.45689,148.32774,309.99,2.75,1.59,2026-05-04,1043,T,79,6.1NRT,288.47,47.11,N
-19.31799,129.69559,302.68,1.02,1.01,2026-05-04,1221,T,51,6.1NRT,292.16,4.24,N
-17.54213,132.79251,302.2,1.17,1.08,2026-05-04,1221,T,47,6.1NRT,291.43,5.14,N
-17.12336,132.57106,306.48,1.16,1.07,2026-05-04,1221,T,40,6.1NRT,292.34,6.58,N
-17.05335,132.7789,303.53,1.19,1.08,2026-05-04,1221,T,56,6.1NRT,291.94,5.25,N
-34.26068,140.64809,309.9,1.79,1.31,2026-05-04,1217,T,79,6.1NRT,282.77,29.76,N
-16.85935,132.71199,307.6,1.18,1.08,2026-05-04,1221,T,11,6.1NRT,278.43,10.61,N
-16.82189,132.82849,314.72,1.2,1.09,2026-05-04,1221,T,90,6.1NRT,276.6,16.43,N
-16.81737,132.83304,307.89,1.2,1.09,2026-05-04,1221,T,73,6.1NRT,275.9,12.56,N
-16.81901,132.82205,308.64,1.2,1.09,2026-05-04,1221,T,75,6.1NRT,276.36,13.02,N
-16.80943,132.82042,313.79,1.2,1.09,2026-05-04,1221,T,79,6.1NRT,276.77,17.11,N
-17.6934,123.83426,351.49,2.17,1.43,2026-05-04,1221,T,100,6.1NRT,296.34,197.27,N
-17.69545,123.81416,344.7,2.18,1.43,2026-05-04,1221,T,100,6.1NRT,295.96,154.45,N
-17.69751,123.79404,324.16,2.19,1.43,2026-05-04,1221,T,100,6.1NRT,294.79,63.04,N
-17.69956,123.77392,304.39,2.19,1.44,2026-05-04,1221,T,23,6.1NRT,293.22,13.4,N
-17.7051,123.82919,306.76,2.17,1.43,2026-05-04,1221,T,59,6.1NRT,294.16,17.06,N
-17.69248,123.82757,362.73,2.17,1.43,2026-05-04,1221,T,100,6.1NRT,297.44,284.32,N
-17.69468,123.80752,324.89,2.18,1.43,2026-05-04,1221,T,100,6.1NRT,294.68,64.18,N
-17.69689,123.78742,324.61,2.19,1.43,2026-05-04,1221,T,100,6.1NRT,294.49,64.02,N
-17.68204,123.8059,306.08,2.18,1.43,2026-05-04,1221,T,23,6.1NRT,293.9,15.39,N
-17.38748,124.15009,304.49,2.03,1.39,2026-05-04,1221,T,60,6.1NRT,294.31,11.94,N
-15.77556,135.58461,304.18,1.91,1.35,2026-05-04,1221,T,59,6.1NRT,291.38,10.36,N
-15.55764,129.98228,308.58,1,1,2026-05-04,1221,T,75,6.1NRT,296.49,6.01,N
-15.6134,129.24648,308.15,1.01,1,2026-05-04,1221,T,74,6.1NRT,295.73,4.92,N
-15.48585,130.04573,306.87,1,1,2026-05-04,1221,T,62,6.1NRT,295.18,4.17,N
-15.47703,130.0444,314.62,1,1,2026-05-04,1221,T,90,6.1NRT,295.75,10.15,N
-15.47829,130.03531,309.2,1,1,2026-05-04,1221,T,64,6.1NRT,295.94,6.11,N
-15.95104,125.86312,303.43,1.45,1.19,2026-05-04,1221,T,51,6.1NRT,292.93,7.95,N
-15.92971,125.95324,303.36,1.43,1.18,2026-05-04,1221,T,50,6.1NRT,293.18,6.63,N
-15.91468,125.99091,306.4,1.42,1.18,2026-05-04,1221,T,54,6.1NRT,292.76,9.32,N
-15.89637,125.99591,303.66,1.42,1.18,2026-05-04,1221,T,25,6.1NRT,292.79,7.72,N
-15.80845,125.96477,302.69,1.42,1.18,2026-05-04,1223,T,51,6.1NRT,291.69,7.85,N
-15.46733,126.24651,304.39,1.35,1.15,2026-05-04,1223,T,43,6.1NRT,292.52,7.12,N
-15.45868,126.23299,303.78,1.35,1.15,2026-05-04,1223,T,52,6.1NRT,292.89,6.12,N
-15.20505,125.47913,306.51,1.5,1.21,2026-05-04,1223,T,68,6.1NRT,294.42,7.46,N
-14.9108,126.7121,307.96,1.24,1.11,2026-05-04,1223,T,63,6.1NRT,294.68,8.09,N
-30.89942,115.64258,306.5,2.02,1.39,2026-05-04,1357,T,68,6.1NRT,283,30.1,N
-30.90341,115.62229,313.35,2.02,1.38,2026-05-04,1357,T,87,6.1NRT,282.71,43.64,N
-30.89679,115.63633,311.01,2.02,1.39,2026-05-04,1357,T,81,6.1NRT,282.73,37.07,N
-30.23153,115.18425,357.5,1.95,1.36,2026-05-04,1357,T,100,6.1NRT,287.13,220.02,N
-30.23521,115.1653,322.91,1.95,1.36,2026-05-04,1357,T,100,6.1NRT,284.42,62.37,N
-30.2393,115.18143,337.19,1.95,1.36,2026-05-04,1357,T,100,6.1NRT,286.48,111.38,N
-30.22742,115.17809,328.68,1.95,1.36,2026-05-04,1357,T,100,6.1NRT,285.35,79.81,N
-14.06456,131.88193,304.79,1.21,1.09,2026-05-04,1815,A,62,6.1NRT,293.16,7.21,N
-15.4651,130.03848,310.69,1.5,1.21,2026-05-04,1815,A,81,6.1NRT,285.65,20.38,N
-16.10344,132.07391,302.37,1.12,1.05,2026-05-04,1815,A,49,6.1NRT,290.58,5.37,N
-16.16066,132.02707,300.91,1.12,1.05,2026-05-04,1815,A,35,6.1NRT,290.75,4.65,N
-16.23407,131.95177,301.37,1.13,1.06,2026-05-04,1815,A,11,6.1NRT,290.87,4.23,N
-16.23569,131.96196,304.78,1.12,1.06,2026-05-04,1815,A,62,6.1NRT,290.58,6.69,N
-16.23731,131.97215,302.5,1.12,1.06,2026-05-04,1815,A,27,6.1NRT,290.45,4.94,N
-16.82563,132.8329,302.01,1.04,1.02,2026-05-04,1815,A,46,6.1NRT,289.82,5.32,N
-15.84462,126.12618,300.41,2.91,1.63,2026-05-04,1817,A,27,6.1NRT,289.94,18.64,N
-17.14356,124.21086,300.46,3.82,1.83,2026-05-04,1817,A,28,6.1NRT,288.94,31.27,N
-17.68068,123.79675,304.73,4,1.86,2026-05-04,1817,A,61,6.1NRT,289.58,49.59,N
-30.58871,146.80669,309.37,2.22,1.44,2026-05-04,2316,T,68,6.1NRT,287.98,29.73,D
-30.59066,146.82964,309.09,2.23,1.45,2026-05-04,2316,T,68,6.1NRT,287.65,29.81,D
-34.44421,142.32014,300.29,1.29,1.13,2026-05-04,2316,T,32,6.1NRT,285.03,7.98,D
-34.26052,140.61015,300.46,1.09,1.04,2026-05-04,2316,T,37,6.1NRT,285.6,6.14,D
-37.01547,149.36414,305.94,3.85,1.83,2026-05-04,2318,T,62,6.1NRT,282.65,68.43,D
-15.20689,125.48459,309.7,2.46,1.51,2026-05-05,0050,T,53,6.1NRT,294.89,15.62,D
-15.47655,125.95457,308.55,2.7,1.57,2026-05-05,0050,T,33,6.1NRT,292.6,14.11,D
-15.66965,126.36751,314.16,2.93,1.63,2026-05-05,0050,T,66,6.1NRT,294.79,36.68,D
-15.6726,126.39443,313.19,2.94,1.63,2026-05-05,0050,T,64,6.1NRT,294.59,33.42,D
-15.67466,126.38758,315.87,2.94,1.63,2026-05-05,0050,T,69,6.1NRT,294.63,44.23,D
-15.94072,126.04961,310.88,2.79,1.6,2026-05-05,0052,T,57,6.1NRT,294.24,22.01,D
-15.9882,125.91004,313.8,2.73,1.58,2026-05-05,0052,T,65,6.1NRT,295.27,31.11,D
-17.13012,124.20482,313,2.08,1.4,2026-05-05,0052,T,31,6.1NRT,296.98,17.65,D
-17.13228,124.22391,312.62,2.09,1.41,2026-05-05,0052,T,22,6.1NRT,297.23,16.26,D
-17.16384,124.2787,313.02,2.11,1.41,2026-05-05,0052,T,46,6.1NRT,296.93,17.72,D
-17.16605,124.29802,324.11,2.12,1.41,2026-05-05,0052,T,79,6.1NRT,297.45,50.82,D
-17.16765,124.29211,327.18,2.12,1.41,2026-05-05,0052,T,82,6.1NRT,297.84,59.79,D
-17.30742,124.38921,317.02,2.16,1.43,2026-05-05,0052,T,71,6.1NRT,297.31,31.2,D
-17.3096,124.40913,315.2,2.17,1.43,2026-05-05,0052,T,69,6.1NRT,297.67,26.72,D
-17.39815,124.15582,311.29,2.08,1.4,2026-05-05,0052,T,59,6.1NRT,298.07,13.6,D
-17.55496,123.82234,310.39,1.97,1.37,2026-05-05,0052,T,56,6.1NRT,297.58,13.31,D
-17.56109,123.8333,312.83,1.98,1.37,2026-05-05,0052,T,63,6.1NRT,298.44,18.31,D
-17.47261,122.26705,343.67,1.51,1.21,2026-05-05,0052,T,93,6.1NRT,293.66,79.97,D
-17.47433,122.28095,324.05,1.51,1.21,2026-05-05,0052,T,30,6.1NRT,292.02,26.33,D
-17.47767,122.27464,331.46,1.51,1.21,2026-05-05,0052,T,55,6.1NRT,293.22,42.26,D
-17.51247,122.38435,320.73,1.54,1.22,2026-05-05,0052,T,77,6.1NRT,291.53,27.03,D
-17.78825,123.90597,320.14,2.02,1.38,2026-05-05,0052,T,75,6.1NRT,296.43,35.16,D
-17.79031,123.92471,316.49,2.02,1.39,2026-05-05,0052,T,64,6.1NRT,297.98,25.38,D
-17.74515,123.00564,309.59,1.72,1.29,2026-05-05,0052,T,36,6.1NRT,296.99,10.14,D
-17.76426,123.06821,311.79,1.74,1.29,2026-05-05,0052,T,22,6.1NRT,296.89,13.13,D
-17.76181,123.06267,312.4,1.74,1.29,2026-05-05,0052,T,42,6.1NRT,297.26,14.59,D
-20.59823,116.77828,334.06,1,1,2026-05-05,0052,T,82,6.1NRT,297.93,30.86,D
-20.5996,116.78773,319.72,1,1,2026-05-05,0052,T,76,6.1NRT,296.63,13.95,D
-21.60728,122.26209,307.43,1.72,1.29,2026-05-05,0052,T,38,6.1NRT,296.39,9.83,D
-21.60905,122.2785,310.6,1.73,1.29,2026-05-05,0052,T,59,6.1NRT,295.54,14.98,D
-28.8269,114.8456,303.29,1,1,2026-05-05,0054,T,55,6.1NRT,285.69,6.27,D
-30.9084,115.63643,300.69,1.02,1.01,2026-05-05,0054,T,40,6.1NRT,289.5,4.01,D
-33.0797,115.79069,301.29,1.05,1.02,2026-05-05,0054,T,46,6.1NRT,285.7,6.54,D
-45.66509,168.92856,306.55,1,1,2026-05-05,0438,A,64,6.1NRT,279.61,11.12,D
-35.48148,139.52544,302.27,1.07,1.03,2026-05-05,0620,A,51,6.1NRT,284.71,6.5,D
-35.483,139.51392,301.69,1.07,1.03,2026-05-05,0620,A,48,6.1NRT,286.46,5.99,D
-33.71794,138.66148,304.07,1.1,1.04,2026-05-05,0622,A,58,6.1NRT,283.55,8.77,D
-31.76327,148.89291,303.03,2.6,1.55,2026-05-05,0622,A,55,6.1NRT,289.6,23.94,D
-31.77109,148.89062,301.59,2.6,1.55,2026-05-05,0622,A,48,6.1NRT,289.69,20.64,D
-30.63749,147.73772,304.18,2.31,1.47,2026-05-05,0622,A,58,6.1NRT,291.87,19.28,D
-30.60598,146.74094,306.9,1.98,1.37,2026-05-05,0622,A,49,6.1NRT,293.97,16.84,D
-30.59753,146.75246,304.29,1.99,1.38,2026-05-05,0622,A,45,6.1NRT,294.04,12.43,D
-30.60152,146.73245,330.95,1.98,1.37,2026-05-05,0622,A,87,6.1NRT,294.45,79.29,D
-30.58558,146.74916,309.92,1.99,1.38,2026-05-05,0622,A,69,6.1NRT,293.91,23,D
-30.58959,146.72917,328.58,1.98,1.37,2026-05-05,0622,A,86,6.1NRT,293.91,71.53,D
-20.90553,134.72459,325.18,1.21,1.09,2026-05-05,0625,A,81,6.1NRT,301.48,22.28,D
-20.90698,134.71326,319.06,1.21,1.09,2026-05-05,0625,A,74,6.1NRT,301.36,14.29,D
-20.90079,134.72874,310.87,1.21,1.09,2026-05-05,0625,A,24,6.1NRT,300.67,5.29,D
-20.9023,134.71744,324.09,1.21,1.09,2026-05-05,0625,A,79,6.1NRT,301.58,21.27,D
-19.23973,135.1627,311.39,1.11,1.05,2026-05-05,0625,A,61,6.1NRT,298.93,7.29,D
-42.34727,146.55418,361.2,1.14,1.06,2026-05-05,0618,A,100,6.1NRT,285.16,111.04,D
-18.73013,134.30545,312.21,1.2,1.09,2026-05-05,0625,A,46,6.1NRT,300.05,7.19,D
-41.31696,146.68806,311.06,1.19,1.09,2026-05-05,0618,A,71,6.1NRT,285.71,16.19,D
-16.88445,135.71895,314.23,1.02,1.01,2026-05-05,0625,A,61,6.1NRT,301.95,6.76,D
-41.19147,147.26276,345.4,1.26,1.12,2026-05-05,0618,A,94,6.1NRT,288.95,77.95,D
-17.61977,128.45065,315.32,3.06,1.66,2026-05-05,0625,A,48,6.1NRT,296.44,32.53,D
-41.19424,147.24794,335.69,1.26,1.12,2026-05-05,0618,A,90,6.1NRT,287.22,54.81,D
-17.13707,132.58292,338.62,1.46,1.19,2026-05-05,0625,A,89,6.1NRT,301.94,58.82,D
-17.13873,132.56956,318.3,1.46,1.2,2026-05-05,0625,A,28,6.1NRT,299.96,15.48,D
-17.14181,132.5769,325.36,1.46,1.19,2026-05-05,0625,A,74,6.1NRT,299.97,26.64,D
-17.1313,132.57545,323.5,1.46,1.19,2026-05-05,0625,A,77,6.1NRT,302.07,23.92,D
-16.69859,135.60141,349.31,1.03,1.01,2026-05-05,0625,A,95,6.1NRT,300.05,57.33,D
-16.69993,135.59204,343.93,1.03,1.01,2026-05-05,0625,A,92,6.1NRT,300.09,46.47,D
-16.6897,135.60002,333.75,1.03,1.01,2026-05-05,0625,A,86,6.1NRT,298.72,29.4,D
-16.69103,135.59067,345.09,1.03,1.01,2026-05-05,0625,A,93,6.1NRT,300.38,48.85,D
-17.05038,132.79118,314.3,1.41,1.18,2026-05-05,0625,A,54,6.1NRT,298.69,11.21,D
-17.05203,132.77824,332.23,1.41,1.18,2026-05-05,0625,A,85,6.1NRT,300.67,43.45,D
-17.04169,132.77681,341.99,1.41,1.18,2026-05-05,0625,A,91,6.1NRT,299.08,68.33,D
-17.01477,132.76753,310.3,1.41,1.18,2026-05-05,0625,A,48,6.1NRT,298.79,7.15,D
-17.00371,132.52509,310.95,1.47,1.2,2026-05-05,0625,A,52,6.1NRT,299.66,8.46,D
-16.92618,132.88518,340.69,1.39,1.17,2026-05-05,0625,A,76,6.1NRT,300.61,56.92,D
-17.40222,128.79507,315.15,2.86,1.61,2026-05-05,0625,A,63,6.1NRT,298.18,31.21,D
-17.40496,128.76915,313.69,2.87,1.62,2026-05-05,0625,A,55,6.1NRT,298.15,27.27,D
-16.91593,132.88374,330.19,1.39,1.17,2026-05-05,0625,A,37,6.1NRT,299.17,29.21,D
-16.91753,132.87108,333.28,1.39,1.17,2026-05-05,0625,A,61,6.1NRT,299.24,34.78,D
-16.91829,132.87743,337.42,1.39,1.17,2026-05-05,0625,A,88,6.1NRT,300.02,44.92,D
-17.41215,128.78923,313.05,2.86,1.61,2026-05-05,0625,A,46,6.1NRT,297.33,22.39,D
-16.89945,132.86192,337.75,1.39,1.17,2026-05-05,0625,A,89,6.1NRT,299.65,46.08,D
-16.87729,132.87172,331.94,1.39,1.17,2026-05-05,0627,A,77,6.1NRT,300.66,36.49,D
-16.89721,132.71817,321.07,1.42,1.18,2026-05-05,0627,A,41,6.1NRT,299.84,18.91,D
-17.37233,128.75876,321.85,2.87,1.62,2026-05-05,0627,A,50,6.1NRT,296.2,54.21,D
-16.86704,132.8703,323.82,1.39,1.17,2026-05-05,0627,A,53,6.1NRT,299.41,22.94,D
-16.8736,132.81953,334.12,1.4,1.17,2026-05-05,0627,A,86,6.1NRT,298.98,44.82,D
-17.35241,128.80905,321.3,2.84,1.61,2026-05-05,0627,A,57,6.1NRT,297.07,51.3,D
-16.87648,132.71527,353.59,1.42,1.18,2026-05-05,0627,A,97,6.1NRT,300.92,101.77,D
-16.87814,132.70229,322.41,1.42,1.18,2026-05-05,0627,A,23,6.1NRT,298.15,19.36,D
-17.32405,128.80573,351.08,2.84,1.61,2026-05-05,0627,A,96,6.1NRT,298.98,256.77,D
-17.32685,128.77963,343.1,2.86,1.61,2026-05-05,0627,A,92,6.1NRT,297.76,185.5,D
-16.84114,132.82787,318.93,1.39,1.17,2026-05-05,0627,A,48,6.1NRT,298.69,16.01,D
-17.30989,128.80394,318.63,2.84,1.61,2026-05-05,0627,A,59,6.1NRT,298.03,41.46,D
-16.84866,132.68489,333.84,1.42,1.18,2026-05-05,0627,A,73,6.1NRT,298.78,44.03,D
-16.83436,132.82143,318.07,1.39,1.17,2026-05-05,0627,A,46,6.1NRT,299.11,14.12,D
-17.32046,128.80043,360.77,2.84,1.61,2026-05-05,0627,A,100,6.1NRT,299.42,370.76,D
-17.32344,128.77437,334.89,2.86,1.61,2026-05-05,0627,A,86,6.1NRT,297.71,129.26,D
-17.14326,127.64189,324.57,3.49,1.76,2026-05-05,0627,A,58,6.1NRT,293.81,98.3,D
-17.14317,127.66807,314.87,3.47,1.75,2026-05-05,0627,A,44,6.1NRT,294,45.69,D
-17.14666,127.63555,317.05,3.49,1.76,2026-05-05,0627,A,55,6.1NRT,293.54,57.44,D
-17.12779,127.66589,318.6,3.47,1.75,2026-05-05,0627,A,58,6.1NRT,294.46,61.96,D
-17.07515,127.72274,314.76,3.43,1.74,2026-05-05,0627,A,61,6.1NRT,296.08,42.33,D
-17.01097,128.04918,313.99,3.23,1.7,2026-05-05,0627,A,41,6.1NRT,296.68,33.02,D
-17.07873,127.71873,317.02,3.43,1.74,2026-05-05,0627,A,66,6.1NRT,296.16,52.99,D
-17.00907,128.07338,314.16,3.21,1.7,2026-05-05,0627,A,58,6.1NRT,296.96,37.02,D
-16.24789,131.97252,316.22,1.57,1.23,2026-05-05,0627,A,55,6.1NRT,300.63,13.09,D
-15.73911,135.5433,321.74,1.02,1.01,2026-05-05,0627,A,74,6.1NRT,299.6,12.78,D
-15.74042,135.53409,351.62,1.02,1.01,2026-05-05,0627,A,96,6.1NRT,301.62,60.45,D
-16.11406,132.04967,342.17,1.54,1.22,2026-05-05,0627,A,91,6.1NRT,301.26,72.78,D
-16.1158,132.03566,338.5,1.54,1.22,2026-05-05,0627,A,89,6.1NRT,299.75,62.95,D
-16.10157,132.06212,333.28,1.54,1.22,2026-05-05,0627,A,81,6.1NRT,300.33,45.98,D
-16.1033,132.04816,345.16,1.54,1.22,2026-05-05,0627,A,93,6.1NRT,300.88,83.56,D
-16.10504,132.03415,317.3,1.54,1.22,2026-05-05,0627,A,41,6.1NRT,298.41,15.57,D
-16.1085,132.05634,328.68,1.54,1.22,2026-05-05,0627,A,69,6.1NRT,301.09,34.94,D
-16.11034,132.04239,346.45,1.54,1.22,2026-05-05,0627,A,93,6.1NRT,301.61,87.63,D
-16.09593,132.06877,318.1,1.53,1.22,2026-05-05,0627,A,37,6.1NRT,299,15.99,D
-16.09776,132.05484,327.11,1.54,1.22,2026-05-05,0627,A,77,6.1NRT,299.53,33.16,D
-16.09958,132.04089,327.02,1.54,1.22,2026-05-05,0627,A,58,6.1NRT,299.31,32.5,D
-15.34854,133.70721,315.65,1.18,1.08,2026-05-05,0627,A,40,6.1NRT,300.17,8.41,D
-15.36264,133.42485,343.28,1.22,1.1,2026-05-05,0627,A,92,6.1NRT,299.72,57.16,D
-15.36416,133.41379,361.56,1.23,1.1,2026-05-05,0627,A,100,6.1NRT,301.51,113.01,D
-15.36568,133.40269,392.6,1.23,1.1,2026-05-05,0627,A,100,6.1NRT,304.53,276.79,D
-15.3672,133.39157,377.48,1.23,1.1,2026-05-05,0627,A,100,6.1NRT,303.72,185.17,D
-15.36873,133.38045,372.35,1.23,1.1,2026-05-05,0627,A,100,6.1NRT,302.82,160.12,D
-15.37025,133.36928,369.02,1.23,1.1,2026-05-05,0627,A,100,6.1NRT,303.24,145.26,D
-15.37178,133.35811,352.62,1.24,1.1,2026-05-05,0627,A,96,6.1NRT,301.76,84.08,D
-15.37331,133.34692,325.3,1.24,1.11,2026-05-05,0627,A,78,6.1NRT,300.66,23.53,D
-15.31279,133.71684,313.55,1.18,1.08,2026-05-05,0627,A,34,6.1NRT,299.1,6.28,D
-15.35298,133.42346,333.98,1.22,1.1,2026-05-05,0627,A,86,6.1NRT,299.27,36.84,D
-15.35449,133.41238,326.33,1.23,1.1,2026-05-05,0627,A,79,6.1NRT,298.96,23.52,D
-15.35903,133.37904,311.31,1.23,1.1,2026-05-05,0627,A,23,6.1NRT,295.22,5.77,D
-15.36055,133.36787,340.22,1.23,1.1,2026-05-05,0627,A,90,6.1NRT,297.53,51.6,D
-15.36208,133.3567,337.71,1.24,1.1,2026-05-05,0627,A,88,6.1NRT,299,45.77,D
-15.3636,133.34554,358.18,1.24,1.11,2026-05-05,0627,A,99,6.1NRT,300.84,103.3,D
-15.36512,133.33434,353.59,1.24,1.11,2026-05-05,0627,A,97,6.1NRT,301.18,87.98,D
-15.36665,133.3231,331.4,1.24,1.11,2026-05-05,0627,A,84,6.1NRT,299.77,33.43,D
-15.36818,133.31187,341.72,1.24,1.11,2026-05-05,0627,A,91,6.1NRT,300.63,54.72,D
-15.36971,133.30061,353.13,1.24,1.11,2026-05-05,0627,A,97,6.1NRT,301.61,85.06,D
-15.37124,133.28932,343.17,1.25,1.11,2026-05-05,0627,A,92,6.1NRT,300.79,57.89,D
-15.37278,133.27803,324.9,1.25,1.11,2026-05-05,0627,A,78,6.1NRT,299.72,22.07,D
-15.34331,133.42206,316.17,1.22,1.1,2026-05-05,0627,A,65,6.1NRT,298.91,10.87,D
-15.36455,133.2653,331.1,1.25,1.11,2026-05-05,0627,A,84,6.1NRT,299.02,32,D
-15.36609,133.25397,334.03,1.25,1.11,2026-05-05,0627,A,86,6.1NRT,299.46,37.78,D
-15.36762,133.24261,340.81,1.25,1.11,2026-05-05,0627,A,90,6.1NRT,299.8,54.2,D
-15.36916,133.23123,336.78,1.26,1.11,2026-05-05,0627,A,88,6.1NRT,299.92,44.96,D
-15.37069,133.21986,346.05,1.26,1.11,2026-05-05,0627,A,93,6.1NRT,300.73,67.53,D
-15.37223,133.20847,339.91,1.26,1.12,2026-05-05,0627,A,90,6.1NRT,300.52,52.27,D
-15.23636,133.78154,319.7,1.17,1.08,2026-05-05,0627,A,53,6.1NRT,301.57,11.05,D
-15.23779,133.7709,318.7,1.17,1.08,2026-05-05,0627,A,49,6.1NRT,300.17,9.84,D
-15.23245,133.77545,320.09,1.17,1.08,2026-05-05,0627,A,72,6.1NRT,301.41,13.11,D
-15.2466,133.60321,317.21,1.19,1.09,2026-05-05,0627,A,42,6.1NRT,299.06,10.13,D
-15.23703,133.60194,321.37,1.19,1.09,2026-05-05,0627,A,74,6.1NRT,295.46,15.62,D
-15.17921,133.66991,311.18,1.18,1.08,2026-05-05,0627,A,38,6.1NRT,295.95,5.01,D
-15.16031,133.62793,316,1.19,1.08,2026-05-05,0627,A,55,6.1NRT,299.05,9.3,D
-15.13399,133.53595,317.15,1.2,1.09,2026-05-05,0627,A,68,6.1NRT,296.23,11.57,D
-15.03357,133.92091,314.62,1.14,1.07,2026-05-05,0627,A,23,6.1NRT,299.4,7.38,D
-15.02736,133.925,311.98,1.14,1.07,2026-05-05,0627,A,40,6.1NRT,298.4,6.12,D
-15.02881,133.91463,315.56,1.14,1.07,2026-05-05,0627,A,63,6.1NRT,299.75,9.57,D
-15.47913,130.048,315.13,2.13,1.42,2026-05-05,0627,A,44,6.1NRT,298.6,18.41,D
-15.63742,126.42876,314.6,4.14,1.88,2026-05-05,0627,A,63,6.1NRT,292.43,61.86,D
-15.64767,126.42239,316.56,4.14,1.88,2026-05-05,0627,A,63,6.1NRT,291.53,74.45,D
-15.22995,126.78627,312.82,3.82,1.83,2026-05-05,0627,A,54,6.1NRT,294.61,46.65,D
-14.54472,132.20567,326.99,1.42,1.18,2026-05-05,0627,A,80,6.1NRT,300.52,29.08,D
-14.54639,132.19278,318.92,1.43,1.18,2026-05-05,0627,A,70,6.1NRT,300.65,14.92,D
-14.16086,130.05946,314.28,2.03,1.39,2026-05-05,0627,A,34,6.1NRT,298.48,19.32,D
-14.20052,129.62059,312.37,2.2,1.44,2026-05-05,0627,A,52,6.1NRT,297.26,15.79,D
-13.73484,133.28105,316.55,1.19,1.09,2026-05-05,0627,A,68,6.1NRT,299.51,11.52,D
-13.91961,131.8584,316.6,1.47,1.2,2026-05-05,0627,A,48,6.1NRT,300.08,14.71,D
-14.19943,129.61343,312.04,2.2,1.44,2026-05-05,0627,A,55,6.1NRT,297.31,16.57,D
-14.11168,130.21111,313.86,1.97,1.37,2026-05-05,0627,A,28,6.1NRT,298.4,16.46,D
-14.12078,130.13911,317.21,2,1.38,2026-05-05,0627,A,50,6.1NRT,299.19,23.95,D
-14.09966,130.20943,317.52,1.97,1.37,2026-05-05,0627,A,56,6.1NRT,297.59,27.03,D
-14.59598,125.96107,318.63,4.34,1.92,2026-05-05,0627,A,54,6.1NRT,294.08,82.53,D
-13.74808,132.75084,370.1,1.28,1.12,2026-05-05,0627,A,100,6.1NRT,304.25,157.57,D
-13.74961,132.73936,356.59,1.28,1.12,2026-05-05,0627,A,98,6.1NRT,304.28,100.83,D
-13.7382,132.74951,332.33,1.28,1.12,2026-05-05,0627,A,85,6.1NRT,299.29,35.95,D
-13.73973,132.73802,335.91,1.28,1.12,2026-05-05,0627,A,87,6.1NRT,300.62,41.9,D
-13.74127,132.72649,325.65,1.29,1.13,2026-05-05,0627,A,79,6.1NRT,301.1,22.62,D
-13.7428,132.71494,334.53,1.29,1.13,2026-05-05,0627,A,86,6.1NRT,302.08,40.03,D
-13.64309,132.77695,348.07,1.27,1.12,2026-05-05,0627,A,94,6.1NRT,302.14,71.7,D
-13.64462,132.7655,318.16,1.28,1.12,2026-05-05,0627,A,62,6.1NRT,299.27,11.44,D
-13.69893,132.27721,325.27,1.37,1.16,2026-05-05,0627,A,69,6.1NRT,302,23.13,D
-13.70054,132.26482,321.75,1.37,1.16,2026-05-05,0627,A,44,6.1NRT,301.05,17.11,D
-13.67035,132.34148,335.21,1.36,1.15,2026-05-05,0627,A,80,6.1NRT,301.79,39.2,D
-13.63561,132.52112,313.4,1.32,1.14,2026-05-05,0627,A,30,6.1NRT,298.53,8.49,D
-13.63722,132.50931,314.98,1.32,1.14,2026-05-05,0627,A,49,6.1NRT,299.3,10.38,D
-13.66187,132.32784,323.18,1.36,1.15,2026-05-05,0627,A,49,6.1NRT,300.49,18.68,D
-13.64347,132.3876,315.24,1.35,1.15,2026-05-05,0627,A,46,6.1NRT,297.74,9.87,D
-13.62201,132.4707,318.07,1.33,1.14,2026-05-05,0627,A,68,6.1NRT,299.32,14.07,D
-13.86519,130.61513,316.77,1.82,1.32,2026-05-05,0627,A,34,6.1NRT,300.79,16.14,D
-13.57596,132.73738,315.16,1.28,1.12,2026-05-05,0627,A,56,6.1NRT,299.4,8.76,D
-13.85359,130.61356,319.61,1.82,1.32,2026-05-05,0627,A,72,6.1NRT,300.45,22.18,D
-13.85566,130.59715,327.65,1.82,1.32,2026-05-05,0627,A,81,6.1NRT,299.31,43.69,D
-13.57234,132.6895,323.64,1.29,1.13,2026-05-05,0627,A,77,6.1NRT,301.76,20.48,D
-13.58011,132.6315,314.95,1.3,1.13,2026-05-05,0627,A,54,6.1NRT,301.46,7.85,D
-13.61599,132.284,323.75,1.37,1.16,2026-05-05,0627,A,77,6.1NRT,300.99,22.46,D
-13.61763,132.27159,318.92,1.37,1.16,2026-05-05,0627,A,50,6.1NRT,299.71,14.71,D
-13.60744,132.27025,337.75,1.37,1.16,2026-05-05,0627,A,89,6.1NRT,300.24,50.51,D
-13.56593,132.28452,315.58,1.36,1.16,2026-05-05,0627,A,41,6.1NRT,299.35,10.58,D
-13.4844,132.81181,321.75,1.26,1.12,2026-05-05,0627,A,66,6.1NRT,300.47,17.31,D
-13.47461,132.81039,325.21,1.26,1.12,2026-05-05,0627,A,79,6.1NRT,299.74,22.18,D
-13.54167,132.15431,313.77,1.39,1.17,2026-05-05,0627,A,54,6.1NRT,298.77,10.63,D
-13.54331,132.14177,312.07,1.39,1.17,2026-05-05,0627,A,53,6.1NRT,299.05,8.24,D
-13.50406,132.36177,323.2,1.35,1.15,2026-05-05,0627,A,63,6.1NRT,300.21,22.09,D
-13.39909,132.97574,318.48,1.23,1.1,2026-05-05,0627,A,46,6.1NRT,302.3,10.58,D
-13.40834,132.909,315.18,1.24,1.11,2026-05-05,0627,A,65,6.1NRT,300.34,8.26,D
-13.40989,132.89777,316.96,1.24,1.11,2026-05-05,0627,A,69,6.1NRT,300.38,10.87,D
-13.39094,132.96327,334.26,1.23,1.1,2026-05-05,0627,A,86,6.1NRT,301.67,35.82,D
-13.39247,132.95219,324.12,1.23,1.1,2026-05-05,0627,A,78,6.1NRT,300.69,18.85,D
-13.39861,132.90768,338.29,1.24,1.11,2026-05-05,0627,A,89,6.1NRT,302.07,45.24,D
-13.43091,132.59868,311.33,1.3,1.13,2026-05-05,0627,A,41,6.1NRT,298.61,5.71,D
-13.45134,132.37227,322.89,1.34,1.15,2026-05-05,0627,A,72,6.1NRT,301.2,18.96,D
-13.38368,132.49678,323.54,1.31,1.14,2026-05-05,0627,A,62,6.1NRT,298.8,19.69,D
-13.38455,132.49129,323.72,1.31,1.14,2026-05-05,0627,A,55,6.1NRT,299.62,20.08,D
-13.36426,132.41576,327.11,1.33,1.14,2026-05-05,0627,A,24,6.1NRT,298.38,23.74,D
-13.34737,132.38921,317.02,1.33,1.14,2026-05-05,0627,A,22,6.1NRT,294.68,11.77,D
-13.59732,130.37657,312.16,1.88,1.34,2026-05-05,0627,A,57,6.1NRT,299.46,12.21,D
-13.59944,130.35968,317.16,1.89,1.34,2026-05-05,0627,A,69,6.1NRT,299.86,22.16,D
-13.44287,131.4165,314.79,1.56,1.23,2026-05-05,0627,A,63,6.1NRT,299.81,12.06,D
-13.43958,131.4093,313.57,1.56,1.23,2026-05-05,0627,A,45,6.1NRT,299.31,9.89,D
-13.28813,132.06174,315.05,1.4,1.17,2026-05-05,0627,A,64,6.1NRT,299.01,10.95,D
-13.24027,132.04944,323.41,1.4,1.17,2026-05-05,0627,A,77,6.1NRT,297.91,25.56,D
-13.18178,132.32895,315.35,1.34,1.15,2026-05-05,0627,A,38,6.1NRT,299.48,10.27,D
-13.18668,132.29254,309.66,1.35,1.15,2026-05-05,0627,A,21,6.1NRT,294.85,4.11,D
-13.1883,132.28053,314.11,1.35,1.15,2026-05-05,0627,A,62,6.1NRT,298.37,10.07,D
-13.1675,131.90379,320.63,1.43,1.18,2026-05-05,0627,A,73,6.1NRT,299.18,19.3,D
-13.16923,131.89096,315.27,1.43,1.18,2026-05-05,0627,A,23,6.1NRT,298.75,10.99,D
-13.11456,132.06346,325.9,1.39,1.17,2026-05-05,0627,A,79,6.1NRT,299.35,29.33,D
-13.00097,132.22939,311.11,1.35,1.15,2026-05-05,0627,A,21,6.1NRT,297.12,6.97,D
-12.97356,130.77968,311.82,1.71,1.28,2026-05-05,0627,A,56,6.1NRT,298.4,11.56,D
-12.9755,130.76431,313.25,1.72,1.29,2026-05-05,0627,A,61,6.1NRT,297.26,14.64,D
-12.97405,130.77295,318.27,1.71,1.28,2026-05-05,0627,A,71,6.1NRT,298.32,22.75,D
-12.52825,130.67311,313.84,1.72,1.29,2026-05-05,0627,A,63,6.1NRT,299.82,11.66,D
-12.52968,130.66821,313.55,1.72,1.29,2026-05-05,0627,A,53,6.1NRT,299.45,10.23,D
-32.75074,117.84476,326.47,1.07,1.03,2026-05-05,0801,A,84,6.1NRT,293.61,24.99,D
-32.75253,117.83367,312.27,1.07,1.03,2026-05-05,0801,A,58,6.1NRT,294.23,10.08,D
-32.74168,117.84266,362.17,1.07,1.03,2026-05-05,0801,A,100,6.1NRT,298.3,100.29,D
-32.74348,117.83157,317.97,1.07,1.03,2026-05-05,0801,A,78,6.1NRT,294.73,15.49,D
-32.76419,117.47187,309.61,1.04,1.02,2026-05-05,0801,A,69,6.1NRT,291.51,9.16,D
-32.76593,117.46101,323.17,1.04,1.02,2026-05-05,0801,A,82,6.1NRT,294.15,21.7,D
-32.89681,116.5651,306.23,1.01,1,2026-05-05,0801,A,63,6.1NRT,292.53,6.65,D
-32.85596,116.52914,343.93,1.01,1,2026-05-05,0801,A,93,6.1NRT,291.54,50.26,D
-32.85755,116.51865,385.4,1.01,1,2026-05-05,0801,A,100,6.1NRT,298.18,177.56,D
-32.85914,116.50817,331.75,1.01,1,2026-05-05,0801,A,88,6.1NRT,293.99,30.63,D
-32.66031,117.48783,302.03,1.05,1.02,2026-05-05,0801,A,50,6.1NRT,289.86,4.6,D
-32.66206,117.47694,302.35,1.05,1.02,2026-05-05,0801,A,52,6.1NRT,290.19,4.77,D
-32.75573,116.69599,302.23,1.01,1,2026-05-05,0801,A,51,6.1NRT,290.54,4.24,D
-32.59001,117.1139,301.13,1.03,1.01,2026-05-05,0801,A,45,6.1NRT,290.52,3.09,D
-32.43163,117.92663,306.05,1.08,1.04,2026-05-05,0801,A,63,6.1NRT,292.01,6.84,D
-32.43346,117.91544,305.96,1.08,1.04,2026-05-05,0801,A,63,6.1NRT,292.76,6.73,D
-32.68218,115.64462,312.59,1,1,2026-05-05,0801,A,69,6.1NRT,289.91,11.71,D
-32.40342,117.4108,305.2,1.05,1.02,2026-05-05,0801,A,61,6.1NRT,291.56,5.76,D
-32.40516,117.39996,311.79,1.05,1.02,2026-05-05,0801,A,72,6.1NRT,293.31,10.45,D
-32.58462,115.9945,324.34,1,1,2026-05-05,0801,A,32,6.1NRT,283.6,20.31,D
-32.23567,118.16312,311.3,1.11,1.05,2026-05-05,0801,A,71,6.1NRT,294.29,10.43,D
-32.57582,115.99265,320.64,1,1,2026-05-05,0801,A,20,6.1NRT,281.08,16.45,D
-31.99999,119.25039,306.2,1.25,1.11,2026-05-05,0801,A,63,6.1NRT,293.13,8.34,D
-32.11067,116.92179,340.07,1.03,1.01,2026-05-05,0801,A,92,6.1NRT,294.24,44.44,D
-32.11234,116.91115,341.87,1.03,1.01,2026-05-05,0801,A,93,6.1NRT,295.72,47.65,D
-32.02769,117.04063,305.94,1.03,1.02,2026-05-05,0801,A,62,6.1NRT,293.97,5.42,D
-31.99508,117.18819,310.89,1.04,1.02,2026-05-05,0801,A,71,6.1NRT,292.22,9.64,D
-31.92222,117.17671,307.93,1.04,1.02,2026-05-05,0801,A,66,6.1NRT,291.55,7.37,D
-31.95365,116.91891,310.94,1.03,1.01,2026-05-05,0801,A,71,6.1NRT,293.88,9.09,D
-31.95531,116.90832,305.96,1.03,1.01,2026-05-05,0801,A,63,6.1NRT,293.69,5.6,D
-32.05213,116.2798,301.99,1.01,1,2026-05-05,0801,A,50,6.1NRT,290.1,4.49,D
-31.72366,117.37741,305.03,1.06,1.03,2026-05-05,0801,A,60,6.1NRT,292.97,5.34,D
-31.7254,117.36649,332.14,1.06,1.03,2026-05-05,0801,A,88,6.1NRT,294.44,33.15,D
-31.36351,119.27961,307.81,1.28,1.12,2026-05-05,0801,A,66,6.1NRT,293.39,9.7,D
-31.59324,117.88787,312.38,1.1,1.05,2026-05-05,0801,A,72,6.1NRT,292.66,11.04,D
-31.59512,117.87656,311.75,1.1,1.05,2026-05-05,0801,A,72,6.1NRT,293.42,10.62,D
-31.41751,118.80254,312.15,1.21,1.09,2026-05-05,0801,A,56,6.1NRT,291.12,12.31,D
-31.41617,118.79664,315.46,1.21,1.09,2026-05-05,0801,A,76,6.1NRT,291.79,16.14,D
-31.71526,116.84896,309.59,1.03,1.01,2026-05-05,0801,A,69,6.1NRT,293.87,8.11,D
-31.7302,116.6346,304.26,1.02,1.01,2026-05-05,0801,A,30,6.1NRT,290.33,4.35,D
-31.73182,116.62409,305.2,1.02,1.01,2026-05-05,0801,A,30,6.1NRT,291.58,4.93,D
-31.71571,116.60986,314.45,1.02,1.01,2026-05-05,0801,A,75,6.1NRT,290.36,12.1,D
-31.60676,116.82946,337.84,1.03,1.01,2026-05-05,0801,A,91,6.1NRT,294.56,39.96,D
-31.60841,116.81893,326.72,1.03,1.01,2026-05-05,0801,A,84,6.1NRT,295.64,24.2,D
-31.60445,116.7854,315.2,1.03,1.01,2026-05-05,0801,A,75,6.1NRT,293.81,12,D
-31.6061,116.77489,331.2,1.03,1.01,2026-05-05,0801,A,87,6.1NRT,295.17,29.78,D
-31.68983,115.8009,308.28,1,1,2026-05-05,0801,A,66,6.1NRT,292.75,7.33,D
-31.69136,115.7906,309.83,1,1,2026-05-05,0801,A,69,6.1NRT,292.94,8.49,D
-31.6213,116.13755,327.54,1,1,2026-05-05,0801,A,71,6.1NRT,293.1,23.01,D
-31.61092,116.14602,332.76,1,1,2026-05-05,0801,A,65,6.1NRT,292.21,28.84,D
-31.60211,116.14417,342.66,1,1,2026-05-05,0801,A,46,6.1NRT,292.83,39.77,D
-31.41957,116.5489,307.87,1.02,1.01,2026-05-05,0801,A,65,6.1NRT,294.06,6.29,D
-31.31875,117.13416,315.9,1.05,1.02,2026-05-05,0801,A,76,6.1NRT,295.23,13.51,D
-31.33201,116.69772,310.73,1.03,1.01,2026-05-05,0801,A,70,6.1NRT,294.62,8.66,D
-31.33365,116.68721,315.39,1.03,1.01,2026-05-05,0801,A,75,6.1NRT,295.41,12.4,D
-31.1929,116.98888,320.58,1.04,1.02,2026-05-05,0801,A,80,6.1NRT,295.37,17.11,D
-31.18394,116.98691,326.1,1.04,1.02,2026-05-05,0801,A,84,6.1NRT,295.22,22.82,D
-31.22926,116.52266,316.03,1.02,1.01,2026-05-05,0801,A,75,6.1NRT,294.96,12.92,D
-31.172,116.36007,330.75,1.01,1.01,2026-05-05,0801,A,87,6.1NRT,296.14,28.63,D
-31.17361,116.34969,309.78,1.01,1.01,2026-05-05,0801,A,67,6.1NRT,296.05,7.6,D
-31.28391,115.61911,341.57,1,1,2026-05-05,0801,A,92,6.1NRT,296.58,44.54,D
-31.28542,115.60886,331.15,1,1,2026-05-05,0801,A,87,6.1NRT,296.01,28.57,D
-31.13181,115.76604,317.91,1,1,2026-05-05,0801,A,77,6.1NRT,293.77,13.2,D
-31.13333,115.75578,347.19,1,1,2026-05-05,0801,A,95,6.1NRT,296.79,54.35,D
-31.0579,116.19571,304.56,1.01,1,2026-05-05,0801,A,53,6.1NRT,294.52,3.62,D
-31.123,115.76423,317.52,1,1,2026-05-05,0801,A,77,6.1NRT,293.93,12.9,D
-31.12453,115.75398,353.45,1,1,2026-05-05,0801,A,97,6.1NRT,296.59,67.89,D
-31.04495,116.16111,308.54,1.01,1,2026-05-05,0801,A,65,6.1NRT,295.69,6.64,D
-30.98196,116.32243,357.59,1.01,1.01,2026-05-05,0801,A,99,6.1NRT,296.62,78.85,D
-30.98354,116.31208,342.99,1.01,1.01,2026-05-05,0801,A,93,6.1NRT,297.74,46.81,D
-30.9731,116.32059,311.19,1.01,1.01,2026-05-05,0801,A,69,6.1NRT,295.05,8.29,D
-30.97469,116.31023,307.14,1.01,1.01,2026-05-05,0801,A,62,6.1NRT,295.36,5.47,D
-30.91434,116.28686,330.3,1.01,1.01,2026-05-05,0801,A,86,6.1NRT,296.23,27.57,D
-30.7737,116.11739,306.19,1.01,1,2026-05-05,0801,A,58,6.1NRT,295.44,4.56,D
-30.78224,115.75432,336.39,1,1,2026-05-05,0801,A,90,6.1NRT,298.51,35.24,D
-30.78377,115.74411,326.48,1,1,2026-05-05,0801,A,84,6.1NRT,297.23,21.95,D
-30.71671,116.06817,323.4,1.01,1,2026-05-05,0801,A,81,6.1NRT,295.18,18.84,D
-30.71828,116.05791,342.66,1.01,1,2026-05-05,0801,A,93,6.1NRT,297.36,46.05,D
-30.60825,116.04969,318.82,1.01,1,2026-05-05,0801,A,73,6.1NRT,293.86,13.48,D
-30.60981,116.03943,335.83,1.01,1,2026-05-05,0801,A,89,6.1NRT,296.75,34.11,D
-30.57418,116.21244,328.77,1.01,1.01,2026-05-05,0801,A,85,6.1NRT,297.28,25.89,D
-30.59941,116.04786,322.07,1.01,1,2026-05-05,0801,A,80,6.1NRT,294.22,17.13,D
-30.60098,116.03759,312.21,1.01,1,2026-05-05,0801,A,70,6.1NRT,294.94,8.4,D
-30.50215,116.61584,336.04,1.03,1.02,2026-05-05,0801,A,89,6.1NRT,296.06,35.78,D
-30.5038,116.60535,321.8,1.03,1.02,2026-05-05,0801,A,80,6.1NRT,294.3,17.34,D
-30.50545,116.59489,309.84,1.03,1.02,2026-05-05,0801,A,49,6.1NRT,292.57,7.16,D
-30.49323,116.61396,334.8,1.03,1.02,2026-05-05,0801,A,89,6.1NRT,294.8,33.16,D
-30.49489,116.60345,333.75,1.03,1.02,2026-05-05,0801,A,88,6.1NRT,294.2,31.89,D
-30.49654,116.59299,313.89,1.03,1.02,2026-05-05,0801,A,50,6.1NRT,292.37,9.98,D
-30.53805,116.26884,312.98,1.02,1.01,2026-05-05,0801,A,71,6.1NRT,296.06,9.7,D
-30.53965,116.25849,305.35,1.02,1.01,2026-05-05,0801,A,55,6.1NRT,295.11,4.35,D
-30.52106,116.07887,307.58,1.01,1.01,2026-05-05,0801,A,61,6.1NRT,295.56,5.91,D
-30.42502,115.48946,310.35,1,1,2026-05-05,0801,A,44,6.1NRT,295.51,6.95,D
-30.40591,115.49609,314.48,1,1,2026-05-05,0801,A,73,6.1NRT,296.85,10.34,D
-30.31144,116.00214,306.99,1.01,1,2026-05-05,0801,A,59,6.1NRT,296.91,4.84,D
-30.31301,115.99191,317.9,1.01,1,2026-05-05,0801,A,76,6.1NRT,297.19,13.43,D
-30.24083,115.17927,318.74,1,1,2026-05-05,0801,A,77,6.1NRT,297.85,14.25,D
-29.53591,115.80881,311.92,1.01,1.01,2026-05-05,0801,A,67,6.1NRT,299.35,7.24,D
-29.5015,115.67078,308.61,1.01,1,2026-05-05,0801,A,60,6.1NRT,298.38,5.1,D
-29.41495,115.82068,350.24,1.01,1.01,2026-05-05,0801,A,96,6.1NRT,298.69,60.4,D
-29.41651,115.81052,311.69,1.01,1.01,2026-05-05,0801,A,67,6.1NRT,296.92,7.44,D
-29.40611,115.81888,314.53,1.01,1.01,2026-05-05,0801,A,71,6.1NRT,298.05,9.67,D
-28.96557,115.24718,312.14,1,1,2026-05-05,0803,A,26,6.1NRT,298.51,6.38,D
-28.95527,115.25548,322.35,1,1,2026-05-05,0803,A,80,6.1NRT,299.47,16.16,D
-28.95677,115.24545,308.6,1,1,2026-05-05,0803,A,31,6.1NRT,297.72,4.5,D
-28.79756,115.37733,309.91,1,1,2026-05-05,0803,A,46,6.1NRT,296.36,5.62,D
-28.79907,115.36729,328.04,1,1,2026-05-05,0803,A,84,6.1NRT,296.73,22.78,D
-28.80058,115.35725,332.62,1,1,2026-05-05,0803,A,87,6.1NRT,295.01,28.8,D
-28.79177,115.35551,312.65,1,1,2026-05-05,0803,A,65,6.1NRT,295.76,7.97,D
-28.87492,114.79503,328.18,1,1,2026-05-05,0803,A,84,6.1NRT,300.47,21.97,D
-28.87639,114.78502,329.58,1,1,2026-05-05,0803,A,85,6.1NRT,300.69,23.86,D
-28.63251,115.49326,307.56,1.01,1,2026-05-05,0803,A,58,6.1NRT,296.75,5.41,D
-28.39322,114.62085,331.15,1,1,2026-05-05,0803,A,86,6.1NRT,298.82,27.06,D
-28.06099,114.55419,316.69,1,1,2026-05-05,0803,A,74,6.1NRT,296.45,11.44,D
-27.85242,114.15007,312,1.01,1,2026-05-05,0803,A,57,6.1NRT,300.48,6.3,D
-27.85386,114.14009,324.01,1.01,1,2026-05-05,0803,A,81,6.1NRT,302.78,17.18,D
-27.84359,114.14845,331.25,1.01,1,2026-05-05,0803,A,86,6.1NRT,302.59,25.05,D
-27.84502,114.13847,339.71,1.01,1,2026-05-05,0803,A,91,6.1NRT,303.51,37.57,D
-27.83476,114.14684,342.66,1.01,1,2026-05-05,0803,A,92,6.1NRT,304.12,43.37,D
-27.83619,114.13684,328.49,1.01,1,2026-05-05,0803,A,84,6.1NRT,302.43,21.83,D
-27.72786,114.18188,328.98,1,1,2026-05-05,0803,A,84,6.1NRT,305.18,22.88,D
-27.72929,114.17193,315.22,1,1,2026-05-05,0803,A,71,6.1NRT,302.91,8.47,D
-27.71904,114.18025,347.35,1,1,2026-05-05,0803,A,94,6.1NRT,306.98,51.82,D
-27.72047,114.1703,325.84,1,1,2026-05-05,0803,A,77,6.1NRT,304.93,18.01,D
-22.62392,119.72203,314.63,2.04,1.39,2026-05-05,0803,A,59,6.1NRT,295.55,32.96,D
-21.62788,122.28866,317.89,3.32,1.72,2026-05-05,0803,A,73,6.1NRT,300.1,63.02,D
-21.63435,122.2579,317.18,3.3,1.72,2026-05-05,0803,A,72,6.1NRT,301.07,58.56,D
-21.63105,122.28462,311.74,3.32,1.72,2026-05-05,0803,A,51,6.1NRT,300.04,34.88,D
-21.61615,122.28101,314.6,3.32,1.72,2026-05-05,0803,A,68,6.1NRT,299.99,49.05,D
-21.62246,122.25011,310.88,3.3,1.72,2026-05-05,0803,A,59,6.1NRT,300.72,31.93,D
-20.37246,122.23034,316.9,3.51,1.76,2026-05-05,0803,A,68,6.1NRT,301.74,58.92,D
-20.36382,122.19492,358.33,3.49,1.76,2026-05-05,0803,A,99,6.1NRT,304.57,465.5,D
-20.3486,122.1913,342.58,3.49,1.76,2026-05-05,0803,A,91,6.1NRT,300.74,254.65,D
-20.36898,122.19125,348.74,3.49,1.76,2026-05-05,0803,A,95,6.1NRT,303.48,326.01,D
-20.35376,122.18758,363.29,3.49,1.76,2026-05-05,0803,A,100,6.1NRT,303.13,545.38,D
-20.05166,122.52121,320.84,3.75,1.81,2026-05-05,0803,A,74,6.1NRT,300.85,90.77,D
-19.93221,122.48544,352.85,3.75,1.81,2026-05-05,0803,A,97,6.1NRT,303.13,428.89,D
-19.92452,122.479,336.13,3.75,1.81,2026-05-05,0803,A,88,6.1NRT,301.95,217.15,D
-19.88448,122.43391,313.18,3.73,1.81,2026-05-05,0803,A,47,6.1NRT,300.45,40.61,D
-19.87586,122.39642,318.93,3.71,1.8,2026-05-05,0803,A,71,6.1NRT,300.31,71.93,D
-19.88149,122.38979,324.75,3.71,1.8,2026-05-05,0805,A,67,6.1NRT,301.45,107.23,D
-20.60112,116.78685,313.71,1.39,1.17,2026-05-05,0805,A,56,6.1NRT,302.62,9.87,D
-20.60329,116.77403,315.43,1.39,1.17,2026-05-05,0805,A,48,6.1NRT,302.89,12.06,D
-18.82845,121.86351,310.51,3.57,1.77,2026-05-05,0805,A,29,6.1NRT,294.24,35.09,D
-18.81308,121.85995,334.44,3.57,1.77,2026-05-05,0805,A,86,6.1NRT,297.14,192.48,D
-17.7571,123.06075,324.76,4.64,1.97,2026-05-05,0805,A,67,6.1NRT,295.47,147.71,D
-17.75666,123.05616,325.07,4.64,1.97,2026-05-05,0805,A,78,6.1NRT,295.55,156,D
-17.7396,123.05214,318.04,4.64,1.97,2026-05-05,0805,A,69,6.1NRT,294.76,99.94,D
-34.36034,117.57221,318.8,1.03,1.01,2026-05-05,0758,A,69,6.1NRT,286.96,18.28,D
-34.16563,118.20724,319.52,1.07,1.03,2026-05-05,0758,A,79,6.1NRT,292.25,18.76,D
-34.16746,118.19597,318.59,1.06,1.03,2026-05-05,0758,A,79,6.1NRT,293.35,17.72,D
-34.10213,117.56093,301.26,1.03,1.01,2026-05-05,0758,A,46,6.1NRT,289.77,4.41,D
-34.10383,117.55007,313.75,1.03,1.01,2026-05-05,0758,A,74,6.1NRT,289.87,12.98,D
-33.82578,119.13152,315.47,1.16,1.07,2026-05-05,0758,A,76,6.1NRT,289.68,17.49,D
-33.82786,119.11933,348.2,1.16,1.07,2026-05-05,0758,A,95,6.1NRT,291.84,73.32,D
-33.9618,118.20437,303.56,1.07,1.03,2026-05-05,0758,A,56,6.1NRT,289.71,6,D
-33.96364,118.19312,304.07,1.07,1.03,2026-05-05,0758,A,58,6.1NRT,290.49,6.31,D
-34.12211,117.19678,332.33,1.01,1.01,2026-05-05,0758,A,88,6.1NRT,292.07,33.15,D
-34.33198,115.52069,323.78,1.02,1.01,2026-05-05,0758,A,39,6.1NRT,288.15,20.03,D
-34.3335,115.50989,333.65,1.02,1.01,2026-05-05,0758,A,62,6.1NRT,291.23,32.42,D
-34.32309,115.51886,418,1.02,1.01,2026-05-05,0758,A,100,6.1NRT,301.28,385.2,D
-34.32462,115.50805,403.87,1.02,1.01,2026-05-05,0758,A,100,6.1NRT,305.62,281.15,D
-34.31573,115.50622,316.31,1.02,1.01,2026-05-05,0758,A,74,6.1NRT,288.19,13.95,D
-33.90529,117.75185,308.34,1.04,1.02,2026-05-05,0758,A,67,6.1NRT,290.44,9.11,D
-34.00804,117.09216,325.16,1.01,1.01,2026-05-05,0758,A,84,6.1NRT,289.5,24.15,D
-34.00967,117.0815,320.16,1.01,1.01,2026-05-05,0758,A,80,6.1NRT,290.72,18.68,D
-33.95891,116.81136,315.79,1,1,2026-05-05,0758,A,76,6.1NRT,289.05,14.81,D
-33.96052,116.80074,318.36,1,1,2026-05-05,0758,A,78,6.1NRT,289.31,17.01,D
-34.00247,116.45992,313.26,1,1,2026-05-05,0758,A,69,6.1NRT,288.1,11.88,D
-34.00404,116.44933,423.42,1,1,2026-05-05,0758,A,94,6.1NRT,306.21,424.76,D
-34.00561,116.43874,342.1,1,1,2026-05-05,0758,A,87,6.1NRT,294.59,46.51,D
-33.96503,116.52822,303.74,1,1,2026-05-05,0758,A,24,6.1NRT,288.92,4.94,D
-33.86269,117.14227,304.02,1.01,1.01,2026-05-05,0758,A,56,6.1NRT,289.63,5.41,D
-33.95465,116.53688,310.7,1,1,2026-05-05,0758,A,70,6.1NRT,288.95,10.16,D
-33.95623,116.5263,301.66,1,1,2026-05-05,0758,A,45,6.1NRT,288.95,4.38,D
-33.85385,117.14025,311.3,1.01,1.01,2026-05-05,0758,A,71,6.1NRT,290.57,10.68,D
-33.74411,117.71997,300.88,1.04,1.02,2026-05-05,0758,A,42,6.1NRT,290.71,3.82,D
-33.83431,117.01884,303.05,1.01,1.01,2026-05-05,0758,A,53,6.1NRT,290.2,4.89,D
-33.7433,116.65318,307.27,1,1,2026-05-05,0758,A,37,6.1NRT,292.24,6.34,D
-33.6296,117.33269,304.42,1.02,1.01,2026-05-05,0758,A,59,6.1NRT,291.37,5.55,D
-33.73449,116.65125,319.05,1,1,2026-05-05,0758,A,79,6.1NRT,292.13,16.16,D
-33.73608,116.64068,301.7,1,1,2026-05-05,0758,A,36,6.1NRT,291.42,3.5,D
-33.58168,117.3376,303.13,1.03,1.01,2026-05-05,0758,A,37,6.1NRT,291.44,4.27,D
-33.55497,116.79619,309.5,1.01,1,2026-05-05,0758,A,65,6.1NRT,291.59,8.36,D
-33.55659,116.78559,306.32,1.01,1,2026-05-05,0758,A,55,6.1NRT,291.33,6.14,D
-33.38751,117.80648,317.79,1.05,1.03,2026-05-05,0758,A,78,6.1NRT,292.18,16.08,D
-33.38929,117.79546,304.94,1.05,1.02,2026-05-05,0758,A,57,6.1NRT,292.92,5.62,D
-33.33992,117.40421,303.7,1.03,1.01,2026-05-05,0758,A,57,6.1NRT,292.57,4.83,D
-33.34844,117.35033,318.35,1.03,1.01,2026-05-05,0758,A,68,6.1NRT,293.08,15.89,D
-33.49257,116.35118,332.66,1,1,2026-05-05,0758,A,88,6.1NRT,292.39,32.54,D
-33.49413,116.34067,325.98,1,1,2026-05-05,0758,A,84,6.1NRT,293.8,24.25,D
-33.27137,117.1385,334.8,1.02,1.01,2026-05-05,0758,A,89,6.1NRT,293.16,34.8,D
-33.27304,117.12782,314.7,1.02,1.01,2026-05-05,0758,A,75,6.1NRT,292.78,11.73,D
-33.26388,117.119,316.16,1.02,1.01,2026-05-05,0758,A,76,6.1NRT,293.03,14.06,D
-33.29277,116.63228,316.34,1.01,1,2026-05-05,0758,A,77,6.1NRT,292.6,14.51,D
-33.29437,116.62176,303.18,1,1,2026-05-05,0758,A,55,6.1NRT,291.67,5.13,D
-33.10478,117.48964,308.49,1.04,1.02,2026-05-05,0758,A,67,6.1NRT,291.27,8.35,D
-33.07131,117.58351,327.98,1.05,1.02,2026-05-05,0758,A,85,6.1NRT,291.83,27.65,D
-33.07305,117.5726,330.45,1.05,1.02,2026-05-05,0758,A,87,6.1NRT,294.83,30.9,D
-33.08957,117.35169,316.46,1.03,1.02,2026-05-05,0758,A,77,6.1NRT,293.34,14.18,D
-33.09126,117.34097,321.22,1.03,1.02,2026-05-05,0758,A,81,6.1NRT,294.6,18.73,D
-33.00001,117.85241,309.9,1.07,1.03,2026-05-05,0758,A,69,6.1NRT,292.83,9.57,D
-32.99457,116.83268,327.97,1.01,1.01,2026-05-05,0758,A,85,6.1NRT,292.42,25.02,D
-32.92789,117.20278,306,1.03,1.01,2026-05-05,0758,A,63,6.1NRT,291.9,6.53,D
-32.98573,116.83072,323.61,1.01,1.01,2026-05-05,0758,A,82,6.1NRT,291.42,20.76,D
-32.98735,116.82014,309.68,1.01,1.01,2026-05-05,0758,A,69,6.1NRT,291.49,8.24,D
-15.39458,167.82039,314.08,1.06,1.03,2026-05-05,0945,T,84,6.1NRT,292.3,15.18,N
-40.63621,176.36029,351.58,1.01,1,2026-05-05,0939,T,100,6.1NRT,283.54,69.96,N
-39.92238,176.68793,301.5,1.03,1.01,2026-05-05,0939,T,42,6.1NRT,275.02,9.55,N
-28.56481,150.12926,305.55,1.34,1.15,2026-05-05,1720,A,65,6.1NRT,285.75,14.56,N
-35.75308,147.79643,302.9,1.24,1.11,2026-05-05,1720,A,49,6.1NRT,278.84,11.97,N
-35.75495,147.80278,301.85,1.24,1.11,2026-05-05,1720,A,31,6.1NRT,279.08,11.04,N
-13.83518,130.61395,307.16,1.86,1.33,2026-05-05,1851,A,70,6.1NRT,294.78,15.29,N
-15.32554,133.23299,303.68,3.16,1.68,2026-05-05,1853,A,56,6.1NRT,289.8,32.34,N
-15.34362,133.25986,302.46,3.18,1.69,2026-05-05,1853,A,47,6.1NRT,289.47,29.12,N
-17.28498,124.87527,311.06,1.01,1,2026-05-05,1853,A,82,6.1NRT,292.01,9.53,N
-17.28634,124.88447,305.87,1.01,1,2026-05-05,1853,A,66,6.1NRT,291.65,5.88,N
-17.29242,124.86469,314.45,1.01,1,2026-05-05,1853,A,89,6.1NRT,292.45,12.24,N
-17.29379,124.87389,307.11,1.01,1,2026-05-05,1853,A,70,6.1NRT,292.06,6.82,N
-17.34982,122.42366,313.36,1.1,1.04,2026-05-05,1853,A,83,6.1NRT,293.31,12.1,N
-17.35898,122.42208,328.2,1.1,1.04,2026-05-05,1853,A,100,6.1NRT,294.49,29.13,N
-17.36059,122.43213,306.42,1.1,1.04,2026-05-05,1853,A,37,6.1NRT,292.97,6.76,N
-17.36975,122.43058,310.3,1.1,1.04,2026-05-05,1853,A,63,6.1NRT,292.66,9.79,N
-18.69543,121.76222,300.89,1.13,1.06,2026-05-05,1853,A,35,6.1NRT,289.98,5.83,N
-19.90458,122.48095,308,1.04,1.02,2026-05-05,1856,A,55,6.1NRT,291.54,9.35,N
-19.91352,122.47939,313.98,1.04,1.02,2026-05-05,1856,A,77,6.1NRT,291.8,13.45,N
-20.03625,122.49188,309.96,1.04,1.02,2026-05-05,1856,A,79,6.1NRT,291.2,10.66,N
-20.03777,122.50151,340.38,1.04,1.02,2026-05-05,1856,A,100,6.1NRT,293.69,46.86,N
-20.04671,122.49996,315.56,1.04,1.02,2026-05-05,1856,A,91,6.1NRT,291.7,14.49,N
-20.04822,122.50958,303.76,1.04,1.02,2026-05-05,1856,A,26,6.1NRT,291.19,5.85,N
-20.05867,122.51765,301.68,1.04,1.02,2026-05-05,1856,A,29,6.1NRT,291,5.04,N
-20.12943,122.55788,304.97,1.03,1.02,2026-05-05,1856,A,62,6.1NRT,291.06,7.25,N
-20.24308,122.57172,302.06,1.03,1.01,2026-05-05,1856,A,46,6.1NRT,290.87,6.02,N
-20.27938,122.5094,319.4,1.03,1.02,2026-05-05,1856,A,87,6.1NRT,291.22,17.9,N
-20.2809,122.519,313.75,1.03,1.02,2026-05-05,1856,A,47,6.1NRT,291.25,12.68,N
-20.28829,122.50784,304.16,1.03,1.02,2026-05-05,1856,A,28,6.1NRT,290.82,6.43,N
-20.28981,122.51744,321.63,1.03,1.02,2026-05-05,1856,A,100,6.1NRT,292.19,20.78,N
-20.29872,122.51588,304.34,1.03,1.02,2026-05-05,1856,A,60,6.1NRT,290.85,6.9,N
-20.30024,122.52548,306.81,1.03,1.02,2026-05-05,1856,A,69,6.1NRT,290.82,8.4,N
-20.31947,122.17756,306.12,1.05,1.03,2026-05-05,1856,A,67,6.1NRT,290.49,8.17,N
-20.32847,122.17598,306.25,1.05,1.03,2026-05-05,1856,A,67,6.1NRT,290.09,8.48,N
-20.35702,122.18098,302.27,1.05,1.03,2026-05-05,1856,A,48,6.1NRT,290.18,5.94,N
-20.35859,122.19079,306.93,1.05,1.02,2026-05-05,1856,A,70,6.1NRT,290.15,9.04,N
-20.36015,122.20058,303.81,1.05,1.02,2026-05-05,1856,A,57,6.1NRT,290.11,6.92,N
-21.6348,122.28067,300.56,1.02,1.01,2026-05-05,1259,T,14,6.1NRT,290.09,4.59,N
-21.61699,122.27766,302.94,1.02,1.01,2026-05-05,1259,T,51,6.1NRT,289.99,5.91,N
-20.3644,122.1997,306.06,1.03,1.02,2026-05-05,1259,T,44,6.1NRT,291.69,6.83,N
-20.3658,122.19004,309.01,1.03,1.02,2026-05-05,1259,T,39,6.1NRT,291.64,8.54,N
-20.35965,122.16925,307.47,1.03,1.02,2026-05-05,1259,T,72,6.1NRT,291.6,7.91,N
-20.28873,122.52726,312,1.06,1.03,2026-05-05,1259,T,64,6.1NRT,293.25,11.12,N
-20.24655,122.56451,306.22,1.06,1.03,2026-05-05,1259,T,67,6.1NRT,292.64,8.12,N
-20.28132,121.81107,314.5,1.02,1.01,2026-05-05,1259,T,89,6.1NRT,292.38,13.36,N
-20.27379,121.80013,302.47,1.02,1.01,2026-05-05,1259,T,35,6.1NRT,291.75,5.11,N
-20.12878,122.54897,316.9,1.06,1.03,2026-05-05,1301,T,94,6.1NRT,293,16.19,N
-20.05156,122.50925,308.06,1.06,1.03,2026-05-05,1301,T,56,6.1NRT,292.35,8.45,N
-19.93379,122.49382,308.52,1.06,1.03,2026-05-05,1301,T,75,6.1NRT,293.01,8.76,N
-19.92473,122.4923,316.84,1.06,1.03,2026-05-05,1301,T,94,6.1NRT,292.95,15.41,N
-19.86959,122.36567,305.31,1.05,1.02,2026-05-05,1301,T,54,6.1NRT,292.54,6.55,N
-20.5911,116.78287,309.15,1.48,1.2,2026-05-05,1301,T,62,6.1NRT,293.96,13.06,N
-19.86345,122.34456,305.88,1.05,1.02,2026-05-05,1301,T,66,6.1NRT,291.96,7.55,N
-19.8535,122.28694,321.73,1.05,1.02,2026-05-05,1301,T,100,6.1NRT,292.46,20.91,N
-19.85491,122.27719,316.83,1.05,1.02,2026-05-05,1301,T,94,6.1NRT,291.24,16.06,N
-19.8445,122.28542,303.91,1.05,1.02,2026-05-05,1301,T,58,6.1NRT,292.6,6.48,N
-18.84473,121.86494,305.14,1.04,1.02,2026-05-05,1301,T,63,6.1NRT,291.62,6.68,N
-18.80787,121.86285,309.29,1.04,1.02,2026-05-05,1301,T,77,6.1NRT,292.73,9.61,N
-18.80924,121.85326,307.16,1.04,1.02,2026-05-05,1301,T,64,6.1NRT,292.53,7.62,N
-17.75362,123.06174,305,1.18,1.08,2026-05-05,1301,T,62,6.1NRT,293.11,6.51,N
-17.72962,123.0911,307.11,1.18,1.08,2026-05-05,1301,T,70,6.1NRT,294.46,8.25,N
-17.73129,123.08017,312.19,1.18,1.08,2026-05-05,1301,T,84,6.1NRT,294.27,12.52,N
-17.51029,123.18793,304.28,1.21,1.09,2026-05-05,1301,T,56,6.1NRT,293.5,5.74,N
-17.51885,122.65577,309.45,1.13,1.06,2026-05-05,1301,T,77,6.1NRT,292.83,10.44,N
-17.52042,122.64536,314.01,1.13,1.06,2026-05-05,1301,T,88,6.1NRT,292.89,14.51,N
-17.34833,122.4357,323.45,1.11,1.05,2026-05-05,1301,T,100,6.1NRT,295.29,22.04,N
-17.34091,122.43851,305.4,1.11,1.05,2026-05-05,1301,T,64,6.1NRT,294.26,6.36,N
-14.80408,126.54284,305.42,2.3,1.47,2026-05-05,1301,T,64,6.1NRT,292.4,15.11,N
-14.80759,126.52207,305.44,2.29,1.47,2026-05-05,1301,T,64,6.1NRT,292.82,15.56,N
-31.28182,115.61049,302.79,2.48,1.52,2026-05-05,1259,T,51,6.1NRT,285.18,28.61,N
-26.43189,146.9751,316.45,1,1,2026-05-05,1119,T,93,6.1NRT,279.02,18.38,N
-19.71441,147.01537,306.51,1.05,1.03,2026-05-05,1121,T,68,6.1NRT,290.48,8.49,N
-19.71585,147.00555,304.48,1.05,1.03,2026-05-05,1121,T,60,6.1NRT,289.55,7.07,N
-19.68085,146.99385,307.63,1.05,1.03,2026-05-05,1121,T,72,6.1NRT,290.37,9.05,N
-19.46394,144.44487,312.38,1.03,1.01,2026-05-05,1121,T,85,6.1NRT,288.99,12.78,N
-11.87173,142.01735,306.1,1.09,1.04,2026-05-05,1123,T,67,6.1NRT,293.43,5.94,N
-42.19573,147.58524,303.67,1.24,1.11,2026-05-05,1117,T,56,6.1NRT,278.66,13.15,N
-41.18557,147.26695,304.29,1.24,1.11,2026-05-05,1117,T,59,6.1NRT,280.96,13.07,N
-35.75353,147.80821,319.47,1.06,1.03,2026-05-05,1119,T,99,6.1NRT,280.24,22.64,N
-35.75498,147.79657,341.46,1.06,1.03,2026-05-05,1119,T,100,6.1NRT,282.33,54.23,N
-35.75644,147.7849,303.99,1.06,1.03,2026-05-05,1119,T,58,6.1NRT,279.69,10.18,N
-35.73486,147.73325,302.72,1.06,1.03,2026-05-05,1119,T,51,6.1NRT,278.63,9.29,N
-34.46273,150.87871,302.79,1.05,1.03,2026-05-05,1119,T,51,6.1NRT,286.38,7.84,N
-30.59216,146.73492,316.79,1.04,1.02,2026-05-05,1119,T,94,6.1NRT,284.84,18.18,N
-30.58313,146.73335,304.45,1.04,1.02,2026-05-05,1119,T,60,6.1NRT,284.54,9.21,N
-43.59914,171.83607,325.91,1.16,1.07,2026-05-05,2042,T,84,6.1NRT,285.29,32.18,D
-43.60855,171.83296,308.74,1.16,1.07,2026-05-05,2042,T,68,6.1NRT,284.53,13.51,D
-11.49518,130.52469,312.73,1.34,1.15,2026-05-05,2350,T,58,6.1NRT,297.97,10.37,D
-13.50502,132.36372,309.19,1.04,1.02,2026-05-05,2352,T,57,6.1NRT,298.35,5.08,D
-13.58187,132.63179,308.28,1.02,1.01,2026-05-05,2352,T,46,6.1NRT,296.59,3.89,D
-13.67086,132.74117,310.42,1.02,1.01,2026-05-05,2352,T,61,6.1NRT,298.05,5.29,D
-13.85033,131.77065,311.82,1.08,1.04,2026-05-05,2352,T,64,6.1NRT,296.66,8.43,D
-13.8518,131.78041,315.38,1.08,1.04,2026-05-05,2352,T,71,6.1NRT,297.08,11.42,D
-15.33082,133.38391,323.29,1,1,2026-05-05,2352,T,80,6.1NRT,297,17.69,D
-15.33212,133.39302,315.91,1,1,2026-05-05,2352,T,72,6.1NRT,297.31,10.67,D
-15.32614,133.21107,312.27,1,1,2026-05-05,2352,T,27,6.1NRT,295.66,7.08,D
-15.32874,133.22929,343.96,1,1,2026-05-05,2352,T,90,6.1NRT,299.46,43.66,D
-15.33004,133.2384,348.93,1,1,2026-05-05,2352,T,95,6.1NRT,300.23,53.68,D
-15.33134,133.24751,321.4,1,1,2026-05-05,2352,T,28,6.1NRT,297.18,12.55,D
-15.33654,133.28394,323.26,1,1,2026-05-05,2352,T,80,6.1NRT,297.24,16.28,D
-15.33784,133.29305,326.69,1,1,2026-05-05,2352,T,83,6.1NRT,297.42,20.52,D
-15.33759,133.22798,357.01,1,1,2026-05-05,2352,T,98,6.1NRT,299.8,71.1,D
-15.33889,133.23709,354.47,1,1,2026-05-05,2352,T,97,6.1NRT,301.12,64.4,D
-15.34773,133.23578,339.36,1,1,2026-05-05,2352,T,91,6.1NRT,297.86,35.88,D
-15.34903,133.24489,333.34,1,1,2026-05-05,2352,T,79,6.1NRT,298.15,25.77,D
-15.36048,133.2618,320.67,1,1,2026-05-05,2352,T,58,6.1NRT,297.51,13,D
-15.71681,135.50743,316.15,1.15,1.07,2026-05-05,2352,T,72,6.1NRT,297.75,12.06,D
-15.71823,135.51797,325.72,1.16,1.07,2026-05-05,2352,T,82,6.1NRT,299.69,23.29,D
-15.72228,135.51094,310.33,1.16,1.07,2026-05-05,2352,T,37,6.1NRT,298.11,6.35,D
-15.72365,135.52155,311.25,1.16,1.07,2026-05-05,2352,T,27,6.1NRT,299.6,6.93,D
-15.73451,135.53084,313.91,1.16,1.07,2026-05-05,2352,T,61,6.1NRT,299.76,9.31,D
-15.47387,130.05913,311.3,1.26,1.12,2026-05-05,2352,T,63,6.1NRT,295.96,8.4,D
-15.55569,129.99208,323.05,1.27,1.12,2026-05-05,2352,T,79,6.1NRT,296.55,23.02,D
-15.5575,130.00381,326.01,1.27,1.12,2026-05-05,2352,T,82,6.1NRT,295.62,27.68,D
-16.14116,132.40878,308.81,1.01,1,2026-05-05,2352,T,62,6.1NRT,296.87,5.71,D
-16.15059,132.47334,313.46,1.01,1,2026-05-05,2352,T,71,6.1NRT,296.76,9.3,D
-16.15194,132.48256,316.49,1.01,1,2026-05-05,2352,T,74,6.1NRT,296.52,11.64,D
-16.11461,132.04214,317.44,1.03,1.01,2026-05-05,2352,T,75,6.1NRT,296.36,11.77,D
-16.12355,132.04076,338.44,1.03,1.01,2026-05-05,2352,T,90,6.1NRT,296.71,38.65,D
-16.12494,132.05013,318.04,1.03,1.01,2026-05-05,2352,T,76,6.1NRT,296.06,12.46,D
-16.24425,131.98073,313.11,1.03,1.01,2026-05-05,2352,T,70,6.1NRT,296.49,8.31,D
-16.80615,132.80592,304.91,1,1,2026-05-05,2352,T,49,6.1NRT,294.42,3.52,D
-16.83611,132.81372,313.88,1,1,2026-05-05,2352,T,71,6.1NRT,294.38,9.46,D
-16.83743,132.82291,319.63,1,1,2026-05-05,2352,T,78,6.1NRT,295.36,14.44,D
-16.83875,132.83208,323.13,1,1,2026-05-05,2352,T,63,6.1NRT,295.85,16.84,D
-16.82517,132.67467,320.85,1,1,2026-05-05,2352,T,73,6.1NRT,294.86,14.91,D
-16.83269,132.66414,332.7,1,1,2026-05-05,2352,T,77,6.1NRT,295.87,27.65,D
-16.83401,132.67332,336.06,1,1,2026-05-05,2352,T,89,6.1NRT,295.75,32.52,D
-16.87807,132.85428,308.81,1,1,2026-05-05,2352,T,65,6.1NRT,294.54,5.14,D
-16.86321,132.68767,315.83,1,1,2026-05-05,2352,T,68,6.1NRT,294.4,10.3,D
-16.89239,132.70203,364.73,1,1,2026-05-05,2352,T,100,6.1NRT,297.2,96.42,D
-16.89371,132.71121,369.94,1,1,2026-05-05,2352,T,100,6.1NRT,299.36,112.79,D
-16.89503,132.7204,315.03,1,1,2026-05-05,2352,T,53,6.1NRT,296.26,9.59,D
-16.9048,132.71283,307.19,1,1,2026-05-05,2352,T,61,6.1NRT,293.51,5.57,D
-16.90612,132.72202,306.02,1,1,2026-05-05,2352,T,58,6.1NRT,292.98,5.1,D
-16.90744,132.7312,305.5,1,1,2026-05-05,2352,T,57,6.1NRT,292.91,4.48,D
-16.9193,132.81386,328.38,1,1,2026-05-05,2352,T,84,6.1NRT,295.78,22.61,D
-16.92946,132.82172,316.75,1,1,2026-05-05,2352,T,49,6.1NRT,293.97,10.88,D
-16.93078,132.83089,322.78,1,1,2026-05-05,2352,T,81,6.1NRT,295.08,17.41,D
-16.93209,132.84007,318.02,1,1,2026-05-05,2352,T,65,6.1NRT,295.08,12.5,D
-17.00422,132.51262,313.98,1,1,2026-05-05,2352,T,72,6.1NRT,294.88,10.43,D
-17.00555,132.52184,320.09,1,1,2026-05-05,2352,T,79,6.1NRT,294.7,15.86,D
-17.0541,132.7964,307.82,1,1,2026-05-05,2352,T,63,6.1NRT,294.22,5.66,D
-17.30117,124.86746,336.33,2.76,1.59,2026-05-05,2352,T,89,6.1NRT,293.91,145.64,D
-17.29161,124.86342,324.25,2.76,1.59,2026-05-05,2352,T,81,6.1NRT,293.95,77.92,D
-17.29631,124.88868,319.68,2.75,1.59,2026-05-05,2352,T,77,6.1NRT,293.47,56.88,D
-17.30559,124.86067,315.92,2.76,1.59,2026-05-05,2352,T,37,6.1NRT,293.41,39.17,D
-17.40507,124.16122,309.28,3.11,1.67,2026-05-05,2352,T,35,6.1NRT,293.37,23.17,D
-17.69781,123.83562,307.44,3.25,1.7,2026-05-05,2352,T,56,6.1NRT,293.34,24.26,D
-17.80169,123.89915,320.74,3.19,1.69,2026-05-05,2352,T,78,6.1NRT,293.45,78.88,D
-17.81257,123.95699,310.15,3.16,1.68,2026-05-05,2352,T,32,6.1NRT,293.27,26.22,D
-18.81448,121.81578,305.05,4.34,1.92,2026-05-05,2354,T,56,6.1NRT,293.44,38.91,D
-21.13959,135.73572,317.52,1.37,1.16,2026-05-05,2354,T,78,6.1NRT,292.81,23.44,D
-21.1483,135.72139,371.92,1.37,1.16,2026-05-05,2354,T,100,6.1NRT,294.7,191.3,D
-21.14989,135.73438,383.68,1.37,1.16,2026-05-05,2354,T,100,6.1NRT,295.93,265.18,D
-21.15688,135.72757,320.33,1.37,1.16,2026-05-05,2354,T,80,6.1NRT,285.21,28.16,D
-19.86963,122.36006,306.41,3.75,1.81,2026-05-05,2354,T,61,6.1NRT,293.03,33.53,D
-20.04747,122.45828,304.25,3.66,1.79,2026-05-05,2354,T,54,6.1NRT,292.21,21.96,D
-20.05409,122.492,378.55,3.64,1.79,2026-05-05,2354,T,100,6.1NRT,295.6,943.12,D
-20.04021,122.45245,319.73,3.66,1.79,2026-05-05,2354,T,33,6.1NRT,292.54,85.55,D
-20.04708,122.48615,403.64,3.64,1.79,2026-05-05,2354,T,100,6.1NRT,298.29,1764.43,D
-28.5672,150.12912,307.46,1.48,1.2,2026-05-05,2216,T,62,6.1NRT,288.84,12.36,D
-28.57038,150.12157,308.72,1.48,1.2,2026-05-05,2216,T,64,6.1NRT,289.2,14.99,D
-28.57304,150.13632,300.19,1.48,1.2,2026-05-05,2216,T,31,6.1NRT,289.13,6.22,D
-32.38725,151.67146,304.04,1.09,1.04,2026-05-05,2216,T,58,6.1NRT,286.47,8.24,D
-34.46208,150.88184,303.82,1.11,1.05,2026-05-05,2218,T,43,6.1NRT,287.49,8.06,D
-37.01912,149.35623,350.34,1.18,1.08,2026-05-05,2218,T,96,6.1NRT,281.32,85.14,D
-37.02135,149.36934,325.2,1.18,1.08,2026-05-05,2218,T,84,6.1NRT,279.61,34.19,D
-27.68207,114.19045,310.71,2.78,1.59,2026-05-06,0134,T,53,6.1NRT,294.31,37.8,D
-28.8708,114.78192,307.29,3.16,1.68,2026-05-06,0134,T,65,6.1NRT,294.38,28.74,D
-28.86932,114.77541,306.09,3.16,1.68,2026-05-06,0134,T,43,6.1NRT,294.35,22.8,D
-28.87144,114.80688,309.28,3.18,1.69,2026-05-06,0134,T,67,6.1NRT,294.29,35.36,D
