latitude,longitude,bright_ti4,scan,track,acq_date,acq_time,satellite,confidence,version,bright_ti5,frp,daynight
-27.10238,149.47473,295.59,0.79,0.78,2026-04-30,1412,N,nominal,2.0NRT,285.08,0.36,N
-28.76397,149.8587,300.56,0.69,0.74,2026-04-30,1412,N,nominal,2.0NRT,279.16,1.81,N
-28.76867,149.84903,311.41,0.69,0.74,2026-04-30,1412,N,nominal,2.0NRT,276.83,3.97,N
-28.7707,149.8562,313.56,0.69,0.74,2026-04-30,1412,N,nominal,2.0NRT,279.95,1.81,N
-28.86371,149.63708,304.99,0.7,0.75,2026-04-30,1412,N,nominal,2.0NRT,283.93,1.46,N
-28.86716,149.63402,295.67,0.7,0.75,2026-04-30,1412,N,nominal,2.0NRT,283.44,2.27,N
-28.86927,149.64134,298.09,0.7,0.75,2026-04-30,1412,N,nominal,2.0NRT,282.14,1.42,N
-29.33483,149.72346,298.91,0.68,0.74,2026-04-30,1414,N,nominal,2.0NRT,284.25,1.32,N
-29.34975,149.16248,295.49,0.73,0.76,2026-04-30,1414,N,nominal,2.0NRT,284.73,0.84,N
-30.34526,148.12912,298.75,0.78,0.78,2026-04-30,1414,N,nominal,2.0NRT,284.57,1.71,N
-30.57603,148.13588,303.01,0.77,0.77,2026-04-30,1414,N,nominal,2.0NRT,282.5,1.92,N
-30.69582,147.75099,323.96,0.8,0.78,2026-04-30,1414,N,nominal,2.0NRT,286.28,3.54,N
-32.23469,151.35709,300.86,0.47,0.64,2026-04-30,1414,N,nominal,2.0NRT,282.56,0.59,N
-37.20514,174.7229,310.46,0.38,0.59,2026-04-30,1414,N,nominal,2.0NRT,283.24,1.23,N
-37.21069,174.72255,304.7,0.38,0.59,2026-04-30,1414,N,nominal,2.0NRT,281.24,1.23,N
-37.20404,174.72141,316.1,0.38,0.59,2026-04-30,1414,N,nominal,2.0NRT,283.41,1.28,N
-33.76369,150.84396,296.74,0.46,0.63,2026-04-30,1414,N,nominal,2.0NRT,280.93,1.18,N
-33.76501,150.8488,306.12,0.46,0.63,2026-04-30,1414,N,nominal,2.0NRT,284.28,1.18,N
-34.20597,150.97041,306.41,0.44,0.62,2026-04-30,1414,N,nominal,2.0NRT,283.75,0.99,N
-34.20508,150.9711,306.23,0.44,0.62,2026-04-30,1414,N,nominal,2.0NRT,283.42,0.98,N
-34.45082,150.8745,295.53,0.44,0.62,2026-04-30,1414,N,nominal,2.0NRT,283.32,0.67,N
-34.45903,150.88173,354.57,0.44,0.62,2026-04-30,1414,N,nominal,2.0NRT,288.35,3.96,N
-34.45644,150.87221,296.72,0.44,0.62,2026-04-30,1414,N,nominal,2.0NRT,282.64,0.67,N
-34.45773,150.87697,302.79,0.44,0.62,2026-04-30,1414,N,nominal,2.0NRT,285.79,3.96,N
-34.46466,150.87949,297.3,0.44,0.62,2026-04-30,1414,N,nominal,2.0NRT,285.58,0.67,N
-34.46724,150.88902,301.21,0.44,0.62,2026-04-30,1414,N,nominal,2.0NRT,287.63,0.99,N
-34.64804,150.44931,296.99,0.46,0.63,2026-04-30,1414,N,nominal,2.0NRT,281.77,0.76,N
-34.95254,150.65541,303.02,0.44,0.62,2026-04-30,1414,N,nominal,2.0NRT,286,1.33,N
-34.83994,148.56598,303.8,0.56,0.69,2026-04-30,1414,N,nominal,2.0NRT,275.18,1.3,N
-34.83986,148.56496,308.34,0.56,0.69,2026-04-30,1414,N,nominal,2.0NRT,273.44,2.07,N
-40.04069,175.55981,297.4,0.44,0.63,2026-04-30,1414,N,nominal,2.0NRT,276.26,1.13,N
-40.03729,175.56056,303.38,0.44,0.63,2026-04-30,1414,N,nominal,2.0NRT,277.07,1.31,N
-37.44021,146.32346,297.33,0.62,0.71,2026-04-30,1416,N,nominal,2.0NRT,283.12,1.86,N
-37.44049,146.31726,295.16,0.62,0.71,2026-04-30,1416,N,nominal,2.0NRT,283.23,0.96,N
-37.56828,146.10684,297.21,0.63,0.72,2026-04-30,1416,N,nominal,2.0NRT,278.41,1.42,N
-37.57044,146.11372,297.51,0.63,0.72,2026-04-30,1416,N,nominal,2.0NRT,278.8,1.42,N
-37.57708,146.08781,306.63,0.63,0.72,2026-04-30,1416,N,nominal,2.0NRT,275.2,1.64,N
-37.57265,146.1156,299.28,0.63,0.72,2026-04-30,1416,N,nominal,2.0NRT,279.2,1.53,N
-37.56937,146.08217,301.15,0.63,0.72,2026-04-30,1416,N,nominal,2.0NRT,274.4,3.02,N
-37.36374,145.08974,297.14,0.71,0.75,2026-04-30,1416,N,nominal,2.0NRT,283.83,1.03,N
-37.3598,145.08864,297.49,0.71,0.75,2026-04-30,1416,N,nominal,2.0NRT,283.44,0.91,N
-43.58238,171.78978,295.43,0.61,0.53,2026-04-30,1416,N,nominal,2.0NRT,276.1,0.89,N
-40.84126,144.9285,314.75,0.57,0.69,2026-04-30,1416,N,nominal,2.0NRT,283.16,2.01,N
-40.84735,144.92503,334.77,0.57,0.69,2026-04-30,1416,N,nominal,2.0NRT,283.81,5.38,N
-40.84546,144.92416,337.34,0.57,0.69,2026-04-30,1416,N,nominal,2.0NRT,283.73,7.41,N
-40.84763,144.93089,313.87,0.57,0.69,2026-04-30,1416,N,nominal,2.0NRT,282.31,4.04,N
-41.46872,146.47719,300.5,0.47,0.64,2026-04-30,1416,N,nominal,2.0NRT,273.11,1.53,N
-41.47589,146.47911,297.74,0.47,0.64,2026-04-30,1416,N,nominal,2.0NRT,271.71,1.87,N
-41.47775,146.48521,301.36,0.47,0.64,2026-04-30,1416,N,nominal,2.0NRT,272.67,1.27,N
-15.37827,167.82587,295.97,0.39,0.36,2026-04-30,1408,N,nominal,2.0NRT,257.53,0.58,N
-15.37887,167.8295,296.18,0.39,0.36,2026-04-30,1408,N,nominal,2.0NRT,258.01,0.59,N
-15.38102,167.82164,299.7,0.39,0.36,2026-04-30,1408,N,nominal,2.0NRT,257.05,2.25,N
-15.38162,167.82526,307.09,0.39,0.36,2026-04-30,1408,N,nominal,2.0NRT,256.94,2.25,N
-15.38221,167.82889,310.87,0.39,0.36,2026-04-30,1408,N,nominal,2.0NRT,257.75,3.23,N
-15.3828,167.83252,304.21,0.39,0.36,2026-04-30,1408,N,nominal,2.0NRT,258.05,3.23,N
-15.38339,167.83615,295.99,0.39,0.36,2026-04-30,1408,N,nominal,2.0NRT,257.62,0.54,N
-15.38377,167.81741,299.25,0.39,0.36,2026-04-30,1408,N,nominal,2.0NRT,255.93,1.19,N
-15.38673,167.83554,302.97,0.39,0.36,2026-04-30,1408,N,nominal,2.0NRT,257.68,0.54,N
-15.38771,167.82048,320.14,0.39,0.36,2026-04-30,1408,N,nominal,2.0NRT,254.45,13.96,N
-15.38712,167.81685,304.72,0.39,0.36,2026-04-30,1408,N,nominal,2.0NRT,254.06,0.69,N
-15.39067,167.83859,295.97,0.39,0.36,2026-04-30,1408,N,nominal,2.0NRT,257.3,2.08,N
-15.39106,167.81989,323.24,0.39,0.36,2026-04-30,1408,N,nominal,2.0NRT,256.26,13.96,N
-15.38988,167.81264,295.44,0.39,0.36,2026-04-30,1408,N,nominal,2.0NRT,254.53,0.69,N
-15.39047,167.81627,305.84,0.39,0.36,2026-04-30,1408,N,nominal,2.0NRT,256.13,0.69,N
-15.39381,167.81569,304.42,0.39,0.36,2026-04-30,1408,N,nominal,2.0NRT,254.28,0.87,N
-15.3944,167.81932,317.47,0.39,0.36,2026-04-30,1408,N,nominal,2.0NRT,256.83,6.22,N
-15.39618,167.83018,314.15,0.39,0.36,2026-04-30,1408,N,nominal,2.0NRT,257.7,3.59,N
-15.39677,167.83382,300.98,0.39,0.36,2026-04-30,1408,N,nominal,2.0NRT,259.21,0.66,N
-15.39716,167.81511,298.99,0.39,0.36,2026-04-30,1408,N,nominal,2.0NRT,255.09,0.87,N
-15.39775,167.81874,306.61,0.39,0.36,2026-04-30,1408,N,nominal,2.0NRT,255.72,6.22,N
-15.39834,167.82237,317.8,0.39,0.36,2026-04-30,1408,N,nominal,2.0NRT,256.32,6.22,N
-15.39893,167.82602,315.77,0.39,0.36,2026-04-30,1408,N,nominal,2.0NRT,257.07,3.59,N
-15.39952,167.82964,305.53,0.39,0.36,2026-04-30,1408,N,nominal,2.0NRT,257.14,3.59,N
-15.40012,167.83327,296.95,0.39,0.36,2026-04-30,1408,N,nominal,2.0NRT,259.33,0.66,N
-15.4011,167.81818,297.24,0.39,0.36,2026-04-30,1408,N,nominal,2.0NRT,254.89,0.69,N
-15.40169,167.82182,301.75,0.39,0.36,2026-04-30,1408,N,nominal,2.0NRT,254.87,0.69,N
-15.40228,167.82545,300.31,0.39,0.36,2026-04-30,1408,N,nominal,2.0NRT,256.76,0.68,N
-15.40287,167.82909,296.79,0.39,0.36,2026-04-30,1408,N,nominal,2.0NRT,257.31,0.68,N
-19.52618,169.44978,308.37,0.4,0.37,2026-04-30,1410,N,nominal,2.0NRT,289.51,0.74,N
-19.52901,169.44528,330.43,0.4,0.37,2026-04-30,1410,N,nominal,2.0NRT,294.05,9.01,N
-19.52958,169.44913,332.58,0.4,0.37,2026-04-30,1410,N,nominal,2.0NRT,291.4,2.74,N
-19.53299,169.44858,301.81,0.4,0.37,2026-04-30,1410,N,nominal,2.0NRT,288.31,2.74,N
-22.25425,166.44424,309.39,0.39,0.36,2026-04-30,1410,N,nominal,2.0NRT,293.22,0.75,N
-23.55456,151.06502,300.32,0.78,0.78,2026-04-30,1412,N,nominal,2.0NRT,286.57,1.28,N
-23.63348,151.15947,300.47,0.77,0.77,2026-04-30,1412,N,nominal,2.0NRT,286.22,0.82,N
-23.55569,151.06844,300.36,0.78,0.78,2026-04-30,1412,N,nominal,2.0NRT,286.74,0.99,N
-23.61329,151.10986,302.97,0.78,0.78,2026-04-30,1412,N,nominal,2.0NRT,286.5,2.23,N
-23.64584,151.11629,302.52,0.77,0.78,2026-04-30,1412,N,nominal,2.0NRT,286.5,1.13,N
-23.82531,151.15039,301.75,0.76,0.77,2026-04-30,1412,N,nominal,2.0NRT,288.21,1.51,N
-23.82503,151.14511,301.62,0.76,0.77,2026-04-30,1412,N,nominal,2.0NRT,288.55,1.98,N
-24.83406,151.87308,300.71,0.66,0.73,2026-04-30,1412,N,nominal,2.0NRT,285.86,2.46,N
-24.83575,151.8795,312.93,0.66,0.73,2026-04-30,1412,N,nominal,2.0NRT,286.5,2.16,N
-31.4809,146.67006,296.47,0.47,0.48,2026-04-30,1554,N,nominal,2.0NRT,285.93,1.05,N
-30.44496,136.85603,310.81,0.43,0.38,2026-04-30,1554,N,nominal,2.0NRT,288.42,1.14,N
-30.44576,136.86049,305.04,0.43,0.38,2026-04-30,1554,N,nominal,2.0NRT,290.5,1.14,N
-32.24384,150.84404,297.45,0.42,0.61,2026-04-30,1554,N,nominal,2.0NRT,286.54,0.56,N
-32.08523,146.95709,298.8,0.5,0.49,2026-04-30,1554,N,nominal,2.0NRT,285.37,2.22,N
-32.08544,146.96169,305.06,0.5,0.49,2026-04-30,1554,N,nominal,2.0NRT,285.22,0.84,N
-32.21547,148.11964,299.39,0.58,0.52,2026-04-30,1554,N,nominal,2.0NRT,285.12,0.81,N
-32.47314,151.0744,295.73,0.43,0.62,2026-04-30,1554,N,nominal,2.0NRT,282.18,0.41,N
-32.27098,142.31819,297.68,0.44,0.39,2026-04-30,1554,N,nominal,2.0NRT,285.69,0.75,N
-33.68285,146.55457,300.56,0.49,0.49,2026-04-30,1554,N,nominal,2.0NRT,275.58,2,N
-34.21097,150.97185,312.85,0.44,0.62,2026-04-30,1554,N,nominal,2.0NRT,284.04,1.14,N
-34.02311,146.16035,296.42,0.47,0.48,2026-04-30,1554,N,nominal,2.0NRT,275.7,1.6,N
-11.86983,142.02055,320.35,0.42,0.38,2026-04-30,1548,N,nominal,2.0NRT,292.39,2.32,N
-34.02757,146.15973,295.72,0.47,0.48,2026-04-30,1554,N,nominal,2.0NRT,273.36,1.06,N
-11.86918,142.01668,317.79,0.42,0.38,2026-04-30,1548,N,nominal,2.0NRT,292.02,1.56,N
-34.02464,146.15923,295.25,0.47,0.48,2026-04-30,1554,N,nominal,2.0NRT,272.84,0.8,N
-11.87329,142.01994,332.17,0.42,0.38,2026-04-30,1548,N,nominal,2.0NRT,291.92,2.32,N
-34.02911,146.1586,297.4,0.47,0.48,2026-04-30,1554,N,nominal,2.0NRT,275.7,0.8,N
-11.87265,142.01607,311.78,0.42,0.38,2026-04-30,1548,N,nominal,2.0NRT,292.15,1.56,N
-33.66515,142.63205,306.75,0.47,0.4,2026-04-30,1554,N,nominal,2.0NRT,285.83,0.86,N
-11.48677,130.52611,304.63,0.71,0.75,2026-04-30,1550,N,nominal,2.0NRT,285.59,1.79,N
-33.66884,142.63138,338.9,0.47,0.4,2026-04-30,1554,N,nominal,2.0NRT,287.52,3.75,N
-11.49146,130.52654,303.35,0.71,0.75,2026-04-30,1550,N,nominal,2.0NRT,285.9,0.25,N
-33.67252,142.63071,325.06,0.47,0.4,2026-04-30,1554,N,nominal,2.0NRT,286.41,3.75,N
-14.07839,131.85553,301.72,0.52,0.67,2026-04-30,1550,N,nominal,2.0NRT,287.18,0.91,N
-33.6762,142.63005,300.92,0.47,0.4,2026-04-30,1554,N,nominal,2.0NRT,285.82,0.79,N
-18.15467,144.71317,299.84,0.41,0.37,2026-04-30,1550,N,nominal,2.0NRT,288.34,0.62,N
-34.45558,150.87497,308.88,0.44,0.62,2026-04-30,1554,N,nominal,2.0NRT,287.09,2.12,N
-18.15753,144.70871,321.74,0.41,0.37,2026-04-30,1550,N,nominal,2.0NRT,289.84,2.5,N
-34.46175,150.87944,312.21,0.44,0.62,2026-04-30,1554,N,nominal,2.0NRT,286.97,1.86,N
-18.15811,144.7126,313,0.41,0.37,2026-04-30,1550,N,nominal,2.0NRT,288.95,0.62,N
-34.46203,150.88441,305.51,0.44,0.62,2026-04-30,1554,N,nominal,2.0NRT,286.97,1.86,N
-18.15924,144.69646,320.01,0.41,0.37,2026-04-30,1550,N,nominal,2.0NRT,289.65,2.32,N
-34.28546,147.83206,298.8,0.59,0.53,2026-04-30,1554,N,nominal,2.0NRT,280.1,0.5,N
-18.15982,144.70035,321.49,0.41,0.37,2026-04-30,1550,N,nominal,2.0NRT,289.67,2.32,N
-33.71801,142.45584,323.51,0.46,0.39,2026-04-30,1554,N,nominal,2.0NRT,287.95,2.62,N
-18.16039,144.70424,325.52,0.41,0.37,2026-04-30,1550,N,nominal,2.0NRT,289.2,1.45,N
-32.99554,137.58585,313.8,0.39,0.36,2026-04-30,1554,N,nominal,2.0NRT,285.82,1.49,N
-18.15867,144.69255,313.92,0.41,0.37,2026-04-30,1550,N,nominal,2.0NRT,289.76,1.22,N
-33.72167,142.45517,311.31,0.46,0.39,2026-04-30,1554,N,nominal,2.0NRT,287.75,1.4,N
-18.16097,144.70813,307.26,0.41,0.37,2026-04-30,1550,N,nominal,2.0NRT,288.69,1.45,N
-33.16815,138.0119,303.64,0.39,0.36,2026-04-30,1554,N,nominal,2.0NRT,285.11,0.74,N
-18.15923,144.67259,338.44,0.41,0.37,2026-04-30,1550,N,nominal,2.0NRT,290.5,3.68,N
-34.95344,150.65521,306.06,0.43,0.62,2026-04-30,1554,N,nominal,2.0NRT,284.79,0.99,N
-18.15981,144.67647,338.27,0.41,0.37,2026-04-30,1550,N,nominal,2.0NRT,290.67,3.68,N
-34.9537,150.65999,298.1,0.43,0.62,2026-04-30,1554,N,nominal,2.0NRT,285.7,0.99,N
-18.16038,144.68034,335.24,0.41,0.37,2026-04-30,1550,N,nominal,2.0NRT,290.16,3.04,N
-34.84006,148.56779,334.89,0.33,0.55,2026-04-30,1554,N,nominal,2.0NRT,282.41,2.82,N
-18.16096,144.68423,327.27,0.41,0.37,2026-04-30,1550,N,nominal,2.0NRT,289.58,3.04,N
-34.07188,141.00052,302.3,0.42,0.37,2026-04-30,1554,N,nominal,2.0NRT,286.6,1.19,N
-18.15866,144.6687,311.33,0.41,0.37,2026-04-30,1550,N,nominal,2.0NRT,289.24,1.61,N
-34.07251,141.00301,305.66,0.42,0.37,2026-04-30,1554,N,nominal,2.0NRT,286.47,0.8,N
-18.16153,144.68813,317.14,0.41,0.37,2026-04-30,1550,N,nominal,2.0NRT,289.58,1.22,N
-35.05321,146.93721,296.91,0.53,0.5,2026-04-30,1554,N,nominal,2.0NRT,277.93,0.53,N
-18.16211,144.692,304.87,0.41,0.37,2026-04-30,1550,N,nominal,2.0NRT,288.39,1.22,N
-35.1173,147.23889,295.43,0.56,0.51,2026-04-30,1554,N,nominal,2.0NRT,279.01,0.63,N
-15.41933,129.66603,302.32,0.68,0.74,2026-04-30,1550,N,nominal,2.0NRT,290.73,0.75,N
-35.76914,147.80385,298.1,0.61,0.53,2026-04-30,1556,N,nominal,2.0NRT,284.33,1.81,N
-15.39251,129.7084,303.61,0.67,0.74,2026-04-30,1550,N,nominal,2.0NRT,290.5,2.09,N
-35.76865,147.80441,296.69,0.61,0.53,2026-04-30,1556,N,nominal,2.0NRT,283.87,2.49,N
-15.41906,129.66753,302.8,0.68,0.74,2026-04-30,1550,N,nominal,2.0NRT,290.27,1.47,N
-35.77691,146.6395,300.34,0.52,0.5,2026-04-30,1556,N,nominal,2.0NRT,270.4,1,N
-15.49349,129.48499,302.84,0.69,0.74,2026-04-30,1550,N,nominal,2.0NRT,290.42,0.83,N
-35.77792,146.63928,304.39,0.52,0.5,2026-04-30,1556,N,nominal,2.0NRT,272.38,1.45,N
-15.49321,129.48842,303.67,0.69,0.74,2026-04-30,1550,N,nominal,2.0NRT,289.73,1.34,N
-34.83121,138.50136,298.3,0.38,0.36,2026-04-30,1556,N,nominal,2.0NRT,282.82,0.45,N
-15.51511,129.48915,301.84,0.69,0.74,2026-04-30,1550,N,nominal,2.0NRT,290.2,0.56,N
-34.96165,138.73161,297.52,0.39,0.36,2026-04-30,1556,N,nominal,2.0NRT,285.17,0.38,N
-15.80981,129.01402,302.62,0.73,0.76,2026-04-30,1550,N,nominal,2.0NRT,290.7,1.19,N
-35.90602,145.98672,295.02,0.48,0.48,2026-04-30,1556,N,nominal,2.0NRT,280.98,0.28,N
-15.78424,128.65921,302.78,0.77,0.77,2026-04-30,1550,N,nominal,2.0NRT,290.84,3.43,N
-36.12308,148.5112,318.44,0.34,0.56,2026-04-30,1556,N,nominal,2.0NRT,269.95,1.22,N
-15.78596,128.66096,302.8,0.77,0.77,2026-04-30,1550,N,nominal,2.0NRT,290.57,2.39,N
-36.12859,148.51451,305.4,0.34,0.56,2026-04-30,1556,N,nominal,2.0NRT,271.36,1.2,N
-15.80907,128.6308,301.7,0.77,0.77,2026-04-30,1550,N,nominal,2.0NRT,289.47,1.41,N
-36.12222,148.51138,317.87,0.34,0.56,2026-04-30,1556,N,nominal,2.0NRT,269.89,1.05,N
-15.89799,128.78615,306.67,0.75,0.77,2026-04-30,1550,N,nominal,2.0NRT,290.38,1.77,N
-36.12771,148.51465,302.84,0.34,0.56,2026-04-30,1556,N,nominal,2.0NRT,270.5,1.24,N
-16.06165,128.99625,307.01,0.72,0.76,2026-04-30,1550,N,nominal,2.0NRT,290.86,3.19,N
-36.14594,148.5508,302.73,0.34,0.56,2026-04-30,1556,N,nominal,2.0NRT,271.88,1.19,N
-17.01179,130.67188,298.78,0.55,0.68,2026-04-30,1550,N,nominal,2.0NRT,288.43,0.74,N
-36.14646,148.5587,297.54,0.34,0.56,2026-04-30,1556,N,nominal,2.0NRT,271.18,1.39,N
-17.03115,130.63991,299.31,0.55,0.68,2026-04-30,1550,N,nominal,2.0NRT,287.79,0.93,N
-34.75879,135.76967,310.66,0.42,0.37,2026-04-30,1556,N,nominal,2.0NRT,283.97,1.36,N
-17.01508,130.67453,299.51,0.54,0.68,2026-04-30,1550,N,nominal,2.0NRT,288.81,0.65,N
-34.76224,135.76875,312.01,0.42,0.37,2026-04-30,1556,N,nominal,2.0NRT,285.48,1.36,N
-17.03313,130.63759,301.02,0.55,0.68,2026-04-30,1550,N,nominal,2.0NRT,288.09,0.86,N
-34.75879,135.76768,311.45,0.42,0.37,2026-04-30,1556,N,nominal,2.0NRT,284.8,1.51,N
-17.3007,130.57314,305.16,0.55,0.68,2026-04-30,1550,N,nominal,2.0NRT,289.13,2.13,N
-34.76223,135.76675,318.41,0.42,0.37,2026-04-30,1556,N,nominal,2.0NRT,286.06,1.51,N
-19.86761,144.21559,296.42,0.41,0.37,2026-04-30,1550,N,nominal,2.0NRT,286.21,0.57,N
-36.41281,148.53325,301.34,0.34,0.56,2026-04-30,1556,N,nominal,2.0NRT,280.17,0.99,N
-19.91566,144.09723,302.15,0.41,0.37,2026-04-30,1550,N,nominal,2.0NRT,287.98,0.72,N
-36.41307,148.53699,298.51,0.34,0.56,2026-04-30,1556,N,nominal,2.0NRT,280,0.99,N
-20.06543,139.91028,307.5,0.42,0.38,2026-04-30,1550,N,nominal,2.0NRT,290.75,0.52,N
-36.49493,146.72276,324.42,0.54,0.51,2026-04-30,1556,N,nominal,2.0NRT,286.59,3.68,N
-17.89135,127.80255,302.87,0.78,0.78,2026-04-30,1552,N,nominal,2.0NRT,287.45,0.97,N
-36.49402,146.71193,301.68,0.54,0.51,2026-04-30,1556,N,nominal,2.0NRT,286.33,1.7,N
-17.98294,127.77067,303.28,0.78,0.78,2026-04-30,1552,N,nominal,2.0NRT,288.68,1.83,N
-36.49446,146.71716,302.25,0.54,0.51,2026-04-30,1556,N,nominal,2.0NRT,285.8,3.68,N
-21.65349,147.98434,315.61,0.43,0.46,2026-04-30,1552,N,nominal,2.0NRT,288.88,1.7,N
-36.49967,146.72214,337.64,0.54,0.51,2026-04-30,1556,N,nominal,2.0NRT,286.59,3.68,N
-17.99016,127.76897,299.47,0.78,0.78,2026-04-30,1552,N,nominal,2.0NRT,288.35,1.83,N
-36.49922,146.71666,318.87,0.54,0.51,2026-04-30,1556,N,nominal,2.0NRT,287.08,3.68,N
-17.99735,127.76712,312.32,0.78,0.78,2026-04-30,1552,N,nominal,2.0NRT,288.52,1.44,N
-36.50396,146.71603,320.62,0.54,0.51,2026-04-30,1556,N,nominal,2.0NRT,285.61,2.99,N
-18.00444,127.76484,305.49,0.78,0.78,2026-04-30,1552,N,nominal,2.0NRT,287.74,1.44,N
-36.50443,146.72156,306.27,0.54,0.51,2026-04-30,1556,N,nominal,2.0NRT,283.37,2.99,N
-17.98189,127.76534,304.94,0.78,0.78,2026-04-30,1552,N,nominal,2.0NRT,288.24,1.92,N
-36.50871,146.71547,331.62,0.54,0.51,2026-04-30,1556,N,nominal,2.0NRT,285.74,2.99,N
-17.99098,127.77129,300.91,0.78,0.78,2026-04-30,1552,N,nominal,2.0NRT,288.47,1.92,N
-36.50826,146.71014,303.72,0.54,0.51,2026-04-30,1556,N,nominal,2.0NRT,284.79,3.6,N
-17.99274,127.77846,303.02,0.78,0.78,2026-04-30,1552,N,nominal,2.0NRT,287.76,1.57,N
-36.51347,146.71492,331.69,0.54,0.51,2026-04-30,1556,N,nominal,2.0NRT,285.37,2.52,N
-17.99814,127.76932,307.75,0.78,0.78,2026-04-30,1552,N,nominal,2.0NRT,288.36,2.21,N
-36.513,146.70944,309.76,0.54,0.51,2026-04-30,1556,N,nominal,2.0NRT,284.79,5.19,N
-36.51826,146.71477,306.15,0.54,0.51,2026-04-30,1556,N,nominal,2.0NRT,281.67,2.52,N
-18.00348,127.75989,300.15,0.78,0.78,2026-04-30,1552,N,nominal,2.0NRT,288.06,2.21,N
-36.50453,146.72023,320.68,0.54,0.51,2026-04-30,1556,N,nominal,2.0NRT,284.41,3.52,N
-20.73529,139.47609,302.97,0.43,0.38,2026-04-30,1552,N,nominal,2.0NRT,291.28,0.8,N
-36.5041,146.71481,307.62,0.54,0.51,2026-04-30,1556,N,nominal,2.0NRT,284.97,4.68,N
-22.03681,146.35629,301.79,0.53,0.42,2026-04-30,1552,N,nominal,2.0NRT,289.8,0.94,N
-36.50885,146.71417,335.92,0.54,0.51,2026-04-30,1556,N,nominal,2.0NRT,286.6,4.68,N
-22.31308,148.47679,305.57,0.47,0.48,2026-04-30,1552,N,nominal,2.0NRT,286.25,0.51,N
-36.5136,146.71353,339.05,0.54,0.51,2026-04-30,1556,N,nominal,2.0NRT,285.84,4.26,N
-22.56729,149.71605,312.42,0.56,0.52,2026-04-30,1552,N,nominal,2.0NRT,287.26,1.37,N
-36.51837,146.71324,298.76,0.54,0.51,2026-04-30,1556,N,nominal,2.0NRT,281.76,4.26,N
-22.57211,149.71541,326.15,0.56,0.52,2026-04-30,1552,N,nominal,2.0NRT,287.5,2.72,N
-36.54342,146.78636,297.25,0.54,0.51,2026-04-30,1556,N,nominal,2.0NRT,285.54,0.99,N
-22.57089,149.70418,302.89,0.56,0.52,2026-04-30,1552,N,nominal,2.0NRT,287.86,1.6,N
-36.61712,146.97893,299.01,0.56,0.51,2026-04-30,1556,N,nominal,2.0NRT,282.57,1.08,N
-22.5715,149.70979,299.77,0.56,0.52,2026-04-30,1552,N,nominal,2.0NRT,287.59,1.6,N
-36.71331,147.68898,296.23,0.61,0.53,2026-04-30,1556,N,nominal,2.0NRT,280.76,2.05,N
-23.0487,148.59064,307.86,0.49,0.48,2026-04-30,1552,N,nominal,2.0NRT,287.52,0.99,N
-36.71175,147.69008,297.23,0.61,0.54,2026-04-30,1556,N,nominal,2.0NRT,281.52,1.82,N
-23.5532,151.07457,308.48,0.35,0.57,2026-04-30,1552,N,nominal,2.0NRT,288.27,0.67,N
-36.72219,147.69406,300.95,0.61,0.54,2026-04-30,1556,N,nominal,2.0NRT,279,2.11,N
-23.30027,148.3297,296.62,0.47,0.48,2026-04-30,1552,N,nominal,2.0NRT,286.36,0.6,N
-36.72721,147.69337,317.17,0.61,0.54,2026-04-30,1556,N,nominal,2.0NRT,277.62,2.11,N
-23.59654,151.07692,305.81,0.35,0.57,2026-04-30,1552,N,nominal,2.0NRT,288.73,0.48,N
-23.59968,151.10866,303.5,0.35,0.57,2026-04-30,1552,N,nominal,2.0NRT,288.29,0.74,N
-36.72765,147.69949,298.04,0.61,0.54,2026-04-30,1556,N,nominal,2.0NRT,277.54,2.11,N
-23.60083,151.06583,300.28,0.35,0.57,2026-04-30,1552,N,nominal,2.0NRT,288.24,0.52,N
-35.9744,139.88115,295.77,0.4,0.37,2026-04-30,1556,N,nominal,2.0NRT,279.13,0.53,N
-23.60118,151.06926,301.06,0.35,0.57,2026-04-30,1552,N,nominal,2.0NRT,288.29,1.19,N
-36.76225,146.94855,298.41,0.56,0.51,2026-04-30,1556,N,nominal,2.0NRT,282.68,1.51,N
-23.60616,151.06523,307.29,0.35,0.57,2026-04-30,1552,N,nominal,2.0NRT,287.87,0.52,N
-35.74503,137.35263,299.58,0.39,0.36,2026-04-30,1556,N,nominal,2.0NRT,284.63,0.41,N
-36.74857,140.95766,297.8,0.44,0.38,2026-04-30,1556,N,nominal,2.0NRT,266.75,0.96,N
-23.30346,148.33252,308.7,0.47,0.48,2026-04-30,1552,N,nominal,2.0NRT,287.57,0.69,N
-37.33977,145.55092,300.84,0.48,0.48,2026-04-30,1556,N,nominal,2.0NRT,287.18,0.8,N
-23.59479,151.07846,300.51,0.35,0.57,2026-04-30,1552,N,nominal,2.0NRT,287.67,0.4,N
-37.34477,145.55592,301.53,0.48,0.48,2026-04-30,1556,N,nominal,2.0NRT,287.86,0.92,N
-23.60305,151.10976,302.61,0.36,0.57,2026-04-30,1552,N,nominal,2.0NRT,287.83,0.87,N
-37.35435,145.56105,298.89,0.48,0.48,2026-04-30,1556,N,nominal,2.0NRT,287.2,0.59,N
-23.60448,151.06665,309.33,0.35,0.57,2026-04-30,1552,N,nominal,2.0NRT,288.54,1.11,N
-37.43774,146.34624,303.88,0.53,0.5,2026-04-30,1556,N,nominal,2.0NRT,283.72,1.75,N
-23.60981,151.06612,301.28,0.35,0.57,2026-04-30,1552,N,nominal,2.0NRT,287.89,0.65,N
-37.44189,146.33929,304.18,0.52,0.5,2026-04-30,1556,N,nominal,2.0NRT,283.43,1.66,N
-23.61309,151.10147,304.02,0.35,0.57,2026-04-30,1552,N,nominal,2.0NRT,287.98,1.08,N
-37.44237,146.34488,307.1,0.53,0.5,2026-04-30,1556,N,nominal,2.0NRT,283.27,0.94,N
-23.61342,151.10501,304.37,0.36,0.57,2026-04-30,1552,N,nominal,2.0NRT,288.1,1.39,N
-37.44284,146.3504,301.64,0.53,0.5,2026-04-30,1556,N,nominal,2.0NRT,279.87,0.94,N
-23.61611,151.07588,304.28,0.35,0.57,2026-04-30,1552,N,nominal,2.0NRT,288.98,0.74,N
-37.44654,146.33812,298.27,0.52,0.5,2026-04-30,1556,N,nominal,2.0NRT,278.99,1.66,N
-23.61644,151.07941,300.78,0.35,0.57,2026-04-30,1552,N,nominal,2.0NRT,287.92,0.74,N
-37.44704,146.34387,296.58,0.53,0.5,2026-04-30,1556,N,nominal,2.0NRT,277.44,0.94,N
-23.61941,151.11133,300.05,0.36,0.57,2026-04-30,1552,N,nominal,2.0NRT,287.71,1.17,N
-37.43834,146.34496,302.72,0.53,0.5,2026-04-30,1556,N,nominal,2.0NRT,282.67,1.89,N
-23.61975,151.11499,314.15,0.36,0.57,2026-04-30,1552,N,nominal,2.0NRT,288.95,1.17,N
-37.44253,146.33789,305.66,0.53,0.5,2026-04-30,1556,N,nominal,2.0NRT,282.11,2.25,N
-23.62008,151.11864,310.8,0.36,0.57,2026-04-30,1552,N,nominal,2.0NRT,287.96,1.21,N
-37.44297,146.34348,314.01,0.53,0.5,2026-04-30,1556,N,nominal,2.0NRT,283.33,2.25,N
-23.62145,151.07532,301.79,0.35,0.57,2026-04-30,1552,N,nominal,2.0NRT,287.9,0.56,N
-37.35944,145.10233,295.21,0.45,0.47,2026-04-30,1556,N,nominal,2.0NRT,266.12,1.81,N
-37.53719,146.02524,297.65,0.51,0.49,2026-04-30,1556,N,nominal,2.0NRT,282.71,1.25,N
-23.34091,148.30373,299.24,0.47,0.48,2026-04-30,1552,N,nominal,2.0NRT,286.06,0.45,N
-37.53761,146.0303,300.49,0.51,0.49,2026-04-30,1556,N,nominal,2.0NRT,284.3,2.03,N
-23.62712,151.07835,301.54,0.35,0.57,2026-04-30,1552,N,nominal,2.0NRT,288.25,0.56,N
-37.55864,146.28769,301.52,0.52,0.5,2026-04-30,1556,N,nominal,2.0NRT,280.74,1.15,N
-23.63114,151.12123,300.78,0.36,0.57,2026-04-30,1552,N,nominal,2.0NRT,288.74,0.52,N
-37.54269,146.03525,300.21,0.51,0.49,2026-04-30,1556,N,nominal,2.0NRT,285.57,1.25,N
-23.63512,151.16385,306.44,0.36,0.57,2026-04-30,1552,N,nominal,2.0NRT,287.5,0.86,N
-37.56219,146.27284,296.86,0.52,0.5,2026-04-30,1556,N,nominal,2.0NRT,283.86,1.81,N
-23.63614,151.11691,313.08,0.36,0.57,2026-04-30,1552,N,nominal,2.0NRT,288.84,1.56,N
-37.56273,146.2796,306.19,0.52,0.5,2026-04-30,1556,N,nominal,2.0NRT,284.22,1.65,N
-23.63647,151.12044,318.75,0.36,0.57,2026-04-30,1552,N,nominal,2.0NRT,288.96,1.56,N
-37.54686,146.02917,304.09,0.51,0.49,2026-04-30,1556,N,nominal,2.0NRT,284.29,1.25,N
-23.6368,151.12398,309.86,0.36,0.57,2026-04-30,1552,N,nominal,2.0NRT,288.4,1.34,N
-37.54732,146.03461,302.31,0.51,0.49,2026-04-30,1556,N,nominal,2.0NRT,284.8,1.25,N
-23.63915,151.14903,305.37,0.36,0.57,2026-04-30,1552,N,nominal,2.0NRT,288.16,0.84,N
-37.54902,145.99915,302.27,0.5,0.49,2026-04-30,1556,N,nominal,2.0NRT,283.97,1.52,N
-23.63948,151.15254,300.69,0.36,0.57,2026-04-30,1552,N,nominal,2.0NRT,288.67,0.8,N
-37.55361,145.99817,306.73,0.5,0.49,2026-04-30,1556,N,nominal,2.0NRT,285.25,1.52,N
-23.64048,151.16324,303.34,0.36,0.57,2026-04-30,1552,N,nominal,2.0NRT,287.54,0.87,N
-37.5557,146.02303,301.07,0.51,0.49,2026-04-30,1556,N,nominal,2.0NRT,281.89,1.39,N
-23.64586,151.16275,302.57,0.36,0.57,2026-04-30,1552,N,nominal,2.0NRT,288.13,0.87,N
-37.55612,146.02802,298.67,0.51,0.49,2026-04-30,1556,N,nominal,2.0NRT,283.58,2.12,N
-23.64856,151.1916,302.18,0.36,0.57,2026-04-30,1552,N,nominal,2.0NRT,287.53,0.67,N
-37.55819,145.99706,295.02,0.5,0.49,2026-04-30,1556,N,nominal,2.0NRT,284.67,1.18,N
-23.64717,151.11917,304.87,0.36,0.57,2026-04-30,1552,N,nominal,2.0NRT,288.33,0.61,N
-37.56275,145.99582,301.93,0.5,0.49,2026-04-30,1556,N,nominal,2.0NRT,284.32,1.18,N
-23.64786,151.12648,299.75,0.36,0.57,2026-04-30,1552,N,nominal,2.0NRT,287.97,0.55,N
-37.56331,146.00243,309.64,0.51,0.49,2026-04-30,1556,N,nominal,2.0NRT,285.19,2.25,N
-23.65427,151.19449,301.31,0.36,0.57,2026-04-30,1552,N,nominal,2.0NRT,287.73,0.43,N
-37.57033,146.08574,303.97,0.51,0.49,2026-04-30,1556,N,nominal,2.0NRT,283.71,1.08,N
-23.65461,151.1981,300.62,0.36,0.57,2026-04-30,1552,N,nominal,2.0NRT,288.24,0.43,N
-37.57489,146.08414,297.12,0.51,0.49,2026-04-30,1556,N,nominal,2.0NRT,284.61,1.53,N
-23.65455,151.14005,299.53,0.36,0.57,2026-04-30,1552,N,nominal,2.0NRT,287.7,0.5,N
-37.57537,146.08987,308.3,0.51,0.49,2026-04-30,1556,N,nominal,2.0NRT,286.11,1.53,N
-23.66059,151.14656,305.33,0.36,0.57,2026-04-30,1552,N,nominal,2.0NRT,288.97,0.79,N
-37.57673,146.10597,313.63,0.51,0.49,2026-04-30,1556,N,nominal,2.0NRT,282.8,2.28,N
-23.66093,151.15021,301.99,0.36,0.57,2026-04-30,1552,N,nominal,2.0NRT,288.25,0.85,N
-37.57993,146.08827,310.75,0.51,0.49,2026-04-30,1556,N,nominal,2.0NRT,285.07,1.53,N
-23.66526,151.13878,301.97,0.36,0.57,2026-04-30,1552,N,nominal,2.0NRT,288.35,1.35,N
-37.58041,146.0939,301.8,0.51,0.49,2026-04-30,1556,N,nominal,2.0NRT,285.07,2.23,N
-23.66561,151.14238,300.23,0.36,0.57,2026-04-30,1552,N,nominal,2.0NRT,288.01,0.79,N
-37.585,146.09267,306.92,0.51,0.49,2026-04-30,1556,N,nominal,2.0NRT,283.82,1.01,N
-23.6794,151.17316,305.52,0.36,0.57,2026-04-30,1552,N,nominal,2.0NRT,288.3,0.94,N
-37.74571,145.7702,299.9,0.49,0.49,2026-04-30,1556,N,nominal,2.0NRT,286.31,1.31,N
-23.67972,151.17657,301.09,0.36,0.57,2026-04-30,1552,N,nominal,2.0NRT,288.07,0.72,N
-37.74619,145.77583,309.17,0.49,0.49,2026-04-30,1556,N,nominal,2.0NRT,288.69,1.31,N
-23.75345,151.18881,301.24,0.36,0.57,2026-04-30,1552,N,nominal,2.0NRT,288.75,0.58,N
-37.74666,145.78127,303.66,0.49,0.49,2026-04-30,1556,N,nominal,2.0NRT,288.61,1.83,N
-23.75883,151.18823,300.31,0.36,0.57,2026-04-30,1552,N,nominal,2.0NRT,287.29,0.47,N
-37.7471,145.78651,306.58,0.49,0.49,2026-04-30,1556,N,nominal,2.0NRT,288.1,1.83,N
-23.75916,151.19174,299.11,0.36,0.57,2026-04-30,1552,N,nominal,2.0NRT,286.12,0.33,N
-37.74754,145.7916,312.91,0.49,0.49,2026-04-30,1556,N,nominal,2.0NRT,287,1.56,N
-23.77062,151.19785,301.65,0.36,0.57,2026-04-30,1552,N,nominal,2.0NRT,286.48,0.76,N
-37.7512,145.7803,299.1,0.49,0.49,2026-04-30,1556,N,nominal,2.0NRT,287.52,1.16,N
-23.77702,151.20799,305.64,0.36,0.58,2026-04-30,1552,N,nominal,2.0NRT,288.85,1.19,N
-23.82591,151.15105,302.02,0.36,0.57,2026-04-30,1552,N,nominal,2.0NRT,291.37,0.96,N
-37.75164,145.7854,305.94,0.49,0.49,2026-04-30,1556,N,nominal,2.0NRT,288.76,1.16,N
-23.82852,151.15012,317.52,0.36,0.57,2026-04-30,1552,N,nominal,2.0NRT,293,2.48,N
-37.75487,145.7692,300.88,0.49,0.49,2026-04-30,1556,N,nominal,2.0NRT,287.1,1.13,N
-23.82886,151.15388,312.12,0.36,0.57,2026-04-30,1552,N,nominal,2.0NRT,293.48,1.59,N
-37.75533,145.77446,302.98,0.49,0.49,2026-04-30,1556,N,nominal,2.0NRT,287.78,1.13,N
-23.86865,151.29027,305.99,0.37,0.58,2026-04-30,1552,N,nominal,2.0NRT,291.79,1.19,N
-37.75946,145.76878,322.15,0.49,0.49,2026-04-30,1556,N,nominal,2.0NRT,289.3,1.88,N
-23.76667,149.10728,333.54,0.54,0.5,2026-04-30,1552,N,nominal,2.0NRT,287.81,4.2,N
-37.75991,145.77408,301.23,0.49,0.49,2026-04-30,1556,N,nominal,2.0NRT,287.76,1.88,N
-23.7708,149.10132,318.36,0.53,0.5,2026-04-30,1552,N,nominal,2.0NRT,286.27,2.89,N
-37.7664,145.79565,309.22,0.49,0.49,2026-04-30,1556,N,nominal,2.0NRT,287.95,1.72,N
-23.77137,149.10655,310.52,0.54,0.5,2026-04-30,1552,N,nominal,2.0NRT,286.08,1.39,N
-37.7686,145.76753,299.29,0.49,0.49,2026-04-30,1556,N,nominal,2.0NRT,287.2,2.13,N
-23.77193,149.11177,295.54,0.54,0.5,2026-04-30,1552,N,nominal,2.0NRT,285.33,1.39,N
-37.77316,145.76688,315.73,0.49,0.49,2026-04-30,1556,N,nominal,2.0NRT,288.08,2.13,N
-23.77665,149.11127,303.86,0.54,0.5,2026-04-30,1552,N,nominal,2.0NRT,285.36,1.39,N
-23.77724,149.11674,304.15,0.54,0.51,2026-04-30,1552,N,nominal,2.0NRT,285.8,1.69,N
-37.77363,145.77231,318.03,0.49,0.49,2026-04-30,1556,N,nominal,2.0NRT,289.39,2.13,N
-23.78196,149.11629,298.79,0.54,0.51,2026-04-30,1552,N,nominal,2.0NRT,284.44,0.92,N
-37.77412,145.77786,312.55,0.49,0.49,2026-04-30,1556,N,nominal,2.0NRT,289.07,3.08,N
-23.84606,149.1671,306.74,0.54,0.51,2026-04-30,1552,N,nominal,2.0NRT,287.43,1.95,N
-37.784,144.72894,296.13,0.44,0.46,2026-04-30,1556,N,nominal,2.0NRT,277.6,0.34,N
-23.84908,149.1501,299.04,0.54,0.51,2026-04-30,1552,N,nominal,2.0NRT,286.58,0.74,N
-37.83367,144.78893,327.16,0.44,0.46,2026-04-30,1556,N,nominal,2.0NRT,278.73,2.01,N
-23.85131,149.17143,305.52,0.54,0.51,2026-04-30,1552,N,nominal,2.0NRT,287.35,2.05,N
-37.8302,144.78806,313.3,0.44,0.46,2026-04-30,1556,N,nominal,2.0NRT,277.97,1.4,N
-23.85431,149.15427,311.1,0.54,0.51,2026-04-30,1552,N,nominal,2.0NRT,287.86,1.87,N
-37.83453,144.78741,304.7,0.44,0.46,2026-04-30,1556,N,nominal,2.0NRT,275.92,1.4,N
-23.85486,149.1595,303.71,0.54,0.51,2026-04-30,1552,N,nominal,2.0NRT,286.98,0.91,N
-38.39399,146.29561,298.55,0.53,0.5,2026-04-30,1556,N,nominal,2.0NRT,282.45,0.67,N
-23.85661,149.17618,300.28,0.54,0.51,2026-04-30,1552,N,nominal,2.0NRT,287.16,1.97,N
-38.43667,146.47458,296.64,0.55,0.51,2026-04-30,1556,N,nominal,2.0NRT,279.98,0.84,N
-23.85721,149.18193,316.2,0.54,0.51,2026-04-30,1552,N,nominal,2.0NRT,288.13,1.33,N
-38.43713,146.48062,309.25,0.55,0.51,2026-04-30,1556,N,nominal,2.0NRT,276.65,0.84,N
-23.85897,149.15306,302.18,0.54,0.51,2026-04-30,1552,N,nominal,2.0NRT,286.37,1.87,N
-38.44188,146.47945,306.25,0.55,0.51,2026-04-30,1556,N,nominal,2.0NRT,279.46,1.65,N
-23.85955,149.15852,302.82,0.54,0.51,2026-04-30,1552,N,nominal,2.0NRT,286.95,0.91,N
-40.84649,144.92664,317.19,0.48,0.48,2026-04-30,1556,N,nominal,2.0NRT,282.21,2.53,N
-23.86192,149.18105,299.58,0.54,0.51,2026-04-30,1552,N,nominal,2.0NRT,286.62,1.33,N
-40.84697,144.9325,318.6,0.48,0.48,2026-04-30,1556,N,nominal,2.0NRT,277.37,2.53,N
-23.86252,149.1868,307.13,0.54,0.51,2026-04-30,1552,N,nominal,2.0NRT,287.62,1.33,N
-41.31524,145.89993,305.41,0.54,0.51,2026-04-30,1556,N,nominal,2.0NRT,282.26,1.39,N
-23.86424,149.15753,307.37,0.54,0.51,2026-04-30,1552,N,nominal,2.0NRT,287.06,1.83,N
-41.31451,145.90062,303.6,0.54,0.51,2026-04-30,1556,N,nominal,2.0NRT,281.86,1.57,N
-23.86726,149.18623,301.37,0.54,0.51,2026-04-30,1552,N,nominal,2.0NRT,287.06,1.42,N
-41.43457,145.97978,308.47,0.55,0.51,2026-04-30,1556,N,nominal,2.0NRT,280.78,2.63,N
-23.87487,149.1674,308.7,0.54,0.51,2026-04-30,1552,N,nominal,2.0NRT,287.22,1.39,N
-41.47324,146.47704,307.33,0.58,0.52,2026-04-30,1556,N,nominal,2.0NRT,282.63,2.2,N
-23.87777,149.1496,306.19,0.54,0.51,2026-04-30,1552,N,nominal,2.0NRT,286.64,1.71,N
-41.47368,146.4838,314.01,0.59,0.52,2026-04-30,1556,N,nominal,2.0NRT,283.27,2.2,N
-23.87959,149.16666,301.3,0.54,0.51,2026-04-30,1552,N,nominal,2.0NRT,285.87,1.39,N
-41.47866,146.4836,298.04,0.59,0.52,2026-04-30,1556,N,nominal,2.0NRT,281.94,2.2,N
-23.88021,149.17245,313.06,0.54,0.51,2026-04-30,1552,N,nominal,2.0NRT,287.07,1.39,N
-41.47911,146.4904,300.92,0.59,0.53,2026-04-30,1556,N,nominal,2.0NRT,280.89,2.01,N
-23.88211,149.19037,300.45,0.54,0.51,2026-04-30,1552,N,nominal,2.0NRT,287.07,0.93,N
-42.31362,147.18628,342.95,0.32,0.55,2026-04-30,1556,N,nominal,2.0NRT,275.24,3.73,N
-23.88248,149.14883,308.79,0.54,0.51,2026-04-30,1552,N,nominal,2.0NRT,286.8,1.96,N
-42.3139,147.19086,342.88,0.32,0.55,2026-04-30,1556,N,nominal,2.0NRT,274.35,3.73,N
-21.71114,133.74304,308.03,0.57,0.52,2026-04-30,1552,N,nominal,2.0NRT,289.74,1.25,N
-42.31907,147.19008,324.25,0.32,0.55,2026-04-30,1556,N,nominal,2.0NRT,275.63,3.73,N
-21.70987,133.74242,305.2,0.57,0.52,2026-04-30,1552,N,nominal,2.0NRT,289.13,0.78,N
-24.83743,151.87883,315.09,0.41,0.61,2026-04-30,1552,N,nominal,2.0NRT,286.99,0.7,N
-24.83781,151.88307,297.93,0.41,0.61,2026-04-30,1552,N,nominal,2.0NRT,285.77,0.7,N
-24.84312,151.87827,297.46,0.41,0.61,2026-04-30,1552,N,nominal,2.0NRT,286.65,0.7,N
-24.8389,151.8793,315.07,0.41,0.61,2026-04-30,1552,N,nominal,2.0NRT,287.22,1.78,N
-25.26767,149.15765,300.29,0.56,0.52,2026-04-30,1552,N,nominal,2.0NRT,285.75,1.23,N
-25.03991,145.81087,318.1,0.53,0.42,2026-04-30,1552,N,nominal,2.0NRT,288.38,2.18,N
-25.04382,145.81029,310.93,0.53,0.42,2026-04-30,1552,N,nominal,2.0NRT,287.22,0.92,N
-25.04772,145.80971,299.28,0.53,0.42,2026-04-30,1552,N,nominal,2.0NRT,286.91,0.92,N
-25.0393,145.80975,316.27,0.53,0.42,2026-04-30,1552,N,nominal,2.0NRT,288.68,1.83,N
-25.0432,145.8092,310.53,0.53,0.42,2026-04-30,1552,N,nominal,2.0NRT,287.27,1.83,N
-25.04711,145.80861,307.59,0.53,0.42,2026-04-30,1552,N,nominal,2.0NRT,287.28,1.62,N
-24.0031,131.5536,300.56,0.35,0.56,2026-04-30,1552,N,nominal,2.0NRT,276.62,0.58,N
-28.01548,148.49335,310.47,0.55,0.51,2026-04-30,1552,N,nominal,2.0NRT,286.61,2.42,N
-28.01606,148.49907,304.08,0.55,0.51,2026-04-30,1552,N,nominal,2.0NRT,287.07,1.29,N
-28.0154,148.49271,298.72,0.55,0.51,2026-04-30,1552,N,nominal,2.0NRT,286.38,1.65,N
-28.01594,148.49843,315.87,0.55,0.51,2026-04-30,1552,N,nominal,2.0NRT,287.49,1.65,N
-27.92744,147.37733,319.36,0.47,0.48,2026-04-30,1552,N,nominal,2.0NRT,287.89,2.22,N
-27.92795,147.3822,301.74,0.47,0.48,2026-04-30,1552,N,nominal,2.0NRT,287.89,1.11,N
-28.76947,149.85272,304.75,0.34,0.56,2026-04-30,1552,N,nominal,2.0NRT,279.99,1.51,N
-28.76947,149.85374,304.95,0.34,0.56,2026-04-30,1552,N,nominal,2.0NRT,280.03,1.15,N
-28.86711,149.63988,302.79,0.33,0.55,2026-04-30,1552,N,nominal,2.0NRT,281.64,0.5,N
-28.8674,149.64336,295.72,0.33,0.55,2026-04-30,1552,N,nominal,2.0NRT,280.57,0.5,N
-29.33805,149.72437,327.13,0.34,0.56,2026-04-30,1554,N,nominal,2.0NRT,284.26,1.4,N
-29.42826,148.36705,312.65,0.56,0.51,2026-04-30,1554,N,nominal,2.0NRT,287.5,2.65,N
-30.34447,148.13388,298.03,0.56,0.51,2026-04-30,1554,N,nominal,2.0NRT,284.87,0.8,N
-30.34928,148.13329,299.77,0.56,0.51,2026-04-30,1554,N,nominal,2.0NRT,284.04,0.8,N
-30.69774,147.75212,317.83,0.53,0.5,2026-04-30,1554,N,nominal,2.0NRT,269.54,2.25,N
-30.69884,147.75134,315.55,0.53,0.5,2026-04-30,1554,N,nominal,2.0NRT,268.23,3.14,N
-30.94968,146.16397,309.63,0.43,0.46,2026-04-30,1554,N,nominal,2.0NRT,285.8,1.14,N
-30.9471,146.16261,303.47,0.44,0.46,2026-04-30,1554,N,nominal,2.0NRT,286.36,1.19,N
-31.16614,146.89452,311.01,0.48,0.48,2026-04-30,1554,N,nominal,2.0NRT,284.78,1.56,N
-31.17115,146.89908,321.5,0.48,0.48,2026-04-30,1554,N,nominal,2.0NRT,285.69,1.72,N
-31.17064,146.89392,300.79,0.48,0.48,2026-04-30,1554,N,nominal,2.0NRT,284.49,1.38,N
-31.17166,146.90425,300.92,0.48,0.48,2026-04-30,1554,N,nominal,2.0NRT,285.14,1.72,N
-31.1574,146.66878,295.31,0.47,0.48,2026-04-30,1554,N,nominal,2.0NRT,277.69,0.85,N
-31.16965,146.13141,297.13,0.44,0.46,2026-04-30,1554,N,nominal,2.0NRT,285.93,0.47,N
-33.92137,117.4885,296.04,0.48,0.4,2026-04-30,1734,N,nominal,2.0NRT,279.56,0.77,N
-33.92511,117.48785,328.72,0.48,0.4,2026-04-30,1734,N,nominal,2.0NRT,280.45,4.65,N
-33.77309,116.28468,297.38,0.43,0.38,2026-04-30,1734,N,nominal,2.0NRT,280.01,0.92,N
-33.77372,116.28939,310.72,0.43,0.38,2026-04-30,1734,N,nominal,2.0NRT,280.8,0.92,N
-33.77955,116.27859,300.18,0.43,0.38,2026-04-30,1734,N,nominal,2.0NRT,280.53,0.85,N
-33.78018,116.28333,305.32,0.43,0.38,2026-04-30,1734,N,nominal,2.0NRT,281.93,1.29,N
-34.24567,116.96474,301.4,0.46,0.39,2026-04-30,1734,N,nominal,2.0NRT,280.44,0.71,N
-12.66138,124.54297,319.45,0.43,0.46,2026-04-30,1730,N,nominal,2.0NRT,297.18,1.59,N
-14.08364,131.85611,304.16,0.69,0.74,2026-04-30,1730,N,nominal,2.0NRT,284.13,0.98,N
-14.09062,131.85538,299.7,0.69,0.74,2026-04-30,1730,N,nominal,2.0NRT,284.75,0.82,N
-14.53908,130.52338,301.34,0.57,0.69,2026-04-30,1730,N,nominal,2.0NRT,289.36,0.76,N
-14.569,125.14622,339.56,0.5,0.49,2026-04-30,1730,N,nominal,2.0NRT,299.22,14.39,N
-14.5696,125.15093,336.74,0.5,0.49,2026-04-30,1730,N,nominal,2.0NRT,295.55,14.39,N
-14.57355,125.1455,308.93,0.5,0.49,2026-04-30,1730,N,nominal,2.0NRT,294.66,2.93,N
-14.58754,125.18211,305.77,0.51,0.49,2026-04-30,1730,N,nominal,2.0NRT,294.04,1.25,N
-14.62193,125.41417,306.79,0.53,0.5,2026-04-30,1730,N,nominal,2.0NRT,295.37,3.68,N
-14.59854,125.19515,310.41,0.51,0.49,2026-04-30,1730,N,nominal,2.0NRT,295,2.62,N
-14.66263,125.22902,335.75,0.51,0.49,2026-04-30,1730,N,nominal,2.0NRT,296.25,4.5,N
-14.66323,125.23384,341.12,0.51,0.49,2026-04-30,1730,N,nominal,2.0NRT,297.07,6.04,N
-14.66841,125.23788,325.17,0.51,0.5,2026-04-30,1730,N,nominal,2.0NRT,295.05,6.04,N
-14.66721,125.22831,312.71,0.51,0.49,2026-04-30,1730,N,nominal,2.0NRT,294.4,4.5,N
-15.21659,129.56161,303.96,0.5,0.66,2026-04-30,1730,N,nominal,2.0NRT,292.43,1.22,N
-14.75761,125.2397,308.23,0.51,0.5,2026-04-30,1730,N,nominal,2.0NRT,293.81,1.56,N
-14.75681,125.23792,306.74,0.51,0.5,2026-04-30,1730,N,nominal,2.0NRT,293.85,1.5,N
-15.46918,130.01869,323.29,0.54,0.68,2026-04-30,1730,N,nominal,2.0NRT,291.55,3.5,N
-14.99317,125.78294,304.53,0.56,0.52,2026-04-30,1730,N,nominal,2.0NRT,290.87,0.61,N
-15.0411,125.7387,307.65,0.56,0.51,2026-04-30,1730,N,nominal,2.0NRT,291.96,1.14,N
-15.04177,125.74387,307.33,0.56,0.51,2026-04-30,1730,N,nominal,2.0NRT,292.02,1.14,N
-15.04093,125.7375,304.86,0.56,0.51,2026-04-30,1730,N,nominal,2.0NRT,291.86,0.97,N
-15.04156,125.74269,309.15,0.56,0.51,2026-04-30,1730,N,nominal,2.0NRT,291.93,1.57,N
-15.22124,126.44371,299.17,0.63,0.54,2026-04-30,1730,N,nominal,2.0NRT,288.76,0.94,N
-15.1945,125.45934,309.21,0.54,0.51,2026-04-30,1730,N,nominal,2.0NRT,293.55,2.63,N
-15.19987,125.46387,317.82,0.54,0.51,2026-04-30,1730,N,nominal,2.0NRT,293.8,2.94,N
-15.20386,125.4577,305.4,0.54,0.51,2026-04-30,1730,N,nominal,2.0NRT,293.18,1.51,N
-15.21385,125.46097,305.52,0.54,0.51,2026-04-30,1730,N,nominal,2.0NRT,293.19,1.98,N
-15.196,125.45753,310.54,0.54,0.51,2026-04-30,1730,N,nominal,2.0NRT,293.93,1.46,N
-15.19665,125.46294,310.79,0.54,0.51,2026-04-30,1730,N,nominal,2.0NRT,293.93,1.46,N
-15.20133,125.46202,311.54,0.54,0.51,2026-04-30,1730,N,nominal,2.0NRT,293.66,1.46,N
-15.206,125.46105,307.68,0.54,0.51,2026-04-30,1730,N,nominal,2.0NRT,293.62,1.36,N
-15.21065,125.46001,305.62,0.54,0.51,2026-04-30,1730,N,nominal,2.0NRT,293.48,1.36,N
-15.21533,125.45917,309.89,0.54,0.51,2026-04-30,1730,N,nominal,2.0NRT,292.76,2.17,N
-15.2254,125.46332,308.99,0.54,0.51,2026-04-30,1730,N,nominal,2.0NRT,293.19,1.8,N
-15.41123,126.84709,320.34,0.33,0.56,2026-04-30,1730,N,nominal,2.0NRT,291.02,1.48,N
-15.24228,125.44501,309.66,0.54,0.51,2026-04-30,1730,N,nominal,2.0NRT,292.91,1.93,N
-15.41086,126.84388,312.11,0.33,0.56,2026-04-30,1730,N,nominal,2.0NRT,291.24,2.74,N
-15.41641,126.8464,323.66,0.33,0.56,2026-04-30,1730,N,nominal,2.0NRT,291.26,1.48,N
-15.4216,126.84578,303.64,0.33,0.56,2026-04-30,1730,N,nominal,2.0NRT,291.4,0.62,N
-15.28771,125.5018,305.59,0.54,0.51,2026-04-30,1730,N,nominal,2.0NRT,293.58,1.56,N
-15.29177,125.49596,309.62,0.54,0.51,2026-04-30,1730,N,nominal,2.0NRT,293.12,1.56,N
-15.2924,125.50094,313.33,0.54,0.51,2026-04-30,1730,N,nominal,2.0NRT,293.54,1.56,N
-15.54384,127.51883,353.52,0.37,0.58,2026-04-30,1730,N,nominal,2.0NRT,294.85,3.22,N
-15.54427,127.5225,332.6,0.37,0.58,2026-04-30,1730,N,nominal,2.0NRT,293.25,3.22,N
-15.2971,125.50008,306.59,0.54,0.51,2026-04-30,1730,N,nominal,2.0NRT,293.46,1.31,N
-15.54471,127.52619,312.12,0.37,0.58,2026-04-30,1730,N,nominal,2.0NRT,292.77,1.39,N
-15.54969,127.52174,302.89,0.37,0.58,2026-04-30,1730,N,nominal,2.0NRT,292.19,3.22,N
-11.4884,130.5295,302.27,0.52,0.67,2026-04-30,1730,N,nominal,2.0NRT,284.83,0.85,N
-15.55014,127.52559,319.53,0.37,0.58,2026-04-30,1730,N,nominal,2.0NRT,292.75,1.39,N
-11.49403,130.5237,305.1,0.52,0.67,2026-04-30,1730,N,nominal,2.0NRT,284.38,2.03,N
-15.55079,127.52312,307.09,0.37,0.58,2026-04-30,1730,N,nominal,2.0NRT,292.55,1.24,N
-11.49113,130.52354,307.81,0.52,0.67,2026-04-30,1730,N,nominal,2.0NRT,284.92,0.83,N
-15.55123,127.52706,306.86,0.37,0.58,2026-04-30,1730,N,nominal,2.0NRT,292.28,0.82,N
-11.4917,130.52847,307.12,0.52,0.67,2026-04-30,1730,N,nominal,2.0NRT,284.35,0.83,N
-15.80768,129.01868,311.58,0.47,0.64,2026-04-30,1730,N,nominal,2.0NRT,291.97,1.26,N
-15.78608,128.66089,309.67,0.45,0.63,2026-04-30,1730,N,nominal,2.0NRT,292.37,3.17,N
-15.79147,128.65601,301,0.45,0.63,2026-04-30,1730,N,nominal,2.0NRT,289.71,1.28,N
-15.80227,128.64658,303.07,0.44,0.63,2026-04-30,1730,N,nominal,2.0NRT,290.37,0.73,N
-15.78502,128.66098,310.15,0.45,0.63,2026-04-30,1730,N,nominal,2.0NRT,292.09,3.36,N
-15.78552,128.66577,303.49,0.45,0.63,2026-04-30,1730,N,nominal,2.0NRT,291.93,2.62,N
-15.4445,125.51205,304.3,0.55,0.51,2026-04-30,1730,N,nominal,2.0NRT,291.75,1.55,N
-15.68979,127.62006,310.42,0.38,0.59,2026-04-30,1730,N,nominal,2.0NRT,292.75,1.06,N
-15.80128,128.64642,303.24,0.45,0.63,2026-04-30,1730,N,nominal,2.0NRT,289.96,0.76,N
-15.69523,127.61912,316.37,0.38,0.59,2026-04-30,1730,N,nominal,2.0NRT,292.22,1.06,N
-15.71293,127.7784,314.68,0.39,0.59,2026-04-30,1730,N,nominal,2.0NRT,292.75,1.03,N
-15.71545,127.8012,307.05,0.39,0.59,2026-04-30,1730,N,nominal,2.0NRT,293.48,1.6,N
-15.43892,125.388,325.85,0.54,0.51,2026-04-30,1730,N,nominal,2.0NRT,292.88,2.21,N
-15.43467,125.35339,306.79,0.53,0.5,2026-04-30,1730,N,nominal,2.0NRT,292.35,0.79,N
-15.43528,125.35831,304.32,0.53,0.5,2026-04-30,1730,N,nominal,2.0NRT,292.95,0.83,N
-15.72095,127.80016,306.38,0.39,0.59,2026-04-30,1730,N,nominal,2.0NRT,292.99,0.8,N
-15.72141,127.80428,310.48,0.39,0.59,2026-04-30,1730,N,nominal,2.0NRT,292.84,0.8,N
-15.44361,125.3873,306.37,0.54,0.51,2026-04-30,1730,N,nominal,2.0NRT,292.69,2.21,N
-15.44831,125.38669,342.22,0.54,0.51,2026-04-30,1730,N,nominal,2.0NRT,293.73,5.85,N
-15.45648,125.37556,309.19,0.54,0.51,2026-04-30,1730,N,nominal,2.0NRT,292.8,1.45,N
-15.46055,125.3699,308.06,0.54,0.5,2026-04-30,1730,N,nominal,2.0NRT,292.39,2.83,N
-15.46461,125.36421,304.82,0.54,0.5,2026-04-30,1730,N,nominal,2.0NRT,292.69,1.34,N
-15.46524,125.36931,305.28,0.54,0.5,2026-04-30,1730,N,nominal,2.0NRT,292.46,1.34,N
-15.46425,125.17358,308.14,0.52,0.5,2026-04-30,1730,N,nominal,2.0NRT,292.45,1.11,N
-15.46824,125.16802,316.64,0.52,0.5,2026-04-30,1730,N,nominal,2.0NRT,293.21,3.3,N
-15.46888,125.17297,315.76,0.52,0.5,2026-04-30,1730,N,nominal,2.0NRT,293.43,1.72,N
-15.47354,125.17265,309.83,0.52,0.5,2026-04-30,1730,N,nominal,2.0NRT,292.63,1.72,N
-15.5233,125.41259,314.45,0.54,0.51,2026-04-30,1730,N,nominal,2.0NRT,292.31,1.87,N
-15.5195,125.41174,308.31,0.54,0.51,2026-04-30,1730,N,nominal,2.0NRT,292.1,2.02,N
-15.90272,128.78229,303.33,0.46,0.63,2026-04-30,1730,N,nominal,2.0NRT,292.02,1.17,N
-15.55222,125.36647,316.32,0.54,0.51,2026-04-30,1730,N,nominal,2.0NRT,292.66,1.61,N
-15.78056,126.83373,301.79,0.34,0.56,2026-04-30,1730,N,nominal,2.0NRT,290.33,0.59,N
-15.7858,126.83332,306.96,0.34,0.56,2026-04-30,1730,N,nominal,2.0NRT,290.18,0.59,N
-15.63257,125.54815,305.15,0.55,0.51,2026-04-30,1730,N,nominal,2.0NRT,292.03,1.58,N
-15.63795,125.55238,308.15,0.55,0.51,2026-04-30,1730,N,nominal,2.0NRT,291.37,0.83,N
-16.04461,128.98067,302.18,0.47,0.64,2026-04-30,1730,N,nominal,2.0NRT,291.05,0.52,N
-16.05058,128.97977,335.89,0.47,0.64,2026-04-30,1730,N,nominal,2.0NRT,293.28,5.11,N
-15.62287,125.35851,306.21,0.54,0.51,2026-04-30,1730,N,nominal,2.0NRT,292.31,1.41,N
-16.05795,128.99136,303.62,0.47,0.64,2026-04-30,1730,N,nominal,2.0NRT,292.01,1.95,N
-15.63296,125.54699,305.76,0.55,0.51,2026-04-30,1730,N,nominal,2.0NRT,292.31,1.17,N
-15.6383,125.55121,310.28,0.55,0.51,2026-04-30,1730,N,nominal,2.0NRT,291.51,1.17,N
-15.62462,125.35709,308.33,0.54,0.51,2026-04-30,1730,N,nominal,2.0NRT,292.72,1.46,N
-15.62519,125.36177,305.48,0.54,0.51,2026-04-30,1730,N,nominal,2.0NRT,292.8,1.15,N
-16.04698,128.97891,318.3,0.47,0.64,2026-04-30,1730,N,nominal,2.0NRT,291.84,3,N
-16.04742,128.98315,317.02,0.47,0.64,2026-04-30,1730,N,nominal,2.0NRT,292.43,3,N
-16.06069,128.99387,302.92,0.47,0.64,2026-04-30,1730,N,nominal,2.0NRT,291.44,1.77,N
-15.6641,125.29025,310.13,0.53,0.5,2026-04-30,1730,N,nominal,2.0NRT,291.69,1.34,N
-15.72309,125.37965,316.64,0.54,0.51,2026-04-30,1730,N,nominal,2.0NRT,292.27,2.19,N
-15.72394,125.37814,306.01,0.54,0.51,2026-04-30,1730,N,nominal,2.0NRT,292.1,1.46,N
-15.72455,125.38326,303.76,0.54,0.51,2026-04-30,1730,N,nominal,2.0NRT,291.65,1.16,N
-15.74566,124.83277,311.1,0.5,0.49,2026-04-30,1730,N,nominal,2.0NRT,292.28,1.28,N
-15.74628,124.83758,304.56,0.5,0.49,2026-04-30,1730,N,nominal,2.0NRT,292.35,1.28,N
-15.7678,124.89678,336.8,0.5,0.49,2026-04-30,1730,N,nominal,2.0NRT,293.09,3.25,N
-15.7684,124.90144,308.95,0.5,0.49,2026-04-30,1730,N,nominal,2.0NRT,292.42,3.25,N
-15.76838,124.89851,341.4,0.5,0.49,2026-04-30,1730,N,nominal,2.0NRT,293.81,5.72,N
-16.09404,127.44485,304.25,0.37,0.58,2026-04-30,1730,N,nominal,2.0NRT,290.46,0.59,N
-15.93932,125.7538,306.86,0.58,0.52,2026-04-30,1730,N,nominal,2.0NRT,292.92,1.01,N
-16.13221,127.34431,307.28,0.37,0.58,2026-04-30,1730,N,nominal,2.0NRT,291.25,0.4,N
-15.87625,124.87229,304.56,0.5,0.49,2026-04-30,1732,N,nominal,2.0NRT,292.29,0.7,N
-16.21133,127.35277,300.55,0.37,0.58,2026-04-30,1732,N,nominal,2.0NRT,290.34,2.33,N
-16.21171,127.35622,316.13,0.37,0.58,2026-04-30,1732,N,nominal,2.0NRT,289.35,1.36,N
-16.21712,127.35549,317.73,0.37,0.58,2026-04-30,1732,N,nominal,2.0NRT,289.77,1.36,N
-16.29627,127.66299,301.88,0.39,0.59,2026-04-30,1732,N,nominal,2.0NRT,290.07,0.53,N
-16.42713,127.3898,303.14,0.37,0.58,2026-04-30,1732,N,nominal,2.0NRT,289.8,0.53,N
-16.44711,126.6703,300.84,0.34,0.56,2026-04-30,1732,N,nominal,2.0NRT,290.35,0.25,N
-16.47053,126.82964,307.29,0.34,0.56,2026-04-30,1732,N,nominal,2.0NRT,289.65,0.63,N
-16.47577,126.82888,300.65,0.34,0.56,2026-04-30,1732,N,nominal,2.0NRT,290.49,0.63,N
-16.49673,126.82599,309.37,0.34,0.56,2026-04-30,1732,N,nominal,2.0NRT,290.6,1.2,N
-16.50197,126.82527,315.96,0.34,0.56,2026-04-30,1732,N,nominal,2.0NRT,290.1,1.1,N
-16.50235,126.82857,309.89,0.34,0.56,2026-04-30,1732,N,nominal,2.0NRT,289.6,1.1,N
-16.28732,124.40939,313.1,0.48,0.48,2026-04-30,1732,N,nominal,2.0NRT,293.36,1.6,N
-16.41544,124.46799,314.4,0.48,0.48,2026-04-30,1732,N,nominal,2.0NRT,293.31,2.49,N
-16.69893,126.83268,303.06,0.35,0.56,2026-04-30,1732,N,nominal,2.0NRT,290.39,0.72,N
-16.70453,126.83498,301.9,0.35,0.56,2026-04-30,1732,N,nominal,2.0NRT,290.28,0.61,N
-16.75902,126.8441,302.57,0.35,0.57,2026-04-30,1732,N,nominal,2.0NRT,290.78,0.64,N
-16.75788,126.84514,303.9,0.35,0.57,2026-04-30,1732,N,nominal,2.0NRT,290.62,0.47,N
-16.91599,126.17651,306.98,0.63,0.54,2026-04-30,1732,N,nominal,2.0NRT,292.59,2.22,N
-16.93202,126.13786,308.09,0.63,0.54,2026-04-30,1732,N,nominal,2.0NRT,291.72,2.5,N
-16.98327,126.1814,307.67,0.63,0.54,2026-04-30,1732,N,nominal,2.0NRT,293.38,2.92,N
-16.98717,126.1809,307.14,0.63,0.54,2026-04-30,1732,N,nominal,2.0NRT,292.79,3.71,N
-16.98154,124.32475,307.12,0.48,0.48,2026-04-30,1732,N,nominal,2.0NRT,291.59,0.83,N
-17.18429,124.96701,308.84,0.53,0.5,2026-04-30,1732,N,nominal,2.0NRT,293.3,1.89,N
-17.1849,124.97188,314.5,0.53,0.5,2026-04-30,1732,N,nominal,2.0NRT,293.24,1.89,N
-17.1813,124.96648,307.31,0.53,0.5,2026-04-30,1732,N,nominal,2.0NRT,292.68,2.28,N
-17.18655,124.97067,312.82,0.53,0.5,2026-04-30,1732,N,nominal,2.0NRT,293.29,1.69,N
-17.18715,124.9757,306.17,0.53,0.5,2026-04-30,1732,N,nominal,2.0NRT,292.27,1.69,N
-17.19125,124.97022,304.55,0.53,0.5,2026-04-30,1732,N,nominal,2.0NRT,292.1,1.3,N
-17.20767,124.98821,304.57,0.53,0.5,2026-04-30,1732,N,nominal,2.0NRT,293.26,2.5,N
-17.21299,124.99287,318.38,0.53,0.5,2026-04-30,1732,N,nominal,2.0NRT,294.13,4.05,N
-17.21649,124.98239,307.5,0.53,0.5,2026-04-30,1732,N,nominal,2.0NRT,293.07,1.76,N
-17.21894,125.0028,308.98,0.53,0.5,2026-04-30,1732,N,nominal,2.0NRT,293.21,2.69,N
-17.21957,125.00798,303.76,0.53,0.5,2026-04-30,1732,N,nominal,2.0NRT,293.21,1.26,N
-17.22427,125.00743,316.52,0.53,0.5,2026-04-30,1732,N,nominal,2.0NRT,293.35,2.46,N
-17.22489,125.0126,315.83,0.53,0.5,2026-04-30,1732,N,nominal,2.0NRT,292.58,2.46,N
-17.53937,127.79137,299.67,0.41,0.61,2026-04-30,1732,N,nominal,2.0NRT,288.81,1.79,N
-17.54502,127.79056,325.01,0.41,0.61,2026-04-30,1732,N,nominal,2.0NRT,290.57,1.79,N
-17.2271,124.99144,307.99,0.53,0.5,2026-04-30,1732,N,nominal,2.0NRT,292.92,2.01,N
-17.54461,127.78667,311.44,0.41,0.61,2026-04-30,1732,N,nominal,2.0NRT,289.36,1.79,N
-17.54544,127.7945,319.56,0.41,0.61,2026-04-30,1732,N,nominal,2.0NRT,290.33,1.26,N
-17.54587,127.79854,300.73,0.41,0.61,2026-04-30,1732,N,nominal,2.0NRT,289.07,1.26,N
-17.55153,127.79784,339.09,0.41,0.61,2026-04-30,1732,N,nominal,2.0NRT,290.18,4.12,N
-17.27657,124.59587,302.75,0.5,0.49,2026-04-30,1732,N,nominal,2.0NRT,291.12,1.16,N
-17.988,127.77075,303.36,0.41,0.61,2026-04-30,1732,N,nominal,2.0NRT,289.55,0.82,N
-17.99368,127.77005,302.23,0.41,0.61,2026-04-30,1732,N,nominal,2.0NRT,289.24,2.66,N
-17.99501,127.78254,310.17,0.41,0.61,2026-04-30,1732,N,nominal,2.0NRT,288.58,1.16,N
-17.99938,127.76948,341.3,0.41,0.61,2026-04-30,1732,N,nominal,2.0NRT,290.07,2.66,N
-17.99893,127.76524,307.73,0.41,0.61,2026-04-30,1732,N,nominal,2.0NRT,290.18,3.3,N
-18.00463,127.76479,325.27,0.41,0.61,2026-04-30,1732,N,nominal,2.0NRT,289.66,2.92,N
-17.89039,126.63184,302.45,0.35,0.57,2026-04-30,1732,N,nominal,2.0NRT,291.45,0.72,N
-17.89567,126.63122,307.35,0.35,0.57,2026-04-30,1732,N,nominal,2.0NRT,291.92,0.72,N
-17.55999,123.83424,302.34,0.45,0.47,2026-04-30,1732,N,nominal,2.0NRT,292.21,1.18,N
-17.9006,126.62754,307.97,0.35,0.57,2026-04-30,1732,N,nominal,2.0NRT,292.23,0.75,N
-17.56089,123.83539,307.6,0.45,0.47,2026-04-30,1732,N,nominal,2.0NRT,292.55,1.31,N
-18.00693,127.76481,321.84,0.41,0.61,2026-04-30,1732,N,nominal,2.0NRT,289.23,2.1,N
-17.88966,126.631,302.56,0.35,0.57,2026-04-30,1732,N,nominal,2.0NRT,292.22,0.56,N
-17.89493,126.63031,307.26,0.35,0.57,2026-04-30,1732,N,nominal,2.0NRT,292.11,0.56,N
-17.90025,126.63003,312.76,0.35,0.57,2026-04-30,1732,N,nominal,2.0NRT,291.26,0.86,N
-17.54667,122.57613,304.66,0.57,0.43,2026-04-30,1732,N,nominal,2.0NRT,292.75,1.17,N
-17.55615,122.58593,313.84,0.57,0.43,2026-04-30,1732,N,nominal,2.0NRT,292.59,2.2,N
-17.8918,124.92448,301.51,0.54,0.51,2026-04-30,1732,N,nominal,2.0NRT,290.99,1.01,N
-17.8064,123.98266,323.68,0.47,0.48,2026-04-30,1732,N,nominal,2.0NRT,293.51,3.34,N
-17.80546,123.98065,319.99,0.47,0.48,2026-04-30,1732,N,nominal,2.0NRT,293.25,2.75,N
-17.80987,123.98005,315.52,0.47,0.48,2026-04-30,1732,N,nominal,2.0NRT,293.59,1.15,N
-17.81042,123.98452,306.75,0.47,0.48,2026-04-30,1732,N,nominal,2.0NRT,293.13,1.15,N
-17.81096,123.98897,307.18,0.47,0.48,2026-04-30,1732,N,nominal,2.0NRT,292.97,1.35,N
-17.81266,123.96603,321.86,0.47,0.47,2026-04-30,1732,N,nominal,2.0NRT,293.53,2.3,N
-17.81211,123.96157,316.34,0.47,0.47,2026-04-30,1732,N,nominal,2.0NRT,292.52,2.3,N
-17.81483,123.9839,302.94,0.47,0.48,2026-04-30,1732,N,nominal,2.0NRT,292.52,1.15,N
-17.86151,124.3323,322.74,0.49,0.49,2026-04-30,1732,N,nominal,2.0NRT,292.64,2.18,N
-17.86208,124.33702,330.31,0.49,0.49,2026-04-30,1732,N,nominal,2.0NRT,292.95,3.29,N
-17.81653,123.96102,305,0.47,0.47,2026-04-30,1732,N,nominal,2.0NRT,292.95,1.7,N
-17.81816,123.97436,307.92,0.47,0.48,2026-04-30,1732,N,nominal,2.0NRT,292.72,1.69,N
-17.82531,123.99605,323.29,0.47,0.48,2026-04-30,1732,N,nominal,2.0NRT,292.97,1.73,N
-17.82586,124.00053,307.54,0.47,0.48,2026-04-30,1732,N,nominal,2.0NRT,293.19,1.73,N
-17.86604,124.3317,303.3,0.49,0.49,2026-04-30,1732,N,nominal,2.0NRT,291.21,2.18,N
-17.87171,124.34055,322.91,0.49,0.49,2026-04-30,1732,N,nominal,2.0NRT,293.49,2.52,N
-17.87228,124.34528,348.33,0.49,0.49,2026-04-30,1732,N,nominal,2.0NRT,295.57,10.84,N
-17.87285,124.35,347.84,0.49,0.49,2026-04-30,1732,N,nominal,2.0NRT,294.9,10.84,N
-17.87342,124.35474,353.48,0.49,0.49,2026-04-30,1732,N,nominal,2.0NRT,296.09,10.28,N
-17.87399,124.35947,337.4,0.49,0.49,2026-04-30,1732,N,nominal,2.0NRT,294.16,10.28,N
-17.82973,123.99541,305.87,0.47,0.48,2026-04-30,1732,N,nominal,2.0NRT,292.58,2.19,N
-17.83083,124.00436,304.11,0.47,0.48,2026-04-30,1732,N,nominal,2.0NRT,293.26,4.38,N
-17.87114,124.33582,304.82,0.49,0.49,2026-04-30,1732,N,nominal,2.0NRT,292.43,2.52,N
-17.8358,124.00823,339.17,0.47,0.48,2026-04-30,1732,N,nominal,2.0NRT,295.71,4.38,N
-17.87624,124.33994,333.37,0.49,0.49,2026-04-30,1732,N,nominal,2.0NRT,293.33,2.52,N
-17.87681,124.34467,345.36,0.49,0.49,2026-04-30,1732,N,nominal,2.0NRT,293.75,10.84,N
-17.87738,124.3494,353.59,0.49,0.49,2026-04-30,1732,N,nominal,2.0NRT,294.74,10.84,N
-17.87795,124.35414,367,0.49,0.49,2026-04-30,1732,N,high,2.0NRT,296.75,10.28,N
-17.83635,124.01273,311.52,0.47,0.48,2026-04-30,1732,N,nominal,2.0NRT,293.9,3.8,N
-17.87567,124.33522,310.64,0.49,0.49,2026-04-30,1732,N,nominal,2.0NRT,291.98,2.52,N
-17.87853,124.35886,304.18,0.49,0.49,2026-04-30,1732,N,nominal,2.0NRT,292.69,10.28,N
-17.84023,124.00761,367,0.47,0.48,2026-04-30,1732,N,high,2.0NRT,297.7,8.2,N
-17.88191,124.3488,350.5,0.49,0.49,2026-04-30,1732,N,nominal,2.0NRT,294.11,4.5,N
-17.88249,124.35354,328.61,0.49,0.49,2026-04-30,1732,N,nominal,2.0NRT,292.66,3.94,N
-17.83857,123.9942,305.53,0.47,0.48,2026-04-30,1732,N,nominal,2.0NRT,293.12,2.99,N
-17.83967,124.00312,305.11,0.47,0.48,2026-04-30,1732,N,nominal,2.0NRT,292.89,8.2,N
-17.84078,124.01211,308.65,0.47,0.48,2026-04-30,1732,N,nominal,2.0NRT,292.97,2.74,N
-17.88134,124.34407,303.47,0.49,0.49,2026-04-30,1732,N,nominal,2.0NRT,292.43,4.5,N
-17.84355,123.99807,338.7,0.47,0.48,2026-04-30,1732,N,nominal,2.0NRT,294.56,2.99,N
-17.8441,124.00255,333.5,0.47,0.48,2026-04-30,1732,N,nominal,2.0NRT,293.98,8.2,N
-17.88587,124.34347,326.29,0.49,0.49,2026-04-30,1732,N,nominal,2.0NRT,292.6,4.5,N
-17.843,123.9936,302.23,0.47,0.48,2026-04-30,1732,N,nominal,2.0NRT,291.94,2.99,N
-17.84798,123.99748,315.38,0.47,0.48,2026-04-30,1732,N,nominal,2.0NRT,291.96,1.79,N
-17.904,124.34104,305.95,0.49,0.49,2026-04-30,1732,N,nominal,2.0NRT,291.72,1.04,N
-17.91471,123.78484,313.72,0.46,0.47,2026-04-30,1732,N,nominal,2.0NRT,292.96,1.56,N
-18.00347,124.02892,304.52,0.47,0.48,2026-04-30,1732,N,nominal,2.0NRT,293.75,1.87,N
-18.24949,125.03767,319.38,0.55,0.51,2026-04-30,1732,N,nominal,2.0NRT,289.5,2.8,N
-18.25426,125.03706,343.96,0.55,0.51,2026-04-30,1732,N,nominal,2.0NRT,293.76,10.68,N
-18.25968,125.04176,322.12,0.55,0.51,2026-04-30,1732,N,nominal,2.0NRT,289.76,5.02,N
-18.25902,125.03644,314.73,0.55,0.51,2026-04-30,1732,N,nominal,2.0NRT,290.29,10.68,N
-18.24897,125.0366,306.26,0.55,0.51,2026-04-30,1732,N,nominal,2.0NRT,290.16,1.31,N
-18.25373,125.03597,338.66,0.55,0.51,2026-04-30,1732,N,nominal,2.0NRT,294.46,6.95,N
-18.25434,125.0413,306.38,0.55,0.51,2026-04-30,1732,N,nominal,2.0NRT,290.42,6.95,N
-18.25912,125.04067,336.19,0.55,0.51,2026-04-30,1732,N,nominal,2.0NRT,290.69,6.95,N
-18.2585,125.03534,300.1,0.55,0.51,2026-04-30,1732,N,nominal,2.0NRT,290.1,6.95,N
-18.26389,125.04005,328.72,0.55,0.51,2026-04-30,1732,N,nominal,2.0NRT,290.83,6.53,N
-18.26327,125.03473,315.17,0.55,0.51,2026-04-30,1732,N,nominal,2.0NRT,290.52,6.53,N
-18.26805,125.03413,338.52,0.55,0.51,2026-04-30,1732,N,nominal,2.0NRT,291.83,6.53,N
-18.26866,125.03944,334.08,0.55,0.51,2026-04-30,1732,N,nominal,2.0NRT,289.67,6.53,N
-18.27282,125.03351,337.69,0.55,0.51,2026-04-30,1732,N,nominal,2.0NRT,291.67,7.49,N
-18.27343,125.03884,331.56,0.55,0.51,2026-04-30,1732,N,nominal,2.0NRT,290.6,7.49,N
-18.26457,124.71896,313.42,0.53,0.5,2026-04-30,1732,N,nominal,2.0NRT,291.53,1.71,N
-18.26518,124.72402,314.53,0.53,0.5,2026-04-30,1732,N,nominal,2.0NRT,292.17,1.71,N
-18.26579,124.7291,316.47,0.53,0.5,2026-04-30,1732,N,nominal,2.0NRT,292.4,1.79,N
-18.26639,124.73416,305.14,0.53,0.5,2026-04-30,1732,N,nominal,2.0NRT,291.77,1.79,N
-18.26925,124.71835,307.51,0.53,0.5,2026-04-30,1732,N,nominal,2.0NRT,292.18,1.71,N
-18.27106,124.73354,315.43,0.53,0.5,2026-04-30,1732,N,nominal,2.0NRT,292.7,1.79,N
-18.27167,124.73862,308.5,0.53,0.5,2026-04-30,1732,N,nominal,2.0NRT,291.36,1.08,N
-18.3144,125.09866,306.64,0.56,0.51,2026-04-30,1732,N,nominal,2.0NRT,290.31,0.87,N
-18.27635,124.73802,319.24,0.53,0.5,2026-04-30,1732,N,nominal,2.0NRT,291.93,4.29,N
-18.31919,125.09805,310.4,0.56,0.51,2026-04-30,1732,N,nominal,2.0NRT,290.36,1.27,N
-18.28102,124.7374,342.23,0.53,0.5,2026-04-30,1732,N,nominal,2.0NRT,292.26,4.29,N
-18.28042,124.73232,313.26,0.53,0.5,2026-04-30,1732,N,nominal,2.0NRT,291.11,4.49,N
-18.28347,124.75771,307.43,0.53,0.5,2026-04-30,1732,N,nominal,2.0NRT,290.82,0.61,N
-18.28815,124.7571,317.37,0.53,0.5,2026-04-30,1732,N,nominal,2.0NRT,292.81,1.85,N
-18.28876,124.76219,305.02,0.53,0.5,2026-04-30,1732,N,nominal,2.0NRT,291.14,1.85,N
-18.29406,124.76665,307.06,0.53,0.5,2026-04-30,1732,N,nominal,2.0NRT,290.97,1.04,N
-18.29875,124.76604,301.47,0.53,0.5,2026-04-30,1732,N,nominal,2.0NRT,291.18,1.77,N
-18.29937,124.77115,312.57,0.53,0.5,2026-04-30,1732,N,nominal,2.0NRT,291.18,1.77,N
-18.30405,124.77054,321.33,0.53,0.5,2026-04-30,1732,N,nominal,2.0NRT,291.35,1.77,N
-18.30467,124.77563,301.87,0.53,0.5,2026-04-30,1732,N,nominal,2.0NRT,290.15,0.88,N
-18.30874,124.76992,310.66,0.53,0.5,2026-04-30,1732,N,nominal,2.0NRT,290.67,1.78,N
-18.30936,124.775,301.2,0.53,0.5,2026-04-30,1732,N,nominal,2.0NRT,289.72,0.43,N
-18.31061,124.76833,302.05,0.53,0.5,2026-04-30,1732,N,nominal,2.0NRT,290.52,1.08,N
-19.63628,121.69572,309.34,0.54,0.42,2026-04-30,1732,N,nominal,2.0NRT,292.6,1.24,N
-19.65869,121.71365,318.33,0.54,0.42,2026-04-30,1732,N,nominal,2.0NRT,291.88,2.22,N
-19.65786,121.7113,322.19,0.54,0.42,2026-04-30,1732,N,nominal,2.0NRT,292.24,2.62,N
-19.58375,116.1378,310.18,0.39,0.36,2026-04-30,1732,N,nominal,2.0NRT,297.02,0.66,N
-19.65318,115.9292,322.89,0.39,0.36,2026-04-30,1732,N,nominal,2.0NRT,297.15,1.11,N
-20.59773,116.77618,310.14,0.38,0.36,2026-04-30,1732,N,nominal,2.0NRT,296.12,1.26,N
-20.61654,116.76524,311.55,0.38,0.36,2026-04-30,1732,N,nominal,2.0NRT,295.49,0.37,N
-20.78813,115.44952,309.03,0.4,0.37,2026-04-30,1732,N,nominal,2.0NRT,297.25,1.14,N
-20.79087,115.4451,324.02,0.4,0.37,2026-04-30,1732,N,nominal,2.0NRT,295.1,1.57,N
-20.79424,115.44446,309.27,0.4,0.37,2026-04-30,1732,N,nominal,2.0NRT,294.07,1.57,N
-22.29751,124.15851,299.65,0.55,0.51,2026-04-30,1732,N,nominal,2.0NRT,287.97,0.38,N
-22.29788,124.15594,300.85,0.55,0.51,2026-04-30,1732,N,nominal,2.0NRT,288.37,0.7,N
-21.69657,115.00294,314.98,0.4,0.37,2026-04-30,1732,N,nominal,2.0NRT,294.16,1.1,N
-21.69931,114.99842,309.58,0.4,0.37,2026-04-30,1732,N,nominal,2.0NRT,292.98,0.86,N
-31.27287,115.63158,305.39,0.4,0.37,2026-04-30,1737,N,nominal,2.0NRT,280.44,0.67,N
-31.27628,115.63092,302.44,0.4,0.37,2026-04-30,1737,N,nominal,2.0NRT,279,0.76,N
-31.4194,115.71141,309.84,0.4,0.37,2026-04-30,1737,N,nominal,2.0NRT,285.68,0.8,N
-31.42001,115.71568,300.2,0.4,0.37,2026-04-30,1737,N,nominal,2.0NRT,284.78,0.8,N
-31.42282,115.71074,301.45,0.4,0.37,2026-04-30,1737,N,nominal,2.0NRT,285.07,0.8,N
-31.6344,116.40121,301.08,0.42,0.38,2026-04-30,1737,N,nominal,2.0NRT,282.92,1,N
-31.63501,116.40569,295,0.42,0.38,2026-04-30,1737,N,nominal,2.0NRT,281.84,0.53,N
-31.63727,116.39606,297.44,0.42,0.38,2026-04-30,1737,N,nominal,2.0NRT,282.42,0.63,N
-31.63788,116.40054,299.87,0.42,0.38,2026-04-30,1737,N,nominal,2.0NRT,281.83,0.63,N
-46.16973,169.7883,336.38,0.47,0.39,2026-05-01,0232,N,nominal,2.0NRT,283.56,4.04,D
-21.1407,164.86891,340.66,0.41,0.37,2026-05-01,0241,N,nominal,2.0NRT,300.92,6.24,D
-44.48988,171.11002,330.28,0.41,0.37,2026-05-01,0232,N,nominal,2.0NRT,289.31,3.07,D
-44.22324,170.72755,329.24,0.42,0.38,2026-05-01,0232,N,nominal,2.0NRT,287.87,2.26,D
-20.50939,164.50951,326.46,0.42,0.38,2026-05-01,0241,N,nominal,2.0NRT,295.83,1.65,D
-40.8682,175.0271,329.18,0.41,0.37,2026-05-01,0234,N,nominal,2.0NRT,289.5,2.37,D
-20.50889,164.50635,326.24,0.42,0.38,2026-05-01,0241,N,nominal,2.0NRT,295.63,0.98,D
-41.17322,172.90126,328.33,0.38,0.36,2026-05-01,0234,N,nominal,2.0NRT,288.44,2.8,D
-19.52901,169.44766,351.8,0.44,0.39,2026-05-01,0241,N,nominal,2.0NRT,295.97,12.14,D
-39.15422,174.61752,341.21,0.42,0.37,2026-05-01,0234,N,nominal,2.0NRT,289.56,3.4,D
-19.52733,169.44791,345.87,0.44,0.39,2026-05-01,0241,N,nominal,2.0NRT,293.44,5.72,D
-37.66066,175.79115,328.81,0.47,0.4,2026-05-01,0234,N,nominal,2.0NRT,290.03,1.38,D
-37.4878,175.49323,332.76,0.46,0.39,2026-05-01,0234,N,nominal,2.0NRT,291.17,3.74,D
-36.28874,174.59483,328.75,0.45,0.39,2026-05-01,0234,N,nominal,2.0NRT,288.12,3.91,D
-43.17316,146.83852,334.95,0.39,0.36,2026-05-01,0414,N,nominal,2.0NRT,292.83,11.08,D
-42.89783,147.86258,328.09,0.38,0.36,2026-05-01,0414,N,nominal,2.0NRT,296.08,7.22,D
-42.89856,147.85785,356.43,0.38,0.36,2026-05-01,0414,N,nominal,2.0NRT,299.17,7.22,D
-42.8993,147.85312,330.4,0.38,0.36,2026-05-01,0414,N,nominal,2.0NRT,295.34,3.14,D
-42.87566,147.87108,334.89,0.38,0.36,2026-05-01,0414,N,nominal,2.0NRT,292.82,2.79,D
-42.87638,147.86635,334.54,0.38,0.36,2026-05-01,0414,N,nominal,2.0NRT,290.85,9.12,D
-42.87233,147.87013,333.62,0.38,0.36,2026-05-01,0414,N,nominal,2.0NRT,295.87,2.79,D
-42.87305,147.8654,347.38,0.38,0.36,2026-05-01,0414,N,nominal,2.0NRT,297.55,9.12,D
-42.79076,146.97162,333.49,0.39,0.36,2026-05-01,0414,N,nominal,2.0NRT,289.42,5.74,D
-42.79145,146.9669,332.32,0.39,0.36,2026-05-01,0414,N,nominal,2.0NRT,289.07,4.33,D
-42.78811,146.96597,367,0.39,0.36,2026-05-01,0414,N,high,2.0NRT,297.52,7.43,D
-42.78742,146.97067,339.92,0.39,0.36,2026-05-01,0414,N,nominal,2.0NRT,292.43,7.84,D
-42.78881,146.96121,346.19,0.39,0.36,2026-05-01,0414,N,nominal,2.0NRT,291.93,7.43,D
-42.78477,146.96498,349.87,0.39,0.36,2026-05-01,0414,N,nominal,2.0NRT,291.3,7.43,D
-42.78546,146.96027,338.6,0.39,0.36,2026-05-01,0414,N,nominal,2.0NRT,292.28,7.43,D
-42.54858,147.62929,344.55,0.38,0.36,2026-05-01,0414,N,nominal,2.0NRT,302.94,15.56,D
-42.54524,147.62836,367,0.38,0.36,2026-05-01,0414,N,high,2.0NRT,295.24,15.56,D
-42.54596,147.62366,330.66,0.38,0.36,2026-05-01,0414,N,nominal,2.0NRT,294.68,5.32,D
-42.51073,147.09491,329.91,0.39,0.36,2026-05-01,0414,N,nominal,2.0NRT,292.96,3.41,D
-42.31827,147.19189,355.51,0.38,0.36,2026-05-01,0414,N,nominal,2.0NRT,301.19,11.72,D
-42.31493,147.19099,351.58,0.38,0.36,2026-05-01,0414,N,nominal,2.0NRT,301.27,25.19,D
-42.27799,147.29504,341.1,0.38,0.36,2026-05-01,0414,N,nominal,2.0NRT,307.78,55.29,D
-42.27395,147.29881,330.89,0.38,0.36,2026-05-01,0414,N,nominal,2.0NRT,291.22,17.07,D
-42.27466,147.29413,341,0.38,0.36,2026-05-01,0414,N,nominal,2.0NRT,297.43,17.07,D
-42.27961,147.26134,351.94,0.38,0.36,2026-05-01,0414,N,nominal,2.0NRT,296.14,5.93,D
-42.28032,147.25662,336.13,0.38,0.36,2026-05-01,0414,N,nominal,2.0NRT,293.71,5.93,D
-42.27414,147.27449,338.92,0.38,0.36,2026-05-01,0414,N,nominal,2.0NRT,294.27,3.18,D
-42.27485,147.26981,327.77,0.38,0.36,2026-05-01,0414,N,nominal,2.0NRT,292.22,1.78,D
-42.33139,146.84402,332.5,0.39,0.36,2026-05-01,0414,N,nominal,2.0NRT,289.8,8.87,D
-42.3321,146.83923,327.1,0.39,0.36,2026-05-01,0414,N,nominal,2.0NRT,287.43,8.87,D
-42.22008,147.26463,329.52,0.38,0.36,2026-05-01,0414,N,nominal,2.0NRT,290.57,4.39,D
-41.64156,146.90648,325.22,0.39,0.36,2026-05-01,0414,N,nominal,2.0NRT,295.95,1.53,D
-41.50531,146.78984,333.08,0.39,0.36,2026-05-01,0414,N,nominal,2.0NRT,294.78,3.57,D
-41.50197,146.78896,348.98,0.39,0.36,2026-05-01,0414,N,nominal,2.0NRT,299.51,17.24,D
-41.21533,147.47598,351.48,0.38,0.36,2026-05-01,0414,N,nominal,2.0NRT,297.14,22.83,D
-41.29814,146.93594,331.18,0.38,0.36,2026-05-01,0414,N,nominal,2.0NRT,292.22,2.26,D
-41.21128,147.47968,346.59,0.38,0.36,2026-05-01,0414,N,nominal,2.0NRT,296.65,22.83,D
-41.212,147.47507,348.52,0.38,0.36,2026-05-01,0414,N,nominal,2.0NRT,308.91,22.83,D
-41.21272,147.47046,355.08,0.38,0.36,2026-05-01,0414,N,nominal,2.0NRT,303.38,30.33,D
-41.21415,147.46124,356.14,0.38,0.36,2026-05-01,0414,N,nominal,2.0NRT,296.23,7.47,D
-41.21487,147.45662,339.12,0.38,0.36,2026-05-01,0414,N,nominal,2.0NRT,292.52,7.47,D
-41.20866,147.47415,349.31,0.38,0.36,2026-05-01,0414,N,nominal,2.0NRT,292.77,8.09,D
-41.20938,147.46954,331.73,0.38,0.36,2026-05-01,0414,N,nominal,2.0NRT,292.43,2.79,D
-41.21154,147.45572,355.59,0.38,0.36,2026-05-01,0414,N,nominal,2.0NRT,299.01,13.79,D
-41.21226,147.45111,350.49,0.38,0.36,2026-05-01,0414,N,nominal,2.0NRT,293.67,8.21,D
-41.20821,147.4548,354.66,0.38,0.36,2026-05-01,0414,N,nominal,2.0NRT,296.76,13.79,D
-41.31689,145.90163,331.55,0.39,0.36,2026-05-01,0414,N,nominal,2.0NRT,281.69,2.59,D
-41.21425,146.5647,325.16,0.39,0.36,2026-05-01,0414,N,nominal,2.0NRT,292.96,2.5,D
-41.25581,146.18352,326.4,0.39,0.36,2026-05-01,0414,N,nominal,2.0NRT,291.95,0.96,D
-41.25529,146.18533,329.59,0.39,0.36,2026-05-01,0414,N,nominal,2.0NRT,292.42,3.22,D
-41.13866,145.73347,340.59,0.39,0.36,2026-05-01,0414,N,nominal,2.0NRT,283.01,13.47,D
-41.10242,145.84181,331.11,0.39,0.36,2026-05-01,0414,N,nominal,2.0NRT,288.33,3.98,D
-40.98009,145.55081,327.45,0.4,0.37,2026-05-01,0414,N,nominal,2.0NRT,275.97,3.7,D
-41.05006,145.01556,331.36,0.41,0.37,2026-05-01,0414,N,nominal,2.0NRT,280.45,3.06,D
-41.04663,145.01471,326.49,0.41,0.37,2026-05-01,0414,N,nominal,2.0NRT,277.92,1.96,D
-41.01789,145.14873,334.34,0.4,0.37,2026-05-01,0414,N,nominal,2.0NRT,275.52,4.62,D
-41.01855,145.14389,337.79,0.4,0.37,2026-05-01,0414,N,nominal,2.0NRT,278.77,4.62,D
-41.01381,145.15277,353.82,0.4,0.37,2026-05-01,0414,N,nominal,2.0NRT,276.03,25.33,D
-41.01447,145.14793,346.93,0.4,0.37,2026-05-01,0414,N,nominal,2.0NRT,276.91,14.63,D
-41.01513,145.14307,345.81,0.4,0.37,2026-05-01,0414,N,nominal,2.0NRT,279.63,14.63,D
-41.01039,145.15198,350.01,0.4,0.37,2026-05-01,0414,N,nominal,2.0NRT,285.63,25.33,D
-41.01105,145.14711,329.54,0.4,0.37,2026-05-01,0414,N,nominal,2.0NRT,276.1,14.63,D
-41.01602,144.95218,345.91,0.41,0.37,2026-05-01,0414,N,nominal,2.0NRT,275.43,6.04,D
-41.01193,144.95627,326.08,0.41,0.37,2026-05-01,0414,N,nominal,2.0NRT,274.86,64.64,D
-41.00915,144.95055,343.92,0.41,0.37,2026-05-01,0414,N,nominal,2.0NRT,294.44,64.64,D
-41.0098,144.94566,330.65,0.41,0.37,2026-05-01,0414,N,nominal,2.0NRT,278.56,18.68,D
-41.00571,144.94972,325.67,0.41,0.37,2026-05-01,0414,N,nominal,2.0NRT,276.27,3.77,D
-40.98192,145.07477,329.23,0.4,0.37,2026-05-01,0414,N,nominal,2.0NRT,277.43,3.87,D
-40.97971,145.07741,334.24,0.4,0.37,2026-05-01,0414,N,nominal,2.0NRT,277.99,3.4,D
-40.99804,144.7843,330.69,0.41,0.37,2026-05-01,0414,N,nominal,2.0NRT,281.91,2.83,D
-40.96978,144.78273,331.14,0.41,0.37,2026-05-01,0414,N,nominal,2.0NRT,287.17,4.05,D
-40.97043,144.77782,331.18,0.41,0.37,2026-05-01,0414,N,nominal,2.0NRT,288.12,4.03,D
-40.87329,144.93919,331.55,0.41,0.37,2026-05-01,0414,N,nominal,2.0NRT,279.7,5.67,D
-40.86853,144.94815,352.61,0.41,0.37,2026-05-01,0414,N,nominal,2.0NRT,284.13,9.28,D
-40.86919,144.94328,343.44,0.41,0.37,2026-05-01,0414,N,nominal,2.0NRT,279.67,9.28,D
-40.86985,144.93839,349.79,0.41,0.37,2026-05-01,0414,N,nominal,2.0NRT,292.26,42.55,D
-40.86509,144.94736,334.63,0.41,0.37,2026-05-01,0414,N,nominal,2.0NRT,276.29,9.28,D
-40.86576,144.94247,348.79,0.41,0.37,2026-05-01,0414,N,nominal,2.0NRT,277.4,9.28,D
-40.86642,144.93759,340.06,0.41,0.37,2026-05-01,0414,N,nominal,2.0NRT,296.42,42.55,D
-40.86708,144.93268,333.74,0.41,0.37,2026-05-01,0414,N,nominal,2.0NRT,277.92,42.55,D
-40.84859,144.93842,347.39,0.41,0.37,2026-05-01,0414,N,nominal,2.0NRT,279.2,22.87,D
-40.8499,144.92865,353.63,0.41,0.37,2026-05-01,0414,N,nominal,2.0NRT,286.16,10.43,D
-40.84924,144.93353,356.29,0.41,0.37,2026-05-01,0414,N,low,2.0NRT,284.1,10.43,D
-40.84581,144.93272,335.79,0.41,0.37,2026-05-01,0414,N,nominal,2.0NRT,276.31,10.43,D
-40.84647,144.92784,345.65,0.41,0.37,2026-05-01,0414,N,nominal,2.0NRT,279.42,10.43,D
-38.50644,146.32384,335.43,0.38,0.36,2026-05-01,0417,N,nominal,2.0NRT,296.06,6.35,D
-38.50311,146.32301,330.37,0.38,0.36,2026-05-01,0417,N,nominal,2.0NRT,291.21,3.25,D
-38.50379,146.31857,349.45,0.38,0.36,2026-05-01,0417,N,nominal,2.0NRT,296.76,7.7,D
-38.50045,146.31775,346.53,0.38,0.36,2026-05-01,0417,N,nominal,2.0NRT,298.08,7.7,D
-38.41442,145.5674,331.54,0.39,0.36,2026-05-01,0417,N,nominal,2.0NRT,295.78,2.07,D
-38.32391,145.942,330.68,0.38,0.36,2026-05-01,0417,N,nominal,2.0NRT,293.07,2.7,D
-38.19443,146.73607,335.1,0.38,0.36,2026-05-01,0417,N,nominal,2.0NRT,300.26,4.03,D
-38.19109,146.73521,328.09,0.38,0.36,2026-05-01,0417,N,low,2.0NRT,300.67,4.03,D
-38.18776,146.73439,345.32,0.38,0.36,2026-05-01,0417,N,nominal,2.0NRT,303.58,10.46,D
-38.65462,143.26953,328.69,0.43,0.38,2026-05-01,0417,N,nominal,2.0NRT,280.85,4.01,D
-38.5022,143.7863,330.88,0.42,0.37,2026-05-01,0417,N,nominal,2.0NRT,277.25,3.34,D
-38.069,146.23953,325.31,0.38,0.36,2026-05-01,0417,N,low,2.0NRT,296.08,2.28,D
-37.99583,146.64236,330.24,0.38,0.36,2026-05-01,0417,N,nominal,2.0NRT,294.5,2.15,D
-37.9925,146.64151,345.53,0.38,0.36,2026-05-01,0417,N,nominal,2.0NRT,296.75,4.94,D
-38.05362,146.24947,331.64,0.38,0.36,2026-05-01,0417,N,nominal,2.0NRT,295.96,3.85,D
-37.97986,146.63371,333.01,0.38,0.36,2026-05-01,0417,N,nominal,2.0NRT,296.11,7.41,D
-37.7598,147.89163,339.21,0.4,0.37,2026-05-01,0417,N,nominal,2.0NRT,296.96,5.85,D
-37.75565,147.89523,351.64,0.4,0.37,2026-05-01,0417,N,nominal,2.0NRT,298.2,5.85,D
-37.75642,147.8907,350.35,0.4,0.37,2026-05-01,0417,N,nominal,2.0NRT,298.85,5.85,D
-37.7515,147.89885,330.77,0.4,0.37,2026-05-01,0417,N,nominal,2.0NRT,295.08,5.55,D
-37.75227,147.89432,352.35,0.4,0.37,2026-05-01,0417,N,nominal,2.0NRT,298.23,6.84,D
-37.75304,147.8898,332.16,0.4,0.37,2026-05-01,0417,N,nominal,2.0NRT,296.36,6.84,D
-37.95166,146.09398,343.89,0.38,0.36,2026-05-01,0417,N,nominal,2.0NRT,294.8,9.01,D
-37.95234,146.08958,351.6,0.38,0.36,2026-05-01,0417,N,nominal,2.0NRT,295.48,7.4,D
-37.95301,146.08517,347.49,0.38,0.36,2026-05-01,0417,N,nominal,2.0NRT,293.95,7.4,D
-37.95368,146.08075,347.53,0.38,0.36,2026-05-01,0417,N,nominal,2.0NRT,290.35,6.11,D
-37.94833,146.09315,367,0.38,0.36,2026-05-01,0417,N,high,2.0NRT,299.43,72.02,D
-37.95034,146.07994,367,0.38,0.36,2026-05-01,0417,N,high,2.0NRT,300.65,13.74,D
-37.949,146.08876,352.64,0.38,0.36,2026-05-01,0417,N,nominal,2.0NRT,296.41,19.22,D
-37.94967,146.08437,353.23,0.38,0.36,2026-05-01,0417,N,nominal,2.0NRT,298.75,19.22,D
-37.94567,146.08795,353.34,0.38,0.36,2026-05-01,0417,N,nominal,2.0NRT,316.8,19.22,D
-37.94634,146.08354,335.79,0.38,0.36,2026-05-01,0417,N,nominal,2.0NRT,299.6,19.22,D
-37.94701,146.07915,356.58,0.38,0.36,2026-05-01,0417,N,nominal,2.0NRT,299.57,13.74,D
-37.94768,146.07472,331.67,0.38,0.36,2026-05-01,0417,N,nominal,2.0NRT,294.08,13.74,D
-37.94166,146.09154,330.52,0.38,0.36,2026-05-01,0417,N,nominal,2.0NRT,292.06,4.23,D
-37.94233,146.08713,353.59,0.38,0.36,2026-05-01,0417,N,nominal,2.0NRT,295.31,31.17,D
-37.943,146.08273,351.47,0.38,0.36,2026-05-01,0417,N,nominal,2.0NRT,309.2,31.17,D
-37.94368,146.07834,350.99,0.38,0.36,2026-05-01,0417,N,nominal,2.0NRT,295.89,16.83,D
-37.94034,146.07751,347.61,0.38,0.36,2026-05-01,0417,N,nominal,2.0NRT,296.48,16.83,D
-37.82927,146.52092,339.34,0.38,0.36,2026-05-01,0417,N,nominal,2.0NRT,290.91,5.05,D
-37.82996,146.51653,328.87,0.38,0.36,2026-05-01,0417,N,nominal,2.0NRT,291.09,4.22,D
-37.83202,146.50337,351.61,0.38,0.36,2026-05-01,0417,N,nominal,2.0NRT,293.93,9.26,D
-37.83271,146.49898,346.83,0.38,0.36,2026-05-01,0417,N,nominal,2.0NRT,292.99,6.63,D
-37.82525,146.52448,347.75,0.38,0.36,2026-05-01,0417,N,nominal,2.0NRT,291.36,5.05,D
-37.82594,146.52008,344.61,0.38,0.36,2026-05-01,0417,N,nominal,2.0NRT,289.66,5.05,D
-37.82663,146.5157,351.79,0.38,0.36,2026-05-01,0417,N,nominal,2.0NRT,293.27,4.22,D
-37.82731,146.51132,346.94,0.38,0.36,2026-05-01,0417,N,nominal,2.0NRT,293.83,4.22,D
-37.83007,146.49376,354.42,0.38,0.36,2026-05-01,0417,N,nominal,2.0NRT,294.58,6.63,D
-37.83075,146.48938,348.35,0.38,0.36,2026-05-01,0417,N,nominal,2.0NRT,294.42,5.85,D
-37.83144,146.48497,347.22,0.38,0.36,2026-05-01,0417,N,nominal,2.0NRT,295.07,5.85,D
-37.83213,146.48058,356.21,0.38,0.36,2026-05-01,0417,N,nominal,2.0NRT,296.05,8.05,D
-37.83282,146.47618,350.82,0.38,0.36,2026-05-01,0417,N,nominal,2.0NRT,295.27,8.05,D
-37.82536,146.50174,340.7,0.38,0.36,2026-05-01,0417,N,nominal,2.0NRT,294.66,9.3,D
-37.82948,146.47536,329.74,0.38,0.36,2026-05-01,0417,N,nominal,2.0NRT,291.76,4.01,D
-37.82202,146.50092,335.6,0.38,0.36,2026-05-01,0417,N,nominal,2.0NRT,295.45,9.3,D
-37.81731,146.50885,345.27,0.38,0.36,2026-05-01,0417,N,nominal,2.0NRT,292.54,6.45,D
-37.818,146.50449,349.71,0.38,0.36,2026-05-01,0417,N,nominal,2.0NRT,295.59,4.94,D
-37.81869,146.50009,336.68,0.38,0.36,2026-05-01,0417,N,nominal,2.0NRT,293.53,4.94,D
-37.81937,146.49571,347.11,0.38,0.36,2026-05-01,0417,N,nominal,2.0NRT,295.54,4.64,D
-37.81329,146.51237,353.34,0.38,0.36,2026-05-01,0417,N,nominal,2.0NRT,294.25,6.45,D
-37.81398,146.50803,353.1,0.38,0.36,2026-05-01,0417,N,nominal,2.0NRT,294.62,6.45,D
-37.80996,146.51157,367,0.38,0.36,2026-05-01,0417,N,high,2.0NRT,296.43,7.35,D
-37.80927,146.51595,337.07,0.38,0.36,2026-05-01,0417,N,nominal,2.0NRT,292,4.23,D
-37.81064,146.50719,354.52,0.38,0.36,2026-05-01,0417,N,nominal,2.0NRT,296.39,7.35,D
-37.8374,145.99878,338.41,0.38,0.36,2026-05-01,0417,N,nominal,2.0NRT,294.24,5.57,D
-37.86254,145.664,348.53,0.39,0.36,2026-05-01,0417,N,nominal,2.0NRT,296.48,9.16,D
-37.86319,145.65959,329.39,0.39,0.36,2026-05-01,0417,N,nominal,2.0NRT,293.34,3.9,D
-37.85854,145.66759,332.37,0.39,0.36,2026-05-01,0417,N,nominal,2.0NRT,293.47,4.32,D
-38.06572,143.9655,342.56,0.41,0.37,2026-05-01,0417,N,nominal,2.0NRT,298.68,22.94,D
-38.06635,143.96078,337.42,0.41,0.37,2026-05-01,0417,N,nominal,2.0NRT,306.57,22.94,D
-37.77924,145.80386,336.45,0.38,0.36,2026-05-01,0417,N,nominal,2.0NRT,291.57,4.28,D
-37.77591,145.80304,328.63,0.38,0.36,2026-05-01,0417,N,nominal,2.0NRT,291.19,3.45,D
-37.75718,145.76657,344.26,0.38,0.36,2026-05-01,0417,N,nominal,2.0NRT,294.54,6.81,D
-37.7505,145.765,330.03,0.38,0.36,2026-05-01,0417,N,nominal,2.0NRT,292.73,6.25,D
-37.74964,145.7659,338.9,0.38,0.36,2026-05-01,0417,N,nominal,2.0NRT,293.08,5.17,D
-37.95835,143.77927,329.62,0.41,0.37,2026-05-01,0417,N,nominal,2.0NRT,291.17,3.03,D
-37.56157,146.28505,331.38,0.38,0.36,2026-05-01,0417,N,nominal,2.0NRT,294.64,3.31,D
-37.56224,146.28065,332.3,0.38,0.36,2026-05-01,0417,N,nominal,2.0NRT,293.98,5.88,D
-37.55688,146.29301,332.73,0.38,0.36,2026-05-01,0417,N,nominal,2.0NRT,295.83,2.53,D
-37.55755,146.28862,329.76,0.38,0.36,2026-05-01,0417,N,nominal,2.0NRT,293.04,3.31,D
-37.55824,146.28423,341.35,0.38,0.36,2026-05-01,0417,N,nominal,2.0NRT,291.62,3.31,D
-37.57929,146.12599,327.83,0.38,0.36,2026-05-01,0417,N,nominal,2.0NRT,290.47,3.2,D
-37.58406,146.09541,332.38,0.38,0.36,2026-05-01,0417,N,nominal,2.0NRT,290.26,5.91,D
-37.55089,146.287,336.37,0.38,0.36,2026-05-01,0417,N,nominal,2.0NRT,294.26,3.43,D
-37.55157,146.28261,335.08,0.38,0.36,2026-05-01,0417,N,nominal,2.0NRT,294.75,3.43,D
-37.57664,146.1208,337.53,0.38,0.36,2026-05-01,0417,N,nominal,2.0NRT,291.08,4.14,D
-37.54559,146.27658,329.93,0.38,0.36,2026-05-01,0417,N,nominal,2.0NRT,294.41,3.65,D
-37.56997,146.11919,342.59,0.38,0.36,2026-05-01,0417,N,nominal,2.0NRT,293.71,6.72,D
-37.3518,147.31197,332.5,0.39,0.36,2026-05-01,0417,N,nominal,2.0NRT,292.85,3.35,D
-37.34984,147.30261,329.11,0.39,0.36,2026-05-01,0417,N,nominal,2.0NRT,296.57,4.25,D
-37.55278,146.02881,341.25,0.38,0.36,2026-05-01,0417,N,nominal,2.0NRT,297.88,33.9,D
-37.55612,146.00697,336.09,0.38,0.36,2026-05-01,0417,N,nominal,2.0NRT,294.03,5.91,D
-37.54543,146.03156,334.43,0.38,0.36,2026-05-01,0417,N,nominal,2.0NRT,292.49,6.22,D
-37.55013,146.00099,325.57,0.38,0.36,2026-05-01,0417,N,nominal,2.0NRT,292.93,3.48,D
-37.55147,145.99225,328.09,0.38,0.36,2026-05-01,0417,N,nominal,2.0NRT,292.23,2.57,D
-37.94477,143.13759,331.73,0.43,0.38,2026-05-01,0417,N,nominal,2.0NRT,283.06,4.13,D
-37.53879,146.00731,325.92,0.38,0.36,2026-05-01,0417,N,nominal,2.0NRT,291.69,2.91,D
-37.94123,143.13689,342.54,0.43,0.38,2026-05-01,0417,N,nominal,2.0NRT,284.62,4.13,D
-37.53479,146.01086,330.71,0.38,0.36,2026-05-01,0417,N,nominal,2.0NRT,292.68,3.91,D
-37.9377,143.13617,330.03,0.43,0.38,2026-05-01,0417,N,nominal,2.0NRT,282.52,3.85,D
-37.88091,143.41078,340.84,0.42,0.38,2026-05-01,0417,N,nominal,2.0NRT,297.6,3.39,D
-37.46546,146.30232,335.2,0.38,0.36,2026-05-01,0417,N,nominal,2.0NRT,289.22,3.61,D
-37.87741,143.41006,341.74,0.42,0.38,2026-05-01,0417,N,nominal,2.0NRT,297.46,3.39,D
-37.44941,146.31647,325.21,0.38,0.36,2026-05-01,0417,N,nominal,2.0NRT,285.35,2.49,D
-37.45009,146.31212,340.04,0.38,0.36,2026-05-01,0417,N,nominal,2.0NRT,289.71,2.49,D
-37.449,146.31354,342.77,0.38,0.36,2026-05-01,0417,N,nominal,2.0NRT,291.77,4.9,D
-37.44089,146.34322,328.87,0.38,0.36,2026-05-01,0417,N,nominal,2.0NRT,291.28,3.78,D
-37.44157,146.33887,336.06,0.38,0.36,2026-05-01,0417,N,nominal,2.0NRT,291.77,3.78,D
-37.44294,146.33014,341.31,0.38,0.36,2026-05-01,0417,N,nominal,2.0NRT,290.41,8.17,D
-37.43688,146.34679,336.26,0.38,0.36,2026-05-01,0417,N,nominal,2.0NRT,288.57,2.35,D
-37.44028,146.32498,328.88,0.38,0.36,2026-05-01,0417,N,nominal,2.0NRT,289.71,2.89,D
-27.33887,151.58942,347.63,0.56,0.51,2026-05-01,0417,N,nominal,2.0NRT,295.5,12.59,D
-37.44097,146.32063,341.08,0.38,0.36,2026-05-01,0417,N,nominal,2.0NRT,289.86,2.89,D
-37.8499,143.43204,332.3,0.42,0.38,2026-05-01,0417,N,nominal,2.0NRT,295.34,2.71,D
-26.99832,148.70569,332.97,0.39,0.44,2026-05-01,0417,N,nominal,2.0NRT,297.19,3.65,D
-37.85054,143.4272,337.49,0.42,0.38,2026-05-01,0417,N,nominal,2.0NRT,297.23,4.55,D
-37.84641,143.4313,327.28,0.42,0.38,2026-05-01,0417,N,nominal,2.0NRT,293.35,2.71,D
-26.99909,148.70172,336.89,0.39,0.44,2026-05-01,0417,N,nominal,2.0NRT,298.9,3.65,D
-37.84704,143.42647,345.82,0.42,0.38,2026-05-01,0417,N,nominal,2.0NRT,295.19,4.55,D
-37.84251,143.29605,332.76,0.42,0.38,2026-05-01,0417,N,nominal,2.0NRT,283.9,13.8,D
-26.99429,148.70471,367,0.39,0.44,2026-05-01,0417,N,high,2.0NRT,304.25,9.14,D
-37.84314,143.29115,345.97,0.42,0.38,2026-05-01,0417,N,nominal,2.0NRT,294.67,13.8,D
-26.99352,148.70866,338.76,0.39,0.44,2026-05-01,0417,N,nominal,2.0NRT,298.2,4.94,D
-37.49029,145.70711,330.92,0.38,0.36,2026-05-01,0417,N,nominal,2.0NRT,289.24,2.58,D
-37.47694,145.70389,335.47,0.38,0.36,2026-05-01,0417,N,nominal,2.0NRT,292.54,4.57,D
-26.99506,148.70074,337.13,0.39,0.44,2026-05-01,0417,N,nominal,2.0NRT,291.21,9.14,D
-37.4776,145.69954,339.96,0.38,0.36,2026-05-01,0417,N,nominal,2.0NRT,292.39,4.87,D
-26.99181,148.69577,340.6,0.39,0.44,2026-05-01,0417,N,nominal,2.0NRT,300.35,2.87,D
-37.47426,145.69873,338.16,0.38,0.36,2026-05-01,0417,N,nominal,2.0NRT,290.96,2.69,D
-25.04243,145.80965,330.25,0.45,0.39,2026-05-01,0419,N,low,2.0NRT,303.5,1.2,D
-37.35186,145.56216,335.57,0.38,0.36,2026-05-01,0417,N,nominal,2.0NRT,294.15,4.34,D
-23.68192,151.17838,335.24,0.63,0.54,2026-05-01,0419,N,nominal,2.0NRT,295.92,11.05,D
-37.34837,145.55786,325.61,0.38,0.36,2026-05-01,0417,N,nominal,2.0NRT,293.93,3.93,D
-23.67556,151.18341,349.68,0.63,0.54,2026-05-01,0419,N,nominal,2.0NRT,296.15,13.01,D
-37.34502,145.55708,336.39,0.38,0.36,2026-05-01,0417,N,nominal,2.0NRT,295.43,3.93,D
-23.67954,151.16528,330.08,0.63,0.54,2026-05-01,0419,N,nominal,2.0NRT,295.14,5.56,D
-37.34103,145.56065,346.44,0.38,0.36,2026-05-01,0417,N,nominal,2.0NRT,297.24,7.59,D
-23.67192,151.17609,329.28,0.63,0.54,2026-05-01,0419,N,nominal,2.0NRT,295.2,6.79,D
-37.34168,145.55629,350.8,0.38,0.36,2026-05-01,0417,N,nominal,2.0NRT,297.9,7.59,D
-23.66827,151.16882,342.18,0.63,0.54,2026-05-01,0419,N,nominal,2.0NRT,296.78,6.79,D
-37.37259,145.0907,367,0.39,0.36,2026-05-01,0417,N,high,2.0NRT,299.84,6.22,D
-23.66057,151.17995,331.97,0.63,0.54,2026-05-01,0419,N,nominal,2.0NRT,295.73,6.78,D
-37.37195,145.09509,327.17,0.39,0.36,2026-05-01,0417,N,nominal,2.0NRT,294.27,6.22,D
-23.66196,151.17365,328.52,0.63,0.54,2026-05-01,0419,N,nominal,2.0NRT,295.43,6.47,D
-37.37323,145.08629,329.23,0.39,0.36,2026-05-01,0417,N,nominal,2.0NRT,293.37,1.75,D
-23.65147,151.19733,334.75,0.63,0.54,2026-05-01,0419,N,nominal,2.0NRT,296.54,5.4,D
-37.36795,145.09872,326.92,0.39,0.36,2026-05-01,0417,N,nominal,2.0NRT,293.73,2.39,D
-23.66237,151.14801,354.06,0.63,0.54,2026-05-01,0419,N,nominal,2.0NRT,296.45,12.1,D
-37.3686,145.09433,339.74,0.39,0.36,2026-05-01,0417,N,nominal,2.0NRT,293.44,3.02,D
-23.66373,151.14186,341.17,0.62,0.54,2026-05-01,0419,N,nominal,2.0NRT,295.58,12.1,D
-37.36924,145.08992,332.09,0.39,0.36,2026-05-01,0417,N,nominal,2.0NRT,292.53,3.02,D
-23.6839,151.17636,337.27,0.63,0.54,2026-05-01,0419,N,nominal,2.0NRT,295.77,5.95,D
-37.36524,145.09355,332.84,0.39,0.36,2026-05-01,0417,N,nominal,2.0NRT,292.53,3.02,D
-23.67763,151.18117,340.77,0.63,0.54,2026-05-01,0419,N,nominal,2.0NRT,295.99,11.91,D
-37.35996,145.10594,328.96,0.39,0.36,2026-05-01,0417,N,nominal,2.0NRT,294.69,3.48,D
-23.67022,151.16672,346.38,0.63,0.54,2026-05-01,0419,N,nominal,2.0NRT,295.81,10.42,D
-37.35326,145.10435,330.87,0.39,0.36,2026-05-01,0417,N,nominal,2.0NRT,294.59,4.54,D
-23.66264,151.17769,331.02,0.63,0.54,2026-05-01,0419,N,nominal,2.0NRT,295.7,6.96,D
-37.30318,145.1387,339.27,0.39,0.36,2026-05-01,0417,N,nominal,2.0NRT,294.26,6.09,D
-23.65764,151.17656,329.35,0.63,0.54,2026-05-01,0419,N,nominal,2.0NRT,294.83,3.84,D
-37.39799,143.89267,332.17,0.41,0.37,2026-05-01,0417,N,nominal,2.0NRT,297.69,2.6,D
-37.04337,146.02557,340.12,0.38,0.36,2026-05-01,0417,N,nominal,2.0NRT,301.08,3.83,D
-23.66289,151.15199,336.22,0.63,0.54,2026-05-01,0419,N,nominal,2.0NRT,295.78,10.43,D
-37.04004,146.02477,347.73,0.38,0.36,2026-05-01,0417,N,nominal,2.0NRT,304.96,19.48,D
-23.66421,151.14578,355.94,0.63,0.54,2026-05-01,0419,N,nominal,2.0NRT,296.73,10.43,D
-36.72647,147.69695,340,0.4,0.37,2026-05-01,0417,N,nominal,2.0NRT,296.92,5.37,D
-23.64866,151.19394,335.89,0.63,0.54,2026-05-01,0419,N,nominal,2.0NRT,296.12,12.06,D
-36.71285,147.69374,336.04,0.4,0.37,2026-05-01,0417,N,nominal,2.0NRT,294.09,5.21,D
-37.39491,143.10016,332.79,0.43,0.38,2026-05-01,0417,N,nominal,2.0NRT,291.26,5.35,D
-23.65924,151.14453,342.26,0.63,0.54,2026-05-01,0419,N,nominal,2.0NRT,296.16,10.43,D
-37.39553,143.09523,333.11,0.43,0.38,2026-05-01,0417,N,nominal,2.0NRT,288.18,3.97,D
-23.6556,151.13708,328.73,0.63,0.54,2026-05-01,0419,N,nominal,2.0NRT,295.17,3.04,D
-36.70677,147.68784,327.38,0.4,0.37,2026-05-01,0417,N,nominal,2.0NRT,291.45,2.69,D
-36.70752,147.68344,327.44,0.4,0.37,2026-05-01,0417,N,nominal,2.0NRT,292.31,2.69,D
-23.63906,151.16534,339.53,0.63,0.54,2026-05-01,0419,N,nominal,2.0NRT,296.5,11.19,D
-37.39138,143.09944,333.73,0.43,0.38,2026-05-01,0417,N,nominal,2.0NRT,292.64,14.55,D
-23.64039,151.15916,331.91,0.63,0.54,2026-05-01,0419,N,nominal,2.0NRT,295.45,6.46,D
-37.39201,143.0945,332.72,0.43,0.38,2026-05-01,0417,N,nominal,2.0NRT,295.33,13.25,D
-23.64828,151.12245,339.86,0.62,0.54,2026-05-01,0419,N,nominal,2.0NRT,295.34,10.6,D
-36.38992,149.3532,333.9,0.45,0.39,2026-05-01,0417,N,nominal,2.0NRT,293.85,3.52,D
-36.38633,149.35233,340.45,0.45,0.39,2026-05-01,0417,N,nominal,2.0NRT,295.8,9.18,D
-23.61489,151.10751,343.25,0.62,0.54,2026-05-01,0419,N,nominal,2.0NRT,296.05,14.13,D
-36.38981,149.35039,329.97,0.45,0.39,2026-05-01,0417,N,nominal,2.0NRT,296.66,4.16,D
-23.62019,151.08311,329,0.62,0.54,2026-05-01,0419,N,nominal,2.0NRT,295.08,8.52,D
-36.38531,149.35449,329.45,0.45,0.39,2026-05-01,0417,N,nominal,2.0NRT,291.46,4.16,D
-23.61657,151.07574,330.59,0.62,0.54,2026-05-01,0419,N,nominal,2.0NRT,294.95,4.81,D
-36.38623,149.3495,329.96,0.45,0.39,2026-05-01,0417,N,nominal,2.0NRT,293.98,4.16,D
-23.61162,151.07448,340.9,0.62,0.54,2026-05-01,0419,N,nominal,2.0NRT,295.8,4.81,D
-36.8754,146.25154,328.44,0.38,0.36,2026-05-01,0417,N,nominal,2.0NRT,293.73,2.45,D
-23.58909,151.08194,333.32,0.62,0.54,2026-05-01,0419,N,nominal,2.0NRT,295.51,2.66,D
-36.75948,146.95279,338.36,0.39,0.36,2026-05-01,0417,N,nominal,2.0NRT,293.97,5.9,D
-23.5859,151.04889,338.14,0.62,0.54,2026-05-01,0419,N,nominal,2.0NRT,295.95,12.51,D
-36.41307,148.53603,326.22,0.42,0.38,2026-05-01,0417,N,nominal,2.0NRT,290.23,2.41,D
-23.57692,151.06598,328.83,0.62,0.54,2026-05-01,0419,N,nominal,2.0NRT,295.73,3.37,D
-36.63522,146.9859,328.71,0.39,0.36,2026-05-01,0417,N,nominal,2.0NRT,290.32,1.63,D
-23.58966,151.08165,333.26,0.62,0.54,2026-05-01,0419,N,nominal,2.0NRT,295.61,6.47,D
-36.81054,145.16786,345.51,0.39,0.36,2026-05-01,0417,N,nominal,2.0NRT,299.41,9.5,D
-23.58625,151.04849,339.63,0.62,0.54,2026-05-01,0419,N,nominal,2.0NRT,295.69,10.61,D
-36.81183,145.15913,328.38,0.39,0.36,2026-05-01,0417,N,low,2.0NRT,300.37,22.85,D
-23.5537,151.07883,352.25,0.62,0.54,2026-05-01,0419,N,nominal,2.0NRT,298.91,13.62,D
-36.81118,145.1635,367,0.39,0.36,2026-05-01,0417,N,low,2.0NRT,325.31,22.85,D
-23.5487,151.07779,347.19,0.62,0.54,2026-05-01,0419,N,nominal,2.0NRT,297.05,9.82,D
-36.80783,145.16273,328.37,0.39,0.36,2026-05-01,0417,N,nominal,2.0NRT,297.55,22.85,D
-23.85637,149.16071,337.5,0.47,0.48,2026-05-01,0419,N,nominal,2.0NRT,295.79,5.53,D
-36.54428,146.79149,342.51,0.39,0.36,2026-05-01,0417,N,nominal,2.0NRT,301.42,8.14,D
-23.85283,149.15541,336.84,0.47,0.48,2026-05-01,0419,N,nominal,2.0NRT,294.82,5.53,D
-36.23256,148.09845,344.4,0.41,0.37,2026-05-01,0417,N,nominal,2.0NRT,294.64,5.22,D
-23.76365,149.10239,340.76,0.47,0.48,2026-05-01,0419,N,nominal,2.0NRT,292.84,13.78,D
-36.14688,148.56149,336.33,0.43,0.38,2026-05-01,0417,N,nominal,2.0NRT,289.94,3.23,D
-23.76458,149.09767,346.34,0.47,0.48,2026-05-01,0419,N,nominal,2.0NRT,290.88,10.31,D
-36.22747,148.10695,327.66,0.41,0.37,2026-05-01,0417,N,nominal,2.0NRT,293.19,2.35,D
-24.56104,144.4183,334.12,0.41,0.37,2026-05-01,0419,N,nominal,2.0NRT,304.7,2.82,D
-36.22831,148.10214,345.12,0.41,0.37,2026-05-01,0417,N,nominal,2.0NRT,298.53,7.23,D
-23.48376,148.19847,335.51,0.42,0.45,2026-05-01,0419,N,nominal,2.0NRT,299.3,6.14,D
-36.22913,148.09746,336.89,0.41,0.37,2026-05-01,0417,N,nominal,2.0NRT,294.37,7.23,D
-21.36451,144.95039,340.81,0.46,0.39,2026-05-01,0419,N,nominal,2.0NRT,300.2,6.15,D
-36.1434,148.56058,328.73,0.43,0.38,2026-05-01,0417,N,nominal,2.0NRT,290.52,3.23,D
-19.87639,144.20671,345.83,0.45,0.39,2026-05-01,0419,N,nominal,2.0NRT,299.28,9.48,D
-36.14513,148.55096,330.84,0.43,0.38,2026-05-01,0417,N,nominal,2.0NRT,290.83,7.95,D
-19.86352,144.21744,331.03,0.45,0.39,2026-05-01,0419,N,nominal,2.0NRT,297.03,4.8,D
-36.13365,148.51335,326.39,0.43,0.38,2026-05-01,0417,N,nominal,2.0NRT,292.69,3.03,D
-20.98863,134.85068,355.12,0.46,0.47,2026-05-01,0419,N,nominal,2.0NRT,308.29,23.09,D
-36.12934,148.51706,339.58,0.43,0.38,2026-05-01,0417,N,nominal,2.0NRT,295.49,5.58,D
-20.98916,134.84612,342.3,0.47,0.47,2026-05-01,0419,N,nominal,2.0NRT,302.72,23.09,D
-20.98421,134.85011,342.47,0.46,0.47,2026-05-01,0419,N,low,2.0NRT,315.52,23.09,D
-36.13018,148.51237,335.94,0.43,0.38,2026-05-01,0417,N,nominal,2.0NRT,293.19,3.03,D
-20.98474,134.84554,350.5,0.47,0.47,2026-05-01,0419,N,nominal,2.0NRT,307.98,23.09,D
-36.12323,148.51047,329.36,0.43,0.38,2026-05-01,0417,N,nominal,2.0NRT,292.88,2.26,D
-20.98085,134.84041,367,0.47,0.47,2026-05-01,0419,N,high,2.0NRT,306.72,7.62,D
-36.11892,148.51422,330.56,0.43,0.38,2026-05-01,0417,N,nominal,2.0NRT,292.58,3.12,D
-20.97979,134.84958,354.18,0.46,0.47,2026-05-01,0419,N,nominal,2.0NRT,306.81,24.01,D
-36.72777,144.53989,345.89,0.39,0.36,2026-05-01,0417,N,nominal,2.0NRT,293.72,14.54,D
-20.97538,134.84897,348.97,0.46,0.47,2026-05-01,0419,N,nominal,2.0NRT,304.5,24.01,D
-36.7284,144.53546,346.58,0.39,0.36,2026-05-01,0417,N,nominal,2.0NRT,306.18,14.54,D
-20.97643,134.83981,330.49,0.47,0.47,2026-05-01,0419,N,nominal,2.0NRT,305.09,7.62,D
-36.72503,144.53473,347.57,0.39,0.36,2026-05-01,0417,N,nominal,2.0NRT,294.46,14.54,D
-20.41959,135.40393,337.2,0.42,0.45,2026-05-01,0419,N,nominal,2.0NRT,303.5,3.68,D
-35.97708,148.6331,331.47,0.43,0.38,2026-05-01,0417,N,nominal,2.0NRT,291.62,4.81,D
-20.4201,135.39983,342.1,0.42,0.45,2026-05-01,0419,N,nominal,2.0NRT,308.51,3.68,D
-35.97797,148.62825,341.56,0.43,0.38,2026-05-01,0417,N,nominal,2.0NRT,293.78,4.81,D
-19.12285,143.48886,338.99,0.43,0.38,2026-05-01,0419,N,nominal,2.0NRT,301.92,3.52,D
-36.39229,146.17088,346.64,0.39,0.36,2026-05-01,0417,N,nominal,2.0NRT,303.71,8.76,D
-19.12002,143.48421,333.05,0.43,0.38,2026-05-01,0419,N,nominal,2.0NRT,301.23,2.24,D
-35.97008,148.63126,344.9,0.43,0.38,2026-05-01,0417,N,nominal,2.0NRT,294.17,9.2,D
-19.11438,143.47484,334.05,0.43,0.38,2026-05-01,0419,N,nominal,2.0NRT,301.26,4.14,D
-35.97273,148.61678,346.88,0.43,0.38,2026-05-01,0417,N,nominal,2.0NRT,293.22,8.33,D
-19.11157,143.47011,342.5,0.43,0.38,2026-05-01,0419,N,nominal,2.0NRT,301.5,4.14,D
-35.97531,148.62923,339.63,0.43,0.38,2026-05-01,0417,N,nominal,2.0NRT,293.46,4.47,D
-18.16514,144.70541,353.28,0.49,0.41,2026-05-01,0421,N,nominal,2.0NRT,297.24,7.76,D
-35.97095,148.63315,334.22,0.43,0.38,2026-05-01,0417,N,nominal,2.0NRT,290.32,4.47,D
-18.16595,144.70076,348.85,0.49,0.4,2026-05-01,0421,N,nominal,2.0NRT,299.03,7.76,D
-35.97353,148.61865,338.22,0.43,0.38,2026-05-01,0417,N,nominal,2.0NRT,290.56,6.01,D
-18.16675,144.69609,342.53,0.49,0.4,2026-05-01,0421,N,nominal,2.0NRT,298.7,4.84,D
-35.96745,148.63222,346.57,0.43,0.38,2026-05-01,0417,N,nominal,2.0NRT,297.37,14.75,D
-18.16785,144.66756,334,0.49,0.4,2026-05-01,0421,N,nominal,2.0NRT,298.69,5.74,D
-35.97004,148.61771,345.39,0.43,0.38,2026-05-01,0417,N,nominal,2.0NRT,292.9,6.79,D
-18.16412,144.66689,333.18,0.49,0.4,2026-05-01,0421,N,nominal,2.0NRT,298.05,5.74,D
-35.74582,149.533,339.8,0.47,0.39,2026-05-01,0417,N,nominal,2.0NRT,294.03,10.1,D
-18.16492,144.66225,352.91,0.49,0.4,2026-05-01,0421,N,nominal,2.0NRT,300.58,5.74,D
-35.74681,149.52771,332.04,0.46,0.39,2026-05-01,0417,N,nominal,2.0NRT,289.66,5.49,D
-18.16573,144.65761,345.23,0.49,0.4,2026-05-01,0421,N,nominal,2.0NRT,298.57,6.61,D
-35.74218,149.53204,356.31,0.47,0.39,2026-05-01,0417,N,nominal,2.0NRT,294.79,24.08,D
-18.16119,144.66156,332.89,0.49,0.4,2026-05-01,0421,N,nominal,2.0NRT,295.88,4.57,D
-36.56484,144.53691,338.65,0.39,0.36,2026-05-01,0417,N,nominal,2.0NRT,298.74,3.63,D
-18.15666,144.66551,330.47,0.49,0.4,2026-05-01,0421,N,nominal,2.0NRT,293.97,4.57,D
-36.9996,140.85692,334.54,0.51,0.41,2026-05-01,0417,N,nominal,2.0NRT,289.26,5.81,D
-18.15746,144.66089,341.63,0.49,0.4,2026-05-01,0421,N,nominal,2.0NRT,295.72,4.57,D
-36.99639,140.85042,343.12,0.51,0.41,2026-05-01,0417,N,nominal,2.0NRT,290.22,4.51,D
-18.15373,144.66022,349.78,0.49,0.4,2026-05-01,0421,N,nominal,2.0NRT,294.61,8.12,D
-36.99191,140.85559,367,0.51,0.41,2026-05-01,0417,N,high,2.0NRT,292.85,18.71,D
-17.95664,139.16963,331.49,0.4,0.37,2026-05-01,0421,N,nominal,2.0NRT,303.05,2.88,D
-36.99254,140.84973,332.06,0.51,0.41,2026-05-01,0417,N,nominal,2.0NRT,288.67,5.04,D
-17.56469,139.25467,337.74,0.4,0.37,2026-05-01,0421,N,nominal,2.0NRT,293.05,2.89,D
-36.99403,140.86028,332.61,0.51,0.41,2026-05-01,0417,N,nominal,2.0NRT,289.79,7.12,D
-17.56129,139.25414,345.45,0.4,0.37,2026-05-01,0421,N,nominal,2.0NRT,291.6,7.33,D
-36.99469,140.85443,355.21,0.51,0.41,2026-05-01,0417,N,nominal,2.0NRT,292.21,7.64,D
-17.56184,139.25037,330.91,0.4,0.37,2026-05-01,0421,N,nominal,2.0NRT,291.85,2.85,D
-36.99536,140.84859,345.98,0.51,0.41,2026-05-01,0417,N,nominal,2.0NRT,289.85,7.64,D
-17.57931,139.12947,340.37,0.4,0.37,2026-05-01,0421,N,nominal,2.0NRT,298.05,4.68,D
-36.99085,140.85378,337.64,0.51,0.41,2026-05-01,0417,N,nominal,2.0NRT,287.62,7.64,D
-17.67915,132.74403,367,0.58,0.52,2026-05-01,0421,N,high,2.0NRT,301.76,26.9,D
-36.25224,146.03619,342.93,0.38,0.36,2026-05-01,0417,N,nominal,2.0NRT,307.97,49.48,D
-17.67108,132.81538,332.84,0.57,0.52,2026-05-01,0421,N,nominal,2.0NRT,297.47,6.33,D
-36.24755,146.04401,337.77,0.38,0.36,2026-05-01,0417,N,nominal,2.0NRT,303.9,12.78,D
-17.67232,132.80446,338.24,0.57,0.52,2026-05-01,0421,N,nominal,2.0NRT,299.24,6.31,D
-36.2489,146.0354,342,0.38,0.36,2026-05-01,0417,N,nominal,2.0NRT,307.98,49.48,D
-17.67294,132.79897,337.82,0.57,0.52,2026-05-01,0421,N,nominal,2.0NRT,298.26,6.31,D
-17.67356,132.79349,331.46,0.57,0.52,2026-05-01,0421,N,nominal,2.0NRT,297.92,7.34,D
-36.24489,146.03891,367,0.38,0.36,2026-05-01,0417,N,high,2.0NRT,301.57,12.92,D
-17.67853,132.74954,357.27,0.57,0.52,2026-05-01,0421,N,nominal,2.0NRT,305.4,26.9,D
-36.92866,140.88472,337.78,0.51,0.41,2026-05-01,0417,N,nominal,2.0NRT,284.17,10.41,D
-36.14058,146.38991,337.67,0.39,0.36,2026-05-01,0417,N,nominal,2.0NRT,300.44,3.42,D
-17.66501,132.82568,332.45,0.57,0.52,2026-05-01,0421,N,nominal,2.0NRT,298.37,7.28,D
-17.66563,132.82022,339.99,0.57,0.52,2026-05-01,0421,N,nominal,2.0NRT,299.74,7.28,D
-36.87834,140.51857,334.09,0.53,0.42,2026-05-01,0417,N,nominal,2.0NRT,288.31,7.47,D
-17.66934,132.78741,348.12,0.57,0.52,2026-05-01,0421,N,nominal,2.0NRT,300.42,7.34,D
-36.87444,140.5179,348.28,0.53,0.42,2026-05-01,0417,N,nominal,2.0NRT,289.3,7.47,D
-17.66995,132.78195,346.67,0.57,0.52,2026-05-01,0421,N,nominal,2.0NRT,301.72,8.87,D
-36.87054,140.51723,337.64,0.53,0.42,2026-05-01,0417,N,nominal,2.0NRT,288.7,7.29,D
-36.13287,145.29337,367,0.38,0.36,2026-05-01,0417,N,high,2.0NRT,327.15,122.73,D
-17.67057,132.77646,345.76,0.57,0.52,2026-05-01,0421,N,nominal,2.0NRT,302.39,8.87,D
-36.13222,145.29767,328.77,0.38,0.36,2026-05-01,0417,N,nominal,2.0NRT,292.8,6.26,D
-17.67305,132.75447,342.42,0.57,0.52,2026-05-01,0421,N,nominal,2.0NRT,300.96,33.05,D
-36.12952,145.2926,367,0.38,0.36,2026-05-01,0417,N,high,2.0NRT,295.84,15.48,D
-17.67367,132.74896,351.04,0.57,0.52,2026-05-01,0421,N,nominal,2.0NRT,301.9,26.9,D
-36.18428,144.92566,342,0.39,0.36,2026-05-01,0417,N,nominal,2.0NRT,298.75,5.5,D
-35.85574,146.57104,343.45,0.39,0.36,2026-05-01,0417,N,nominal,2.0NRT,297.7,4.88,D
-17.6743,132.74342,355.47,0.58,0.52,2026-05-01,0421,N,nominal,2.0NRT,300.1,26.9,D
-35.85239,146.57021,345.13,0.39,0.36,2026-05-01,0417,N,nominal,2.0NRT,305.76,4.88,D
-17.66388,132.7923,341.46,0.57,0.52,2026-05-01,0421,N,nominal,2.0NRT,298.3,12.03,D
-35.84834,146.57372,332.37,0.39,0.36,2026-05-01,0417,N,nominal,2.0NRT,300.66,14.57,D
-17.66449,132.78683,349.37,0.57,0.52,2026-05-01,0421,N,nominal,2.0NRT,303.72,12.03,D
-35.84904,146.56937,345.38,0.39,0.36,2026-05-01,0417,N,nominal,2.0NRT,307.76,14.57,D
-17.65849,132.75267,334.2,0.57,0.52,2026-05-01,0421,N,nominal,2.0NRT,297.82,6.23,D
-35.64215,147.65656,351.06,0.41,0.37,2026-05-01,0417,N,nominal,2.0NRT,296.07,6,D
-17.56245,132.83308,346.19,0.57,0.52,2026-05-01,0421,N,nominal,2.0NRT,296.48,10.68,D
-35.72308,147.11969,347.57,0.4,0.37,2026-05-01,0417,N,nominal,2.0NRT,300.51,17.47,D
-18.00827,127.7749,367,0.61,0.71,2026-05-01,0421,N,high,2.0NRT,298.65,35.83,D
-35.71969,147.11887,356.17,0.4,0.37,2026-05-01,0417,N,nominal,2.0NRT,306.49,17.47,D
-35.72044,147.11444,335.36,0.4,0.37,2026-05-01,0417,N,nominal,2.0NRT,299.62,4.43,D
-18.0088,127.7691,353.87,0.61,0.71,2026-05-01,0421,N,nominal,2.0NRT,300.7,28.95,D
-35.71557,147.12244,329.51,0.4,0.37,2026-05-01,0417,N,nominal,2.0NRT,298.97,17.85,D
-17.54783,127.80207,357.06,0.6,0.71,2026-05-01,0421,N,nominal,2.0NRT,298.62,11.64,D
-35.71631,147.11803,351.76,0.4,0.37,2026-05-01,0417,N,nominal,2.0NRT,312.02,17.85,D
-17.54997,127.80312,346.48,0.6,0.71,2026-05-01,0421,N,nominal,2.0NRT,298.17,12.13,D
-35.71706,147.1136,346.01,0.4,0.37,2026-05-01,0417,N,nominal,2.0NRT,303.58,7.43,D
-16.76287,133.49876,343.89,0.5,0.49,2026-05-01,0421,N,nominal,2.0NRT,299.79,8.23,D
-35.71293,147.11719,336.45,0.4,0.37,2026-05-01,0417,N,nominal,2.0NRT,302.72,17.85,D
-17.01266,130.67415,341.85,0.39,0.59,2026-05-01,0421,N,nominal,2.0NRT,302.95,8.04,D
-35.81789,146.41801,333.31,0.39,0.36,2026-05-01,0417,N,nominal,2.0NRT,302.63,4.57,D
-17.00674,130.67714,332.38,0.39,0.59,2026-05-01,0421,N,nominal,2.0NRT,296.97,4.1,D
-35.80629,146.39835,332.72,0.39,0.36,2026-05-01,0417,N,nominal,2.0NRT,299.86,9.61,D
-17.00714,130.67348,351.59,0.39,0.59,2026-05-01,0421,N,nominal,2.0NRT,300.26,4.1,D
-35.87467,145.92404,329.18,0.38,0.36,2026-05-01,0417,N,low,2.0NRT,300.25,3.17,D
-15.45294,141.83199,338.38,0.4,0.37,2026-05-01,0421,N,nominal,2.0NRT,302.28,6.26,D
-35.64882,147.10236,332.75,0.4,0.37,2026-05-01,0417,N,nominal,2.0NRT,297.5,2.56,D
-15.40584,141.82364,342.57,0.4,0.37,2026-05-01,0421,N,nominal,2.0NRT,302.18,5.3,D
-35.82457,145.95654,336,0.38,0.36,2026-05-01,0417,N,nominal,2.0NRT,294.88,3.82,D
-16.56998,132.51395,333.23,0.58,0.52,2026-05-01,0421,N,nominal,2.0NRT,300.19,8.65,D
-34.96087,150.68813,347.56,0.53,0.42,2026-05-01,0417,N,nominal,2.0NRT,292.72,7.71,D
-16.56512,132.51335,354.54,0.58,0.52,2026-05-01,0421,N,nominal,2.0NRT,303.52,16.57,D
-34.96442,150.67052,327.48,0.53,0.42,2026-05-01,0417,N,nominal,2.0NRT,291.65,4.95,D
-16.56026,132.51274,343.19,0.58,0.52,2026-05-01,0421,N,nominal,2.0NRT,301.99,16.57,D
-35.77115,146.1842,367,0.39,0.36,2026-05-01,0417,N,high,2.0NRT,295.16,11.08,D
-16.5609,132.50726,345.25,0.58,0.52,2026-05-01,0421,N,nominal,2.0NRT,301.11,15,D
-34.95582,150.69287,326,0.53,0.42,2026-05-01,0417,N,nominal,2.0NRT,291.87,6.31,D
-16.5554,132.51216,336.46,0.58,0.52,2026-05-01,0421,N,nominal,2.0NRT,296.77,14.26,D
-34.95701,150.68697,353.18,0.53,0.42,2026-05-01,0417,N,nominal,2.0NRT,294.18,7.71,D
-16.55604,132.50668,353.15,0.58,0.52,2026-05-01,0421,N,nominal,2.0NRT,302.49,15.63,D
-34.9582,150.68111,336.22,0.53,0.42,2026-05-01,0417,N,nominal,2.0NRT,292.8,7.71,D
-16.55118,132.50607,367,0.58,0.52,2026-05-01,0421,N,high,2.0NRT,296.35,15.63,D
-34.95938,150.67526,340.42,0.53,0.42,2026-05-01,0417,N,nominal,2.0NRT,292.87,4.95,D
-16.52076,132.51343,339.86,0.58,0.52,2026-05-01,0421,N,nominal,2.0NRT,291.44,3.73,D
-35.77183,146.1799,327.81,0.39,0.36,2026-05-01,0417,N,nominal,2.0NRT,294.15,2.63,D
-16.4971,132.50497,333.38,0.58,0.52,2026-05-01,0421,N,nominal,2.0NRT,289.76,10.08,D
-35.76781,146.1834,348.72,0.39,0.36,2026-05-01,0417,N,nominal,2.0NRT,297.54,34.95,D
-16.49465,132.50368,334.4,0.58,0.52,2026-05-01,0421,N,nominal,2.0NRT,288.91,6.85,D
-35.5807,147.11378,336.49,0.4,0.37,2026-05-01,0417,N,nominal,2.0NRT,301.55,5.28,D
-16.43278,132.22348,346.4,0.6,0.53,2026-05-01,0421,N,nominal,2.0NRT,301.02,9.86,D
-35.58143,147.10939,336.78,0.4,0.37,2026-05-01,0417,N,nominal,2.0NRT,302.83,3.79,D
-16.43343,132.21774,340.26,0.6,0.53,2026-05-01,0421,N,nominal,2.0NRT,299.75,9.86,D
-35.57805,147.10855,329.72,0.4,0.37,2026-05-01,0417,N,nominal,2.0NRT,299.16,1.88,D
-16.42784,132.22285,340.38,0.6,0.53,2026-05-01,0421,N,nominal,2.0NRT,302.94,9.86,D
-35.60221,146.89975,344.04,0.39,0.37,2026-05-01,0417,N,nominal,2.0NRT,295.42,4.23,D
-16.42848,132.21709,341.29,0.6,0.53,2026-05-01,0421,N,nominal,2.0NRT,301.69,9.86,D
-35.59957,146.89453,327.56,0.39,0.37,2026-05-01,0417,N,nominal,2.0NRT,293.62,3.81,D
-16.42289,132.22221,339.77,0.6,0.53,2026-05-01,0421,N,nominal,2.0NRT,300.18,8.05,D
-35.3609,148.26562,330.52,0.43,0.38,2026-05-01,0417,N,nominal,2.0NRT,294.52,4.64,D
-16.41795,132.2216,349.3,0.6,0.53,2026-05-01,0421,N,nominal,2.0NRT,301.97,8.05,D
-35.52389,147.2838,337.42,0.4,0.37,2026-05-01,0417,N,nominal,2.0NRT,298.47,3.7,D
-16.43168,132.22141,345.65,0.6,0.53,2026-05-01,0421,N,nominal,2.0NRT,303.78,26.21,D
-35.45066,147.62927,328.61,0.41,0.37,2026-05-01,0417,N,nominal,2.0NRT,300.79,3.55,D
-16.42674,132.22078,351.3,0.6,0.53,2026-05-01,0421,N,nominal,2.0NRT,304.05,17.53,D
-35.45143,147.62479,341.31,0.41,0.37,2026-05-01,0417,N,nominal,2.0NRT,299.42,4.19,D
-16.41685,132.21956,341.13,0.6,0.53,2026-05-01,0421,N,nominal,2.0NRT,298.82,7.27,D
-35.61792,146.50597,353.47,0.39,0.36,2026-05-01,0417,N,nominal,2.0NRT,305.29,7.71,D
-16.37598,132.22601,343.05,0.6,0.53,2026-05-01,0421,N,nominal,2.0NRT,299.04,13.83,D
-35.6832,146.03493,345.67,0.39,0.36,2026-05-01,0417,N,nominal,2.0NRT,305.95,3.89,D
-16.37664,132.22031,342.78,0.6,0.53,2026-05-01,0421,N,nominal,2.0NRT,301.06,10.83,D
-35.68388,146.03064,334.26,0.39,0.36,2026-05-01,0417,N,nominal,2.0NRT,302.42,3.89,D
-16.37104,132.2254,344.83,0.6,0.53,2026-05-01,0421,N,nominal,2.0NRT,299.43,13.83,D
-36.00046,143.80098,352.56,0.4,0.37,2026-05-01,0417,N,nominal,2.0NRT,296.9,17.66,D
-16.3717,132.21968,343.31,0.6,0.53,2026-05-01,0421,N,nominal,2.0NRT,302.75,10.83,D
-35.99582,143.80923,336.92,0.4,0.37,2026-05-01,0417,N,nominal,2.0NRT,278.45,2.77,D
-16.34181,132.00227,335.82,0.62,0.54,2026-05-01,0421,N,nominal,2.0NRT,297.7,8,D
-35.99643,143.80476,354.27,0.4,0.37,2026-05-01,0417,N,nominal,2.0NRT,312.23,17.66,D
-16.32815,131.98874,332.64,0.62,0.54,2026-05-01,0421,N,nominal,2.0NRT,298.57,8.11,D
-35.99705,143.80028,351.37,0.4,0.37,2026-05-01,0417,N,nominal,2.0NRT,304.03,17.66,D
-16.31812,131.98752,332.43,0.62,0.54,2026-05-01,0421,N,nominal,2.0NRT,298.32,6.83,D
-35.99302,143.80403,367,0.4,0.37,2026-05-01,0417,N,high,2.0NRT,367.3,249.4,D
-16.28979,131.92384,331.08,0.63,0.54,2026-05-01,0421,N,nominal,2.0NRT,294.27,7.92,D
-35.9924,143.80852,355.34,0.4,0.37,2026-05-01,0417,N,nominal,2.0NRT,286.98,11.97,D
-16.50937,126.82784,347.03,0.68,0.74,2026-05-01,0421,N,nominal,2.0NRT,295.32,15.17,D
-35.99426,143.79507,343.36,0.4,0.37,2026-05-01,0417,N,nominal,2.0NRT,278.55,5.52,D
-16.46718,126.82969,348.37,0.68,0.74,2026-05-01,0421,N,nominal,2.0NRT,296.39,6.47,D
-35.98838,143.81229,335,0.4,0.37,2026-05-01,0417,N,nominal,2.0NRT,285.87,11.97,D
-16.25807,128.62096,367,0.51,0.66,2026-05-01,0421,N,high,2.0NRT,298.28,7.7,D
-35.98899,143.8078,348.93,0.4,0.37,2026-05-01,0417,N,nominal,2.0NRT,288.15,11.97,D
-16.25759,128.62561,341.03,0.51,0.66,2026-05-01,0421,N,nominal,2.0NRT,298.21,7.7,D
-35.99084,143.79434,344.97,0.4,0.37,2026-05-01,0417,N,nominal,2.0NRT,286.7,5.52,D
-16.25128,128.62581,367,0.51,0.66,2026-05-01,0421,N,high,2.0NRT,299.41,45.54,D
-35.98961,143.80333,367,0.4,0.37,2026-05-01,0417,N,low,2.0NRT,329.73,249.4,D
-16.25171,128.62163,340.75,0.51,0.66,2026-05-01,0421,N,nominal,2.0NRT,307.44,45.54,D
-35.99023,143.79884,367,0.4,0.37,2026-05-01,0417,N,low,2.0NRT,329.38,249.4,D
-16.24531,128.62267,367,0.51,0.66,2026-05-01,0421,N,high,2.0NRT,300.62,45.54,D
-35.9862,143.8026,332.66,0.4,0.37,2026-05-01,0417,N,nominal,2.0NRT,290.09,5.55,D
-16.24569,128.61888,340.27,0.51,0.66,2026-05-01,0421,N,nominal,2.0NRT,298.42,24.38,D
-35.98682,143.79811,347.01,0.4,0.37,2026-05-01,0417,N,nominal,2.0NRT,291.23,5.55,D
-16.23901,128.62267,367,0.51,0.66,2026-05-01,0421,N,high,2.0NRT,302.38,18.26,D
-35.98743,143.79364,340,0.4,0.37,2026-05-01,0417,N,nominal,2.0NRT,289.83,8.5,D
-16.23943,128.6185,352.85,0.51,0.66,2026-05-01,0421,N,nominal,2.0NRT,299.45,17.13,D
-35.54067,146.72131,339.3,0.39,0.36,2026-05-01,0417,N,nominal,2.0NRT,298.23,4.14,D
-16.23278,128.62207,349.34,0.51,0.66,2026-05-01,0421,N,nominal,2.0NRT,299.76,18.26,D
-35.49521,146.88872,339.26,0.39,0.37,2026-05-01,0417,N,nominal,2.0NRT,300.43,9.32,D
-16.02905,128.74271,334.23,0.5,0.66,2026-05-01,0421,N,nominal,2.0NRT,297.92,4.16,D
-35.49594,146.88435,351.92,0.39,0.37,2026-05-01,0417,N,nominal,2.0NRT,303.36,9.32,D
-15.86722,129.16368,356,0.47,0.64,2026-05-01,0421,N,nominal,2.0NRT,299.09,5.37,D
-35.31736,147.87239,334.28,0.42,0.37,2026-05-01,0417,N,nominal,2.0NRT,296.11,4.42,D
-15.86769,129.15919,331.13,0.47,0.64,2026-05-01,0421,N,nominal,2.0NRT,297.11,5.37,D
-35.3139,147.87157,331.95,0.42,0.37,2026-05-01,0417,N,nominal,2.0NRT,295.99,4.42,D
-15.90103,126.33391,367,0.72,0.75,2026-05-01,0421,N,high,2.0NRT,296.87,12.8,D
-35.30964,147.87534,338,0.42,0.37,2026-05-01,0417,N,nominal,2.0NRT,297.31,4.55,D
-15.53982,129.98354,331.28,0.41,0.61,2026-05-01,0421,N,nominal,2.0NRT,298.06,3.54,D
-35.42442,147.08118,346.36,0.4,0.37,2026-05-01,0417,N,nominal,2.0NRT,303.14,13.52,D
-15.89394,126.33312,367,0.72,0.75,2026-05-01,0421,N,high,2.0NRT,296.82,26.02,D
-35.42516,147.07678,349.05,0.4,0.37,2026-05-01,0417,N,nominal,2.0NRT,303.59,13.52,D
-15.89775,126.33166,367,0.72,0.75,2026-05-01,0421,N,high,2.0NRT,298.5,47.94,D
-35.40916,147.15082,344.48,0.4,0.37,2026-05-01,0417,N,nominal,2.0NRT,307.13,52.97,D
-15.72445,127.6055,353.92,0.59,0.7,2026-05-01,0421,N,nominal,2.0NRT,295.16,8.94,D
-35.42104,147.08034,337.72,0.4,0.37,2026-05-01,0417,N,nominal,2.0NRT,299.45,13.52,D
-15.50935,129.50349,330.61,0.44,0.62,2026-05-01,0421,N,nominal,2.0NRT,297.71,1.81,D
-35.42178,147.07596,351.1,0.4,0.37,2026-05-01,0417,N,nominal,2.0NRT,299.4,13.52,D
-15.42654,129.66949,367,0.43,0.62,2026-05-01,0421,N,high,2.0NRT,300.69,5.41,D
-35.40577,147.14998,343.54,0.4,0.37,2026-05-01,0417,N,nominal,2.0NRT,298.24,20.15,D
-15.42084,129.66815,339.05,0.43,0.62,2026-05-01,0421,N,nominal,2.0NRT,300.37,5.41,D
-35.40651,147.14558,352.89,0.4,0.37,2026-05-01,0417,N,nominal,2.0NRT,301.75,20.15,D
-15.42128,129.66417,332.29,0.43,0.62,2026-05-01,0421,N,nominal,2.0NRT,299.82,5.41,D
-35.3618,146.68005,345.43,0.39,0.36,2026-05-01,0417,N,nominal,2.0NRT,311.48,31.41,D
-15.40887,129.67068,330.49,0.43,0.62,2026-05-01,0421,N,nominal,2.0NRT,298.67,4.74,D
-35.62272,145.02299,333,0.39,0.36,2026-05-01,0417,N,nominal,2.0NRT,300.25,4.68,D
-15.54054,127.52661,333.39,0.6,0.7,2026-05-01,0421,N,nominal,2.0NRT,295.38,6.81,D
-35.28117,146.93333,332.67,0.4,0.37,2026-05-01,0417,N,nominal,2.0NRT,301.71,40.31,D
-15.54274,127.53026,330.2,0.59,0.7,2026-05-01,0421,N,nominal,2.0NRT,295.11,5.7,D
-35.46945,145.76637,346.52,0.38,0.36,2026-05-01,0417,N,nominal,2.0NRT,308.12,6.47,D
-15.5681,125.58184,338.11,0.8,0.78,2026-05-01,0421,N,nominal,2.0NRT,294.33,9.03,D
-35.27706,146.93689,335.81,0.4,0.37,2026-05-01,0417,N,nominal,2.0NRT,298.21,40.31,D
-15.50566,125.94925,341.54,0.75,0.77,2026-05-01,0421,N,nominal,2.0NRT,293.54,5.52,D
-35.46611,145.76559,339.73,0.38,0.36,2026-05-01,0417,N,nominal,2.0NRT,308.29,6.47,D
-15.5692,125.5812,341.19,0.79,0.78,2026-05-01,0421,N,nominal,2.0NRT,294.44,8.95,D
-35.46811,145.75279,355.67,0.38,0.36,2026-05-01,0417,N,nominal,2.0NRT,305.29,10.48,D
-15.50451,125.94811,335.98,0.75,0.77,2026-05-01,0421,N,nominal,2.0NRT,295.31,8.06,D
-35.46278,145.76482,333.2,0.38,0.36,2026-05-01,0417,N,low,2.0NRT,304.57,3.32,D
-15.37722,126.14727,335.39,0.73,0.76,2026-05-01,0421,N,nominal,2.0NRT,294.81,4.91,D
-35.46344,145.76056,339.69,0.38,0.36,2026-05-01,0417,N,nominal,2.0NRT,304.19,3.32,D
-15.38073,126.14672,337.3,0.73,0.76,2026-05-01,0421,N,nominal,2.0NRT,296.62,11.02,D
-35.46411,145.75627,339.23,0.38,0.36,2026-05-01,0417,N,nominal,2.0NRT,299.18,23.14,D
-15.23466,126.43337,330.38,0.7,0.75,2026-05-01,0421,N,nominal,2.0NRT,297.09,7.12,D
-35.46478,145.75201,353.19,0.38,0.36,2026-05-01,0417,N,nominal,2.0NRT,320,23.14,D
-15.19825,125.66368,367,0.78,0.78,2026-05-01,0421,N,high,2.0NRT,294.93,13.17,D
-35.4827,145.61484,347.25,0.38,0.36,2026-05-01,0417,N,nominal,2.0NRT,295.1,7.37,D
-15.19759,125.67113,341.2,0.78,0.78,2026-05-01,0421,N,nominal,2.0NRT,288.71,13.17,D
-34.62273,150.35083,327.93,0.52,0.42,2026-05-01,0417,N,nominal,2.0NRT,288.73,3.01,D
-15.19736,125.66272,367,0.78,0.78,2026-05-01,0421,N,high,2.0NRT,293.89,18.01,D
-35.43332,145.59897,347.71,0.38,0.36,2026-05-01,0417,N,nominal,2.0NRT,303.8,5.28,D
-15.19665,125.67018,345.14,0.78,0.78,2026-05-01,0421,N,nominal,2.0NRT,290.29,17.76,D
-35.46524,145.30199,333.03,0.38,0.36,2026-05-01,0417,N,low,2.0NRT,303.86,9.22,D
-14.68285,130.38712,345.66,0.38,0.58,2026-05-01,0421,N,nominal,2.0NRT,296.31,8.64,D
-35.46589,145.29773,354.19,0.38,0.36,2026-05-01,0417,N,nominal,2.0NRT,315.34,21.86,D
-14.68328,130.38335,342.05,0.38,0.59,2026-05-01,0421,N,nominal,2.0NRT,294.44,3.63,D
-34.46114,150.88716,332.19,0.56,0.43,2026-05-01,0417,N,nominal,2.0NRT,296.33,5.25,D
-15.16433,125.6209,330.3,0.78,0.78,2026-05-01,0421,N,nominal,2.0NRT,294.62,11.88,D
-34.4572,150.88602,326.02,0.56,0.43,2026-05-01,0417,N,nominal,2.0NRT,294.43,3.38,D
-15.14687,125.64986,367,0.78,0.78,2026-05-01,0421,N,high,2.0NRT,298.44,36.46,D
-34.45845,150.87994,327.19,0.56,0.43,2026-05-01,0417,N,nominal,2.0NRT,295.53,3.38,D
-15.13957,125.64891,337.71,0.78,0.78,2026-05-01,0421,N,nominal,2.0NRT,297.71,13.4,D
-34.45453,150.87878,332.14,0.56,0.43,2026-05-01,0417,N,nominal,2.0NRT,298.7,3.38,D
-14.35735,132.86934,333.2,0.51,0.49,2026-05-01,0421,N,nominal,2.0NRT,292.18,3.7,D
-34.45784,150.87752,330.37,0.56,0.43,2026-05-01,0417,N,nominal,2.0NRT,296.97,2.7,D
-14.35591,132.76616,331.87,0.52,0.5,2026-05-01,0421,N,nominal,2.0NRT,297.15,7.13,D
-34.45391,150.87636,326.53,0.56,0.43,2026-05-01,0417,N,nominal,2.0NRT,296.33,2.7,D
-14.38925,132.49097,330.04,0.54,0.51,2026-05-01,0421,N,nominal,2.0NRT,298.76,5.32,D
-35.42412,145.27132,341.72,0.38,0.36,2026-05-01,0417,N,nominal,2.0NRT,296.82,5.06,D
-15.09962,125.68272,367,0.77,0.78,2026-05-01,0421,N,high,2.0NRT,296.19,24.79,D
-35.16003,146.90425,337.38,0.4,0.37,2026-05-01,0417,N,nominal,2.0NRT,300.14,5.33,D
-14.37982,132.48964,339.57,0.54,0.51,2026-05-01,0421,N,nominal,2.0NRT,299.04,14.27,D
-35.15665,146.90343,352.35,0.4,0.37,2026-05-01,0417,N,nominal,2.0NRT,301.32,7.97,D
-14.38041,132.48465,357.49,0.54,0.51,2026-05-01,0421,N,nominal,2.0NRT,301.23,14.27,D
-35.15327,146.90259,328.03,0.4,0.37,2026-05-01,0417,N,nominal,2.0NRT,293.3,7.97,D
-14.37569,132.48405,352.15,0.54,0.51,2026-05-01,0421,N,nominal,2.0NRT,299.13,14.27,D
-35.04107,147.4604,333.06,0.41,0.37,2026-05-01,0417,N,nominal,2.0NRT,299.98,93.04,D
-14.36504,132.49298,333.1,0.54,0.51,2026-05-01,0421,N,nominal,2.0NRT,300.93,7.2,D
-35.03842,147.455,367,0.41,0.37,2026-05-01,0417,N,high,2.0NRT,336.99,93.04,D
-14.35288,132.76779,333.91,0.52,0.5,2026-05-01,0421,N,nominal,2.0NRT,296.67,4.22,D
-34.84118,148.56776,330.74,0.44,0.38,2026-05-01,0417,N,nominal,2.0NRT,299.72,3.74,D
-14.37941,132.48701,354.28,0.54,0.51,2026-05-01,0421,N,nominal,2.0NRT,300.37,13.82,D
-35.03765,147.4595,367,0.41,0.37,2026-05-01,0417,N,low,2.0NRT,327.65,93.04,D
-14.38004,132.48206,342.76,0.54,0.51,2026-05-01,0421,N,nominal,2.0NRT,297.86,8.77,D
-35.03423,147.4586,367,0.41,0.37,2026-05-01,0417,N,low,2.0NRT,331.94,118.04,D
-15.1471,125.64941,367,0.78,0.78,2026-05-01,0421,N,high,2.0NRT,298.66,29.1,D
-35.37959,144.91824,336.29,0.39,0.36,2026-05-01,0417,N,nominal,2.0NRT,301.14,2.58,D
-14.37469,132.48639,335.95,0.54,0.51,2026-05-01,0421,N,nominal,2.0NRT,298.46,13.82,D
-35.07278,146.77486,352.34,0.4,0.37,2026-05-01,0417,N,nominal,2.0NRT,305.45,13.77,D
-14.37532,132.48146,339.81,0.54,0.51,2026-05-01,0421,N,nominal,2.0NRT,292.61,8.77,D
-35.0735,146.77051,336.97,0.39,0.37,2026-05-01,0417,N,nominal,2.0NRT,301.18,4.56,D
-15.1398,125.64851,338.18,0.78,0.78,2026-05-01,0421,N,nominal,2.0NRT,297.83,9.22,D
-35.0694,146.77403,355.47,0.4,0.37,2026-05-01,0417,N,nominal,2.0NRT,304.46,13.42,D
-14.36461,132.4903,332.68,0.54,0.51,2026-05-01,0421,N,nominal,2.0NRT,300.84,5.27,D
-34.72745,148.38954,332.48,0.44,0.38,2026-05-01,0417,N,nominal,2.0NRT,302.03,13.05,D
-14.35516,132.48914,331.42,0.54,0.51,2026-05-01,0421,N,nominal,2.0NRT,301.23,8.64,D
-34.72832,148.38478,336.1,0.44,0.38,2026-05-01,0417,N,nominal,2.0NRT,305.81,12.74,D
-14.34979,132.49374,339.73,0.54,0.51,2026-05-01,0421,N,nominal,2.0NRT,299.72,7.19,D
-34.72919,148.37999,342.46,0.44,0.38,2026-05-01,0417,N,nominal,2.0NRT,299.46,12.74,D
-15.09963,125.6824,367,0.77,0.78,2026-05-01,0421,N,high,2.0NRT,296.07,29.72,D
-34.72482,148.3838,330.33,0.44,0.38,2026-05-01,0417,N,low,2.0NRT,301.49,3.03,D
-14.34507,132.49316,332.18,0.54,0.51,2026-05-01,0421,N,nominal,2.0NRT,299.3,7.19,D
-34.72569,148.379,329,0.44,0.38,2026-05-01,0417,N,low,2.0NRT,301.42,3.03,D
-14.34571,132.48802,331.06,0.54,0.51,2026-05-01,0421,N,nominal,2.0NRT,298.27,8.65,D
-34.89805,147.32732,350.18,0.41,0.37,2026-05-01,0417,N,nominal,2.0NRT,299.99,39.53,D
-14.34099,132.48746,340.5,0.54,0.51,2026-05-01,0421,N,nominal,2.0NRT,297.24,4.39,D
-34.89882,147.32286,332.21,0.41,0.37,2026-05-01,0417,N,nominal,2.0NRT,287.01,46.75,D
-14.53881,130.53195,346.44,0.37,0.58,2026-05-01,0421,N,nominal,2.0NRT,294.87,4.14,D
-34.89387,147.3309,334.99,0.41,0.37,2026-05-01,0417,N,nominal,2.0NRT,290.74,39.53,D
-14.54958,130.43739,331.07,0.37,0.58,2026-05-01,0421,N,nominal,2.0NRT,294.85,4.03,D
-34.89464,147.32648,367,0.41,0.37,2026-05-01,0417,N,low,2.0NRT,333.35,39.53,D
-14.54217,130.45421,342.14,0.37,0.58,2026-05-01,0421,N,nominal,2.0NRT,300.62,11.15,D
-34.89764,147.31973,336.49,0.41,0.37,2026-05-01,0417,N,nominal,2.0NRT,297.95,35.5,D
-14.54296,130.44725,355.8,0.37,0.58,2026-05-01,0421,N,nominal,2.0NRT,300.62,7.2,D
-34.89611,147.32866,367,0.41,0.37,2026-05-01,0417,N,low,2.0NRT,328.51,41.88,D
-14.54335,130.44376,341.02,0.37,0.58,2026-05-01,0421,N,nominal,2.0NRT,297.27,7.2,D
-34.89271,147.3278,348.67,0.41,0.37,2026-05-01,0417,N,nominal,2.0NRT,287.15,41.88,D
-14.54415,130.43675,343.09,0.37,0.58,2026-05-01,0421,N,nominal,2.0NRT,297.22,8.35,D
-34.89346,147.32335,351.68,0.41,0.37,2026-05-01,0417,N,nominal,2.0NRT,285.28,35.5,D
-14.54455,130.4332,343.84,0.37,0.58,2026-05-01,0421,N,nominal,2.0NRT,297.43,5.88,D
-34.81814,147.69917,335.77,0.42,0.37,2026-05-01,0417,N,nominal,2.0NRT,302.88,13.65,D
-14.98865,125.76923,330.27,0.76,0.77,2026-05-01,0421,N,nominal,2.0NRT,295.2,5.81,D
-34.81894,147.6946,348.08,0.42,0.37,2026-05-01,0417,N,nominal,2.0NRT,310,13.65,D
-14.98933,125.76176,337.75,0.76,0.77,2026-05-01,0421,N,nominal,2.0NRT,294.09,5.81,D
-34.81972,147.69006,336.43,0.42,0.37,2026-05-01,0417,N,nominal,2.0NRT,302.44,5.63,D
-14.19837,133.10881,347.47,0.49,0.49,2026-05-01,0421,N,nominal,2.0NRT,296.2,17.15,D
-34.82051,147.68552,329.25,0.42,0.37,2026-05-01,0417,N,low,2.0NRT,302.1,5.63,D
-14.19893,133.10434,354.4,0.49,0.49,2026-05-01,0421,N,nominal,2.0NRT,299.5,17.15,D
-34.81549,147.6937,353.39,0.42,0.37,2026-05-01,0417,N,nominal,2.0NRT,304.76,13.65,D
-14.19949,133.09976,346.07,0.49,0.49,2026-05-01,0421,N,nominal,2.0NRT,300.91,20.43,D
-34.81628,147.68916,340.21,0.42,0.37,2026-05-01,0417,N,nominal,2.0NRT,301.95,5.63,D
-14.25559,132.63948,341.68,0.53,0.5,2026-05-01,0421,N,nominal,2.0NRT,297.93,9.06,D
-34.96505,146.81354,335.83,0.4,0.37,2026-05-01,0417,N,nominal,2.0NRT,305.65,11.14,D
-14.1944,133.10381,335.41,0.49,0.49,2026-05-01,0421,N,nominal,2.0NRT,294.94,17.15,D
-34.96168,146.8127,340.03,0.4,0.37,2026-05-01,0417,N,nominal,2.0NRT,304.75,16.84,D
-14.19496,133.09926,342.22,0.49,0.49,2026-05-01,0421,N,nominal,2.0NRT,295.39,20.43,D
-35.27392,144.74173,346.86,0.39,0.36,2026-05-01,0417,N,nominal,2.0NRT,302.33,6.02,D
-14.25099,132.59886,333.87,0.53,0.5,2026-05-01,0421,N,nominal,2.0NRT,297.68,14.88,D
-35.27057,144.74098,333.12,0.39,0.36,2026-05-01,0417,N,nominal,2.0NRT,299.92,6.02,D
-14.24629,132.59851,342.66,0.53,0.5,2026-05-01,0421,N,nominal,2.0NRT,297.97,14.88,D
-35.27121,144.73671,331.15,0.39,0.36,2026-05-01,0417,N,low,2.0NRT,302.03,3.09,D
-14.24688,132.59357,356.45,0.53,0.5,2026-05-01,0421,N,nominal,2.0NRT,299.81,14.88,D
-35.26722,144.74025,355.14,0.39,0.36,2026-05-01,0417,N,nominal,2.0NRT,304.74,8.82,D
-14.19656,133.11011,343.02,0.49,0.49,2026-05-01,0421,N,nominal,2.0NRT,296.04,13.42,D
-34.86506,147.21883,330.68,0.4,0.37,2026-05-01,0417,N,nominal,2.0NRT,272.75,3.13,D
-14.19714,133.10567,352.9,0.49,0.49,2026-05-01,0421,N,nominal,2.0NRT,297.18,13.42,D
-34.76019,147.80376,339.65,0.42,0.38,2026-05-01,0417,N,nominal,2.0NRT,301.39,5.32,D
-14.19773,133.10112,352.65,0.49,0.49,2026-05-01,0421,N,nominal,2.0NRT,303.65,56.55,D
-34.73624,147.67345,342.42,0.42,0.37,2026-05-01,0417,N,nominal,2.0NRT,302,3.77,D
-14.25785,132.63708,342.27,0.53,0.5,2026-05-01,0421,N,nominal,2.0NRT,298.21,10.55,D
-34.73278,147.67258,334.97,0.42,0.37,2026-05-01,0417,N,nominal,2.0NRT,301.17,3.77,D
-14.24822,132.60103,331.41,0.53,0.5,2026-05-01,0421,N,nominal,2.0NRT,297.32,17.87,D
-35.2825,144.18404,347.54,0.39,0.36,2026-05-01,0417,N,nominal,2.0NRT,299.99,21.6,D
-14.24885,132.59612,347.73,0.53,0.5,2026-05-01,0421,N,nominal,2.0NRT,298.8,17.87,D
-14.24171,132.61487,347.88,0.53,0.5,2026-05-01,0421,N,nominal,2.0NRT,294.79,7.26,D
-35.28312,144.17969,349.75,0.39,0.36,2026-05-01,0417,N,nominal,2.0NRT,301.06,12.92,D
-14.24415,132.59573,354.35,0.53,0.5,2026-05-01,0421,N,nominal,2.0NRT,299.24,17.87,D
-35.28199,144.18509,336.96,0.39,0.36,2026-05-01,0417,N,nominal,2.0NRT,295.54,12.67,D
-14.24477,132.59081,339.51,0.53,0.5,2026-05-01,0421,N,nominal,2.0NRT,296.6,15.63,D
-35.28262,144.18074,352.25,0.39,0.36,2026-05-01,0417,N,nominal,2.0NRT,312.48,83.3,D
-14.98691,125.76842,330.13,0.76,0.77,2026-05-01,0421,N,nominal,2.0NRT,295.44,16.39,D
-35.28325,144.17641,331.13,0.39,0.36,2026-05-01,0417,N,nominal,2.0NRT,283,83.3,D
-14.98764,125.76093,345.03,0.76,0.77,2026-05-01,0421,N,nominal,2.0NRT,294.27,7.09,D
-35.27924,144.18002,367,0.39,0.36,2026-05-01,0417,N,high,2.0NRT,344.21,83.3,D
-14.13648,133.18575,330.24,0.48,0.48,2026-05-01,0421,N,nominal,2.0NRT,298.51,5.44,D
-35.27987,144.17569,367,0.39,0.36,2026-05-01,0417,N,high,2.0NRT,333.58,83.3,D
-14.18824,132.66335,343.48,0.52,0.5,2026-05-01,0421,N,nominal,2.0NRT,292.87,14.79,D
-35.27862,144.18437,332.39,0.39,0.36,2026-05-01,0417,N,nominal,2.0NRT,294.98,12.67,D
-14.18359,132.66272,346.26,0.52,0.5,2026-05-01,0421,N,nominal,2.0NRT,298.26,49.63,D
-35.2765,144.17497,367,0.39,0.36,2026-05-01,0417,N,high,2.0NRT,331.31,68.17,D
-14.3812,130.59961,350.39,0.36,0.58,2026-05-01,0421,N,nominal,2.0NRT,299.16,8.97,D
-35.27587,144.17929,345.84,0.39,0.36,2026-05-01,0417,N,nominal,2.0NRT,298.22,68.17,D
-14.38158,130.59618,356.5,0.36,0.58,2026-05-01,0421,N,nominal,2.0NRT,298.19,6.21,D
-35.27713,144.17062,337.42,0.39,0.36,2026-05-01,0417,N,nominal,2.0NRT,291.62,7.43,D
-14.38694,130.54819,331.24,0.36,0.58,2026-05-01,0421,N,nominal,2.0NRT,296.19,3.39,D
-34.09349,150.84833,340.34,0.56,0.43,2026-05-01,0417,N,nominal,2.0NRT,295.61,30.64,D
-14.13821,132.64726,335.1,0.53,0.5,2026-05-01,0421,N,nominal,2.0NRT,295.34,7.28,D
-34.08953,150.84727,339.42,0.56,0.43,2026-05-01,0417,N,nominal,2.0NRT,296.9,30.64,D
-14.15139,132.56281,341.3,0.53,0.5,2026-05-01,0421,N,nominal,2.0NRT,292.42,9.5,D
-34.08556,150.84619,338.72,0.56,0.43,2026-05-01,0417,N,nominal,2.0NRT,294.07,16.83,D
-14.13607,132.64543,338.81,0.52,0.5,2026-05-01,0421,N,nominal,2.0NRT,288.65,4.73,D
-35.21943,144.18512,340.2,0.39,0.36,2026-05-01,0417,N,nominal,2.0NRT,299.38,73.89,D
-14.45935,130.01277,330.09,0.4,0.6,2026-05-01,0421,N,nominal,2.0NRT,296.12,3.81,D
-35.22067,144.17645,344.47,0.39,0.36,2026-05-01,0417,N,nominal,2.0NRT,304.19,40.07,D
-14.06203,133.1837,340.65,0.48,0.48,2026-05-01,0421,N,nominal,2.0NRT,297.53,6.55,D
-35.22129,144.1721,339.09,0.39,0.36,2026-05-01,0417,N,nominal,2.0NRT,288.95,40.07,D
-14.12519,132.69354,331.19,0.52,0.5,2026-05-01,0421,N,nominal,2.0NRT,293.11,8.05,D
-35.2173,144.17574,367,0.39,0.36,2026-05-01,0417,N,high,2.0NRT,333.34,40.07,D
-14.37919,130.59668,367,0.36,0.57,2026-05-01,0421,N,high,2.0NRT,299.95,7.99,D
-35.21606,144.1844,337.8,0.39,0.36,2026-05-01,0417,N,nominal,2.0NRT,296.91,73.89,D
-14.12427,132.6638,345.9,0.52,0.5,2026-05-01,0421,N,nominal,2.0NRT,294.31,19.39,D
-34.91918,145.91505,336.82,0.39,0.36,2026-05-01,0417,N,nominal,2.0NRT,303.66,4.79,D
-14.37878,130.60011,335.65,0.36,0.57,2026-05-01,0421,N,nominal,2.0NRT,298.89,7.1,D
-34.91652,145.91002,336.78,0.39,0.36,2026-05-01,0417,N,nominal,2.0NRT,298.44,6.03,D
-14.36602,130.616,334.24,0.36,0.57,2026-05-01,0421,N,nominal,2.0NRT,297.81,4.37,D
-34.45427,148.56807,341.36,0.45,0.39,2026-05-01,0417,N,nominal,2.0NRT,302.62,6.02,D
-14.36642,130.61259,350.25,0.36,0.57,2026-05-01,0421,N,nominal,2.0NRT,298.84,4.37,D
-34.45331,148.56953,347.42,0.45,0.39,2026-05-01,0417,N,nominal,2.0NRT,310.24,95.36,D
-14.09942,132.63602,352.22,0.53,0.5,2026-05-01,0421,N,nominal,2.0NRT,297.5,6.37,D
-34.44976,148.56862,367,0.45,0.39,2026-05-01,0417,N,high,2.0NRT,333.73,95.36,D
-14.09476,132.63544,337.89,0.53,0.5,2026-05-01,0421,N,nominal,2.0NRT,296.38,6.37,D
-34.74476,146.87486,334.44,0.4,0.37,2026-05-01,0417,N,nominal,2.0NRT,297.98,6.17,D
-14.09534,132.63087,330.92,0.53,0.5,2026-05-01,0421,N,nominal,2.0NRT,295.8,6.37,D
-34.74549,146.8705,351.22,0.4,0.37,2026-05-01,0417,N,nominal,2.0NRT,302.81,6.17,D
-14.09593,132.62607,345.86,0.53,0.5,2026-05-01,0421,N,nominal,2.0NRT,294.78,8.24,D
-34.65007,147.37148,346.9,0.41,0.37,2026-05-01,0417,N,nominal,2.0NRT,290.52,7.96,D
-14.10241,132.53606,341.54,0.53,0.5,2026-05-01,0421,N,nominal,2.0NRT,290.32,3.81,D
-34.63312,147.24171,347.36,0.41,0.37,2026-05-01,0417,N,nominal,2.0NRT,296.81,26.26,D
-14.08246,132.65831,367,0.52,0.5,2026-05-01,0421,N,high,2.0NRT,300.78,20.46,D
-34.51427,147.90201,330.93,0.42,0.38,2026-05-01,0417,N,nominal,2.0NRT,296.02,7.2,D
-14.08307,132.65343,367,0.52,0.5,2026-05-01,0421,N,high,2.0NRT,301.44,59.11,D
-34.54207,147.62187,333.04,0.42,0.37,2026-05-01,0417,N,nominal,2.0NRT,291.02,2.53,D
-14.08185,132.66316,337.87,0.52,0.5,2026-05-01,0421,N,nominal,2.0NRT,291.35,20.46,D
-34.39014,148.32578,341.87,0.44,0.38,2026-05-01,0417,N,nominal,2.0NRT,298.74,5.11,D
-14.08367,132.64853,348.53,0.52,0.5,2026-05-01,0421,N,nominal,2.0NRT,301.25,59.11,D
-34.38791,148.32704,338.97,0.44,0.38,2026-05-01,0417,N,nominal,2.0NRT,300.62,4.76,D
-14.07841,132.65285,355.27,0.52,0.5,2026-05-01,0421,N,nominal,2.0NRT,298.56,42.67,D
-34.35365,148.35304,335.42,0.44,0.38,2026-05-01,0417,N,nominal,2.0NRT,300.93,3.35,D
-14.07902,132.64795,344.04,0.52,0.5,2026-05-01,0421,N,nominal,2.0NRT,309.51,42.67,D
-34.75211,145.90819,346.57,0.39,0.36,2026-05-01,0417,N,nominal,2.0NRT,302.67,8.89,D
-14.0796,132.64326,333.95,0.52,0.5,2026-05-01,0421,N,nominal,2.0NRT,296.38,27.39,D
-34.75279,145.90393,337.15,0.39,0.36,2026-05-01,0417,N,nominal,2.0NRT,303.85,5.93,D
-14.07377,132.65221,350.43,0.52,0.5,2026-05-01,0421,N,nominal,2.0NRT,297.51,42.67,D
-34.70792,145.92426,333.97,0.39,0.36,2026-05-01,0417,N,nominal,2.0NRT,292.78,4.72,D
-14.07437,132.64738,341.28,0.52,0.5,2026-05-01,0421,N,nominal,2.0NRT,296.99,42.67,D
-34.7039,145.92772,339.58,0.39,0.36,2026-05-01,0417,N,nominal,2.0NRT,295.7,18.44,D
-14.06912,132.6516,353.25,0.52,0.5,2026-05-01,0421,N,nominal,2.0NRT,300.16,12.56,D
-34.48473,147.12906,346.45,0.4,0.37,2026-05-01,0417,N,nominal,2.0NRT,310.86,33.02,D
-14.08734,132.50372,356.11,0.54,0.51,2026-05-01,0421,N,nominal,2.0NRT,297.71,17.76,D
-34.36438,147.78525,335.38,0.42,0.38,2026-05-01,0417,N,nominal,2.0NRT,298.54,6.46,D
-14.06388,132.65581,338.06,0.52,0.5,2026-05-01,0421,N,nominal,2.0NRT,298.87,16.11,D
-34.35987,147.76967,348.97,0.42,0.38,2026-05-01,0417,N,nominal,2.0NRT,314.7,37.45,D
-14.06448,132.65096,343.18,0.52,0.5,2026-05-01,0421,N,nominal,2.0NRT,299.55,12.56,D
-34.3564,147.76878,349.29,0.42,0.38,2026-05-01,0417,N,nominal,2.0NRT,308.3,12.88,D
-14.08264,132.50314,349.56,0.54,0.51,2026-05-01,0421,N,nominal,2.0NRT,297.5,17.76,D
-34.35721,147.76416,335.28,0.42,0.38,2026-05-01,0417,N,nominal,2.0NRT,303.07,12.88,D
-14.07856,132.49751,353.17,0.54,0.51,2026-05-01,0421,N,nominal,2.0NRT,297.63,17.32,D
-34.35294,147.76788,351.22,0.42,0.38,2026-05-01,0417,N,nominal,2.0NRT,298.38,12.88,D
-14.05398,132.65955,356.33,0.52,0.5,2026-05-01,0421,N,nominal,2.0NRT,299.55,24.72,D
-34.47496,146.85201,336.24,0.4,0.37,2026-05-01,0417,N,nominal,2.0NRT,296.3,2.48,D
-14.04933,132.65897,352.12,0.52,0.5,2026-05-01,0421,N,nominal,2.0NRT,289.04,17.93,D
-34.20695,148.33742,330.61,0.44,0.38,2026-05-01,0417,N,nominal,2.0NRT,296.97,1.68,D
-14.04993,132.65407,356.57,0.52,0.5,2026-05-01,0421,N,nominal,2.0NRT,293.03,17.93,D
-34.15817,148.48151,344.37,0.45,0.39,2026-05-01,0417,N,nominal,2.0NRT,302.81,7.03,D
-14.05567,132.48946,331.75,0.54,0.51,2026-05-01,0421,N,nominal,2.0NRT,292.04,3.79,D
-34.16512,148.02673,345.55,0.43,0.38,2026-05-01,0417,N,nominal,2.0NRT,316.31,94.73,D
-14.04648,132.65593,338.43,0.52,0.5,2026-05-01,0421,N,nominal,2.0NRT,283.91,4.21,D
-34.16596,148.02205,337.45,0.43,0.38,2026-05-01,0417,N,nominal,2.0NRT,304.34,12.61,D
-14.04712,132.65106,341.46,0.52,0.5,2026-05-01,0421,N,nominal,2.0NRT,284.72,2.97,D
-34.16246,148.02116,332.52,0.43,0.38,2026-05-01,0417,N,low,2.0NRT,303.51,12.61,D
-14.04592,132.58704,330.53,0.53,0.5,2026-05-01,0421,N,nominal,2.0NRT,292.75,5.6,D
-34.16162,148.02583,367,0.43,0.38,2026-05-01,0417,N,low,2.0NRT,336.19,94.73,D
-14.03547,132.52011,344.55,0.53,0.5,2026-05-01,0421,N,nominal,2.0NRT,296.49,8.55,D
-34.1365,148.06345,344.11,0.43,0.38,2026-05-01,0417,N,nominal,2.0NRT,304.38,29.26,D
-13.98303,132.67268,354.92,0.52,0.5,2026-05-01,0421,N,nominal,2.0NRT,292.62,22.82,D
-34.13299,148.06256,343.87,0.43,0.38,2026-05-01,0417,N,low,2.0NRT,317.89,29.26,D
-13.98731,132.63858,332.58,0.52,0.5,2026-05-01,0421,N,nominal,2.0NRT,289.56,6.22,D
-34.44508,146.09933,348.63,0.39,0.36,2026-05-01,0417,N,nominal,2.0NRT,299.95,7,D
-13.97655,132.57303,342.4,0.53,0.5,2026-05-01,0421,N,nominal,2.0NRT,295.83,59.67,D
-34.02518,148.42462,349.38,0.45,0.39,2026-05-01,0417,N,nominal,2.0NRT,306.92,15.56,D
-13.98148,132.53316,342.9,0.53,0.5,2026-05-01,0421,N,nominal,2.0NRT,298.03,12.28,D
-34.3938,146.28653,356.68,0.39,0.36,2026-05-01,0417,N,nominal,2.0NRT,315.74,36.82,D
-13.9858,132.49818,334.87,0.53,0.5,2026-05-01,0421,N,nominal,2.0NRT,290.63,5.55,D
-35.35847,139.0468,339.09,0.4,0.44,2026-05-01,0417,N,nominal,2.0NRT,278.33,5.93,D
-13.9725,132.56743,355.06,0.53,0.5,2026-05-01,0421,N,nominal,2.0NRT,300.59,63.38,D
-35.35893,139.04234,348.34,0.4,0.44,2026-05-01,0417,N,nominal,2.0NRT,281.69,5.93,D
-13.9768,132.53253,357.2,0.53,0.5,2026-05-01,0421,N,nominal,2.0NRT,298.15,10.7,D
-34.39044,146.28572,347.26,0.39,0.36,2026-05-01,0417,N,nominal,2.0NRT,304.87,8.23,D
-13.98049,132.50256,342.44,0.53,0.5,2026-05-01,0421,N,nominal,2.0NRT,297.81,11.92,D
-35.35479,139.04172,332.58,0.4,0.44,2026-05-01,0417,N,nominal,2.0NRT,279.28,5.18,D
-13.98111,132.49757,341.81,0.53,0.5,2026-05-01,0421,N,nominal,2.0NRT,297.96,11.92,D
-35.35525,139.03726,336.63,0.4,0.44,2026-05-01,0417,N,nominal,2.0NRT,281.85,3.25,D
-13.97212,132.53191,346.21,0.53,0.5,2026-05-01,0421,N,nominal,2.0NRT,298.09,10.7,D
-34.0505,148.14134,330.16,0.44,0.38,2026-05-01,0417,N,nominal,2.0NRT,298.99,15.04,D
-13.97519,132.50693,346.58,0.53,0.5,2026-05-01,0421,N,nominal,2.0NRT,297.21,11.24,D
-34.04612,148.14519,340.6,0.44,0.38,2026-05-01,0417,N,nominal,2.0NRT,304.47,24.62,D
-13.97581,132.50194,340.05,0.53,0.5,2026-05-01,0421,N,nominal,2.0NRT,297.03,11.92,D
-34.04698,148.14044,353.1,0.44,0.38,2026-05-01,0417,N,nominal,2.0NRT,310.71,15.04,D
-13.95298,132.64894,343.87,0.52,0.5,2026-05-01,0421,N,nominal,2.0NRT,295.06,10.16,D
-34.42226,145.89571,344.25,0.39,0.36,2026-05-01,0417,N,nominal,2.0NRT,296.55,7.81,D
-13.96744,132.5313,340.38,0.53,0.5,2026-05-01,0421,N,nominal,2.0NRT,295.86,13.66,D
-34.41823,145.89917,343.18,0.39,0.36,2026-05-01,0417,N,nominal,2.0NRT,297.57,14.58,D
-13.96805,132.52632,340.69,0.53,0.5,2026-05-01,0421,N,nominal,2.0NRT,298.02,13.66,D
-34.04045,148.07462,332.66,0.43,0.38,2026-05-01,0417,N,nominal,2.0NRT,301.7,6.42,D
-13.96928,132.51634,333.18,0.53,0.5,2026-05-01,0421,N,nominal,2.0NRT,295.31,5.84,D
-34.03778,148.06902,340.93,0.43,0.38,2026-05-01,0417,N,nominal,2.0NRT,306.42,23.8,D
-13.94834,132.64838,342.66,0.52,0.5,2026-05-01,0421,N,nominal,2.0NRT,297.21,10.16,D
-34.06552,147.91478,346.04,0.43,0.38,2026-05-01,0417,N,nominal,2.0NRT,301.83,7.71,D
-13.9591,132.56068,355.4,0.53,0.5,2026-05-01,0421,N,nominal,2.0NRT,302.14,35.09,D
-34.0592,147.8889,353.39,0.43,0.38,2026-05-01,0417,N,nominal,2.0NRT,299.04,12.19,D
-13.94369,132.64783,347.99,0.52,0.5,2026-05-01,0421,N,nominal,2.0NRT,301.6,48.49,D
-34.35345,146.17055,345.53,0.39,0.36,2026-05-01,0417,N,nominal,2.0NRT,299.47,5.43,D
-13.95382,132.56499,344.68,0.53,0.5,2026-05-01,0421,N,nominal,2.0NRT,298.67,21.26,D
-34.3501,146.16975,342.47,0.39,0.36,2026-05-01,0417,N,nominal,2.0NRT,302.86,5.43,D
-13.95443,132.56004,347.99,0.53,0.5,2026-05-01,0421,N,nominal,2.0NRT,302.24,69.77,D
-33.89943,148.49516,335.89,0.45,0.39,2026-05-01,0417,N,nominal,2.0NRT,306.28,10.43,D
-13.94429,132.64294,297.37,0.52,0.5,2026-05-01,0421,N,low,2.0NRT,302.47,48.49,D
-33.91912,148.20309,343.6,0.44,0.38,2026-05-01,0417,N,nominal,2.0NRT,298.9,6.49,D
-13.93904,132.64729,348.3,0.52,0.5,2026-05-01,0421,N,nominal,2.0NRT,293.67,48.49,D
-33.84728,147.99858,352.12,0.43,0.38,2026-05-01,0417,N,nominal,2.0NRT,304.07,11.79,D
-13.94859,132.56905,337.82,0.53,0.5,2026-05-01,0421,N,nominal,2.0NRT,294.86,21.26,D
-33.84447,147.64696,336.79,0.42,0.38,2026-05-01,0417,N,nominal,2.0NRT,303.98,3.48,D
-13.94918,132.56413,351.42,0.53,0.5,2026-05-01,0421,N,nominal,2.0NRT,296.7,21.26,D
-33.57391,148.6682,346.02,0.46,0.39,2026-05-01,0417,N,nominal,2.0NRT,302.4,5.32,D
-13.954,132.52452,351.92,0.53,0.5,2026-05-01,0421,N,nominal,2.0NRT,299.44,32.22,D
-33.62888,147.85892,340.77,0.43,0.38,2026-05-01,0417,N,nominal,2.0NRT,304.84,4.76,D
-13.95461,132.51955,331.8,0.53,0.5,2026-05-01,0421,N,nominal,2.0NRT,292.57,10.65,D
-33.62972,147.85426,339.97,0.43,0.38,2026-05-01,0417,N,nominal,2.0NRT,304.03,5.86,D
-13.94932,132.52393,345.83,0.53,0.5,2026-05-01,0421,N,nominal,2.0NRT,294.14,23,D
-33.83072,146.30428,330.49,0.39,0.36,2026-05-01,0417,N,low,2.0NRT,300.65,4.28,D
-13.93499,132.64182,355.17,0.52,0.5,2026-05-01,0421,N,low,2.0NRT,285.95,12.59,D
-33.48363,147.7814,337.03,0.43,0.38,2026-05-01,0417,N,nominal,2.0NRT,302.64,3.3,D
-13.93035,132.6412,347.1,0.52,0.5,2026-05-01,0421,N,nominal,2.0NRT,292.84,12.59,D
-33.48446,147.77676,332.51,0.43,0.38,2026-05-01,0417,N,nominal,2.0NRT,301.17,3.3,D
-13.93155,132.6313,344.49,0.52,0.5,2026-05-01,0421,N,nominal,2.0NRT,293.39,10.36,D
-32.85124,150.82721,338.9,0.39,0.44,2026-05-01,0417,N,nominal,2.0NRT,295,7.27,D
-13.93215,132.62639,354.43,0.52,0.5,2026-05-01,0421,N,nominal,2.0NRT,296.92,15.26,D
-33.07695,149.18831,348.05,0.49,0.4,2026-05-01,0417,N,nominal,2.0NRT,298.52,8.92,D
-13.93453,132.60675,349.42,0.53,0.5,2026-05-01,0421,N,nominal,2.0NRT,297.28,8.68,D
-33.07321,149.18742,351.27,0.49,0.4,2026-05-01,0417,N,nominal,2.0NRT,299.31,8.92,D
-13.94149,132.64456,334.73,0.52,0.5,2026-05-01,0421,N,nominal,2.0NRT,298.83,90.78,D
-33.06947,149.18654,347.62,0.49,0.4,2026-05-01,0417,N,nominal,2.0NRT,300.52,18,D
-13.9516,132.56667,345.12,0.53,0.5,2026-05-01,0421,N,nominal,2.0NRT,295.49,22.07,D
-33.15948,148.6725,330.49,0.47,0.39,2026-05-01,0417,N,low,2.0NRT,301.36,19.27,D
-13.95223,132.56177,354.6,0.53,0.5,2026-05-01,0421,N,nominal,2.0NRT,299.76,33.16,D
-33.32281,147.74323,334.28,0.43,0.38,2026-05-01,0417,N,nominal,2.0NRT,302.11,9.51,D
-13.95674,132.52704,335.53,0.53,0.5,2026-05-01,0421,N,nominal,2.0NRT,291.23,19.03,D
-33.31931,147.74234,336.33,0.43,0.38,2026-05-01,0417,N,nominal,2.0NRT,306.03,9.51,D
-13.95738,132.52206,345.09,0.53,0.5,2026-05-01,0421,N,nominal,2.0NRT,294.74,14.58,D
-33.17148,148.467,334.61,0.46,0.39,2026-05-01,0417,N,nominal,2.0NRT,303.28,4.8,D
-13.9527,132.52147,346.39,0.53,0.5,2026-05-01,0421,N,nominal,2.0NRT,297.04,14.58,D
-33.19844,148.11641,334.06,0.44,0.39,2026-05-01,0417,N,nominal,2.0NRT,299.6,5.16,D
-13.9322,132.64345,349.48,0.52,0.5,2026-05-01,0421,N,nominal,2.0NRT,292.95,30.95,D
-33.18961,148.12408,342.72,0.45,0.39,2026-05-01,0417,N,nominal,2.0NRT,302.93,5.96,D
-13.93412,132.62865,338.57,0.52,0.5,2026-05-01,0421,N,nominal,2.0NRT,295.5,10.95,D
-33.18605,148.12317,341.48,0.45,0.39,2026-05-01,0417,N,nominal,2.0NRT,301.81,5.96,D
-13.93475,132.62376,345.62,0.52,0.5,2026-05-01,0421,N,nominal,2.0NRT,292.31,10.95,D
-34.0693,141.00298,334.37,0.47,0.4,2026-05-01,0417,N,nominal,2.0NRT,291.93,4.02,D
-13.93665,132.60905,349.56,0.52,0.5,2026-05-01,0421,N,nominal,2.0NRT,295.81,7.3,D
-32.33615,147.9236,348.67,0.45,0.39,2026-05-01,0417,N,nominal,2.0NRT,306.29,4.58,D
-13.93727,132.60422,331.62,0.52,0.5,2026-05-01,0421,N,nominal,2.0NRT,290.82,7.3,D
-32.33702,147.91882,335.83,0.45,0.39,2026-05-01,0417,N,low,2.0NRT,306.35,4.58,D
-13.94801,132.5209,351.73,0.53,0.5,2026-05-01,0421,N,nominal,2.0NRT,294.2,12.75,D
-32.33258,147.9227,348.62,0.45,0.39,2026-05-01,0417,N,nominal,2.0NRT,306.54,6.04,D
-13.85503,133.20074,332.24,0.48,0.48,2026-05-01,0421,N,nominal,2.0NRT,292.32,5.49,D
-32.33345,147.91792,339.07,0.45,0.39,2026-05-01,0417,N,nominal,2.0NRT,306.88,6.04,D
-32.21698,148.12218,348.23,0.46,0.39,2026-05-01,0417,N,nominal,2.0NRT,308,9.98,D
-13.85056,133.20016,339.96,0.48,0.48,2026-05-01,0421,N,nominal,2.0NRT,293.67,6.47,D
-13.8461,133.19957,331.59,0.48,0.48,2026-05-01,0421,N,nominal,2.0NRT,290.66,6.47,D
-32.2068,147.53604,349.54,0.44,0.38,2026-05-01,0419,N,nominal,2.0NRT,304.76,8.57,D
-13.84669,133.19504,341.69,0.48,0.48,2026-05-01,0421,N,nominal,2.0NRT,292.08,6.47,D
-32.2041,147.53055,332.59,0.44,0.38,2026-05-01,0419,N,nominal,2.0NRT,300.81,1.42,D
-13.83988,133.21246,331.57,0.48,0.48,2026-05-01,0421,N,nominal,2.0NRT,288.9,5.26,D
-13.78119,133.31741,340.55,0.47,0.48,2026-05-01,0421,N,nominal,2.0NRT,297.68,4.3,D
-32.1929,147.552,347.97,0.44,0.38,2026-05-01,0419,N,nominal,2.0NRT,305.85,10.79,D
-13.77676,133.31685,333.31,0.47,0.48,2026-05-01,0421,N,nominal,2.0NRT,295.5,4.3,D
-32.18938,147.55113,332.05,0.44,0.38,2026-05-01,0419,N,low,2.0NRT,303.46,3.54,D
-13.77701,133.17169,341.16,0.48,0.48,2026-05-01,0421,N,nominal,2.0NRT,296.5,13.72,D
-13.77758,133.1671,345.34,0.48,0.48,2026-05-01,0421,N,nominal,2.0NRT,299.68,13.72,D
-32.08506,146.95087,332.64,0.42,0.38,2026-05-01,0419,N,nominal,2.0NRT,297.27,2.99,D
-13.77311,133.16652,333.67,0.48,0.48,2026-05-01,0421,N,nominal,2.0NRT,293.61,6.65,D
-32.0777,146.97234,336.76,0.42,0.38,2026-05-01,0419,N,nominal,2.0NRT,306.95,3.17,D
-14.51584,126.37895,339.79,0.69,0.74,2026-05-01,0421,N,nominal,2.0NRT,295.72,15.51,D
-31.41203,150.45851,354.72,0.4,0.44,2026-05-01,0419,N,nominal,2.0NRT,303.56,9.98,D
-13.71656,133.30084,337.07,0.47,0.48,2026-05-01,0421,N,nominal,2.0NRT,295.45,8.99,D
-14.52329,126.38523,331.63,0.69,0.74,2026-05-01,0421,N,nominal,2.0NRT,293.78,9.48,D
-32.07502,146.96706,338.84,0.42,0.38,2026-05-01,0419,N,nominal,2.0NRT,299.69,6.18,D
-14.51701,126.37764,349.1,0.69,0.74,2026-05-01,0421,N,nominal,2.0NRT,296.3,12.88,D
-32.07579,146.96262,349.54,0.42,0.38,2026-05-01,0419,N,nominal,2.0NRT,295.26,5.03,D
-13.705,133.28586,330.86,0.47,0.48,2026-05-01,0421,N,nominal,2.0NRT,296.51,5.52,D
-32.22891,145.98068,340.49,0.4,0.37,2026-05-01,0419,N,nominal,2.0NRT,302.56,3.48,D
-14.01675,130.36523,367,0.37,0.58,2026-05-01,0421,N,high,2.0NRT,298.36,6.51,D
-32.12221,146.57022,341.55,0.41,0.37,2026-05-01,0419,N,nominal,2.0NRT,305.49,78.06,D
-14.01013,130.37512,331.78,0.37,0.58,2026-05-01,0421,N,nominal,2.0NRT,296.97,2.11,D
-32.11804,146.57376,334.51,0.41,0.37,2026-05-01,0419,N,nominal,2.0NRT,301.2,12.39,D
-13.58713,133.09155,331.7,0.48,0.48,2026-05-01,0421,N,nominal,2.0NRT,297.81,6.71,D
-32.11536,146.56859,344.18,0.41,0.37,2026-05-01,0419,N,nominal,2.0NRT,307.02,46.21,D
-13.56192,133.11102,343.37,0.48,0.48,2026-05-01,0421,N,nominal,2.0NRT,293.28,7.83,D
-31.76294,147.09233,336.22,0.43,0.38,2026-05-01,0419,N,nominal,2.0NRT,307.44,3.89,D
-13.54964,133.17296,331.74,0.48,0.48,2026-05-01,0421,N,nominal,2.0NRT,294.95,4.36,D
-31.76373,147.08781,340.45,0.43,0.38,2026-05-01,0419,N,nominal,2.0NRT,306.42,4.06,D
-13.55921,133.11194,335.61,0.48,0.48,2026-05-01,0421,N,nominal,2.0NRT,294.6,5.16,D
-31.06874,150.67918,328.86,0.42,0.45,2026-05-01,0419,N,nominal,2.0NRT,297.67,43.57,D
-13.85451,129.98131,367,0.39,0.59,2026-05-01,0421,N,high,2.0NRT,297.94,41.47,D
-31.74612,147.12599,335.54,0.43,0.38,2026-05-01,0419,N,nominal,2.0NRT,302.9,5.67,D
-13.85493,129.97762,333.02,0.39,0.59,2026-05-01,0421,N,nominal,2.0NRT,302.82,41.47,D
-31.06964,150.67476,367,0.42,0.45,2026-05-01,0419,N,low,2.0NRT,331.1,71.24,D
-11.87116,142.01906,349.19,0.44,0.38,2026-05-01,0421,N,nominal,2.0NRT,301.61,26.78,D
-31.06458,150.67807,340.29,0.42,0.45,2026-05-01,0419,N,nominal,2.0NRT,298.32,45.09,D
-13.10418,130.73361,336.47,0.34,0.56,2026-05-01,0421,N,nominal,2.0NRT,297.79,2.7,D
-31.06548,150.67366,310.26,0.42,0.45,2026-05-01,0419,N,low,2.0NRT,315.07,55.71,D
-13.10454,130.73051,343.08,0.34,0.56,2026-05-01,0421,N,nominal,2.0NRT,298.58,2.7,D
-31.75535,146.59215,337.24,0.41,0.37,2026-05-01,0419,N,nominal,2.0NRT,304.41,5.94,D
-13.16492,130.16385,367,0.37,0.58,2026-05-01,0421,N,high,2.0NRT,294.78,14.03,D
-31.39803,148.32378,348.07,0.48,0.4,2026-05-01,0419,N,nominal,2.0NRT,308.14,12.88,D
-13.1045,130.7323,345.96,0.34,0.56,2026-05-01,0421,N,nominal,2.0NRT,298.41,5.16,D
-31.33199,146.6563,340.86,0.42,0.37,2026-05-01,0419,N,nominal,2.0NRT,306.2,5.82,D
-13.16404,130.16306,367,0.37,0.58,2026-05-01,0421,N,high,2.0NRT,294.75,15.09,D
-31.32854,146.6555,341.08,0.42,0.37,2026-05-01,0419,N,nominal,2.0NRT,306.57,5.82,D
-31.16178,146.90395,337.17,0.43,0.38,2026-05-01,0419,N,nominal,2.0NRT,305.92,6.08,D
-13.09896,130.56158,367,0.35,0.57,2026-05-01,0421,N,high,2.0NRT,295.18,12.33,D
-31.16257,146.89948,348.69,0.43,0.38,2026-05-01,0419,N,nominal,2.0NRT,304.9,6.08,D
-13.09937,130.55829,367,0.35,0.57,2026-05-01,0421,N,high,2.0NRT,295.58,8.31,D
-31.16225,146.90149,367,0.43,0.38,2026-05-01,0419,N,high,2.0NRT,309.05,12.75,D
-13.10341,130.5253,343.8,0.35,0.57,2026-05-01,0421,N,nominal,2.0NRT,294.56,6.08,D
-30.74328,148.28615,336.2,0.49,0.4,2026-05-01,0419,N,nominal,2.0NRT,306.44,2.04,D
-13.0896,130.55043,367,0.35,0.57,2026-05-01,0421,N,high,2.0NRT,296.13,8.94,D
-30.91422,146.86873,349.31,0.43,0.38,2026-05-01,0419,N,nominal,2.0NRT,303.85,5.95,D
-13.0904,130.54384,367,0.35,0.57,2026-05-01,0421,N,high,2.0NRT,295.83,6.54,D
-30.91073,146.86789,338.21,0.43,0.38,2026-05-01,0419,N,nominal,2.0NRT,303.32,3.66,D
-13.0908,130.54053,340.26,0.35,0.57,2026-05-01,0421,N,nominal,2.0NRT,292.54,6.54,D
-30.91152,146.8634,333.35,0.43,0.38,2026-05-01,0419,N,nominal,2.0NRT,302.7,3.66,D
-13.09161,130.53391,329.45,0.35,0.57,2026-05-01,0421,N,nominal,2.0NRT,294.26,3.65,D
-30.6973,147.76335,337,0.46,0.39,2026-05-01,0419,N,nominal,2.0NRT,307.96,6.38,D
-13.08431,130.54976,367,0.35,0.57,2026-05-01,0421,N,high,2.0NRT,296.4,8.94,D
-30.69367,147.76247,344.62,0.46,0.39,2026-05-01,0419,N,nominal,2.0NRT,306.89,6.38,D
-13.07863,130.5524,353.65,0.35,0.57,2026-05-01,0421,N,nominal,2.0NRT,296.35,5.65,D
-30.45815,148.63875,337.05,0.51,0.41,2026-05-01,0419,N,nominal,2.0NRT,307.27,17.73,D
-13.07902,130.54913,342.79,0.35,0.57,2026-05-01,0421,N,nominal,2.0NRT,294.67,3.41,D
-30.45917,148.63344,350.56,0.51,0.41,2026-05-01,0419,N,nominal,2.0NRT,310.23,31.11,D
-13.07295,130.55496,337.07,0.35,0.57,2026-05-01,0421,N,nominal,2.0NRT,295.5,5.65,D
-30.61777,147.60477,346.33,0.46,0.39,2026-05-01,0419,N,nominal,2.0NRT,310.94,12.72,D
-30.61865,147.59999,347.98,0.46,0.39,2026-05-01,0419,N,nominal,2.0NRT,307.5,8.57,D
-30.61416,147.6039,336.54,0.46,0.39,2026-05-01,0419,N,nominal,2.0NRT,306.08,12.72,D
-30.61505,147.59912,351.65,0.46,0.39,2026-05-01,0419,N,nominal,2.0NRT,308.14,8.57,D
-30.60158,147.61086,334.66,0.46,0.39,2026-05-01,0419,N,low,2.0NRT,307.09,6.79,D
-30.59887,147.60518,332.53,0.46,0.39,2026-05-01,0419,N,low,2.0NRT,303.84,4.39,D
-30.60204,147.60854,338.06,0.46,0.39,2026-05-01,0419,N,nominal,2.0NRT,306.81,5.29,D
-30.59843,147.60767,341.03,0.46,0.39,2026-05-01,0419,N,nominal,2.0NRT,303.76,4.08,D
-30.46792,147.92642,335.19,0.47,0.4,2026-05-01,0419,N,nominal,2.0NRT,306.71,2.38,D
-30.34658,148.13911,336.11,0.49,0.4,2026-05-01,0419,N,low,2.0NRT,306.67,3.01,D
-33.09665,116.62935,327.3,0.42,0.38,2026-05-01,0557,N,nominal,2.0NRT,286.14,2.51,D
-32.68744,117.45383,343.67,0.4,0.37,2026-05-01,0557,N,nominal,2.0NRT,298.75,29.8,D
-32.68803,117.44954,347.56,0.4,0.37,2026-05-01,0557,N,nominal,2.0NRT,298.43,28.22,D
-32.68462,117.44888,354.65,0.4,0.37,2026-05-01,0557,N,nominal,2.0NRT,292.52,13.8,D
-32.68522,117.44457,344.09,0.4,0.37,2026-05-01,0557,N,nominal,2.0NRT,298.27,13.8,D
-31.96957,116.74515,343.99,0.41,0.37,2026-05-01,0557,N,nominal,2.0NRT,291.07,5.98,D
-31.97017,116.74076,331.14,0.41,0.37,2026-05-01,0557,N,nominal,2.0NRT,286.73,7.5,D
-31.96611,116.74453,341.17,0.41,0.37,2026-05-01,0557,N,nominal,2.0NRT,286.33,5.98,D
-31.52762,116.90489,332.82,0.41,0.37,2026-05-01,0557,N,nominal,2.0NRT,292.67,3.28,D
-31.46897,116.5509,367,0.41,0.37,2026-05-01,0557,N,high,2.0NRT,297.72,11.58,D
-31.46958,116.54646,342.17,0.41,0.37,2026-05-01,0557,N,nominal,2.0NRT,293.31,4.48,D
-31.27472,115.62687,337.92,0.44,0.38,2026-05-01,0559,N,nominal,2.0NRT,290.1,2.91,D
-31.27373,115.62383,335.84,0.44,0.38,2026-05-01,0559,N,nominal,2.0NRT,292.03,3.42,D
-31.15861,116.32699,333.08,0.42,0.38,2026-05-01,0559,N,nominal,2.0NRT,296.45,3.97,D
-30.38037,117.39154,336.44,0.39,0.36,2026-05-01,0559,N,nominal,2.0NRT,293.89,6.01,D
-29.49018,115.69971,330.34,0.42,0.38,2026-05-01,0559,N,nominal,2.0NRT,291.42,4.23,D
-29.25551,115.06219,332.84,0.44,0.39,2026-05-01,0559,N,nominal,2.0NRT,299.16,6.04,D
-28.65638,114.85596,330.1,0.45,0.39,2026-05-01,0559,N,low,2.0NRT,300.12,3.56,D
-28.10397,114.54705,354.22,0.45,0.39,2026-05-01,0559,N,nominal,2.0NRT,301.62,7.84,D
-28.10456,114.54238,336.69,0.45,0.39,2026-05-01,0559,N,nominal,2.0NRT,296.87,7.84,D
-28.10034,114.54651,351.11,0.45,0.39,2026-05-01,0559,N,nominal,2.0NRT,303.85,7.84,D
-22.11444,115.20612,338.35,0.39,0.36,2026-05-01,0601,N,nominal,2.0NRT,308.22,5.31,D
-22.11106,115.20557,336.9,0.39,0.36,2026-05-01,0601,N,low,2.0NRT,308.96,4.49,D
-22.10713,115.20883,344.87,0.39,0.36,2026-05-01,0601,N,nominal,2.0NRT,312.61,4.49,D
-22.10375,115.20826,344.22,0.39,0.36,2026-05-01,0601,N,nominal,2.0NRT,311.05,5.4,D
-22.10038,115.2077,340.95,0.39,0.36,2026-05-01,0601,N,low,2.0NRT,312.32,5.4,D
-22.09644,115.21096,336.86,0.39,0.36,2026-05-01,0601,N,low,2.0NRT,308.67,7.67,D
-22.08969,115.20983,349.22,0.39,0.36,2026-05-01,0601,N,nominal,2.0NRT,314.03,11.1,D
-22.08632,115.20925,334.81,0.39,0.36,2026-05-01,0601,N,low,2.0NRT,306.63,11.1,D
-22.07957,115.20812,349.24,0.39,0.36,2026-05-01,0601,N,nominal,2.0NRT,308.88,6.67,D
-22.07857,115.20871,345.74,0.39,0.36,2026-05-01,0601,N,nominal,2.0NRT,308.04,4.34,D
-22.04988,115.21568,339.26,0.39,0.36,2026-05-01,0601,N,low,2.0NRT,312.01,3.29,D
-21.90881,115.16046,340.05,0.39,0.36,2026-05-01,0601,N,low,2.0NRT,315.04,4.02,D
-20.61494,116.77088,335.56,0.39,0.36,2026-05-01,0601,N,low,2.0NRT,308.01,4.1,D
-19.6664,121.72186,346.99,0.42,0.45,2026-05-01,0601,N,nominal,2.0NRT,310.13,4.2,D
-19.6603,121.708,337.67,0.42,0.45,2026-05-01,0601,N,low,2.0NRT,308.69,5.98,D
-18.00673,127.77451,353.95,0.54,0.68,2026-05-01,0601,N,nominal,2.0NRT,299.96,7.35,D
-17.99928,127.77825,334.54,0.54,0.68,2026-05-01,0601,N,nominal,2.0NRT,299.11,5.08,D
-18.01105,127.77203,332.5,0.54,0.68,2026-05-01,0601,N,nominal,2.0NRT,297.84,5.94,D
-18.00363,127.77583,343.33,0.54,0.68,2026-05-01,0601,N,nominal,2.0NRT,299.29,5.94,D
-17.88503,127.80376,336.1,0.55,0.68,2026-05-01,0601,N,nominal,2.0NRT,299.64,6.35,D
-17.8832,127.80407,330.88,0.55,0.68,2026-05-01,0601,N,nominal,2.0NRT,297.99,6.72,D
-18.26106,125.0609,367,0.36,0.57,2026-05-01,0601,N,high,2.0NRT,308.41,24.4,D
-18.32373,124.7647,367,0.35,0.56,2026-05-01,0601,N,high,2.0NRT,303.97,13.22,D
-18.26179,125.05744,352.57,0.36,0.57,2026-05-01,0601,N,nominal,2.0NRT,303.21,24.4,D
-18.25576,125.05972,367,0.36,0.57,2026-05-01,0601,N,high,2.0NRT,302.19,24.4,D
-18.31227,124.79324,338.09,0.35,0.56,2026-05-01,0601,N,nominal,2.0NRT,293.43,2.21,D
-18.2644,125.05951,354.92,0.36,0.58,2026-05-01,0601,N,nominal,2.0NRT,303.95,43.59,D
-18.3243,124.76589,355.9,0.35,0.56,2026-05-01,0601,N,nominal,2.0NRT,300.96,7.73,D
-18.32496,124.76259,356.02,0.35,0.56,2026-05-01,0601,N,nominal,2.0NRT,302.25,5.69,D
-18.25839,125.06178,367,0.36,0.58,2026-05-01,0601,N,high,2.0NRT,301.16,37.21,D
-18.31303,124.79448,330.62,0.35,0.57,2026-05-01,0601,N,nominal,2.0NRT,289.43,1.74,D
-18.2538,125.05711,331.79,0.36,0.58,2026-05-01,0601,N,nominal,2.0NRT,297.4,4.51,D
-18.24992,125.049,336.33,0.36,0.57,2026-05-01,0601,N,nominal,2.0NRT,302.87,3.59,D
-18.30329,124.78886,341.17,0.35,0.56,2026-05-01,0601,N,nominal,2.0NRT,301.65,4.46,D
-18.29875,124.7844,341.13,0.35,0.56,2026-05-01,0601,N,nominal,2.0NRT,303.29,3.48,D
-18.29354,124.78324,341.09,0.35,0.56,2026-05-01,0601,N,nominal,2.0NRT,296.09,3.48,D
-18.29422,124.77995,348.2,0.35,0.56,2026-05-01,0601,N,nominal,2.0NRT,301.29,3.48,D
-18.29489,124.77664,330.46,0.35,0.56,2026-05-01,0601,N,low,2.0NRT,303.62,3.24,D
-18.28131,124.76328,352.68,0.35,0.56,2026-05-01,0601,N,nominal,2.0NRT,298.96,2.33,D
-18.26842,124.74664,367,0.35,0.56,2026-05-01,0601,N,high,2.0NRT,307.9,9.63,D
-18.26774,124.74992,348.71,0.35,0.56,2026-05-01,0601,N,nominal,2.0NRT,302.6,9.63,D
-18.26322,124.7455,354.98,0.35,0.56,2026-05-01,0601,N,nominal,2.0NRT,304.21,6.78,D
-18.2639,124.74219,347.19,0.35,0.56,2026-05-01,0601,N,nominal,2.0NRT,306.08,6.43,D
-18.26007,124.73447,367,0.34,0.56,2026-05-01,0601,N,high,2.0NRT,304.4,19.47,D
-18.25939,124.73775,335.39,0.34,0.56,2026-05-01,0601,N,nominal,2.0NRT,302.72,6.43,D
-18.26076,124.73118,343.25,0.34,0.56,2026-05-01,0601,N,nominal,2.0NRT,308.1,19.47,D
-18.26144,124.7279,342.73,0.34,0.56,2026-05-01,0601,N,nominal,2.0NRT,304.03,4.71,D
-18.26212,124.72461,341.8,0.34,0.56,2026-05-01,0601,N,nominal,2.0NRT,303.73,4.71,D
-18.2628,124.72133,334.61,0.34,0.56,2026-05-01,0601,N,nominal,2.0NRT,304.21,3.31,D
-17.89711,124.9149,331.79,0.36,0.57,2026-05-01,0601,N,nominal,2.0NRT,302.41,5.44,D
-17.89853,124.90808,340.42,0.36,0.57,2026-05-01,0601,N,nominal,2.0NRT,301.25,4.26,D
-17.8918,124.9138,367,0.36,0.57,2026-05-01,0601,N,high,2.0NRT,303.36,6.33,D
-17.88824,124.93084,343.08,0.36,0.57,2026-05-01,0601,N,nominal,2.0NRT,301.2,4.53,D
-17.88966,124.92403,330.47,0.36,0.57,2026-05-01,0601,N,low,2.0NRT,302.82,5.51,D
-17.89037,124.92062,345.32,0.36,0.57,2026-05-01,0601,N,nominal,2.0NRT,301.46,4.98,D
-17.89108,124.91722,337.52,0.36,0.57,2026-05-01,0601,N,nominal,2.0NRT,302.33,4.98,D
-17.89251,124.91038,340.7,0.36,0.57,2026-05-01,0601,N,nominal,2.0NRT,299.57,6.33,D
-18.00725,124.03252,343.58,0.63,0.54,2026-05-01,0601,N,nominal,2.0NRT,306.55,14.36,D
-17.90329,124.33669,331.81,0.33,0.55,2026-05-01,0601,N,nominal,2.0NRT,301.28,2.89,D
-17.87634,124.36375,334.84,0.33,0.55,2026-05-01,0601,N,nominal,2.0NRT,300.76,2.55,D
-17.87057,124.36581,332.64,0.33,0.55,2026-05-01,0601,N,nominal,2.0NRT,299.67,2.55,D
-17.87432,124.36477,336.99,0.33,0.55,2026-05-01,0601,N,nominal,2.0NRT,300,5.19,D
-17.85953,123.50804,343.96,0.59,0.53,2026-05-01,0601,N,nominal,2.0NRT,296.56,14.08,D
-17.86064,123.50249,345.71,0.59,0.53,2026-05-01,0601,N,nominal,2.0NRT,298.23,12.55,D
-17.86175,123.49696,355.52,0.59,0.53,2026-05-01,0601,N,nominal,2.0NRT,300.59,12.55,D
-17.86285,123.49143,335.78,0.59,0.52,2026-05-01,0601,N,nominal,2.0NRT,298.94,4.95,D
-17.85579,123.50149,332.43,0.59,0.53,2026-05-01,0601,N,nominal,2.0NRT,297.44,7,D
-17.8569,123.49596,337.3,0.59,0.53,2026-05-01,0601,N,nominal,2.0NRT,301.15,7,D
-17.85801,123.49042,344.84,0.59,0.52,2026-05-01,0601,N,nominal,2.0NRT,301.64,10.96,D
-17.89772,123.14283,341.83,0.55,0.51,2026-05-01,0601,N,nominal,2.0NRT,296.96,6.29,D
-17.89807,123.14006,336.68,0.56,0.51,2026-05-01,0601,N,nominal,2.0NRT,298.96,6.06,D
-17.81549,123.03493,354.58,0.55,0.51,2026-05-01,0601,N,nominal,2.0NRT,300.84,14.12,D
-17.81459,123.03792,340.03,0.55,0.51,2026-05-01,0601,N,nominal,2.0NRT,291.65,7.52,D
-17.81559,123.0327,348.83,0.55,0.51,2026-05-01,0601,N,nominal,2.0NRT,301.32,7.52,D
-17.56076,124.09808,330.62,0.32,0.55,2026-05-01,0601,N,nominal,2.0NRT,297.12,2.94,D
-17.5557,124.09698,350.68,0.32,0.55,2026-05-01,0601,N,nominal,2.0NRT,299.58,2.94,D
-17.55,124.09904,367,0.32,0.55,2026-05-01,0601,N,high,2.0NRT,300.91,22.07,D
-17.55064,124.09592,351.3,0.32,0.55,2026-05-01,0601,N,nominal,2.0NRT,300.19,22.07,D
-17.54494,124.09798,367,0.32,0.55,2026-05-01,0601,N,high,2.0NRT,315.87,22.07,D
-17.54557,124.09486,351.78,0.32,0.55,2026-05-01,0601,N,nominal,2.0NRT,302.43,22.07,D
-17.53986,124.09695,367,0.32,0.55,2026-05-01,0601,N,high,2.0NRT,300.1,11.03,D
-17.53795,124.08029,336.29,0.32,0.55,2026-05-01,0601,N,nominal,2.0NRT,300.87,5.15,D
-17.53352,124.0761,333.08,0.32,0.55,2026-05-01,0601,N,nominal,2.0NRT,297.69,3.7,D
-17.7189,123.10016,345.52,0.56,0.51,2026-05-01,0601,N,nominal,2.0NRT,302.12,14.29,D
-17.55524,123.84023,356.24,0.62,0.54,2026-05-01,0601,N,nominal,2.0NRT,298.73,22.27,D
-17.56578,123.76289,356.25,0.62,0.54,2026-05-01,0601,N,nominal,2.0NRT,294.41,73.14,D
-17.56696,123.75704,346.97,0.62,0.54,2026-05-01,0601,N,nominal,2.0NRT,295,25.81,D
-17.56815,123.75121,347.03,0.62,0.54,2026-05-01,0601,N,nominal,2.0NRT,299.73,25.81,D
-17.56933,123.74539,341.72,0.61,0.54,2026-05-01,0601,N,nominal,2.0NRT,298.47,16.78,D
-17.55963,123.76767,354.19,0.62,0.54,2026-05-01,0601,N,nominal,2.0NRT,300.91,73.14,D
-17.5632,123.75016,343.46,0.62,0.54,2026-05-01,0601,N,nominal,2.0NRT,294.43,25.81,D
-17.56438,123.74434,342.33,0.61,0.54,2026-05-01,0601,N,nominal,2.0NRT,290.43,16.78,D
-17.55467,123.76663,331.61,0.62,0.54,2026-05-01,0601,N,nominal,2.0NRT,291.87,13.25,D
-17.55616,123.83817,346.93,0.62,0.54,2026-05-01,0601,N,nominal,2.0NRT,296.33,28.95,D
-17.56615,123.76067,352.38,0.62,0.54,2026-05-01,0601,N,nominal,2.0NRT,293.69,14.92,D
-17.5673,123.75481,346.35,0.62,0.54,2026-05-01,0601,N,nominal,2.0NRT,296.39,14.92,D
-17.56844,123.74895,354.83,0.62,0.54,2026-05-01,0601,N,nominal,2.0NRT,302.42,35.43,D
-17.56957,123.74315,334.26,0.62,0.54,2026-05-01,0601,N,nominal,2.0NRT,297,35.43,D
-17.565,123.76651,357.35,0.62,0.54,2026-05-01,0601,N,low,2.0NRT,291.55,23.32,D
-17.56005,123.76546,351.33,0.62,0.54,2026-05-01,0601,N,nominal,2.0NRT,302.19,110.19,D
-17.56349,123.74789,356.93,0.62,0.54,2026-05-01,0601,N,nominal,2.0NRT,294.82,16.64,D
-17.55624,123.75852,330.68,0.62,0.54,2026-05-01,0601,N,nominal,2.0NRT,292.07,14.52,D
-17.55014,123.76331,330.25,0.62,0.54,2026-05-01,0601,N,nominal,2.0NRT,290.11,5.48,D
-17.50601,123.80323,334.24,0.62,0.54,2026-05-01,0601,N,nominal,2.0NRT,294.08,8.26,D
-17.41854,124.1864,367,0.33,0.55,2026-05-01,0601,N,high,2.0NRT,298.99,9.39,D
-17.42044,124.17699,367,0.33,0.55,2026-05-01,0601,N,high,2.0NRT,299.13,3.37,D
-17.41791,124.18952,340.15,0.33,0.55,2026-05-01,0601,N,nominal,2.0NRT,297.38,6.79,D
-17.41981,124.18013,333.39,0.33,0.55,2026-05-01,0601,N,nominal,2.0NRT,297.6,3.37,D
-17.4077,124.18733,355.31,0.33,0.55,2026-05-01,0601,N,nominal,2.0NRT,296.23,5.74,D
-17.49553,123.75201,343.9,0.62,0.54,2026-05-01,0601,N,nominal,2.0NRT,299.58,37.77,D
-17.49671,123.74617,348.63,0.62,0.54,2026-05-01,0601,N,nominal,2.0NRT,316.44,109.41,D
-17.49788,123.74033,355.97,0.62,0.54,2026-05-01,0601,N,nominal,2.0NRT,306.45,109.41,D
-17.49905,123.7345,338.88,0.62,0.54,2026-05-01,0601,N,nominal,2.0NRT,302.35,19.02,D
-17.49175,123.74515,345.37,0.62,0.54,2026-05-01,0601,N,nominal,2.0NRT,298.98,13.77,D
-17.49292,123.7393,346.67,0.62,0.54,2026-05-01,0601,N,nominal,2.0NRT,300.25,13.77,D
-17.49409,123.73348,337.67,0.62,0.54,2026-05-01,0601,N,nominal,2.0NRT,299.49,7.64,D
-17.23122,124.9921,331.56,0.37,0.58,2026-05-01,0601,N,nominal,2.0NRT,298.32,4.53,D
-17.2206,125.01597,332.64,0.38,0.58,2026-05-01,0601,N,nominal,2.0NRT,297.65,3,D
-17.22133,125.01246,333.91,0.38,0.58,2026-05-01,0601,N,nominal,2.0NRT,297.04,3,D
-17.38535,124.19234,367,0.33,0.55,2026-05-01,0601,N,high,2.0NRT,300.42,8.24,D
-17.38599,124.1892,367,0.33,0.55,2026-05-01,0601,N,high,2.0NRT,302.45,8.24,D
-17.38727,124.18292,367,0.33,0.55,2026-05-01,0601,N,high,2.0NRT,302.08,8.53,D
-17.21521,125.01477,347.06,0.38,0.58,2026-05-01,0601,N,nominal,2.0NRT,294.67,3,D
-17.21596,125.01118,335.05,0.38,0.58,2026-05-01,0601,N,nominal,2.0NRT,294.99,3,D
-17.38152,124.18497,331.56,0.33,0.55,2026-05-01,0601,N,nominal,2.0NRT,301.05,3.35,D
-17.3006,124.55142,341.74,0.35,0.57,2026-05-01,0601,N,nominal,2.0NRT,298.05,2.98,D
-17.36361,124.19426,367,0.33,0.55,2026-05-01,0601,N,high,2.0NRT,299.76,10.4,D
-17.19831,124.98778,334.09,0.38,0.58,2026-05-01,0601,N,nominal,2.0NRT,296.14,4.12,D
-17.35655,124.20259,367,0.33,0.55,2026-05-01,0601,N,high,2.0NRT,299.51,12.27,D
-17.27307,124.60471,355.87,0.35,0.57,2026-05-01,0601,N,nominal,2.0NRT,296.5,10.28,D
-17.27378,124.60131,343.51,0.35,0.57,2026-05-01,0601,N,nominal,2.0NRT,295.11,5.58,D
-17.3572,124.19943,332.43,0.33,0.55,2026-05-01,0601,N,nominal,2.0NRT,298.4,6.78,D
-17.18825,124.98206,350.37,0.37,0.58,2026-05-01,0601,N,nominal,2.0NRT,299.68,9.25,D
-17.61223,122.91693,348.09,0.54,0.51,2026-05-01,0601,N,nominal,2.0NRT,299.16,17.86,D
-17.61326,122.91178,343.5,0.54,0.51,2026-05-01,0601,N,nominal,2.0NRT,300.98,17.2,D
-17.60858,122.91078,331.94,0.54,0.51,2026-05-01,0601,N,nominal,2.0NRT,297.36,2.87,D
-17.36733,124.19585,356.87,0.33,0.55,2026-05-01,0601,N,nominal,2.0NRT,299.52,5.73,D
-17.36222,124.19474,352.3,0.33,0.55,2026-05-01,0601,N,nominal,2.0NRT,298.5,5.73,D
-17.61214,122.91353,354.84,0.54,0.51,2026-05-01,0601,N,nominal,2.0NRT,301.69,32.51,D
-17.27524,124.60297,367,0.35,0.57,2026-05-01,0601,N,high,2.0NRT,296.23,12.17,D
-17.35522,124.20309,367,0.33,0.55,2026-05-01,0601,N,high,2.0NRT,297.71,6.44,D
-17.35585,124.19993,353.04,0.33,0.55,2026-05-01,0601,N,nominal,2.0NRT,298.9,6.44,D
-17.71638,122.31561,342.46,0.5,0.49,2026-05-01,0601,N,nominal,2.0NRT,295.69,14.8,D
-17.71726,122.31093,346.85,0.5,0.49,2026-05-01,0601,N,nominal,2.0NRT,299.49,20.84,D
-17.18703,124.98365,338.73,0.38,0.58,2026-05-01,0601,N,nominal,2.0NRT,298.54,3.3,D
-17.18775,124.98011,338.23,0.38,0.58,2026-05-01,0601,N,nominal,2.0NRT,298.67,3.3,D
-17.2742,124.55372,352.47,0.35,0.57,2026-05-01,0601,N,nominal,2.0NRT,298.4,5.59,D
-17.33799,124.20921,352.75,0.33,0.55,2026-05-01,0601,N,nominal,2.0NRT,298.15,5.27,D
-17.3316,124.21443,367,0.33,0.56,2026-05-01,0601,N,high,2.0NRT,297.82,8.4,D
-16.93116,126.13142,333.26,0.45,0.63,2026-05-01,0601,N,nominal,2.0NRT,298.18,6.58,D
-17.31944,124.22172,367,0.33,0.56,2026-05-01,0601,N,high,2.0NRT,301.27,8.83,D
-17.31432,124.22063,330.53,0.33,0.56,2026-05-01,0601,N,nominal,2.0NRT,298.39,8.83,D
-17.24858,124.43826,330.18,0.35,0.56,2026-05-01,0601,N,nominal,2.0NRT,299.01,1.95,D
-16.73271,126.85257,332.21,0.5,0.66,2026-05-01,0601,N,nominal,2.0NRT,298.38,5.21,D
-16.72662,126.85124,337.77,0.5,0.66,2026-05-01,0601,N,nominal,2.0NRT,299.13,5.21,D
-16.72771,126.84626,341.12,0.5,0.66,2026-05-01,0601,N,nominal,2.0NRT,300.9,8.59,D
-16.72162,126.84492,339.03,0.5,0.66,2026-05-01,0601,N,nominal,2.0NRT,297.77,8.79,D
-16.71662,126.83862,353.03,0.5,0.66,2026-05-01,0601,N,nominal,2.0NRT,296.35,8.79,D
-16.71769,126.83373,348.3,0.5,0.66,2026-05-01,0601,N,nominal,2.0NRT,297.85,8.65,D
-17.22751,124.38236,331.61,0.34,0.56,2026-05-01,0601,N,nominal,2.0NRT,294.32,3.5,D
-17.23192,124.28256,330.17,0.34,0.56,2026-05-01,0601,N,nominal,2.0NRT,294.67,5.04,D
-16.71656,126.84019,335.34,0.5,0.66,2026-05-01,0601,N,nominal,2.0NRT,293.25,8.95,D
-16.71761,126.83526,356.86,0.5,0.66,2026-05-01,0601,N,nominal,2.0NRT,297.72,12.08,D
-17.23069,124.284,351.38,0.34,0.56,2026-05-01,0601,N,nominal,2.0NRT,293.9,4.78,D
-17.22039,124.28172,367,0.34,0.56,2026-05-01,0601,N,high,2.0NRT,295.86,16.66,D
-17.22103,124.2785,356.13,0.34,0.56,2026-05-01,0601,N,nominal,2.0NRT,296.53,9.96,D
-17.21397,124.28689,367,0.34,0.56,2026-05-01,0601,N,high,2.0NRT,295.9,17.22,D
-17.20882,124.28576,343.85,0.34,0.56,2026-05-01,0601,N,nominal,2.0NRT,295.5,16.41,D
-17.20367,124.28461,367,0.34,0.56,2026-05-01,0601,N,high,2.0NRT,299.52,16.41,D
-17.20431,124.28143,367,0.34,0.56,2026-05-01,0601,N,high,2.0NRT,297.62,19.71,D
-17.19787,124.28671,367,0.34,0.56,2026-05-01,0601,N,high,2.0NRT,295.11,34.97,D
-17.19851,124.2835,351.11,0.34,0.56,2026-05-01,0601,N,nominal,2.0NRT,300.7,34.97,D
-17.19916,124.28032,354.53,0.34,0.56,2026-05-01,0601,N,nominal,2.0NRT,298.3,25.27,D
-17.25515,124.00132,345.1,0.32,0.55,2026-05-01,0601,N,nominal,2.0NRT,296.65,7.24,D
-17.25577,123.99826,346.66,0.32,0.55,2026-05-01,0601,N,nominal,2.0NRT,296.15,3.4,D
-17.25638,123.99519,335.31,0.32,0.55,2026-05-01,0601,N,nominal,2.0NRT,296.03,3.4,D
-17.23077,124.07015,331.42,0.33,0.55,2026-05-01,0601,N,nominal,2.0NRT,297.31,3.09,D
-17.23388,124.05469,333.95,0.33,0.55,2026-05-01,0601,N,nominal,2.0NRT,298.17,2,D
-17.18304,124.28018,341.42,0.34,0.56,2026-05-01,0601,N,nominal,2.0NRT,294.65,6.56,D
-17.18369,124.27697,337.7,0.34,0.56,2026-05-01,0601,N,nominal,2.0NRT,295.32,5,D
-16.24381,128.62602,339.03,0.66,0.73,2026-05-01,0601,N,nominal,2.0NRT,298.02,6.74,D
-16.23758,128.62204,341.45,0.66,0.73,2026-05-01,0601,N,nominal,2.0NRT,298.53,6.74,D
-17.16692,124.28002,352.76,0.34,0.56,2026-05-01,0601,N,nominal,2.0NRT,295.87,3.13,D
-17.16757,124.27685,334.07,0.34,0.56,2026-05-01,0601,N,nominal,2.0NRT,296.05,3.13,D
-17.16176,124.27892,332.1,0.34,0.56,2026-05-01,0601,N,nominal,2.0NRT,295.01,3.13,D
-17.16241,124.27574,334.41,0.34,0.56,2026-05-01,0601,N,nominal,2.0NRT,296.14,3.13,D
-17.16204,124.09455,367,0.33,0.55,2026-05-01,0601,N,high,2.0NRT,296.94,6.88,D
-17.16268,124.09145,340.84,0.33,0.55,2026-05-01,0601,N,nominal,2.0NRT,291.84,6.88,D
-17.15694,124.09348,367,0.33,0.55,2026-05-01,0601,N,high,2.0NRT,299.08,6.88,D
-17.15759,124.09037,353.16,0.33,0.55,2026-05-01,0601,N,nominal,2.0NRT,296.85,6.88,D
-17.22217,123.77541,331.15,0.63,0.54,2026-05-01,0601,N,nominal,2.0NRT,299.86,2.85,D
-17.1607,124.0932,367,0.33,0.55,2026-05-01,0601,N,high,2.0NRT,298.17,8.24,D
-17.16132,124.09009,339.35,0.33,0.55,2026-05-01,0601,N,nominal,2.0NRT,294.58,8.24,D
-17.22361,123.7743,330.06,0.63,0.54,2026-05-01,0601,N,nominal,2.0NRT,299.81,3.57,D
-17.1556,124.09211,367,0.33,0.55,2026-05-01,0601,N,high,2.0NRT,301.69,8.24,D
-17.15622,124.08898,341.28,0.33,0.55,2026-05-01,0601,N,nominal,2.0NRT,297.1,8.24,D
-17.14988,124.09414,367,0.33,0.55,2026-05-01,0601,N,high,2.0NRT,297.06,20.27,D
-17.14926,124.09727,335.78,0.33,0.55,2026-05-01,0601,N,nominal,2.0NRT,295.95,20.27,D
-17.1505,124.09101,356.44,0.33,0.55,2026-05-01,0601,N,nominal,2.0NRT,299.22,9.85,D
-17.15112,124.08788,330.31,0.33,0.55,2026-05-01,0601,N,nominal,2.0NRT,297.32,9.85,D
-17.14415,124.09618,367,0.33,0.55,2026-05-01,0601,N,high,2.0NRT,296.14,20.27,D
-17.1454,124.08994,367,0.33,0.55,2026-05-01,0601,N,high,2.0NRT,298.42,9.85,D
-17.14478,124.09305,352.24,0.33,0.55,2026-05-01,0601,N,nominal,2.0NRT,303.73,20.27,D
-17.13968,124.09196,367,0.33,0.55,2026-05-01,0601,N,high,2.0NRT,296.81,12.9,D
-17.13395,124.09399,367,0.33,0.55,2026-05-01,0601,N,high,2.0NRT,297.69,12.9,D
-17.13457,124.09087,367,0.33,0.55,2026-05-01,0601,N,high,2.0NRT,298.73,12.9,D
-17.1352,124.08775,367,0.33,0.55,2026-05-01,0601,N,high,2.0NRT,297.93,8.74,D
-16.40452,127.57799,332.08,0.57,0.69,2026-05-01,0601,N,nominal,2.0NRT,294.21,4.23,D
-17.13582,124.08462,347.64,0.33,0.55,2026-05-01,0601,N,nominal,2.0NRT,296.93,8.74,D
-17.12947,124.08977,367,0.33,0.55,2026-05-01,0601,N,high,2.0NRT,300.97,16.58,D
-17.12884,124.09291,352.91,0.33,0.55,2026-05-01,0601,N,nominal,2.0NRT,296.61,16.58,D
-17.1301,124.08664,351.51,0.33,0.55,2026-05-01,0601,N,nominal,2.0NRT,299.72,23.67,D
-17.12311,124.09495,367,0.33,0.55,2026-05-01,0601,N,high,2.0NRT,297.47,11.15,D
-17.08675,124.27569,343.24,0.34,0.56,2026-05-01,0601,N,nominal,2.0NRT,295.65,3.96,D
-17.12374,124.09182,340.79,0.33,0.55,2026-05-01,0601,N,nominal,2.0NRT,296.39,16.58,D
-17.12437,124.08868,330.56,0.33,0.55,2026-05-01,0601,N,nominal,2.0NRT,295.93,16.58,D
-17.11801,124.09386,340.42,0.33,0.55,2026-05-01,0601,N,nominal,2.0NRT,296.1,3.34,D
-17.11228,124.09588,330.62,0.33,0.55,2026-05-01,0601,N,nominal,2.0NRT,296.3,3.34,D
-16.0291,129.06653,331.68,0.71,0.75,2026-05-01,0601,N,nominal,2.0NRT,296.13,8.5,D
-17.1008,124.09995,333.24,0.33,0.55,2026-05-01,0601,N,nominal,2.0NRT,296.08,2.93,D
-16.51671,126.8242,346.32,0.51,0.66,2026-05-01,0601,N,nominal,2.0NRT,297.97,8.57,D
-16.51777,126.81934,356.83,0.51,0.66,2026-05-01,0601,N,nominal,2.0NRT,297.32,8.57,D
-16.50849,126.83257,335.41,0.51,0.66,2026-05-01,0601,N,nominal,2.0NRT,297.74,4.81,D
-16.01991,128.666,337.28,0.67,0.74,2026-05-01,0601,N,nominal,2.0NRT,295.12,9.12,D
-16.90728,124.14522,344.19,0.34,0.56,2026-05-01,0601,N,nominal,2.0NRT,295.73,3.96,D
-16.9015,124.14731,338.85,0.34,0.56,2026-05-01,0601,N,nominal,2.0NRT,295.04,5.83,D
-16.90213,124.14414,344.81,0.34,0.56,2026-05-01,0601,N,nominal,2.0NRT,297.25,5.09,D
-16.89635,124.14622,347.48,0.34,0.56,2026-05-01,0601,N,nominal,2.0NRT,295.98,5.83,D
-16.89698,124.14307,342.57,0.34,0.56,2026-05-01,0601,N,nominal,2.0NRT,296.48,5.09,D
-16.80484,124.25174,337.62,0.34,0.56,2026-05-01,0601,N,nominal,2.0NRT,296,2.96,D
-16.81455,124.25549,331.19,0.34,0.56,2026-05-01,0601,N,nominal,2.0NRT,296.24,2.03,D
-16.80418,124.25326,334.33,0.34,0.56,2026-05-01,0601,N,nominal,2.0NRT,295.8,4.78,D
-16.79575,124.24129,331.43,0.34,0.56,2026-05-01,0601,N,nominal,2.0NRT,296.56,5.69,D
-16.79315,124.22725,347.5,0.34,0.56,2026-05-01,0601,N,nominal,2.0NRT,297.54,4.04,D
-16.79379,124.22401,332.99,0.34,0.56,2026-05-01,0601,N,nominal,2.0NRT,297.09,4.04,D
-16.78926,124.21967,367,0.34,0.56,2026-05-01,0601,N,high,2.0NRT,296.92,6.02,D
-16.78732,124.22938,332.03,0.34,0.56,2026-05-01,0601,N,nominal,2.0NRT,295.34,2.86,D
-16.7899,124.21645,338.86,0.34,0.56,2026-05-01,0601,N,nominal,2.0NRT,296.22,6.02,D
-16.10246,127.44978,336.57,0.56,0.69,2026-05-01,0601,N,nominal,2.0NRT,297.17,8.59,D
-16.10359,127.44458,338.04,0.56,0.69,2026-05-01,0601,N,nominal,2.0NRT,295.38,8.59,D
-15.78255,128.66919,331.62,0.68,0.74,2026-05-01,0601,N,nominal,2.0NRT,294.74,4.58,D
-15.77608,128.67096,354.49,0.68,0.74,2026-05-01,0601,N,nominal,2.0NRT,291.95,14.42,D
-16.30577,124.44505,338.17,0.36,0.57,2026-05-01,0601,N,nominal,2.0NRT,298.13,4.25,D
-16.29121,124.40775,367,0.36,0.57,2026-05-01,0601,N,high,2.0NRT,301.11,7.64,D
-16.29054,124.41108,352.14,0.36,0.57,2026-05-01,0601,N,nominal,2.0NRT,299.99,7.64,D
-16.28593,124.40659,338.19,0.36,0.57,2026-05-01,0601,N,nominal,2.0NRT,298.8,6.69,D
-15.9411,125.76203,333.58,0.45,0.63,2026-05-01,0601,N,nominal,2.0NRT,298.65,3.07,D
-15.90194,125.54671,343.8,0.43,0.62,2026-05-01,0601,N,nominal,2.0NRT,298.67,7.61,D
-15.71267,126.37399,336.66,0.49,0.65,2026-05-01,0601,N,nominal,2.0NRT,295.9,7.44,D
-15.90093,125.54852,340.67,0.43,0.62,2026-05-01,0601,N,nominal,2.0NRT,297.42,4.99,D
-15.90177,125.54443,342.88,0.43,0.62,2026-05-01,0601,N,nominal,2.0NRT,299.84,4.99,D
-15.71126,126.37707,330.9,0.49,0.65,2026-05-01,0601,N,nominal,2.0NRT,298.38,8.16,D
-15.73315,125.74656,332.89,0.45,0.63,2026-05-01,0601,N,nominal,2.0NRT,298.29,2.73,D
-15.73497,125.74639,332.62,0.45,0.63,2026-05-01,0601,N,nominal,2.0NRT,297.14,2.97,D
-15.83681,124.88129,332.64,0.39,0.59,2026-05-01,0601,N,nominal,2.0NRT,298.26,7.92,D
-15.70119,125.47518,340.56,0.43,0.62,2026-05-01,0601,N,nominal,2.0NRT,297.53,4.45,D
-15.80479,124.95249,335.65,0.4,0.6,2026-05-01,0601,N,nominal,2.0NRT,297.21,7.35,D
-15.70046,125.47518,342.02,0.43,0.62,2026-05-01,0601,N,nominal,2.0NRT,297.45,6.28,D
-15.80529,124.95615,334.78,0.4,0.6,2026-05-01,0601,N,nominal,2.0NRT,297.52,3.41,D
-15.80607,124.95229,337.16,0.4,0.6,2026-05-01,0601,N,nominal,2.0NRT,295.37,3.41,D
-15.74829,124.84081,346.52,0.39,0.59,2026-05-01,0603,N,nominal,2.0NRT,297.43,6.96,D
-15.73604,124.87247,339.32,0.39,0.6,2026-05-01,0603,N,nominal,2.0NRT,296.29,3.05,D
-15.5042,125.9526,341.91,0.47,0.64,2026-05-01,0603,N,nominal,2.0NRT,296.7,5.3,D
-15.7306,124.87099,333.14,0.39,0.6,2026-05-01,0603,N,nominal,2.0NRT,296.52,3.05,D
-15.69594,125.01047,336.78,0.4,0.6,2026-05-01,0603,N,nominal,2.0NRT,300.08,2.57,D
-15.69839,124.97081,330.81,0.4,0.6,2026-05-01,0603,N,nominal,2.0NRT,299.92,2.19,D
-15.50181,125.95157,341.34,0.47,0.64,2026-05-01,0603,N,nominal,2.0NRT,295.57,5.93,D
-15.4444,125.35322,357.22,0.43,0.62,2026-05-01,0603,N,low,2.0NRT,290.98,7.67,D
-15.43785,125.35609,338.54,0.43,0.62,2026-05-01,0603,N,nominal,2.0NRT,293.03,7.67,D
-15.46334,125.17583,330.49,0.42,0.61,2026-05-01,0603,N,nominal,2.0NRT,296.03,3.6,D
-15.20497,125.5849,331.75,0.45,0.63,2026-05-01,0603,N,nominal,2.0NRT,297.37,4.82,D
-15.18707,125.64226,332.82,0.45,0.63,2026-05-01,0603,N,nominal,2.0NRT,298.71,6.09,D
-15.18795,125.63799,344.89,0.45,0.63,2026-05-01,0603,N,nominal,2.0NRT,299.28,6.09,D
-15.18882,125.63376,346.42,0.45,0.63,2026-05-01,0603,N,nominal,2.0NRT,298.9,8.19,D
-15.2,125.57961,338.63,0.45,0.63,2026-05-01,0603,N,nominal,2.0NRT,295.72,4.82,D
-15.15874,125.6321,367,0.45,0.63,2026-05-01,0603,N,high,2.0NRT,298.01,19.04,D
-15.15964,125.62779,367,0.45,0.63,2026-05-01,0603,N,high,2.0NRT,299.82,18.12,D
-15.15023,125.64371,335.45,0.45,0.63,2026-05-01,0603,N,nominal,2.0NRT,297.73,4.19,D
-15.1091,125.69415,367,0.46,0.63,2026-05-01,0603,N,high,2.0NRT,298.4,20.15,D
-15.11,125.68988,345.6,0.46,0.63,2026-05-01,0603,N,nominal,2.0NRT,296.1,14.8,D
-15.10509,125.68418,352.86,0.46,0.63,2026-05-01,0603,N,nominal,2.0NRT,288.48,14.8,D
-15.10323,125.69298,356.79,0.46,0.63,2026-05-01,0603,N,low,2.0NRT,285.85,20.15,D
-15.10803,125.68362,349.22,0.46,0.63,2026-05-01,0603,N,nominal,2.0NRT,293.13,20.34,D
-15.1866,125.20906,350.71,0.42,0.61,2026-05-01,0603,N,nominal,2.0NRT,295.14,7.3,D
-14.83637,126.71396,333.49,0.54,0.68,2026-05-01,0603,N,nominal,2.0NRT,297.23,11.41,D
-14.83745,126.70888,349.28,0.54,0.68,2026-05-01,0603,N,nominal,2.0NRT,297.89,9.88,D
-14.81411,126.75692,367,0.54,0.68,2026-05-01,0603,N,high,2.0NRT,296.73,13.06,D
-14.81519,126.75182,351.78,0.54,0.68,2026-05-01,0603,N,nominal,2.0NRT,295.97,13.06,D
-14.8089,126.75061,367,0.54,0.68,2026-05-01,0603,N,high,2.0NRT,297.23,13.06,D
-14.80998,126.74554,355.16,0.54,0.68,2026-05-01,0603,N,nominal,2.0NRT,297.05,13.39,D
-14.80368,126.74435,335.68,0.54,0.68,2026-05-01,0603,N,nominal,2.0NRT,295.7,10.03,D
-14.80137,126.6638,367,0.53,0.67,2026-05-01,0603,N,high,2.0NRT,297.15,17.44,D
-14.79408,126.66735,332.14,0.53,0.67,2026-05-01,0603,N,nominal,2.0NRT,297.42,8.34,D
-14.79516,126.66233,355.31,0.53,0.67,2026-05-01,0603,N,nominal,2.0NRT,297.46,8.34,D
-14.98829,125.75825,340.85,0.46,0.64,2026-05-01,0603,N,nominal,2.0NRT,297.08,5.05,D
-15.13673,124.99354,350.82,0.41,0.61,2026-05-01,0603,N,nominal,2.0NRT,296.73,8.14,D
-14.80364,126.66618,337.06,0.53,0.67,2026-05-01,0603,N,nominal,2.0NRT,292.15,13.83,D
-14.79742,126.66471,367,0.53,0.67,2026-05-01,0603,N,high,2.0NRT,298.73,13.83,D
-14.98462,125.75799,341.35,0.46,0.64,2026-05-01,0603,N,nominal,2.0NRT,296.62,6.15,D
-15.13861,124.99747,334.74,0.41,0.61,2026-05-01,0603,N,nominal,2.0NRT,295.32,5.13,D
-15.13939,124.99361,349.82,0.41,0.61,2026-05-01,0603,N,nominal,2.0NRT,297.53,5.13,D
-14.79123,126.66312,332.16,0.53,0.67,2026-05-01,0603,N,nominal,2.0NRT,297.09,7,D
-14.58177,126.38742,333.07,0.52,0.67,2026-05-01,0603,N,nominal,2.0NRT,296.39,4.57,D
-14.55312,126.31026,330.51,0.51,0.66,2026-05-01,0603,N,nominal,2.0NRT,295.55,5.23,D
-14.54493,126.31856,333.15,0.51,0.66,2026-05-01,0603,N,nominal,2.0NRT,295.03,6.66,D
-14.53877,126.31734,347.92,0.51,0.66,2026-05-01,0603,N,nominal,2.0NRT,295.55,6.66,D
-14.55458,126.31107,334.21,0.51,0.66,2026-05-01,0603,N,nominal,2.0NRT,296.11,6.49,D
-14.54745,126.31458,334.17,0.51,0.66,2026-05-01,0603,N,nominal,2.0NRT,295.51,9.72,D
-14.54031,126.31811,348.26,0.51,0.66,2026-05-01,0603,N,nominal,2.0NRT,295.78,7.86,D
-14.74805,125.24224,344.94,0.43,0.62,2026-05-01,0603,N,nominal,2.0NRT,296.47,4.63,D
-15.35147,167.86748,299.91,0.42,0.45,2026-05-01,1350,N,nominal,2.0NRT,267.71,0.39,N
-15.35214,167.87112,299.72,0.42,0.45,2026-05-01,1350,N,nominal,2.0NRT,266.88,0.39,N
-15.35635,167.87062,301.34,0.42,0.45,2026-05-01,1350,N,nominal,2.0NRT,266.75,0.66,N
-15.35701,167.87418,298.85,0.42,0.45,2026-05-01,1350,N,nominal,2.0NRT,267.3,0.41,N
-15.36054,167.87003,300.48,0.42,0.45,2026-05-01,1350,N,nominal,2.0NRT,269.61,0.66,N
-15.36118,167.87354,298.86,0.42,0.45,2026-05-01,1350,N,nominal,2.0NRT,268.22,0.41,N
-15.36209,167.83163,300.75,0.42,0.45,2026-05-01,1350,N,nominal,2.0NRT,270.6,0.71,N
-15.36081,167.80103,305.68,0.42,0.45,2026-05-01,1350,N,nominal,2.0NRT,279.59,1.14,N
-15.36169,167.80591,305.8,0.42,0.45,2026-05-01,1350,N,nominal,2.0NRT,278.94,1.14,N
-15.36482,167.82301,302.75,0.42,0.45,2026-05-01,1350,N,nominal,2.0NRT,273.04,0.91,N
-15.36556,167.82703,304.13,0.42,0.45,2026-05-01,1350,N,nominal,2.0NRT,273.04,0.86,N
-15.36629,167.83102,305.33,0.42,0.45,2026-05-01,1350,N,nominal,2.0NRT,273.35,0.86,N
-15.36594,167.8055,310.96,0.42,0.45,2026-05-01,1350,N,nominal,2.0NRT,278.27,1.14,N
-15.36675,167.80995,316.37,0.42,0.45,2026-05-01,1350,N,nominal,2.0NRT,276.42,1.84,N
-15.36753,167.81424,314.17,0.42,0.45,2026-05-01,1350,N,nominal,2.0NRT,274.66,1.84,N
-15.36827,167.81831,307.44,0.42,0.45,2026-05-01,1350,N,nominal,2.0NRT,274.31,0.91,N
-15.36901,167.82236,308,0.42,0.45,2026-05-01,1350,N,nominal,2.0NRT,275.12,0.91,N
-15.36975,167.82637,310.19,0.42,0.45,2026-05-01,1350,N,nominal,2.0NRT,275.23,0.86,N
-15.37048,167.83038,312.38,0.42,0.45,2026-05-01,1350,N,nominal,2.0NRT,275.8,0.86,N
-15.3712,167.83437,311.21,0.42,0.45,2026-05-01,1350,N,nominal,2.0NRT,276.87,1.6,N
-15.37192,167.83827,309.27,0.42,0.45,2026-05-01,1350,N,nominal,2.0NRT,276.59,1.6,N
-15.37173,167.81361,325.41,0.42,0.45,2026-05-01,1350,N,nominal,2.0NRT,275.43,2.03,N
-15.37246,167.81766,323.17,0.42,0.45,2026-05-01,1350,N,nominal,2.0NRT,275.79,2.91,N
-15.37393,167.8257,321.91,0.42,0.45,2026-05-01,1350,N,nominal,2.0NRT,276.15,5.38,N
-15.37466,167.82968,325.93,0.42,0.45,2026-05-01,1350,N,nominal,2.0NRT,277.52,5.38,N
-15.37537,167.83362,325.27,0.42,0.45,2026-05-01,1350,N,nominal,2.0NRT,279.05,6.51,N
-15.37609,167.83752,322.42,0.42,0.45,2026-05-01,1350,N,nominal,2.0NRT,277.76,6.51,N
-15.37096,167.80939,316.07,0.42,0.45,2026-05-01,1350,N,nominal,2.0NRT,277.05,2.03,N
-15.3732,167.82169,318.59,0.42,0.45,2026-05-01,1350,N,nominal,2.0NRT,276.75,2.91,N
-15.37679,167.84137,316.87,0.42,0.45,2026-05-01,1350,N,nominal,2.0NRT,277.11,2.38,N
-15.37749,167.84518,310.07,0.42,0.45,2026-05-01,1350,N,nominal,2.0NRT,278.11,2.38,N
-15.37592,167.81294,324.76,0.42,0.45,2026-05-01,1350,N,nominal,2.0NRT,277.91,2.03,N
-15.37665,167.81699,327.95,0.42,0.45,2026-05-01,1350,N,nominal,2.0NRT,277.97,2.91,N
-15.37739,167.82101,338.25,0.42,0.45,2026-05-01,1350,N,nominal,2.0NRT,277.58,2.91,N
-15.37811,167.825,345.66,0.42,0.45,2026-05-01,1350,N,nominal,2.0NRT,278.62,5.38,N
-15.37883,167.82896,355.87,0.42,0.45,2026-05-01,1350,N,nominal,2.0NRT,280.09,5.38,N
-15.37954,167.83282,367,0.42,0.45,2026-05-01,1350,N,high,2.0NRT,280.68,6.51,N
-15.38024,167.83669,353.57,0.42,0.45,2026-05-01,1350,N,nominal,2.0NRT,280.25,6.51,N
-15.38094,167.8405,337.31,0.42,0.45,2026-05-01,1350,N,nominal,2.0NRT,277.85,2.38,N
-15.38163,167.84431,322.07,0.42,0.45,2026-05-01,1350,N,nominal,2.0NRT,277.3,2.38,N
-15.37437,167.80443,304.88,0.42,0.45,2026-05-01,1350,N,nominal,2.0NRT,279.17,1.86,N
-15.37515,167.80873,309.95,0.42,0.45,2026-05-01,1350,N,nominal,2.0NRT,278.73,2.03,N
-15.38233,167.84814,311.65,0.42,0.45,2026-05-01,1350,N,nominal,2.0NRT,278.51,2.99,N
-15.3801,167.81221,326.62,0.42,0.45,2026-05-01,1350,N,nominal,2.0NRT,279.54,4.54,N
-15.38083,167.81625,345.74,0.42,0.45,2026-05-01,1350,N,nominal,2.0NRT,279.82,26.49,N
-15.38155,167.82022,353.6,0.42,0.45,2026-05-01,1350,N,nominal,2.0NRT,279.48,26.49,N
-15.38226,167.8241,367,0.42,0.45,2026-05-01,1350,N,high,2.0NRT,281.44,0,N
-15.38296,167.82794,336.74,0.42,0.45,2026-05-01,1350,N,nominal,2.0NRT,323.45,0,N
-15.38436,167.83566,326.56,0.42,0.45,2026-05-01,1350,N,nominal,2.0NRT,317.65,0,N
-15.38506,167.83952,355.94,0.42,0.45,2026-05-01,1350,N,nominal,2.0NRT,280.77,18.92,N
-15.38576,167.84335,336.49,0.42,0.45,2026-05-01,1350,N,nominal,2.0NRT,277.2,18.92,N
-15.37775,167.79929,307,0.42,0.45,2026-05-01,1350,N,nominal,2.0NRT,279.2,1.6,N
-15.37857,167.80382,312.3,0.42,0.45,2026-05-01,1350,N,nominal,2.0NRT,278.92,1.6,N
-15.37934,167.80807,319.72,0.42,0.45,2026-05-01,1350,N,nominal,2.0NRT,278.92,4.54,N
-15.38646,167.84721,317.67,0.42,0.45,2026-05-01,1350,N,nominal,2.0NRT,279.31,5.36,N
-15.38717,167.85114,311.68,0.42,0.45,2026-05-01,1350,N,nominal,2.0NRT,279.87,5.36,N
-15.38276,167.80315,328.6,0.42,0.45,2026-05-01,1350,N,nominal,2.0NRT,275.45,1.6,N
-15.38353,167.80737,340.08,0.42,0.45,2026-05-01,1350,N,nominal,2.0NRT,276.16,4.54,N
-15.38428,167.81149,349.29,0.42,0.45,2026-05-01,1350,N,nominal,2.0NRT,278.86,4.54,N
-15.385,167.81546,367,0.42,0.45,2026-05-01,1350,N,high,2.0NRT,280.39,26.49,N
-15.3857,167.81937,352.74,0.42,0.45,2026-05-01,1350,N,nominal,2.0NRT,283.54,26.49,N
-15.3892,167.83859,353.26,0.42,0.45,2026-05-01,1350,N,nominal,2.0NRT,288.53,18.92,N
-15.38108,167.79381,305.28,0.42,0.45,2026-05-01,1350,N,nominal,2.0NRT,275.62,2.03,N
-15.38193,167.79855,316.19,0.42,0.45,2026-05-01,1350,N,nominal,2.0NRT,275.73,1.6,N
-15.38694,167.80237,325.66,0.42,0.45,2026-05-01,1350,N,nominal,2.0NRT,270.66,1.08,N
-15.38771,167.80667,343.9,0.42,0.45,2026-05-01,1350,N,nominal,2.0NRT,273.46,5.6,N
-15.38845,167.81075,355.72,0.42,0.45,2026-05-01,1350,N,nominal,2.0NRT,278.78,5.6,N
-15.38916,167.81467,367,0.42,0.45,2026-05-01,1350,N,high,2.0NRT,281.92,19.77,N
-15.38986,167.81853,356.36,0.42,0.45,2026-05-01,1350,N,nominal,2.0NRT,285.6,19.77,N
-15.37906,167.75859,302.89,0.42,0.45,2026-05-01,1350,N,nominal,2.0NRT,277.38,1.16,N
-15.37987,167.76306,308.57,0.42,0.45,2026-05-01,1350,N,nominal,2.0NRT,276.3,1.16,N
-15.38071,167.76773,308.18,0.42,0.45,2026-05-01,1350,N,nominal,2.0NRT,278.23,1.18,N
-15.3861,167.79771,307.46,0.42,0.45,2026-05-01,1350,N,nominal,2.0NRT,269.2,1.08,N
-15.3926,167.80984,346.06,0.42,0.45,2026-05-01,1350,N,nominal,2.0NRT,276.7,5.6,N
-15.39332,167.81383,342.14,0.42,0.45,2026-05-01,1350,N,nominal,2.0NRT,280.75,19.77,N
-15.39402,167.81769,338.83,0.42,0.45,2026-05-01,1350,N,nominal,2.0NRT,281.22,19.77,N
-15.39611,167.82921,367,0.42,0.45,2026-05-01,1350,N,high,2.0NRT,280.7,146.99,N
-15.39681,167.83311,353.13,0.42,0.45,2026-05-01,1350,N,nominal,2.0NRT,278.42,146.99,N
-15.39752,167.83701,334.66,0.42,0.45,2026-05-01,1350,N,nominal,2.0NRT,277.02,16.28,N
-15.39822,167.84088,325.55,0.42,0.45,2026-05-01,1350,N,nominal,2.0NRT,274.4,16.28,N
-15.38412,167.76265,313.67,0.42,0.45,2026-05-01,1350,N,nominal,2.0NRT,272.66,1.16,N
-15.38494,167.76723,314.98,0.42,0.45,2026-05-01,1350,N,nominal,2.0NRT,273.11,1.18,N
-15.38578,167.7719,308.97,0.42,0.45,2026-05-01,1350,N,nominal,2.0NRT,275.12,1.18,N
-15.39027,167.79691,304.19,0.42,0.45,2026-05-01,1350,N,nominal,2.0NRT,266.61,1.08,N
-15.39109,167.80148,307.39,0.42,0.45,2026-05-01,1350,N,nominal,2.0NRT,269.51,1.08,N
-15.39187,167.8058,316.75,0.42,0.45,2026-05-01,1350,N,nominal,2.0NRT,272.04,5.6,N
-15.39602,167.80489,322.4,0.42,0.45,2026-05-01,1350,N,nominal,2.0NRT,276.16,2.82,N
-15.39675,167.80894,330.78,0.42,0.45,2026-05-01,1350,N,nominal,2.0NRT,278.61,2.82,N
-15.3989,167.82085,320.99,0.42,0.45,2026-05-01,1350,N,nominal,2.0NRT,280.79,2.66,N
-15.3996,167.82472,327.11,0.42,0.45,2026-05-01,1350,N,nominal,2.0NRT,280.23,2.66,N
-15.4003,167.82863,325.48,0.42,0.45,2026-05-01,1350,N,nominal,2.0NRT,279.12,2.05,N
-15.40101,167.83252,323.42,0.42,0.45,2026-05-01,1350,N,nominal,2.0NRT,277.48,2.05,N
-15.38837,167.76225,304.42,0.42,0.45,2026-05-01,1350,N,nominal,2.0NRT,272.7,1.32,N
-15.38919,167.76682,309.78,0.42,0.45,2026-05-01,1350,N,nominal,2.0NRT,266.67,0.72,N
-15.39003,167.77148,310.84,0.42,0.45,2026-05-01,1350,N,nominal,2.0NRT,262.92,0.72,N
-15.3909,167.77634,305.26,0.42,0.45,2026-05-01,1350,N,nominal,2.0NRT,262.52,0.7,N
-15.39444,167.79611,308.72,0.42,0.45,2026-05-01,1350,N,nominal,2.0NRT,265.78,1.32,N
-15.39524,167.80058,313.41,0.42,0.45,2026-05-01,1350,N,nominal,2.0NRT,272.1,1.32,N
-15.39748,167.813,315.68,0.42,0.45,2026-05-01,1350,N,nominal,2.0NRT,280.46,1.56,N
-15.39819,167.81691,315.35,0.42,0.45,2026-05-01,1350,N,nominal,2.0NRT,281.39,1.56,N
-15.40171,167.83641,318.66,0.42,0.45,2026-05-01,1350,N,nominal,2.0NRT,276.85,1.99,N
-15.40242,167.8403,316.69,0.42,0.45,2026-05-01,1350,N,nominal,2.0NRT,273.82,1.99,N
-15.40312,167.84418,312.63,0.42,0.45,2026-05-01,1350,N,nominal,2.0NRT,273.11,1.75,N
-15.4038,167.84793,308.05,0.42,0.45,2026-05-01,1350,N,nominal,2.0NRT,273.59,1.75,N
-15.39937,167.79955,325.04,0.42,0.45,2026-05-01,1350,N,nominal,2.0NRT,272.15,1.32,N
-15.40014,167.80385,327.51,0.42,0.45,2026-05-01,1350,N,nominal,2.0NRT,277.32,2.82,N
-15.40089,167.80801,329.5,0.42,0.45,2026-05-01,1350,N,nominal,2.0NRT,278.18,2.82,N
-15.39346,167.76654,301.98,0.42,0.45,2026-05-01,1350,N,nominal,2.0NRT,259.62,0.72,N
-15.3943,167.77118,310.9,0.42,0.45,2026-05-01,1350,N,nominal,2.0NRT,258.97,0.72,N
-15.39514,167.77589,313.42,0.42,0.45,2026-05-01,1350,N,nominal,2.0NRT,259.3,0.7,N
-15.39599,167.78067,313.45,0.42,0.45,2026-05-01,1350,N,nominal,2.0NRT,260.51,0.7,N
-15.39688,167.78564,305.11,0.42,0.45,2026-05-01,1350,N,nominal,2.0NRT,261.72,1.09,N
-15.39858,167.79512,306.44,0.42,0.45,2026-05-01,1350,N,nominal,2.0NRT,264.94,1.32,N
-15.40163,167.81213,314.21,0.42,0.45,2026-05-01,1350,N,nominal,2.0NRT,279.66,1.56,N
-15.40236,167.81613,307.68,0.42,0.45,2026-05-01,1350,N,nominal,2.0NRT,280.29,1.56,N
-15.40379,167.82407,310.48,0.42,0.45,2026-05-01,1350,N,nominal,2.0NRT,279.92,2.66,N
-15.40449,167.82797,311.91,0.42,0.45,2026-05-01,1350,N,nominal,2.0NRT,279.08,2.05,N
-15.40519,167.83186,311.12,0.42,0.45,2026-05-01,1350,N,nominal,2.0NRT,278.55,2.05,N
-15.40588,167.83566,308.6,0.42,0.45,2026-05-01,1350,N,nominal,2.0NRT,277.11,1.99,N
-15.40657,167.83946,307.9,0.42,0.45,2026-05-01,1350,N,nominal,2.0NRT,274.55,1.99,N
-15.40724,167.8432,306.07,0.42,0.45,2026-05-01,1350,N,nominal,2.0NRT,272.82,1.75,N
-15.4079,167.84682,302.66,0.42,0.45,2026-05-01,1350,N,nominal,2.0NRT,274.1,1.75,N
-15.40853,167.8503,300.46,0.42,0.45,2026-05-01,1350,N,nominal,2.0NRT,274.05,3.08,N
-15.39357,167.81056,340.39,0.42,0.45,2026-05-01,1350,N,nominal,2.0NRT,278.19,3.22,N
-15.39431,167.81451,330.71,0.42,0.45,2026-05-01,1350,N,nominal,2.0NRT,280.78,2.76,N
-15.39504,167.81837,332.44,0.42,0.45,2026-05-01,1350,N,nominal,2.0NRT,281.33,2.76,N
-15.39649,167.82603,356.4,0.42,0.45,2026-05-01,1350,N,nominal,2.0NRT,288.04,10.62,N
-15.39721,167.82991,347.76,0.42,0.45,2026-05-01,1350,N,nominal,2.0NRT,278.76,3.99,N
-15.39795,167.8338,339.5,0.42,0.45,2026-05-01,1350,N,nominal,2.0NRT,277.25,3.99,N
-15.39868,167.83769,327.53,0.42,0.45,2026-05-01,1350,N,nominal,2.0NRT,276.56,1.79,N
-36.28895,174.591,309.76,0.41,0.45,2026-05-01,1353,N,nominal,2.0NRT,283.2,1.47,N
-15.39941,167.84155,321.06,0.42,0.45,2026-05-01,1350,N,nominal,2.0NRT,273.8,1.79,N
-15.3847,167.76364,312.59,0.42,0.45,2026-05-01,1350,N,nominal,2.0NRT,272.82,2.58,N
-36.28554,174.59322,295.19,0.41,0.45,2026-05-01,1353,N,nominal,2.0NRT,282.93,0.69,N
-15.38556,167.76822,314.83,0.42,0.45,2026-05-01,1350,N,nominal,2.0NRT,272.29,1.09,N
-36.28971,174.59247,301.02,0.41,0.45,2026-05-01,1353,N,nominal,2.0NRT,282.98,0.67,N
-15.38646,167.77295,310.26,0.42,0.45,2026-05-01,1350,N,nominal,2.0NRT,271.36,1.09,N
-37.20401,174.72101,302.46,0.42,0.45,2026-05-01,1355,N,nominal,2.0NRT,284.14,1.24,N
-15.39281,167.80652,317.45,0.42,0.45,2026-05-01,1350,N,nominal,2.0NRT,272.75,3.22,N
-15.40014,167.84544,313.41,0.42,0.45,2026-05-01,1350,N,nominal,2.0NRT,274.32,0.71,N
-37.20826,174.72041,300.46,0.42,0.45,2026-05-01,1355,N,nominal,2.0NRT,283.81,1.24,N
-15.40086,167.84927,307.87,0.42,0.45,2026-05-01,1350,N,nominal,2.0NRT,273.86,0.71,N
-37.32374,174.86397,295.95,0.43,0.46,2026-05-01,1355,N,nominal,2.0NRT,280.45,0.52,N
-15.40157,167.85301,300.73,0.42,0.45,2026-05-01,1350,N,nominal,2.0NRT,276.18,0.28,N
-40.03796,175.55959,306.45,0.5,0.49,2026-05-01,1355,N,nominal,2.0NRT,278.27,1.27,N
-15.39695,167.8056,329.12,0.42,0.45,2026-05-01,1350,N,nominal,2.0NRT,277.39,3.22,N
-41.31717,146.69185,307.95,0.75,0.77,2026-05-01,1357,N,nominal,2.0NRT,266.42,1.82,N
-15.39772,167.80968,331.23,0.42,0.45,2026-05-01,1350,N,nominal,2.0NRT,278.68,3.22,N
-41.31627,146.68703,311.01,0.75,0.77,2026-05-01,1357,N,nominal,2.0NRT,265.68,2.35,N
-15.40068,167.82542,321.06,0.42,0.45,2026-05-01,1350,N,nominal,2.0NRT,280.42,10.62,N
-15.38982,167.76785,307.78,0.42,0.45,2026-05-01,1350,N,nominal,2.0NRT,262.52,1.09,N
-15.39071,167.77254,312.17,0.42,0.45,2026-05-01,1350,N,nominal,2.0NRT,260.57,1.09,N
-15.39162,167.77737,309.28,0.42,0.45,2026-05-01,1350,N,nominal,2.0NRT,261.06,1.85,N
-15.39532,167.79697,312.36,0.42,0.45,2026-05-01,1350,N,nominal,2.0NRT,265.91,2.36,N
-15.39616,167.80138,318.53,0.42,0.45,2026-05-01,1350,N,nominal,2.0NRT,272.9,2.36,N
-15.39848,167.81367,314.47,0.42,0.45,2026-05-01,1350,N,nominal,2.0NRT,280.25,2.76,N
-15.39921,167.81763,313.57,0.42,0.45,2026-05-01,1350,N,nominal,2.0NRT,280.77,2.76,N
-15.39995,167.82155,317.19,0.42,0.45,2026-05-01,1350,N,nominal,2.0NRT,280.83,10.62,N
-15.40141,167.82932,319.6,0.42,0.45,2026-05-01,1350,N,nominal,2.0NRT,279.09,3.99,N
-15.40215,167.83321,317.38,0.42,0.45,2026-05-01,1350,N,nominal,2.0NRT,278.39,3.99,N
-15.40288,167.8371,313.54,0.42,0.45,2026-05-01,1350,N,nominal,2.0NRT,276.91,1.79,N
-15.4036,167.84094,311.26,0.42,0.45,2026-05-01,1350,N,nominal,2.0NRT,274.44,1.79,N
-15.40432,167.84479,307.85,0.42,0.45,2026-05-01,1350,N,nominal,2.0NRT,272.28,0.71,N
-15.40501,167.84845,302.3,0.42,0.45,2026-05-01,1350,N,nominal,2.0NRT,274.13,0.71,N
-15.40568,167.85199,298.89,0.42,0.45,2026-05-01,1350,N,nominal,2.0NRT,274.68,0.28,N
-15.40027,167.80031,326.64,0.42,0.45,2026-05-01,1350,N,nominal,2.0NRT,272.75,2.09,N
-15.40108,167.8046,326.93,0.42,0.45,2026-05-01,1350,N,nominal,2.0NRT,277.53,2.43,N
-15.40186,167.80873,325.55,0.42,0.45,2026-05-01,1350,N,nominal,2.0NRT,278.56,2.43,N
-15.39498,167.77222,311.75,0.42,0.45,2026-05-01,1350,N,nominal,2.0NRT,258.22,1.53,N
-15.39586,167.7769,314.85,0.42,0.45,2026-05-01,1350,N,nominal,2.0NRT,258.37,1.6,N
-15.39677,167.78171,317.95,0.42,0.45,2026-05-01,1350,N,nominal,2.0NRT,259.19,1.6,N
-15.39769,167.78662,306.38,0.42,0.45,2026-05-01,1350,N,nominal,2.0NRT,261.6,1.7,N
-15.39945,167.79591,311.47,0.42,0.45,2026-05-01,1350,N,nominal,2.0NRT,265.07,2.09,N
-15.40263,167.81285,311.19,0.42,0.45,2026-05-01,1350,N,nominal,2.0NRT,279.89,4.68,N
-15.40487,167.82475,307.87,0.42,0.45,2026-05-01,1350,N,nominal,2.0NRT,279.59,3.32,N
-15.40559,167.82863,307.76,0.42,0.45,2026-05-01,1350,N,nominal,2.0NRT,278.87,1.24,N
-15.40632,167.83247,306.31,0.42,0.45,2026-05-01,1350,N,nominal,2.0NRT,278.14,1.24,N
-15.40703,167.83627,305.63,0.42,0.45,2026-05-01,1350,N,nominal,2.0NRT,276.35,0.5,N
-15.40773,167.84,304.57,0.42,0.45,2026-05-01,1350,N,nominal,2.0NRT,274.47,0.5,N
-15.40842,167.84369,302.05,0.42,0.45,2026-05-01,1350,N,nominal,2.0NRT,273.27,0.23,N
-15.40909,167.84726,299.56,0.42,0.45,2026-05-01,1350,N,nominal,2.0NRT,272.43,0.23,N
-15.40973,167.85068,296.98,0.42,0.45,2026-05-01,1350,N,nominal,2.0NRT,274.09,0.11,N
-15.40519,167.8035,322.77,0.42,0.45,2026-05-01,1350,N,nominal,2.0NRT,275.79,2.43,N
-15.39923,167.77177,309.55,0.42,0.45,2026-05-01,1350,N,nominal,2.0NRT,258.48,1.53,N
-15.4001,167.77644,312.68,0.42,0.45,2026-05-01,1350,N,nominal,2.0NRT,258.54,1.6,N
-15.40099,167.78114,315.85,0.42,0.45,2026-05-01,1350,N,nominal,2.0NRT,258.9,1.6,N
-15.40187,167.78584,312.15,0.42,0.45,2026-05-01,1350,N,nominal,2.0NRT,261.59,1.7,N
-15.40438,167.79918,313.78,0.42,0.45,2026-05-01,1350,N,nominal,2.0NRT,268.48,2.09,N
-15.40598,167.80772,315.47,0.42,0.45,2026-05-01,1350,N,nominal,2.0NRT,278.69,2.43,N
-15.41184,167.83894,299.02,0.42,0.45,2026-05-01,1350,N,nominal,2.0NRT,275.73,0.5,N
-15.41251,167.84253,297.66,0.42,0.45,2026-05-01,1350,N,nominal,2.0NRT,274.37,0.23,N
-15.40929,167.80237,320.03,0.42,0.45,2026-05-01,1350,N,nominal,2.0NRT,272.47,2.1,N
-15.40433,167.77591,311.98,0.42,0.45,2026-05-01,1350,N,nominal,2.0NRT,258.21,1.57,N
-15.40518,167.78043,310.59,0.42,0.45,2026-05-01,1350,N,nominal,2.0NRT,259.19,1.57,N
-15.40602,167.78491,310.36,0.42,0.45,2026-05-01,1350,N,nominal,2.0NRT,260.68,1.33,N
-15.40684,167.78931,313.58,0.42,0.45,2026-05-01,1350,N,nominal,2.0NRT,263.3,1.33,N
-15.40766,167.79369,307.23,0.42,0.45,2026-05-01,1350,N,nominal,2.0NRT,266.34,1.52,N
-15.40848,167.79803,314.82,0.42,0.45,2026-05-01,1350,N,nominal,2.0NRT,269.29,1.52,N
-15.41009,167.80664,314.42,0.42,0.45,2026-05-01,1350,N,nominal,2.0NRT,277.07,2.1,N
-15.41012,167.78374,307.56,0.42,0.45,2026-05-01,1350,N,nominal,2.0NRT,261.16,1.33,N
-15.41094,167.78809,310.93,0.42,0.45,2026-05-01,1350,N,nominal,2.0NRT,263.87,1.33,N
-15.41176,167.79248,310.36,0.42,0.45,2026-05-01,1350,N,nominal,2.0NRT,264.28,1.52,N
-15.41258,167.79684,308.43,0.42,0.45,2026-05-01,1350,N,nominal,2.0NRT,266.71,1.52,N
-15.41338,167.80116,313.99,0.42,0.45,2026-05-01,1350,N,nominal,2.0NRT,271.21,2.1,N
-19.52937,169.44707,318.23,0.45,0.39,2026-05-01,1350,N,nominal,2.0NRT,280.38,1.94,N
-22.25182,166.44078,303.31,0.39,0.44,2026-05-01,1353,N,nominal,2.0NRT,292.59,0.89,N
-22.25256,166.4446,303.48,0.39,0.44,2026-05-01,1353,N,nominal,2.0NRT,292.44,0.57,N
-32.99299,137.58534,314.99,0.39,0.44,2026-05-01,1535,N,nominal,2.0NRT,290.18,1.36,N
-16.7096,133.41809,306.45,0.74,0.76,2026-05-01,1531,N,nominal,2.0NRT,288.6,3.13,N
-32.99698,137.58415,326.12,0.39,0.44,2026-05-01,1535,N,nominal,2.0NRT,290.12,1.36,N
-32.99654,137.58629,332.63,0.39,0.44,2026-05-01,1535,N,nominal,2.0NRT,290.44,3.32,N
-16.70452,133.41251,301.17,0.74,0.76,2026-05-01,1531,N,nominal,2.0NRT,288.38,1.46,N
-34.97499,146.91643,300.81,0.46,0.39,2026-05-01,1535,N,nominal,2.0NRT,281.86,0.8,N
-16.70621,133.41968,308.03,0.73,0.76,2026-05-01,1531,N,nominal,2.0NRT,288.41,1.46,N
-35.74259,149.53116,304.54,0.42,0.45,2026-05-01,1535,N,nominal,2.0NRT,281.65,1.27,N
-16.71488,133.42491,300.13,0.73,0.76,2026-05-01,1531,N,nominal,2.0NRT,288.31,1.8,N
-35.74678,149.53027,339.97,0.42,0.45,2026-05-01,1535,N,nominal,2.0NRT,284.76,4.7,N
-19.66496,147.43015,330.38,0.38,0.36,2026-05-01,1531,N,nominal,2.0NRT,290.49,2.56,N
-35.74725,149.53502,325.57,0.42,0.45,2026-05-01,1535,N,nominal,2.0NRT,282.94,4.7,N
-19.11696,143.4805,318.12,0.48,0.4,2026-05-01,1531,N,nominal,2.0NRT,291.31,2.31,N
-35.75195,149.53909,295.08,0.42,0.45,2026-05-01,1535,N,nominal,2.0NRT,282.1,0.78,N
-19.1178,143.48517,309.27,0.48,0.4,2026-05-01,1531,N,nominal,2.0NRT,290.94,1.91,N
-35.75616,149.53842,305.37,0.42,0.45,2026-05-01,1535,N,nominal,2.0NRT,282.18,1.07,N
-17.62831,132.91116,307.38,0.76,0.77,2026-05-01,1531,N,nominal,2.0NRT,288.18,2.52,N
-35.59297,146.34113,302.9,0.45,0.39,2026-05-01,1535,N,nominal,2.0NRT,282.7,0.74,N
-17.62996,132.90738,301.26,0.76,0.77,2026-05-01,1531,N,nominal,2.0NRT,287.95,2.34,N
-34.54606,138.61304,301.12,0.49,0.4,2026-05-01,1535,N,nominal,2.0NRT,281.42,0.73,N
-17.6526,132.71928,302.33,0.77,0.78,2026-05-01,1531,N,nominal,2.0NRT,287.43,2.11,N
-36.49388,146.71519,304.12,0.47,0.4,2026-05-01,1535,N,nominal,2.0NRT,281.41,2.1,N
-17.65441,132.72682,301.74,0.77,0.78,2026-05-01,1531,N,nominal,2.0NRT,287.56,1.48,N
-36.49758,146.7146,326.76,0.47,0.4,2026-05-01,1535,N,nominal,2.0NRT,283.82,2.1,N
-17.65621,132.73428,304.01,0.77,0.78,2026-05-01,1531,N,nominal,2.0NRT,286.86,1.48,N
-36.49635,146.70457,297.71,0.47,0.4,2026-05-01,1535,N,nominal,2.0NRT,278.32,1.17,N
-18.73175,134.31728,300.55,0.59,0.7,2026-05-01,1531,N,nominal,2.0NRT,288.94,1.18,N
-36.49697,146.70964,318.24,0.47,0.4,2026-05-01,1535,N,nominal,2.0NRT,283.24,2.1,N
-18.73305,134.32298,303.64,0.59,0.7,2026-05-01,1531,N,nominal,2.0NRT,288.89,1.46,N
-36.49818,146.71954,302.44,0.47,0.4,2026-05-01,1535,N,nominal,2.0NRT,281.79,1.41,N
-18.73818,134.31558,299.09,0.59,0.7,2026-05-01,1531,N,nominal,2.0NRT,288.4,1.18,N
-36.50067,146.70898,338.24,0.47,0.4,2026-05-01,1535,N,nominal,2.0NRT,286.64,3.95,N
-18.74331,134.30818,300.31,0.59,0.7,2026-05-01,1531,N,nominal,2.0NRT,288.44,0.68,N
-36.50127,146.7139,337.3,0.47,0.4,2026-05-01,1535,N,nominal,2.0NRT,288.22,3.95,N
-18.73167,134.32312,299.47,0.59,0.7,2026-05-01,1531,N,nominal,2.0NRT,289.07,1.3,N
-36.50006,146.70399,304.12,0.47,0.4,2026-05-01,1535,N,nominal,2.0NRT,281.06,1.8,N
-18.73677,134.31575,302.03,0.59,0.7,2026-05-01,1531,N,nominal,2.0NRT,288.73,1.3,N
-36.50187,146.71881,318.22,0.47,0.4,2026-05-01,1535,N,nominal,2.0NRT,285.59,2.92,N
-18.74187,134.3084,303.8,0.59,0.7,2026-05-01,1531,N,nominal,2.0NRT,288.71,1.24,N
-36.50496,146.71318,329.18,0.47,0.4,2026-05-01,1535,N,nominal,2.0NRT,287.68,3.95,N
-21.61424,147.95885,299.01,0.4,0.37,2026-05-01,1531,N,nominal,2.0NRT,289,0.36,N
-36.50375,146.70332,312.25,0.47,0.4,2026-05-01,1535,N,nominal,2.0NRT,280.29,1.8,N
-21.65268,147.98381,304.72,0.4,0.37,2026-05-01,1531,N,nominal,2.0NRT,287.92,0.65,N
-36.50436,146.70828,316.09,0.47,0.4,2026-05-01,1535,N,nominal,2.0NRT,286.07,3.95,N
-21.65606,147.98323,301.85,0.4,0.37,2026-05-01,1531,N,nominal,2.0NRT,287.1,0.65,N
-36.50805,146.70758,331.67,0.47,0.4,2026-05-01,1535,N,nominal,2.0NRT,287.56,2.63,N
-22.03593,146.35878,301.21,0.38,0.36,2026-05-01,1531,N,nominal,2.0NRT,290.96,1.22,N
-36.50865,146.71246,331.01,0.47,0.4,2026-05-01,1535,N,nominal,2.0NRT,287.26,2.63,N
-22.03772,146.36995,303.77,0.38,0.36,2026-05-01,1531,N,nominal,2.0NRT,290.49,0.87,N
-36.50744,146.70261,299.2,0.47,0.4,2026-05-01,1535,N,nominal,2.0NRT,278.46,1.74,N
-23.04802,148.58981,308.44,0.42,0.38,2026-05-01,1531,N,nominal,2.0NRT,289.3,0.72,N
-36.51174,146.70688,307.58,0.47,0.4,2026-05-01,1535,N,nominal,2.0NRT,284.88,2.63,N
-23.5479,151.08058,300.39,0.55,0.42,2026-05-01,1531,N,nominal,2.0NRT,288.62,0.52,N
-36.51234,146.71175,310.85,0.47,0.4,2026-05-01,1535,N,nominal,2.0NRT,286.38,2.63,N
-23.55184,151.07991,300.99,0.55,0.42,2026-05-01,1531,N,nominal,2.0NRT,289.8,1.24,N
-36.51542,146.70612,313.74,0.47,0.4,2026-05-01,1535,N,nominal,2.0NRT,282.66,2.15,N
-23.55578,151.0793,309.64,0.55,0.42,2026-05-01,1531,N,nominal,2.0NRT,290.55,1.24,N
-36.51604,146.71111,314.46,0.47,0.4,2026-05-01,1535,N,nominal,2.0NRT,285.83,2.15,N
-23.61454,151.09825,303.27,0.55,0.43,2026-05-01,1531,N,nominal,2.0NRT,289.45,1.08,N
-36.5191,146.70525,322.23,0.47,0.4,2026-05-01,1535,N,nominal,2.0NRT,282.03,2.15,N
-23.61594,151.10907,304.65,0.55,0.43,2026-05-01,1531,N,nominal,2.0NRT,289.73,1.52,N
-36.51848,146.70027,306.82,0.47,0.4,2026-05-01,1535,N,nominal,2.0NRT,279.91,2.57,N
-23.62059,151.11388,305.75,0.55,0.43,2026-05-01,1531,N,nominal,2.0NRT,290.08,1.35,N
-36.91863,147.49651,312.2,0.51,0.41,2026-05-01,1535,N,nominal,2.0NRT,266.78,2.11,N
-23.61438,151.10808,301.35,0.55,0.43,2026-05-01,1531,N,nominal,2.0NRT,289.68,1.82,N
-37.33383,147.31981,298.92,0.51,0.41,2026-05-01,1535,N,nominal,2.0NRT,279.84,0.76,N
-23.619,151.11287,305.77,0.55,0.43,2026-05-01,1531,N,nominal,2.0NRT,290.02,1.68,N
-37.34031,147.30814,296.93,0.51,0.41,2026-05-01,1535,N,nominal,2.0NRT,279.84,1.06,N
-23.62887,151.09488,306.44,0.55,0.43,2026-05-01,1531,N,nominal,2.0NRT,289.46,0.74,N
-37.34738,147.30161,295.37,0.51,0.41,2026-05-01,1535,N,nominal,2.0NRT,279.77,1.05,N
-23.6376,151.16576,302.2,0.55,0.43,2026-05-01,1531,N,nominal,2.0NRT,289.92,1.06,N
-37.35237,147.31091,308.94,0.51,0.41,2026-05-01,1535,N,nominal,2.0NRT,280.72,1.52,N
-23.64894,151.19211,303.75,0.56,0.43,2026-05-01,1531,N,nominal,2.0NRT,289.83,1.45,N
-37.35504,147.30016,304.33,0.51,0.41,2026-05-01,1535,N,nominal,2.0NRT,279.38,0.82,N
-23.64962,151.1976,303.53,0.56,0.43,2026-05-01,1531,N,nominal,2.0NRT,290.15,1.23,N
-37.35619,147.31015,310.92,0.51,0.41,2026-05-01,1535,N,nominal,2.0NRT,280.87,1.52,N
-23.65803,151.13489,300.86,0.55,0.43,2026-05-01,1531,N,nominal,2.0NRT,289.86,0.92,N
-23.6587,151.14035,307.57,0.55,0.43,2026-05-01,1531,N,nominal,2.0NRT,290.96,0.88,N
-37.36,147.30928,298.82,0.51,0.41,2026-05-01,1535,N,nominal,2.0NRT,281.24,0.8,N
-23.66267,151.13976,302.85,0.55,0.43,2026-05-01,1531,N,nominal,2.0NRT,290.25,0.88,N
-37.3748,147.30188,304.96,0.51,0.41,2026-05-01,1535,N,nominal,2.0NRT,280.7,1.03,N
-23.66335,151.14525,301.81,0.55,0.43,2026-05-01,1531,N,nominal,2.0NRT,290.6,0.88,N
-37.37804,147.29616,296.51,0.51,0.41,2026-05-01,1535,N,nominal,2.0NRT,279.83,1.03,N
-23.67006,151.16655,303.67,0.55,0.43,2026-05-01,1531,N,nominal,2.0NRT,290.28,0.89,N
-37.37866,147.30144,312.47,0.51,0.41,2026-05-01,1535,N,nominal,2.0NRT,281.37,1.03,N
-23.68334,151.17563,301.69,0.55,0.43,2026-05-01,1531,N,nominal,2.0NRT,290.37,1.07,N
-37.38251,147.30095,313.64,0.51,0.41,2026-05-01,1535,N,nominal,2.0NRT,280.65,2.12,N
-23.30253,148.33273,318.06,0.41,0.37,2026-05-01,1531,N,nominal,2.0NRT,289.29,1.65,N
-37.37957,147.30087,322.66,0.51,0.41,2026-05-01,1535,N,nominal,2.0NRT,282.3,1.45,N
-23.68664,151.16969,301.27,0.55,0.43,2026-05-01,1531,N,nominal,2.0NRT,290.1,1.02,N
-37.38342,147.30031,307.2,0.51,0.41,2026-05-01,1535,N,nominal,2.0NRT,279.39,1.45,N
-23.75572,151.19237,305.76,0.56,0.43,2026-05-01,1531,N,nominal,2.0NRT,291.83,2.03,N
-37.36061,145.09416,295.3,0.42,0.38,2026-05-01,1535,N,nominal,2.0NRT,264.56,0.42,N
-23.76836,151.19618,302.88,0.56,0.43,2026-05-01,1531,N,nominal,2.0NRT,291.75,1.22,N
-37.56847,146.10156,306.58,0.46,0.39,2026-05-01,1535,N,nominal,2.0NRT,261.82,2.44,N
-23.82716,151.1479,305.08,0.55,0.43,2026-05-01,1531,N,nominal,2.0NRT,291.17,1.04,N
-37.5677,146.10054,305.28,0.46,0.39,2026-05-01,1535,N,nominal,2.0NRT,261.83,1.81,N
-23.82788,151.1535,308.21,0.56,0.43,2026-05-01,1531,N,nominal,2.0NRT,294.69,1.69,N
-37.57193,146.10466,296.18,0.46,0.39,2026-05-01,1535,N,nominal,2.0NRT,261.96,1.81,N
-23.83185,151.15285,303.03,0.56,0.43,2026-05-01,1531,N,nominal,2.0NRT,290.67,1.26,N
-37.57045,146.06229,302.95,0.46,0.39,2026-05-01,1535,N,nominal,2.0NRT,257,1.64,N
-23.82955,151.15099,319.93,0.56,0.43,2026-05-01,1531,N,nominal,2.0NRT,295.16,3.85,N
-37.57174,146.07275,296.45,0.46,0.39,2026-05-01,1535,N,nominal,2.0NRT,258.11,1.1,N
-23.7668,149.09702,299.6,0.44,0.39,2026-05-01,1531,N,nominal,2.0NRT,286.63,0.77,N
-37.57239,146.07809,304.92,0.46,0.39,2026-05-01,1535,N,nominal,2.0NRT,260.05,2.1,N
-23.77037,149.09642,318.55,0.44,0.39,2026-05-01,1531,N,nominal,2.0NRT,286.92,2.03,N
-37.57552,146.10344,309.34,0.46,0.39,2026-05-01,1535,N,nominal,2.0NRT,264.8,2.26,N
-23.77997,149.11275,306.48,0.44,0.39,2026-05-01,1531,N,nominal,2.0NRT,287.5,0.7,N
-37.57684,146.11423,295.32,0.46,0.39,2026-05-01,1535,N,nominal,2.0NRT,261.45,1.43,N
-23.78355,149.1122,295.48,0.44,0.39,2026-05-01,1531,N,nominal,2.0NRT,285.37,0.7,N
-37.57536,146.07187,297.93,0.46,0.39,2026-05-01,1535,N,nominal,2.0NRT,260.32,1.1,N
-23.77792,149.1106,297.08,0.44,0.39,2026-05-01,1531,N,nominal,2.0NRT,286.73,0.63,N
-37.58108,146.11832,297.87,0.46,0.39,2026-05-01,1535,N,nominal,2.0NRT,264.8,1.09,N
-23.78149,149.11005,300.98,0.44,0.39,2026-05-01,1531,N,nominal,2.0NRT,286.36,0.63,N
-37.79816,146.52777,301.55,0.48,0.4,2026-05-01,1535,N,nominal,2.0NRT,278.37,0.69,N
-23.78209,149.11446,302.15,0.44,0.39,2026-05-01,1531,N,nominal,2.0NRT,286.27,1.02,N
-37.80188,146.52705,300.28,0.48,0.4,2026-05-01,1535,N,nominal,2.0NRT,277.67,1.18,N
-23.85642,149.17618,300.68,0.45,0.39,2026-05-01,1531,N,nominal,2.0NRT,287.41,0.8,N
-37.80497,146.52116,316.2,0.48,0.4,2026-05-01,1535,N,nominal,2.0NRT,278.07,1.18,N
-23.85705,149.18069,299.64,0.45,0.39,2026-05-01,1531,N,nominal,2.0NRT,288.3,0.8,N
-37.8056,146.52635,299.53,0.48,0.4,2026-05-01,1535,N,nominal,2.0NRT,276.94,1.18,N
-23.85814,149.16208,305.75,0.45,0.39,2026-05-01,1531,N,nominal,2.0NRT,287.89,1.98,N
-37.80805,146.5152,313.39,0.48,0.4,2026-05-01,1535,N,nominal,2.0NRT,279.07,1.72,N
-23.86,149.17551,304.02,0.45,0.39,2026-05-01,1531,N,nominal,2.0NRT,288.4,0.93,N
-37.80868,146.52039,317.17,0.48,0.4,2026-05-01,1535,N,nominal,2.0NRT,279.55,1.34,N
-23.86421,149.1794,299.02,0.45,0.39,2026-05-01,1531,N,nominal,2.0NRT,288.16,0.93,N
-37.80932,146.52568,298.04,0.48,0.4,2026-05-01,1535,N,nominal,2.0NRT,277.05,1.34,N
-23.86466,149.1563,299.29,0.45,0.39,2026-05-01,1531,N,nominal,2.0NRT,287.24,1.5,N
-37.81049,146.50401,295.63,0.48,0.4,2026-05-01,1535,N,nominal,2.0NRT,277.63,0.69,N
-23.86905,149.18788,308.44,0.45,0.39,2026-05-01,1531,N,nominal,2.0NRT,288.97,1.04,N
-37.81111,146.50917,315.51,0.48,0.4,2026-05-01,1535,N,nominal,2.0NRT,279,1.72,N
-23.86823,149.15564,311.19,0.45,0.39,2026-05-01,1531,N,nominal,2.0NRT,287.86,1.5,N
-37.81173,146.51427,303.68,0.48,0.4,2026-05-01,1535,N,nominal,2.0NRT,279.05,1.72,N
-23.87433,149.17308,302.04,0.45,0.39,2026-05-01,1531,N,nominal,2.0NRT,288.04,0.7,N
-37.81304,146.52501,305.82,0.48,0.4,2026-05-01,1535,N,nominal,2.0NRT,276.78,1.34,N
-23.8779,149.17239,306.11,0.45,0.39,2026-05-01,1531,N,nominal,2.0NRT,288.61,0.7,N
-37.81483,146.50851,301.86,0.48,0.4,2026-05-01,1535,N,nominal,2.0NRT,278.65,1.46,N
-23.87983,149.18619,303.6,0.45,0.39,2026-05-01,1531,N,nominal,2.0NRT,288.65,0.68,N
-37.81676,146.52431,315.24,0.48,0.4,2026-05-01,1535,N,nominal,2.0NRT,277.12,1.51,N
-23.88109,149.19522,314.03,0.45,0.39,2026-05-01,1531,N,nominal,2.0NRT,288.61,2.19,N
-37.81983,146.51831,309.02,0.48,0.4,2026-05-01,1535,N,nominal,2.0NRT,276.41,1.51,N
-23.87897,149.15381,317.75,0.45,0.39,2026-05-01,1531,N,nominal,2.0NRT,288.6,1.31,N
-37.82048,146.52362,308.99,0.48,0.4,2026-05-01,1535,N,nominal,2.0NRT,276.37,1.51,N
-23.88086,149.16727,297.6,0.45,0.39,2026-05-01,1531,N,nominal,2.0NRT,287.48,0.45,N
-23.88149,149.17181,301.46,0.45,0.39,2026-05-01,1531,N,nominal,2.0NRT,287.94,0.97,N
-37.82163,146.50194,297.91,0.48,0.4,2026-05-01,1535,N,nominal,2.0NRT,277.25,1.4,N
-23.88213,149.17639,308.48,0.45,0.39,2026-05-01,1531,N,nominal,2.0NRT,288.69,0.97,N
-37.82227,146.50722,299.41,0.48,0.4,2026-05-01,1535,N,nominal,2.0NRT,276.48,1.29,N
-23.88341,149.18553,300.88,0.45,0.39,2026-05-01,1531,N,nominal,2.0NRT,288.14,0.63,N
-37.82291,146.51244,307.28,0.48,0.4,2026-05-01,1535,N,nominal,2.0NRT,276.75,1.29,N
-23.88255,149.1532,317.13,0.45,0.39,2026-05-01,1531,N,nominal,2.0NRT,288.42,1.31,N
-37.82355,146.51765,303.58,0.48,0.4,2026-05-01,1535,N,nominal,2.0NRT,275.91,1.38,N
-23.88319,149.15773,300.36,0.45,0.39,2026-05-01,1531,N,nominal,2.0NRT,287.32,1.31,N
-37.8242,146.52295,312.47,0.48,0.4,2026-05-01,1535,N,nominal,2.0NRT,276.3,1.38,N
-25.28157,149.15733,295.09,0.46,0.39,2026-05-01,1533,N,nominal,2.0NRT,285,0.55,N
-37.82531,146.50099,311.24,0.48,0.4,2026-05-01,1535,N,nominal,2.0NRT,278.98,1.4,N
-25.2822,149.16191,299.87,0.46,0.39,2026-05-01,1533,N,nominal,2.0NRT,285.51,0.55,N
-37.82662,146.51167,310.38,0.48,0.4,2026-05-01,1535,N,nominal,2.0NRT,277.19,1.29,N
-25.59431,146.414,327.22,0.39,0.36,2026-05-01,1533,N,nominal,2.0NRT,284.62,1.39,N
-37.82726,146.51695,305.65,0.48,0.4,2026-05-01,1535,N,nominal,2.0NRT,276.78,1.38,N
-26.36341,151.4482,313.12,0.41,0.45,2026-05-01,1533,N,nominal,2.0NRT,286.61,1.12,N
-37.82899,146.50005,307.63,0.48,0.4,2026-05-01,1535,N,nominal,2.0NRT,279.48,1.78,N
-26.62917,150.37057,300.04,0.54,0.42,2026-05-01,1533,N,nominal,2.0NRT,285.79,0.87,N
-37.82966,146.50546,299.94,0.48,0.4,2026-05-01,1535,N,nominal,2.0NRT,277.15,1.01,N
-26.62805,150.37447,300.09,0.54,0.42,2026-05-01,1533,N,nominal,2.0NRT,285.44,1.75,N
-37.74127,145.77399,297.73,0.45,0.39,2026-05-01,1535,N,nominal,2.0NRT,281.51,1.47,N
-26.12407,144.07936,295.78,0.4,0.37,2026-05-01,1533,N,nominal,2.0NRT,285.48,0.41,N
-37.74256,145.78397,304.25,0.45,0.39,2026-05-01,1535,N,nominal,2.0NRT,281.41,0.77,N
-26.1342,144.07727,297.54,0.4,0.37,2026-05-01,1533,N,nominal,2.0NRT,283.98,0.59,N
-37.83068,146.48283,299.59,0.48,0.4,2026-05-01,1535,N,nominal,2.0NRT,276.97,1.12,N
-27.10641,150.32526,302.89,0.55,0.42,2026-05-01,1533,N,nominal,2.0NRT,286.16,1.75,N
-37.83135,146.48828,304.67,0.48,0.4,2026-05-01,1535,N,nominal,2.0NRT,278.45,1.12,N
-27.11036,150.32468,321.46,0.55,0.42,2026-05-01,1533,N,nominal,2.0NRT,285.69,1.75,N
-37.83203,146.49382,303.44,0.48,0.4,2026-05-01,1535,N,nominal,2.0NRT,279.74,1.78,N
-27.33923,151.58961,300.55,0.43,0.46,2026-05-01,1533,N,nominal,2.0NRT,286.03,0.8,N
-37.82245,146.50075,307.96,0.48,0.4,2026-05-01,1535,N,nominal,2.0NRT,278.43,1.11,N
-26.9961,148.70445,300.49,0.46,0.39,2026-05-01,1533,N,nominal,2.0NRT,286.69,0.88,N
-37.82308,146.50603,296.1,0.48,0.4,2026-05-01,1535,N,nominal,2.0NRT,276.52,1.11,N
-27.36448,148.94246,302.61,0.47,0.4,2026-05-01,1533,N,nominal,2.0NRT,287.77,0.87,N
-37.8237,146.51129,303.98,0.48,0.4,2026-05-01,1535,N,nominal,2.0NRT,276.3,0.99,N
-27.36574,148.95209,298.69,0.47,0.4,2026-05-01,1533,N,nominal,2.0NRT,287.51,0.68,N
-37.82433,146.51653,300.52,0.48,0.4,2026-05-01,1535,N,nominal,2.0NRT,276.08,0.99,N
-28.82492,149.75787,303.03,0.54,0.42,2026-05-01,1533,N,nominal,2.0NRT,284.71,0.91,N
-37.82495,146.5218,311.98,0.48,0.4,2026-05-01,1535,N,nominal,2.0NRT,276.3,2.39,N
-28.8295,149.76283,296.07,0.54,0.42,2026-05-01,1533,N,nominal,2.0NRT,284.52,0.56,N
-37.82614,146.49974,306.01,0.48,0.4,2026-05-01,1535,N,nominal,2.0NRT,279.13,1.11,N
-29.33692,149.72476,297.54,0.54,0.42,2026-05-01,1533,N,nominal,2.0NRT,284.56,1.28,N
-37.82741,146.51051,309.78,0.48,0.4,2026-05-01,1535,N,nominal,2.0NRT,277.61,0.99,N
-29.25869,149.06902,298.89,0.5,0.41,2026-05-01,1533,N,nominal,2.0NRT,284.82,0.57,N
-37.82804,146.51584,297.9,0.48,0.4,2026-05-01,1535,N,nominal,2.0NRT,277.02,0.99,N
-29.25757,149.07237,296.29,0.5,0.41,2026-05-01,1533,N,nominal,2.0NRT,285.03,0.6,N
-37.74282,145.78253,307.95,0.45,0.39,2026-05-01,1535,N,nominal,2.0NRT,281.41,1,N
-29.33916,149.72267,296.18,0.54,0.42,2026-05-01,1533,N,nominal,2.0NRT,284.94,0.97,N
-37.82854,146.48787,296.62,0.48,0.4,2026-05-01,1535,N,nominal,2.0NRT,276.9,0.94,N
-29.26452,149.06592,299.5,0.5,0.41,2026-05-01,1533,N,nominal,2.0NRT,285.31,1.44,N
-37.82919,146.49336,299.14,0.48,0.4,2026-05-01,1535,N,nominal,2.0NRT,278.69,0.94,N
-29.94584,146.85324,296.45,0.42,0.37,2026-05-01,1533,N,nominal,2.0NRT,286.06,0.58,N
-37.82983,146.49879,313.76,0.48,0.4,2026-05-01,1535,N,nominal,2.0NRT,279.96,1.39,N
-30.60767,151.22035,314.6,0.45,0.47,2026-05-01,1533,N,nominal,2.0NRT,283.25,2.1,N
-37.83047,146.50427,300.26,0.48,0.4,2026-05-01,1535,N,nominal,2.0NRT,278.01,1.39,N
-30.34646,148.13759,311.27,0.47,0.4,2026-05-01,1533,N,nominal,2.0NRT,286.23,1.45,N
-37.74641,145.78169,296.38,0.45,0.39,2026-05-01,1535,N,nominal,2.0NRT,281.41,1,N
-30.45889,148.63435,313.81,0.49,0.4,2026-05-01,1533,N,nominal,2.0NRT,281.59,1.68,N
-37.83093,146.47606,298.24,0.48,0.4,2026-05-01,1535,N,nominal,2.0NRT,276.71,0.73,N
-30.57942,148.13373,316.59,0.47,0.4,2026-05-01,1533,N,nominal,2.0NRT,284.94,1.84,N
-37.83158,146.48155,301.15,0.48,0.4,2026-05-01,1535,N,nominal,2.0NRT,278.1,0.73,N
-30.58005,148.13869,316.02,0.47,0.4,2026-05-01,1533,N,nominal,2.0NRT,284.38,1.84,N
-37.83223,146.48706,304.34,0.48,0.4,2026-05-01,1535,N,nominal,2.0NRT,278.51,0.94,N
-30.59868,147.6001,307.09,0.45,0.39,2026-05-01,1533,N,nominal,2.0NRT,282.88,1.26,N
-37.74874,145.77086,299.45,0.45,0.39,2026-05-01,1535,N,nominal,2.0NRT,281.19,1.07,N
-30.60228,147.59946,316.05,0.45,0.39,2026-05-01,1533,N,nominal,2.0NRT,282.92,1.26,N
-37.77037,145.76669,295.23,0.45,0.39,2026-05-01,1535,N,nominal,2.0NRT,280.41,0.84,N
-30.61369,147.60225,301.51,0.45,0.39,2026-05-01,1533,N,nominal,2.0NRT,283.69,1.23,N
-37.77101,145.77174,300.45,0.45,0.39,2026-05-01,1535,N,nominal,2.0NRT,279.53,1.28,N
-30.61729,147.60162,312.31,0.45,0.39,2026-05-01,1533,N,nominal,2.0NRT,283.54,1.23,N
-37.77715,145.79108,308.6,0.45,0.39,2026-05-01,1535,N,nominal,2.0NRT,273.28,0.76,N
-30.74403,148.28821,301.31,0.48,0.4,2026-05-01,1533,N,nominal,2.0NRT,285.83,0.67,N
-37.77777,145.79605,298.17,0.45,0.39,2026-05-01,1535,N,nominal,2.0NRT,276,0.76,N
-30.69418,147.76331,299.87,0.45,0.39,2026-05-01,1533,N,nominal,2.0NRT,284.74,1.33,N
-37.77841,145.80113,297.14,0.45,0.39,2026-05-01,1535,N,nominal,2.0NRT,278.91,0.47,N
-30.694,147.76134,304.31,0.45,0.39,2026-05-01,1533,N,nominal,2.0NRT,284.68,0.92,N
-37.78073,145.79018,305.04,0.45,0.39,2026-05-01,1535,N,nominal,2.0NRT,274.8,1.09,N
-30.91231,146.86575,301.48,0.42,0.38,2026-05-01,1533,N,nominal,2.0NRT,284.28,0.78,N
-37.78136,145.79514,315.55,0.45,0.39,2026-05-01,1535,N,nominal,2.0NRT,276.05,1.09,N
-30.9516,146.16795,295.74,0.41,0.37,2026-05-01,1533,N,nominal,2.0NRT,283.14,0.33,N
-37.7837,145.78444,295.63,0.45,0.39,2026-05-01,1535,N,nominal,2.0NRT,273.67,0.52,N
-31.16364,146.8934,314.74,0.43,0.38,2026-05-01,1533,N,nominal,2.0NRT,275.2,1.34,N
-37.78432,145.78938,295.68,0.45,0.39,2026-05-01,1535,N,nominal,2.0NRT,275.35,1.09,N
-31.16963,146.91089,298.63,0.43,0.38,2026-05-01,1533,N,nominal,2.0NRT,275.84,0.78,N
-37.84087,146.00273,313.11,0.46,0.39,2026-05-01,1535,N,nominal,2.0NRT,282.95,1.11,N
-31.33175,146.65373,303.14,0.42,0.38,2026-05-01,1533,N,nominal,2.0NRT,281.92,1,N
-37.84149,146.00768,300.72,0.46,0.39,2026-05-01,1535,N,nominal,2.0NRT,283.41,1.11,N
-31.43951,146.6268,323.51,0.42,0.38,2026-05-01,1533,N,nominal,2.0NRT,283.1,1.81,N
-37.94364,146.08881,330.31,0.46,0.39,2026-05-01,1535,N,nominal,2.0NRT,289.34,2.39,N
-31.4389,146.62231,313.69,0.42,0.38,2026-05-01,1533,N,nominal,2.0NRT,282.29,1.81,N
-37.943,146.08366,302.73,0.46,0.39,2026-05-01,1535,N,nominal,2.0NRT,281.79,2.39,N
-31.4424,146.62166,328.78,0.42,0.38,2026-05-01,1533,N,nominal,2.0NRT,283.34,2.54,N
-37.94668,146.08311,299.62,0.46,0.39,2026-05-01,1535,N,nominal,2.0NRT,281.66,1.63,N
-31.44178,146.6172,317.81,0.42,0.38,2026-05-01,1533,N,nominal,2.0NRT,282.52,2.35,N
-37.94732,146.08824,313.18,0.46,0.39,2026-05-01,1535,N,nominal,2.0NRT,287.79,1.63,N
-31.44528,146.61655,325.04,0.42,0.38,2026-05-01,1533,N,nominal,2.0NRT,282.73,2.35,N
-37.94795,146.09334,304.57,0.46,0.39,2026-05-01,1535,N,nominal,2.0NRT,288.25,1.26,N
-31.75745,146.59283,295.9,0.42,0.38,2026-05-01,1533,N,nominal,2.0NRT,279.84,0.71,N
-37.95098,146.08762,324.17,0.46,0.39,2026-05-01,1535,N,nominal,2.0NRT,288.77,1.63,N
-32.21671,148.12386,299.42,0.49,0.4,2026-05-01,1535,N,nominal,2.0NRT,283.63,0.23,N
-37.95036,146.08253,306.62,0.46,0.39,2026-05-01,1535,N,nominal,2.0NRT,283.83,1.63,N
-32.07684,146.96144,296.05,0.44,0.38,2026-05-01,1535,N,nominal,2.0NRT,285.23,0.59,N
-37.95162,146.09273,308.29,0.46,0.39,2026-05-01,1535,N,nominal,2.0NRT,288.2,1.26,N
-32.07747,146.96611,309,0.44,0.38,2026-05-01,1535,N,nominal,2.0NRT,285.31,1.61,N
-37.95403,146.08202,295.77,0.46,0.39,2026-05-01,1535,N,nominal,2.0NRT,283.15,1.76,N
-32.08395,146.9601,299.48,0.44,0.38,2026-05-01,1535,N,nominal,2.0NRT,284.82,0.9,N
-37.95466,146.08707,310.83,0.46,0.39,2026-05-01,1535,N,nominal,2.0NRT,285.74,1.76,N
-32.08751,146.95943,308.62,0.44,0.38,2026-05-01,1535,N,nominal,2.0NRT,285.11,0.9,N
-37.9553,146.09219,315.76,0.46,0.39,2026-05-01,1535,N,nominal,2.0NRT,289.04,1.59,N
-30.44405,136.86131,300.98,0.47,0.48,2026-05-01,1535,N,nominal,2.0NRT,289.59,1,N
-37.95593,146.09732,309.33,0.46,0.39,2026-05-01,1535,N,nominal,2.0NRT,287.69,1.59,N
-32.40124,148.10043,300.36,0.49,0.4,2026-05-01,1535,N,nominal,2.0NRT,285.58,0.62,N
-37.95833,146.08646,322.76,0.46,0.39,2026-05-01,1535,N,nominal,2.0NRT,286.89,1.76,N
-32.23828,146.56728,300.95,0.43,0.38,2026-05-01,1535,N,nominal,2.0NRT,281.17,0.67,N
-37.95896,146.09152,319.19,0.46,0.39,2026-05-01,1535,N,nominal,2.0NRT,289.09,1.59,N
-32.20436,145.58719,302.49,0.4,0.37,2026-05-01,1535,N,nominal,2.0NRT,286.59,0.7,N
-37.9596,146.09673,303.83,0.46,0.39,2026-05-01,1535,N,nominal,2.0NRT,287.7,1.59,N
-32.20932,145.573,297.9,0.4,0.37,2026-05-01,1535,N,nominal,2.0NRT,285.63,0.73,N
-37.78509,144.73056,296.34,0.42,0.37,2026-05-01,1535,N,nominal,2.0NRT,279.47,0.68,N
-32.66423,148.21484,300.18,0.5,0.41,2026-05-01,1535,N,nominal,2.0NRT,286.37,0.76,N
-37.962,146.08586,298.34,0.46,0.39,2026-05-01,1535,N,nominal,2.0NRT,283.81,0.78,N
-32.98735,148.99078,301.2,0.55,0.42,2026-05-01,1535,N,nominal,2.0NRT,284.44,1.43,N
-37.96263,146.09093,302.74,0.46,0.39,2026-05-01,1535,N,nominal,2.0NRT,287.45,1.19,N
-32.98953,148.98978,298.82,0.55,0.42,2026-05-01,1535,N,nominal,2.0NRT,283.99,1.55,N
-37.96328,146.09612,299.07,0.46,0.39,2026-05-01,1535,N,nominal,2.0NRT,287.32,1.19,N
-32.59346,144.8017,302.08,0.39,0.36,2026-05-01,1535,N,nominal,2.0NRT,275.71,0.69,N
-37.96631,146.09042,315.73,0.46,0.39,2026-05-01,1535,N,nominal,2.0NRT,286.44,1.19,N
-32.59682,144.80099,295.02,0.39,0.36,2026-05-01,1535,N,nominal,2.0NRT,277.1,0.49,N
-37.96999,146.0899,301.96,0.46,0.39,2026-05-01,1535,N,nominal,2.0NRT,284.29,0.66,N
-32.98125,146.62498,305.57,0.43,0.38,2026-05-01,1535,N,nominal,2.0NRT,278.76,0.78,N
-37.97367,146.08932,297.31,0.46,0.39,2026-05-01,1535,N,nominal,2.0NRT,282.92,0.66,N
-33.24054,148.38863,296.68,0.51,0.41,2026-05-01,1535,N,nominal,2.0NRT,284.97,1.17,N
-37.83256,144.78741,336.26,0.42,0.38,2026-05-01,1535,N,nominal,2.0NRT,284.76,4.32,N
-33.2444,148.38811,313.76,0.51,0.41,2026-05-01,1535,N,nominal,2.0NRT,285.24,1.17,N
-37.99533,145.70267,296.07,0.45,0.39,2026-05-01,1535,N,nominal,2.0NRT,281.75,0.29,N
-33.24125,148.38776,307.04,0.51,0.41,2026-05-01,1535,N,nominal,2.0NRT,285.44,1.49,N
-38.06418,146.25716,301.51,0.47,0.4,2026-05-01,1535,N,nominal,2.0NRT,281.12,1.03,N
-33.24511,148.38724,306.62,0.51,0.41,2026-05-01,1535,N,nominal,2.0NRT,284.56,1.5,N
-38.03705,144.26509,296.55,0.41,0.37,2026-05-01,1537,N,nominal,2.0NRT,278.26,1.06,N
-33.33134,147.48857,308.36,0.47,0.4,2026-05-01,1535,N,nominal,2.0NRT,283.61,1,N
-38.49976,143.79813,298.59,0.4,0.37,2026-05-01,1537,N,nominal,2.0NRT,284.89,0.69,N
-38.51733,143.82269,296.45,0.4,0.37,2026-05-01,1537,N,nominal,2.0NRT,281.62,0.66,N
-33.33503,147.48792,297.71,0.47,0.4,2026-05-01,1535,N,nominal,2.0NRT,282.62,0.52,N
-38.52309,143.76422,299.5,0.4,0.37,2026-05-01,1537,N,nominal,2.0NRT,283.74,0.98,N
-33.76575,150.84966,298.14,0.46,0.47,2026-05-01,1535,N,nominal,2.0NRT,283.79,0.55,N
-38.47094,143.11713,337.28,0.39,0.36,2026-05-01,1537,N,nominal,2.0NRT,287.42,4.48,N
-33.48272,147.77742,296.47,0.49,0.4,2026-05-01,1535,N,nominal,2.0NRT,281.59,0.42,N
-38.48488,143.21204,300.6,0.39,0.36,2026-05-01,1537,N,nominal,2.0NRT,281.27,0.48,N
-33.16539,144.09116,295.41,0.39,0.36,2026-05-01,1535,N,nominal,2.0NRT,284.03,0.45,N
-38.61417,143.26385,324.64,0.39,0.36,2026-05-01,1537,N,nominal,2.0NRT,280.17,1.1,N
-33.16603,144.09531,297.32,0.39,0.36,2026-05-01,1535,N,nominal,2.0NRT,285.19,0.45,N
-38.61689,143.25851,299.29,0.39,0.36,2026-05-01,1537,N,nominal,2.0NRT,279.34,1.1,N
-33.16809,144.08627,300.45,0.39,0.36,2026-05-01,1535,N,nominal,2.0NRT,284.02,0.5,N
-38.61755,143.26306,302.52,0.39,0.36,2026-05-01,1537,N,nominal,2.0NRT,278.94,1.1,N
-33.16873,144.09042,300.13,0.39,0.36,2026-05-01,1535,N,nominal,2.0NRT,283.97,0.45,N
-40.85087,145.38066,317.16,0.46,0.39,2026-05-01,1537,N,nominal,2.0NRT,281.8,2.67,N
-33.17143,144.08554,303.82,0.39,0.36,2026-05-01,1535,N,nominal,2.0NRT,284.69,0.72,N
-40.8476,144.9312,305.43,0.45,0.39,2026-05-01,1537,N,nominal,2.0NRT,272.21,1.33,N
-34.0837,150.84293,299.13,0.47,0.48,2026-05-01,1535,N,nominal,2.0NRT,283.55,0.67,N
-40.8512,144.93042,303.99,0.45,0.39,2026-05-01,1537,N,nominal,2.0NRT,272.27,1.52,N
-34.08815,150.84225,298.93,0.47,0.48,2026-05-01,1535,N,nominal,2.0NRT,283.69,0.99,N
-40.84757,144.9301,309.12,0.45,0.39,2026-05-01,1537,N,nominal,2.0NRT,273.14,1.15,N
-34.09211,150.8365,297.59,0.47,0.48,2026-05-01,1535,N,nominal,2.0NRT,283.88,0.99,N
-40.85117,144.92931,306.85,0.45,0.39,2026-05-01,1537,N,nominal,2.0NRT,270.26,1.15,N
-34.0926,150.8416,308.56,0.47,0.48,2026-05-01,1535,N,nominal,2.0NRT,283.83,0.99,N
-40.86691,144.93686,309.43,0.45,0.39,2026-05-01,1537,N,nominal,2.0NRT,276.34,1.68,N
-33.83168,146.15569,295.73,0.43,0.38,2026-05-01,1535,N,nominal,2.0NRT,279.33,0.38,N
-40.87052,144.9361,305.75,0.45,0.39,2026-05-01,1537,N,nominal,2.0NRT,276.23,1.48,N
-34.06439,147.91127,295.88,0.5,0.41,2026-05-01,1535,N,nominal,2.0NRT,284.12,0.85,N
-41.00872,145.16208,314.44,0.46,0.39,2026-05-01,1537,N,nominal,2.0NRT,276.65,1.73,N
-34.06504,147.91675,304.41,0.5,0.41,2026-05-01,1535,N,nominal,2.0NRT,284.57,0.85,N
-41.01103,145.15034,305.29,0.46,0.39,2026-05-01,1537,N,nominal,2.0NRT,276.5,1.37,N
-34.45486,150.87808,311.22,0.47,0.48,2026-05-01,1535,N,nominal,2.0NRT,287.43,2.77,N
-41.0117,145.15587,304.05,0.46,0.39,2026-05-01,1537,N,nominal,2.0NRT,276.39,1.37,N
-34.45985,150.88275,332.2,0.47,0.48,2026-05-01,1535,N,nominal,2.0NRT,288.63,5.39,N
-41.01401,145.14407,300,0.46,0.39,2026-05-01,1537,N,nominal,2.0NRT,276.29,1.24,N
-34.46537,150.8927,308.52,0.47,0.48,2026-05-01,1535,N,nominal,2.0NRT,287.86,1.04,N
-41.01765,145.14331,302.99,0.46,0.39,2026-05-01,1537,N,nominal,2.0NRT,275.68,1.11,N
-34.46985,150.89204,298.02,0.47,0.48,2026-05-01,1535,N,nominal,2.0NRT,286.25,1.04,N
-41.3176,146.69673,330.08,0.53,0.42,2026-05-01,1537,N,nominal,2.0NRT,277.8,4.87,N
-34.45658,150.87677,309.67,0.47,0.48,2026-05-01,1535,N,nominal,2.0NRT,286.17,1.23,N
-41.31692,146.6904,317.94,0.53,0.42,2026-05-01,1537,N,nominal,2.0NRT,277.31,4.52,N
-34.45707,150.88208,301.18,0.47,0.48,2026-05-01,1535,N,nominal,2.0NRT,286.39,1.23,N
-41.90161,147.79971,308.05,0.4,0.44,2026-05-01,1537,N,nominal,2.0NRT,279.19,1.16,N
-34.46155,150.88142,332.99,0.47,0.48,2026-05-01,1535,N,nominal,2.0NRT,287.89,4.36,N
-41.90578,147.79916,298.52,0.4,0.44,2026-05-01,1537,N,nominal,2.0NRT,278.54,0.81,N
-34.46203,150.8867,307.21,0.47,0.48,2026-05-01,1535,N,nominal,2.0NRT,287.28,1.66,N
-42.87261,147.8721,299.27,0.41,0.45,2026-05-01,1537,N,nominal,2.0NRT,260.12,2.81,N
-34.467,150.89137,303.11,0.48,0.48,2026-05-01,1535,N,nominal,2.0NRT,287.52,1.66,N
-42.78646,146.95651,328.75,0.56,0.43,2026-05-01,1537,N,nominal,2.0NRT,270.08,6.09,N
-34.46748,150.89671,301.25,0.48,0.48,2026-05-01,1535,N,nominal,2.0NRT,286.15,1.51,N
-42.78712,146.96303,324.77,0.56,0.43,2026-05-01,1537,N,nominal,2.0NRT,267.52,5.09,N
-34.25549,147.68684,299.6,0.49,0.4,2026-05-01,1535,N,nominal,2.0NRT,282.25,0.42,N
-42.7865,146.95711,329.08,0.56,0.43,2026-05-01,1537,N,nominal,2.0NRT,269.95,10.11,N
-11.49053,130.52664,306.77,0.5,0.49,2026-05-01,1709,N,nominal,2.0NRT,291.88,1.02,N
-11.49508,130.52597,317.11,0.5,0.49,2026-05-01,1709,N,nominal,2.0NRT,291.5,2.69,N
-13.52334,130.87022,320.18,0.57,0.52,2026-05-01,1711,N,nominal,2.0NRT,291.4,3.56,N
-12.66072,124.54294,317.89,0.39,0.36,2026-05-01,1711,N,nominal,2.0NRT,297.43,0.79,N
-13.79511,131.58075,310.55,0.64,0.54,2026-05-01,1711,N,nominal,2.0NRT,291.31,1.08,N
-13.79373,131.57936,312.59,0.64,0.54,2026-05-01,1711,N,nominal,2.0NRT,291.54,1.97,N
-14.05759,131.83162,304.36,0.33,0.55,2026-05-01,1711,N,nominal,2.0NRT,290.99,0.45,N
-14.08281,131.8665,312.83,0.33,0.56,2026-05-01,1711,N,nominal,2.0NRT,291.54,0.95,N
-14.28632,132.59181,310.74,0.38,0.58,2026-05-01,1711,N,nominal,2.0NRT,291.31,1.06,N
-14.2867,132.59505,303.8,0.38,0.58,2026-05-01,1711,N,nominal,2.0NRT,291.17,1.06,N
-14.24938,132.14742,297.15,0.35,0.57,2026-05-01,1711,N,nominal,2.0NRT,283.53,1.68,N
-14.24977,132.15063,317.85,0.35,0.57,2026-05-01,1711,N,nominal,2.0NRT,282.68,1.35,N
-14.25411,132.18642,298.17,0.35,0.57,2026-05-01,1711,N,nominal,2.0NRT,282.21,1.28,N
-14.35742,132.76793,302.26,0.39,0.59,2026-05-01,1711,N,nominal,2.0NRT,290.43,0.43,N
-14.32879,132.28188,318.65,0.36,0.57,2026-05-01,1711,N,nominal,2.0NRT,291.34,1.29,N
-14.78571,126.51539,304.85,0.48,0.4,2026-05-01,1711,N,nominal,2.0NRT,293.92,1.39,N
-14.73188,125.85132,304.3,0.45,0.39,2026-05-01,1711,N,nominal,2.0NRT,293.57,0.94,N
-15.38218,129.7157,310.29,0.5,0.49,2026-05-01,1711,N,nominal,2.0NRT,293.09,1.59,N
-15.46772,130.02538,319.86,0.53,0.5,2026-05-01,1711,N,nominal,2.0NRT,293.43,3.69,N
-15.42751,129.67096,308.75,0.5,0.49,2026-05-01,1711,N,nominal,2.0NRT,293.88,2.42,N
-15.47176,130.01985,304.49,0.53,0.5,2026-05-01,1711,N,nominal,2.0NRT,292.35,1.75,N
-15.43143,129.66545,310.02,0.5,0.49,2026-05-01,1711,N,nominal,2.0NRT,293.43,3.17,N
-15.44456,129.65967,302.82,0.5,0.49,2026-05-01,1711,N,nominal,2.0NRT,292.01,0.48,N
-15.5422,129.99229,303.56,0.53,0.5,2026-05-01,1711,N,nominal,2.0NRT,292.09,0.35,N
-15.52574,129.49364,305.8,0.49,0.48,2026-05-01,1711,N,nominal,2.0NRT,292.43,1.36,N
-15.53025,129.49313,307,0.49,0.48,2026-05-01,1711,N,nominal,2.0NRT,292.38,1.29,N
-15.40741,126.85699,305.96,0.51,0.41,2026-05-01,1711,N,nominal,2.0NRT,291.24,0.72,N
-15.41121,126.85641,323.07,0.51,0.41,2026-05-01,1711,N,nominal,2.0NRT,291.59,3.09,N
-15.40975,126.85489,328.68,0.51,0.41,2026-05-01,1711,N,nominal,2.0NRT,292.22,3.9,N
-15.22796,125.45338,311.9,0.43,0.38,2026-05-01,1711,N,nominal,2.0NRT,293.55,1.03,N
-15.5409,127.53145,323.57,0.55,0.43,2026-05-01,1711,N,nominal,2.0NRT,295.37,1.47,N
-15.69913,128.69858,325.41,0.44,0.46,2026-05-01,1711,N,nominal,2.0NRT,291.08,3.02,N
-15.54486,127.53081,304.59,0.55,0.43,2026-05-01,1711,N,nominal,2.0NRT,293.96,1.47,N
-15.70928,128.70972,304.77,0.44,0.46,2026-05-01,1711,N,nominal,2.0NRT,290.65,1.86,N
-15.29656,125.55158,308.31,0.44,0.38,2026-05-01,1711,N,nominal,2.0NRT,293.76,1.48,N
-15.28078,125.37057,306.63,0.43,0.38,2026-05-01,1711,N,nominal,2.0NRT,294.21,1.87,N
-15.29813,125.48823,305.61,0.44,0.38,2026-05-01,1711,N,nominal,2.0NRT,294.48,0.94,N
-15.7739,128.67108,312.28,0.44,0.46,2026-05-01,1711,N,nominal,2.0NRT,294.1,2,N
-15.77268,128.6722,308.08,0.44,0.46,2026-05-01,1711,N,nominal,2.0NRT,293.97,1.41,N
-15.77694,128.67151,310.29,0.44,0.46,2026-05-01,1711,N,nominal,2.0NRT,293.93,1.41,N
-15.78121,128.67085,313.93,0.44,0.46,2026-05-01,1711,N,nominal,2.0NRT,294.85,1.52,N
-15.78549,128.67026,307.13,0.44,0.46,2026-05-01,1711,N,nominal,2.0NRT,294.13,1.52,N
-15.80905,128.65045,311.45,0.43,0.46,2026-05-01,1711,N,nominal,2.0NRT,292.08,1.69,N
-15.68642,127.63097,319.45,0.56,0.43,2026-05-01,1711,N,nominal,2.0NRT,294.82,1.81,N
-15.69041,127.63033,306.48,0.56,0.43,2026-05-01,1711,N,nominal,2.0NRT,294.55,1.81,N
-15.6944,127.62971,333.15,0.56,0.43,2026-05-01,1711,N,nominal,2.0NRT,294.81,5.17,N
-15.72251,127.80654,313.17,0.39,0.44,2026-05-01,1711,N,nominal,2.0NRT,295.77,1.8,N
-15.70161,127.62295,307.51,0.56,0.43,2026-05-01,1711,N,nominal,2.0NRT,294.59,3.86,N
-15.70559,127.62228,339.3,0.56,0.43,2026-05-01,1711,N,nominal,2.0NRT,296.22,3.86,N
-15.71031,127.62696,321.96,0.56,0.43,2026-05-01,1711,N,nominal,2.0NRT,294.21,2.33,N
-15.70958,127.62167,311.37,0.56,0.43,2026-05-01,1711,N,nominal,2.0NRT,294.05,2.33,N
-15.73361,127.79736,306.34,0.39,0.44,2026-05-01,1711,N,nominal,2.0NRT,294.95,0.75,N
-15.73413,127.80115,312.76,0.39,0.44,2026-05-01,1711,N,nominal,2.0NRT,294.95,1.57,N
-15.73718,127.79337,306.96,0.38,0.44,2026-05-01,1711,N,nominal,2.0NRT,293.86,0.75,N
-15.73768,127.79698,304.66,0.39,0.44,2026-05-01,1711,N,nominal,2.0NRT,294.15,0.75,N
-15.88876,128.79123,305.37,0.44,0.46,2026-05-01,1711,N,nominal,2.0NRT,294.16,1.02,N
-15.49596,125.94996,302.1,0.46,0.39,2026-05-01,1711,N,nominal,2.0NRT,290.22,0.55,N
-15.50775,125.95449,301.71,0.46,0.39,2026-05-01,1711,N,nominal,2.0NRT,290.02,0.47,N
-15.45742,125.49898,303.82,0.44,0.38,2026-05-01,1711,N,nominal,2.0NRT,293.46,0.76,N
-15.44623,125.34692,326.31,0.43,0.38,2026-05-01,1711,N,nominal,2.0NRT,294.56,2.79,N
-15.46091,125.37341,314.17,0.43,0.38,2026-05-01,1711,N,nominal,2.0NRT,294.23,1.88,N
-15.45666,125.1732,318.63,0.43,0.38,2026-05-01,1711,N,nominal,2.0NRT,295.11,2.79,N
-15.45784,125.18119,307.88,0.43,0.38,2026-05-01,1711,N,nominal,2.0NRT,294.92,1.59,N
-15.46134,125.18063,325.76,0.43,0.38,2026-05-01,1711,N,nominal,2.0NRT,295.25,2.66,N
-15.46424,125.17607,310.78,0.43,0.38,2026-05-01,1711,N,nominal,2.0NRT,294.56,2.73,N
-15.46775,125.17554,312.4,0.43,0.38,2026-05-01,1711,N,nominal,2.0NRT,294.87,2.01,N
-15.55047,125.68819,302.61,0.45,0.39,2026-05-01,1711,N,nominal,2.0NRT,292.38,0.61,N
-15.53817,125.43188,326.92,0.44,0.38,2026-05-01,1711,N,nominal,2.0NRT,294.44,2.04,N
-15.51359,125.26667,310.23,0.43,0.38,2026-05-01,1711,N,nominal,2.0NRT,294.75,1.67,N
-15.51391,125.26778,311.84,0.43,0.38,2026-05-01,1711,N,nominal,2.0NRT,294.86,1.87,N
-15.53719,125.4292,319.02,0.44,0.38,2026-05-01,1711,N,nominal,2.0NRT,294.9,2.05,N
-15.53777,125.4332,313.72,0.44,0.38,2026-05-01,1711,N,nominal,2.0NRT,294.09,1.29,N
-15.54131,125.43269,315.99,0.44,0.38,2026-05-01,1711,N,nominal,2.0NRT,294.08,0.99,N
-15.54486,125.43217,307.56,0.44,0.38,2026-05-01,1711,N,nominal,2.0NRT,293.91,0.99,N
-15.97822,128.6067,305.04,0.43,0.46,2026-05-01,1711,N,nominal,2.0NRT,293.86,1.41,N
-16.03609,128.99611,308.75,0.46,0.47,2026-05-01,1711,N,nominal,2.0NRT,293.68,1.86,N
-15.55904,125.43017,313.61,0.44,0.38,2026-05-01,1711,N,nominal,2.0NRT,294.32,1.13,N
-15.55963,125.4343,306.07,0.44,0.38,2026-05-01,1711,N,nominal,2.0NRT,293.49,1.13,N
-16.04211,129.00861,304.74,0.46,0.47,2026-05-01,1711,N,nominal,2.0NRT,292.92,1.99,N
-16.04649,129.00784,306.35,0.46,0.47,2026-05-01,1711,N,nominal,2.0NRT,294.08,1.6,N
-16.05085,129.00705,308.75,0.46,0.47,2026-05-01,1711,N,nominal,2.0NRT,294.5,1.6,N
-16.05143,129.01163,308.48,0.46,0.47,2026-05-01,1711,N,nominal,2.0NRT,294.35,2.14,N
-15.5455,125.26251,308.26,0.43,0.38,2026-05-01,1711,N,nominal,2.0NRT,294.47,1.17,N
-16.05581,129.01094,307.92,0.46,0.47,2026-05-01,1711,N,nominal,2.0NRT,293.92,1.13,N
-15.54901,125.26197,307.43,0.43,0.38,2026-05-01,1711,N,nominal,2.0NRT,294.15,1.17,N
-16.06021,129.01044,308.98,0.46,0.47,2026-05-01,1711,N,nominal,2.0NRT,293.72,1.13,N
-16.39979,131.8537,302.84,0.36,0.57,2026-05-01,1711,N,nominal,2.0NRT,290.14,0.45,N
-15.71806,126.41678,320.56,0.49,0.4,2026-05-01,1711,N,nominal,2.0NRT,291.78,2.71,N
-16.01996,128.66078,310.87,0.44,0.46,2026-05-01,1711,N,nominal,2.0NRT,294.7,2.47,N
-16.06403,129.00531,303.8,0.46,0.47,2026-05-01,1711,N,nominal,2.0NRT,293.09,1.66,N
-16.02422,128.65996,325.88,0.44,0.46,2026-05-01,1711,N,nominal,2.0NRT,295,2.47,N
-15.62073,125.53011,324.24,0.44,0.38,2026-05-01,1711,N,nominal,2.0NRT,295.09,2.77,N
-15.6266,125.54542,306.54,0.44,0.39,2026-05-01,1711,N,nominal,2.0NRT,293.91,1.34,N
-15.63259,125.53658,313.97,0.44,0.38,2026-05-01,1711,N,nominal,2.0NRT,293.97,1.94,N
-15.63348,125.44384,310.64,0.44,0.38,2026-05-01,1711,N,nominal,2.0NRT,294.22,1.26,N
-15.6656,125.34892,307.16,0.43,0.38,2026-05-01,1711,N,nominal,2.0NRT,294.52,1.5,N
-16.70394,133.41774,302.66,0.46,0.63,2026-05-01,1711,N,nominal,2.0NRT,289.36,0.9,N
-16.70941,133.4127,302,0.46,0.63,2026-05-01,1711,N,nominal,2.0NRT,289.48,1.95,N
-16.71034,133.42145,300.85,0.46,0.63,2026-05-01,1711,N,nominal,2.0NRT,289.63,0.9,N
-16.59099,132.12787,311.65,0.37,0.58,2026-05-01,1711,N,nominal,2.0NRT,290.88,1.11,N
-16.23608,128.60986,315.16,0.44,0.46,2026-05-01,1711,N,nominal,2.0NRT,294.64,1.61,N
-16.23661,128.61394,307.76,0.44,0.46,2026-05-01,1711,N,nominal,2.0NRT,293.97,1.78,N
-16.24034,128.60905,313.01,0.44,0.46,2026-05-01,1711,N,nominal,2.0NRT,294.15,1.61,N
-16.2446,128.60828,335.26,0.44,0.46,2026-05-01,1711,N,nominal,2.0NRT,294.47,4.87,N
-16.24514,128.61241,330.57,0.44,0.46,2026-05-01,1711,N,nominal,2.0NRT,294.58,2.21,N
-16.247,128.62679,329.2,0.44,0.46,2026-05-01,1711,N,nominal,2.0NRT,293.09,1.99,N
-16.09112,127.45042,305.84,0.56,0.43,2026-05-01,1711,N,nominal,2.0NRT,292.45,0.98,N
-16.0951,127.4499,305.07,0.56,0.43,2026-05-01,1711,N,nominal,2.0NRT,291.83,0.98,N
-16.2495,128.61237,314.24,0.44,0.46,2026-05-01,1711,N,nominal,2.0NRT,293.22,2.21,N
-16.2501,128.617,318.95,0.44,0.46,2026-05-01,1711,N,nominal,2.0NRT,293.91,2.21,N
-16.25133,128.62648,303.29,0.44,0.46,2026-05-01,1711,N,nominal,2.0NRT,292.42,1.99,N
-15.81251,125.12382,304.76,0.43,0.38,2026-05-01,1711,N,nominal,2.0NRT,293.68,1.33,N
-15.816,125.12322,320.27,0.43,0.38,2026-05-01,1711,N,nominal,2.0NRT,294.18,1.33,N
-15.81307,125.12514,303.84,0.43,0.38,2026-05-01,1711,N,nominal,2.0NRT,293.33,0.99,N
-15.81598,125.12053,311.28,0.43,0.38,2026-05-01,1711,N,nominal,2.0NRT,293.81,0.99,N
-15.81657,125.12456,313.43,0.43,0.38,2026-05-01,1711,N,nominal,2.0NRT,293.64,0.99,N
-15.82007,125.12394,305.72,0.43,0.38,2026-05-01,1711,N,nominal,2.0NRT,293.9,1,N
-15.7758,124.7962,322.56,0.42,0.37,2026-05-01,1711,N,nominal,2.0NRT,295.46,2.31,N
-15.94403,125.75859,305.6,0.45,0.39,2026-05-01,1711,N,nominal,2.0NRT,294.67,1.05,N
-15.82768,124.88345,307.27,0.42,0.38,2026-05-01,1711,N,nominal,2.0NRT,293.65,1.57,N
-15.82998,124.87504,315.72,0.42,0.38,2026-05-01,1711,N,nominal,2.0NRT,293.98,1.44,N
-15.83056,124.87897,319.02,0.42,0.38,2026-05-01,1711,N,nominal,2.0NRT,294.22,1.44,N
-16.49176,126.83289,306.26,0.52,0.42,2026-05-01,1711,N,nominal,2.0NRT,289.97,1.09,N
-16.49339,126.83524,310.65,0.52,0.42,2026-05-01,1711,N,nominal,2.0NRT,289.64,1.15,N
-17.03054,130.64969,302.93,0.61,0.53,2026-05-01,1711,N,nominal,2.0NRT,289.83,2.12,N
-17.0355,130.64897,315.58,0.61,0.53,2026-05-01,1711,N,nominal,2.0NRT,290.61,2.12,N
-17.04047,130.64833,314.34,0.61,0.53,2026-05-01,1711,N,nominal,2.0NRT,290.39,3.95,N
-16.29276,124.4021,329.48,0.41,0.37,2026-05-01,1711,N,nominal,2.0NRT,296.07,4.8,N
-16.29333,124.40591,345.63,0.41,0.37,2026-05-01,1711,N,nominal,2.0NRT,296.95,4.8,N
-16.72161,126.84777,301.66,0.52,0.42,2026-05-01,1711,N,nominal,2.0NRT,289.86,0.39,N
-16.75903,126.86214,309.84,0.53,0.42,2026-05-01,1711,N,nominal,2.0NRT,292.44,2.08,N
-17.62886,132.90804,301.42,0.43,0.62,2026-05-01,1711,N,nominal,2.0NRT,289.69,1.32,N
-17.62931,132.91225,306.18,0.43,0.62,2026-05-01,1711,N,nominal,2.0NRT,289.44,1.43,N
-17.63387,132.90784,300.35,0.43,0.62,2026-05-01,1711,N,nominal,2.0NRT,289.82,1.18,N
-17.63429,132.91203,302.57,0.43,0.62,2026-05-01,1711,N,nominal,2.0NRT,289.26,0.79,N
-17.65524,132.82924,299.07,0.43,0.62,2026-05-01,1711,N,nominal,2.0NRT,288.99,0.9,N
-17.65617,132.72487,299.92,0.42,0.61,2026-05-01,1711,N,nominal,2.0NRT,289.32,1.25,N
-17.66255,132.67459,302.21,0.42,0.61,2026-05-01,1711,N,nominal,2.0NRT,288.95,0.97,N
-17.67784,132.7099,309.26,0.42,0.61,2026-05-01,1711,N,nominal,2.0NRT,289.48,1.16,N
-17.67912,132.72218,305.82,0.42,0.61,2026-05-01,1711,N,nominal,2.0NRT,289.25,0.57,N
-17.68256,132.755,301.92,0.42,0.61,2026-05-01,1711,N,nominal,2.0NRT,289.3,0.33,N
-17.68299,132.75911,299.28,0.43,0.62,2026-05-01,1711,N,nominal,2.0NRT,289.07,0.33,N
-17.68486,132.72148,307.81,0.42,0.61,2026-05-01,1711,N,nominal,2.0NRT,289.42,1.02,N
-17.18287,124.97945,306.36,0.43,0.38,2026-05-01,1711,N,nominal,2.0NRT,293.25,0.42,N
-17.19586,124.99416,307.75,0.43,0.38,2026-05-01,1711,N,nominal,2.0NRT,294.14,1.25,N
-17.1957,124.99488,307.65,0.43,0.38,2026-05-01,1711,N,nominal,2.0NRT,294.27,1.25,N
-17.20217,124.98959,315.67,0.43,0.38,2026-05-01,1711,N,nominal,2.0NRT,295.53,1.41,N
-17.20276,124.99372,311.21,0.43,0.38,2026-05-01,1711,N,nominal,2.0NRT,294.07,1.48,N
-17.2057,124.98902,305.3,0.43,0.38,2026-05-01,1711,N,nominal,2.0NRT,293.6,1.41,N
-17.21514,125.00452,340.53,0.43,0.38,2026-05-01,1711,N,nominal,2.0NRT,296.29,6.8,N
-17.21926,125.00812,304.62,0.43,0.38,2026-05-01,1711,N,nominal,2.0NRT,294.16,1.15,N
-17.21926,124.98289,307.43,0.43,0.38,2026-05-01,1711,N,nominal,2.0NRT,294.44,1.45,N
-17.23222,124.99768,305.92,0.43,0.38,2026-05-01,1711,N,nominal,2.0NRT,294.52,1.71,N
-17.23576,124.99715,329.5,0.43,0.38,2026-05-01,1711,N,nominal,2.0NRT,294.06,1.71,N
-17.23695,125.0054,328.01,0.43,0.38,2026-05-01,1711,N,nominal,2.0NRT,294.21,2.79,N
-17.23516,124.99301,307.87,0.43,0.38,2026-05-01,1711,N,nominal,2.0NRT,293.89,2.38,N
-17.17983,124.30125,307.45,0.41,0.37,2026-05-01,1711,N,nominal,2.0NRT,293.52,1.41,N
-17.19015,124.29958,311.9,0.41,0.37,2026-05-01,1711,N,nominal,2.0NRT,293.18,0.85,N
-17.19359,124.29903,316.22,0.41,0.37,2026-05-01,1711,N,nominal,2.0NRT,293.36,1.55,N
-17.34748,125.31624,303.38,0.45,0.39,2026-05-01,1711,N,nominal,2.0NRT,292.93,0.49,N
-17.26631,124.61404,306.2,0.42,0.38,2026-05-01,1711,N,nominal,2.0NRT,292.72,0.49,N
-17.27096,124.54832,304.5,0.42,0.38,2026-05-01,1711,N,nominal,2.0NRT,292.54,0.56,N
-17.30584,124.68948,303.61,0.42,0.38,2026-05-01,1711,N,nominal,2.0NRT,291.59,0.46,N
-17.30874,124.68491,312.24,0.42,0.38,2026-05-01,1711,N,nominal,2.0NRT,292.62,1.52,N
-17.30933,124.68891,313.52,0.42,0.38,2026-05-01,1711,N,nominal,2.0NRT,291.98,1.22,N
-17.28592,124.40913,302.75,0.41,0.37,2026-05-01,1711,N,nominal,2.0NRT,291.45,0.42,N
-17.29521,124.47184,311.76,0.42,0.37,2026-05-01,1711,N,nominal,2.0NRT,293.39,1,N
-17.29579,124.47577,314.45,0.42,0.37,2026-05-01,1711,N,nominal,2.0NRT,293.51,1,N
-17.30394,124.53094,303.64,0.42,0.38,2026-05-01,1711,N,nominal,2.0NRT,292.88,0.89,N
-17.29867,124.47129,308.86,0.42,0.37,2026-05-01,1711,N,nominal,2.0NRT,292.99,1.19,N
-17.30447,124.4865,312.85,0.42,0.37,2026-05-01,1711,N,nominal,2.0NRT,293.88,0.84,N
-17.30505,124.49043,306.82,0.42,0.37,2026-05-01,1711,N,nominal,2.0NRT,293.62,0.84,N
-17.34317,124.72459,307.45,0.43,0.38,2026-05-01,1711,N,nominal,2.0NRT,291.63,0.79,N
-17.34667,124.72405,314.46,0.43,0.38,2026-05-01,1711,N,nominal,2.0NRT,291.7,0.79,N
-17.34726,124.72807,302.93,0.43,0.38,2026-05-01,1711,N,nominal,2.0NRT,291.75,0.79,N
-17.32903,124.23188,305.79,0.41,0.37,2026-05-01,1711,N,nominal,2.0NRT,293.39,1.02,N
-17.39446,124.29288,334.05,0.41,0.37,2026-05-01,1711,N,nominal,2.0NRT,296.63,5.79,N
-17.39504,124.29678,333.25,0.41,0.37,2026-05-01,1711,N,nominal,2.0NRT,294.71,5.99,N
-17.39562,124.30067,351.66,0.41,0.37,2026-05-01,1711,N,nominal,2.0NRT,297.11,5.99,N
-17.39733,124.28844,329.83,0.41,0.37,2026-05-01,1711,N,nominal,2.0NRT,293.85,5.79,N
-17.39791,124.29233,331.6,0.41,0.37,2026-05-01,1711,N,nominal,2.0NRT,293.73,5.79,N
-17.39849,124.29622,337.69,0.41,0.37,2026-05-01,1711,N,nominal,2.0NRT,293.76,5.99,N
-17.39907,124.30011,322.64,0.41,0.37,2026-05-01,1711,N,nominal,2.0NRT,293.23,5.99,N
-17.40135,124.29178,330.95,0.41,0.37,2026-05-01,1711,N,nominal,2.0NRT,293.9,2.64,N
-17.40077,124.28789,317.81,0.41,0.37,2026-05-01,1711,N,nominal,2.0NRT,293.25,2.64,N
-17.40063,124.21638,310.05,0.41,0.37,2026-05-01,1711,N,nominal,2.0NRT,293.37,0.87,N
-17.40121,124.22027,309,0.41,0.37,2026-05-01,1711,N,nominal,2.0NRT,293.89,0.87,N
-17.40936,124.27455,304.03,0.41,0.37,2026-05-01,1711,N,nominal,2.0NRT,293.24,1.12,N
-17.40348,124.21196,311.73,0.41,0.37,2026-05-01,1711,N,nominal,2.0NRT,293.45,0.79,N
-17.98215,127.77341,303.09,0.41,0.45,2026-05-01,1711,N,nominal,2.0NRT,291.29,1.03,N
-17.98266,127.77737,305.69,0.41,0.45,2026-05-01,1711,N,nominal,2.0NRT,290.31,0.6,N
-18.74099,134.30667,333.23,0.55,0.68,2026-05-01,1711,N,nominal,2.0NRT,289.32,4.62,N
-18.7474,134.30602,304.35,0.55,0.68,2026-05-01,1711,N,nominal,2.0NRT,288.21,0.79,N
-18.00398,127.7784,321.03,0.41,0.45,2026-05-01,1711,N,nominal,2.0NRT,288.9,1.95,N
-18.00814,127.77781,300.95,0.41,0.45,2026-05-01,1711,N,nominal,2.0NRT,287.89,0.95,N
-18.0123,127.77721,311.11,0.41,0.45,2026-05-01,1711,N,nominal,2.0NRT,288.96,0.95,N
-18.00548,127.77839,305.68,0.41,0.45,2026-05-01,1711,N,nominal,2.0NRT,288.36,1.24,N
-18.00964,127.77779,315.91,0.41,0.45,2026-05-01,1711,N,nominal,2.0NRT,288.74,1.24,N
-18.74292,134.30859,326.21,0.55,0.68,2026-05-01,1711,N,nominal,2.0NRT,288.66,4.53,N
-18.74243,134.30318,309.59,0.55,0.68,2026-05-01,1711,N,nominal,2.0NRT,288.28,4.01,N
-17.55239,123.8356,313.69,0.4,0.37,2026-05-01,1711,N,nominal,2.0NRT,292.93,0.65,N
-17.70515,124.18137,306.61,0.41,0.37,2026-05-01,1711,N,nominal,2.0NRT,291.71,0.97,N
-17.72172,124.1509,307.58,0.41,0.37,2026-05-01,1711,N,nominal,2.0NRT,292.27,1.01,N
-17.7223,124.15478,302.57,0.41,0.37,2026-05-01,1711,N,nominal,2.0NRT,292.13,1.01,N
-17.72094,124.15199,309.72,0.41,0.37,2026-05-01,1711,N,nominal,2.0NRT,293.13,1.6,N
-17.89491,124.90649,309.75,0.44,0.38,2026-05-01,1711,N,nominal,2.0NRT,293.03,1.53,N
-17.87055,124.39052,322.29,0.42,0.38,2026-05-01,1711,N,nominal,2.0NRT,294.01,5.15,N
-17.87112,124.39448,320.93,0.42,0.38,2026-05-01,1711,N,nominal,2.0NRT,292.08,1.14,N
-17.87287,124.38205,347.04,0.42,0.38,2026-05-01,1711,N,nominal,2.0NRT,293.16,3.16,N
-17.87344,124.38599,348.75,0.42,0.38,2026-05-01,1711,N,nominal,2.0NRT,295.03,5.15,N
-17.87402,124.38997,335.04,0.42,0.38,2026-05-01,1711,N,nominal,2.0NRT,293.46,5.15,N
-17.87114,124.37015,306.06,0.42,0.38,2026-05-01,1711,N,nominal,2.0NRT,292.65,0.72,N
-17.87229,124.37807,310.1,0.42,0.38,2026-05-01,1711,N,nominal,2.0NRT,290.28,3.16,N
-17.87459,124.39393,311.46,0.42,0.38,2026-05-01,1711,N,nominal,2.0NRT,293.62,1.14,N
-17.87518,124.37357,312.97,0.42,0.38,2026-05-01,1711,N,nominal,2.0NRT,293.13,1.1,N
-17.87576,124.37753,307.01,0.42,0.38,2026-05-01,1711,N,nominal,2.0NRT,292.73,1.04,N
-17.87634,124.38148,311.88,0.42,0.38,2026-05-01,1711,N,nominal,2.0NRT,292.13,1.04,N
-17.87691,124.38545,318.16,0.42,0.38,2026-05-01,1711,N,nominal,2.0NRT,290.75,1.21,N
-17.88096,124.38886,311.7,0.42,0.38,2026-05-01,1711,N,nominal,2.0NRT,293.86,1.21,N
-17.88443,124.38831,329.5,0.42,0.38,2026-05-01,1711,N,nominal,2.0NRT,294.03,1.72,N
-17.88385,124.38435,311.73,0.42,0.38,2026-05-01,1711,N,nominal,2.0NRT,293.79,1.72,N
-18.24578,125.04869,333.05,0.45,0.39,2026-05-01,1711,N,nominal,2.0NRT,293.71,2.6,N
-18.24639,125.05293,312.3,0.45,0.39,2026-05-01,1711,N,nominal,2.0NRT,292.91,2.6,N
-18.24814,125.03966,305.42,0.45,0.39,2026-05-01,1711,N,nominal,2.0NRT,292.25,0.85,N
-18.25476,125.06029,338.4,0.45,0.39,2026-05-01,1711,N,nominal,2.0NRT,294.02,5.7,N
-18.25537,125.06452,339.17,0.45,0.39,2026-05-01,1711,N,nominal,2.0NRT,296.2,12.52,N
-18.25598,125.06878,337.69,0.45,0.39,2026-05-01,1711,N,nominal,2.0NRT,294.97,12.52,N
-18.25895,125.06397,335.06,0.45,0.39,2026-05-01,1711,N,nominal,2.0NRT,296.01,12.52,N
-18.25957,125.06821,330.36,0.45,0.39,2026-05-01,1711,N,nominal,2.0NRT,297.24,12.52,N
-18.26673,125.0671,317.1,0.45,0.39,2026-05-01,1711,N,nominal,2.0NRT,293.05,1.75,N
-18.27031,125.06654,302.22,0.45,0.39,2026-05-01,1711,N,nominal,2.0NRT,292.11,0.47,N
-18.25764,124.73268,308.09,0.43,0.38,2026-05-01,1711,N,nominal,2.0NRT,293.57,1,N
-18.25823,124.73681,314.23,0.43,0.38,2026-05-01,1711,N,nominal,2.0NRT,293.91,1,N
-18.25882,124.74091,311.06,0.43,0.38,2026-05-01,1711,N,nominal,2.0NRT,294.32,0.93,N
-18.26412,124.75272,352.25,0.43,0.38,2026-05-01,1711,N,nominal,2.0NRT,296.74,5.06,N
-18.26471,124.75685,339.46,0.43,0.38,2026-05-01,1711,N,nominal,2.0NRT,296.28,5.12,N
-18.2653,124.76099,343.34,0.43,0.38,2026-05-01,1711,N,nominal,2.0NRT,295.81,5.12,N
-18.26589,124.7651,335.03,0.43,0.38,2026-05-01,1711,N,nominal,2.0NRT,295.35,3.25,N
-18.26648,124.76923,330.38,0.43,0.38,2026-05-01,1711,N,nominal,2.0NRT,295.37,3.25,N
-18.26707,124.77336,332.87,0.43,0.38,2026-05-01,1711,N,nominal,2.0NRT,295.55,3.47,N
-18.26765,124.7775,337.46,0.44,0.38,2026-05-01,1711,N,nominal,2.0NRT,295.81,3.47,N
-18.26825,124.78162,334.21,0.44,0.38,2026-05-01,1711,N,nominal,2.0NRT,295.55,8.77,N
-18.26884,124.78575,352.39,0.44,0.38,2026-05-01,1711,N,nominal,2.0NRT,298.77,8.77,N
-18.26943,124.78989,344.72,0.44,0.38,2026-05-01,1711,N,nominal,2.0NRT,298.64,13.3,N
-18.26,124.7239,304.36,0.43,0.38,2026-05-01,1711,N,nominal,2.0NRT,293.07,0.74,N
-18.26353,124.7486,312.05,0.43,0.38,2026-05-01,1711,N,nominal,2.0NRT,293.62,5.06,N
-18.26883,124.76043,320.25,0.43,0.38,2026-05-01,1711,N,nominal,2.0NRT,294.83,1.98,N
-18.27238,124.78519,333.84,0.44,0.38,2026-05-01,1711,N,nominal,2.0NRT,296.73,3.07,N
-18.27296,124.78933,343.72,0.44,0.38,2026-05-01,1711,N,nominal,2.0NRT,296.63,6.63,N
-18.26765,124.75216,316.48,0.43,0.38,2026-05-01,1711,N,nominal,2.0NRT,293.74,1.97,N
-18.26824,124.75629,312.45,0.43,0.38,2026-05-01,1711,N,nominal,2.0NRT,294.32,1.98,N
-18.26942,124.76455,313.73,0.43,0.38,2026-05-01,1711,N,nominal,2.0NRT,295.04,2.56,N
-18.2706,124.7728,306.83,0.43,0.38,2026-05-01,1711,N,nominal,2.0NRT,294.83,1.3,N
-18.27119,124.77694,306.92,0.44,0.38,2026-05-01,1711,N,nominal,2.0NRT,294.73,1.3,N
-18.27178,124.78107,307.12,0.44,0.38,2026-05-01,1711,N,nominal,2.0NRT,295.45,3.07,N
-18.27591,124.78463,308.41,0.44,0.38,2026-05-01,1711,N,nominal,2.0NRT,294.79,3.07,N
-18.2765,124.78877,313.4,0.44,0.38,2026-05-01,1711,N,nominal,2.0NRT,294.27,6.63,N
-18.27826,124.77583,328.13,0.44,0.38,2026-05-01,1711,N,nominal,2.0NRT,294.97,2.83,N
-18.27886,124.77995,334.4,0.44,0.38,2026-05-01,1711,N,nominal,2.0NRT,295.4,4.39,N
-18.2818,124.77526,337.35,0.44,0.38,2026-05-01,1711,N,nominal,2.0NRT,293.67,2.83,N
-18.28062,124.767,307.73,0.43,0.38,2026-05-01,1711,N,nominal,2.0NRT,292.74,1.16,N
-18.28121,124.77113,316.17,0.43,0.38,2026-05-01,1711,N,nominal,2.0NRT,293.26,2.83,N
-18.28653,124.78297,304.59,0.44,0.38,2026-05-01,1711,N,nominal,2.0NRT,293.05,2.24,N
-18.28712,124.78709,310.26,0.44,0.38,2026-05-01,1711,N,nominal,2.0NRT,293.38,2.43,N
-18.29007,124.78241,329.91,0.44,0.38,2026-05-01,1711,N,nominal,2.0NRT,294.02,2.24,N
-18.29066,124.78653,329.37,0.44,0.38,2026-05-01,1711,N,nominal,2.0NRT,294.12,2.43,N
-18.28947,124.77827,309.53,0.44,0.38,2026-05-01,1711,N,nominal,2.0NRT,292.88,2.24,N
-18.31014,124.79617,328.52,0.44,0.38,2026-05-01,1711,N,nominal,2.0NRT,294.02,2.85,N
-18.31074,124.8003,327.12,0.44,0.38,2026-05-01,1711,N,nominal,2.0NRT,294.88,2.19,N
-18.31134,124.80444,317.37,0.44,0.38,2026-05-01,1711,N,nominal,2.0NRT,294.23,2.19,N
-18.31488,124.80389,336.5,0.44,0.38,2026-05-01,1711,N,nominal,2.0NRT,294.93,2.19,N
-18.31428,124.79974,307.88,0.44,0.38,2026-05-01,1711,N,nominal,2.0NRT,293.58,2.19,N
-18.31842,124.80334,321.31,0.44,0.38,2026-05-01,1711,N,nominal,2.0NRT,294.21,1.84,N
-18.31962,124.81162,343.56,0.44,0.38,2026-05-01,1711,N,nominal,2.0NRT,295.37,7.27,N
-18.32022,124.81578,322.56,0.44,0.38,2026-05-01,1711,N,nominal,2.0NRT,294.43,3.65,N
-18.31902,124.80747,314.91,0.44,0.38,2026-05-01,1711,N,nominal,2.0NRT,294.07,7.27,N
-18.32257,124.80692,367,0.44,0.38,2026-05-01,1711,N,high,2.0NRT,296.44,7.27,N
-18.32317,124.81107,367,0.44,0.38,2026-05-01,1711,N,high,2.0NRT,296.89,7.27,N
-18.32376,124.81522,346.94,0.44,0.38,2026-05-01,1711,N,nominal,2.0NRT,296.3,3.65,N
-18.32196,124.80277,307.51,0.44,0.38,2026-05-01,1711,N,nominal,2.0NRT,292.4,1.84,N
-18.32671,124.81051,307.53,0.44,0.38,2026-05-01,1711,N,nominal,2.0NRT,293.32,2.55,N
-18.33025,124.80994,332.28,0.44,0.38,2026-05-01,1711,N,nominal,2.0NRT,293.96,2.55,N
-18.33085,124.81409,334.97,0.44,0.38,2026-05-01,1711,N,nominal,2.0NRT,295,4.16,N
-20.6085,116.75891,312.65,0.54,0.42,2026-05-01,1713,N,nominal,2.0NRT,291.38,1.97,N
-20.61433,116.76874,331.94,0.54,0.42,2026-05-01,1713,N,nominal,2.0NRT,294.51,9.92,N
-20.61337,116.76345,311.5,0.54,0.42,2026-05-01,1713,N,nominal,2.0NRT,291.77,7.75,N
-20.60881,116.76167,311.05,0.54,0.42,2026-05-01,1713,N,nominal,2.0NRT,291.73,7.31,N
-20.61372,116.76622,343.44,0.54,0.42,2026-05-01,1713,N,nominal,2.0NRT,294.37,7.31,N
-20.78917,115.44543,307.81,0.42,0.46,2026-05-01,1713,N,nominal,2.0NRT,292.27,1.28,N
-20.79336,115.44449,310.49,0.42,0.46,2026-05-01,1713,N,nominal,2.0NRT,290.38,0.99,N
-20.79324,115.44475,314.21,0.42,0.46,2026-05-01,1713,N,nominal,2.0NRT,290.41,2.17,N
-29.46245,115.51615,312.3,0.46,0.39,2026-05-01,1715,N,nominal,2.0NRT,278.98,1.74,N
-29.46608,115.51531,299.35,0.46,0.39,2026-05-01,1715,N,nominal,2.0NRT,278.31,0.96,N
-32.72807,118.48445,298.35,0.38,0.36,2026-05-01,1715,N,nominal,2.0NRT,276.88,0.43,N
-32.96688,116.63191,304.92,0.4,0.37,2026-05-01,1715,N,nominal,2.0NRT,276.89,1,N
-33.37531,118.35913,303.32,0.38,0.36,2026-05-01,1715,N,nominal,2.0NRT,277.47,1.1,N
-33.37655,118.35986,301.77,0.38,0.36,2026-05-01,1715,N,nominal,2.0NRT,277.46,1.34,N
-33.25476,115.76336,295.31,0.41,0.37,2026-05-01,1717,N,nominal,2.0NRT,277.21,0.38,N
-33.40968,116.63809,321.76,0.4,0.37,2026-05-01,1717,N,nominal,2.0NRT,275.17,1.68,N
-33.4104,116.64235,337.08,0.4,0.37,2026-05-01,1717,N,nominal,2.0NRT,275.87,4.51,N
-33.41377,116.64156,335.51,0.4,0.37,2026-05-01,1717,N,nominal,2.0NRT,276.78,4.51,N
-33.55911,116.79499,298.17,0.39,0.36,2026-05-01,1717,N,nominal,2.0NRT,273.1,0.65,N
-33.77274,117.60394,303.08,0.38,0.36,2026-05-01,1717,N,nominal,2.0NRT,276.89,0.58,N
-33.77341,117.60811,297.19,0.38,0.36,2026-05-01,1717,N,nominal,2.0NRT,277.22,0.91,N
-33.77607,117.60318,299.15,0.38,0.36,2026-05-01,1717,N,nominal,2.0NRT,276.68,0.58,N
-33.78142,117.61491,304.68,0.38,0.36,2026-05-01,1717,N,nominal,2.0NRT,277.06,1.08,N
-33.65295,116.7503,302.07,0.39,0.36,2026-05-01,1717,N,nominal,2.0NRT,277.07,0.82,N
-33.74968,116.94903,297.32,0.39,0.36,2026-05-01,1717,N,nominal,2.0NRT,275.37,0.43,N
-15.38985,167.8385,349.18,0.43,0.38,2026-05-02,0221,N,nominal,2.0NRT,322.33,50.84,D
-15.39212,167.82263,342.47,0.43,0.38,2026-05-02,0221,N,nominal,2.0NRT,300.56,9.75,D
-15.38692,167.83398,367,0.43,0.38,2026-05-02,0221,N,high,2.0NRT,351.48,50.84,D
-15.38635,167.83801,347.68,0.43,0.38,2026-05-02,0221,N,nominal,2.0NRT,313.1,50.84,D
-15.38341,167.83353,338.25,0.43,0.38,2026-05-02,0221,N,nominal,2.0NRT,296.79,15.33,D
-45.86447,168.87479,325.89,0.53,0.5,2026-05-02,0213,N,nominal,2.0NRT,287.06,3.39,D
-41.7906,172.51204,330.65,0.5,0.41,2026-05-02,0213,N,nominal,2.0NRT,291.35,4.29,D
-41.57171,173.77641,325.56,0.44,0.39,2026-05-02,0213,N,nominal,2.0NRT,291.18,5.03,D
-40.13334,176.35371,329.61,0.39,0.36,2026-05-02,0213,N,nominal,2.0NRT,291.67,10.89,D
-40.13402,176.34914,333.09,0.39,0.36,2026-05-02,0213,N,nominal,2.0NRT,294.49,12.67,D
-39.24916,176.68243,328.63,0.38,0.36,2026-05-02,0213,N,nominal,2.0NRT,288.83,2.88,D
-39.45985,174.09138,329.26,0.42,0.38,2026-05-02,0213,N,nominal,2.0NRT,289.69,1.58,D
-38.09938,175.1244,347.19,0.39,0.36,2026-05-02,0215,N,nominal,2.0NRT,295.61,8.27,D
-38.10001,175.1199,329.71,0.39,0.36,2026-05-02,0215,N,nominal,2.0NRT,290.3,8.27,D
-38.096,175.12364,335.79,0.39,0.36,2026-05-02,0215,N,nominal,2.0NRT,288.92,8.27,D
-37.20312,174.72264,331.95,0.39,0.36,2026-05-02,0215,N,nominal,2.0NRT,296.39,2.29,D
-36.30299,174.51938,328.86,0.39,0.36,2026-05-02,0215,N,nominal,2.0NRT,290.44,2.37,D
-45.97346,169.65482,357.14,0.44,0.62,2026-05-02,0353,N,nominal,2.0NRT,285.4,6.83,D
-43.17596,146.79762,333.68,0.53,0.42,2026-05-02,0355,N,nominal,2.0NRT,277.32,4.22,D
-42.90269,147.86391,338.48,0.48,0.4,2026-05-02,0355,N,nominal,2.0NRT,271.66,6.2,D
-42.87089,147.87529,335.38,0.48,0.4,2026-05-02,0355,N,nominal,2.0NRT,271.61,3.57,D
-42.78834,146.96037,334.01,0.52,0.41,2026-05-02,0355,N,nominal,2.0NRT,281.36,7.59,D
-42.78455,146.95894,351.57,0.52,0.41,2026-05-02,0355,N,nominal,2.0NRT,282.52,7.59,D
-42.7461,146.55713,348.83,0.54,0.42,2026-05-02,0355,N,nominal,2.0NRT,284.65,51.42,D
-42.74678,146.5502,334.19,0.54,0.42,2026-05-02,0355,N,nominal,2.0NRT,275.2,11.05,D
-42.74282,146.54962,335.14,0.54,0.42,2026-05-02,0355,N,nominal,2.0NRT,276.15,30.23,D
-42.7476,146.55753,326.62,0.54,0.42,2026-05-02,0355,N,nominal,2.0NRT,275.25,209.6,D
-42.73967,146.55661,347.17,0.54,0.42,2026-05-02,0355,N,nominal,2.0NRT,275.16,11.97,D
-36.70023,144.08517,342.94,0.4,0.44,2026-05-02,0357,N,nominal,2.0NRT,285.7,5.79,D
-35.7504,149.53883,327.47,0.39,0.36,2026-05-02,0357,N,nominal,2.0NRT,269.21,3.59,D
-35.75103,149.53456,337.75,0.39,0.36,2026-05-02,0357,N,nominal,2.0NRT,267.47,3.59,D
-35.74706,149.53807,329.79,0.39,0.36,2026-05-02,0357,N,nominal,2.0NRT,268.89,5.52,D
-35.74769,149.5338,353.82,0.39,0.36,2026-05-02,0357,N,nominal,2.0NRT,272.87,5.52,D
-35.74372,149.53732,332.17,0.39,0.36,2026-05-02,0357,N,nominal,2.0NRT,268.82,5.52,D
-35.74435,149.53304,325.66,0.39,0.36,2026-05-02,0357,N,nominal,2.0NRT,267.87,5.52,D
-35.8785,145.44212,350.49,0.51,0.41,2026-05-02,0357,N,nominal,2.0NRT,286.87,48.97,D
-35.07877,150.66173,327.99,0.39,0.36,2026-05-02,0357,N,nominal,2.0NRT,281.03,2.28,D
-34.94895,150.66731,350.3,0.39,0.36,2026-05-02,0357,N,nominal,2.0NRT,282.56,6.25,D
-34.94962,150.66306,338.47,0.39,0.36,2026-05-02,0357,N,nominal,2.0NRT,284.18,6.25,D
-35.34007,147.20181,357.11,0.43,0.38,2026-05-02,0357,N,nominal,2.0NRT,300.38,20.41,D
-35.46711,145.30171,348.11,0.51,0.41,2026-05-02,0357,N,nominal,2.0NRT,275.87,14.53,D
-35.17521,147.09554,340.28,0.43,0.38,2026-05-02,0357,N,nominal,2.0NRT,277.49,7.17,D
-33.7566,147.38782,325.61,0.41,0.37,2026-05-02,0357,N,nominal,2.0NRT,267.03,7.87,D
-33.75721,147.38333,325.44,0.41,0.37,2026-05-02,0357,N,nominal,2.0NRT,267.32,7.87,D
-33.75252,147.39163,339.17,0.41,0.37,2026-05-02,0357,N,nominal,2.0NRT,268.35,9.17,D
-33.75314,147.38715,353.78,0.41,0.37,2026-05-02,0357,N,nominal,2.0NRT,273.05,7.87,D
-33.75375,147.38268,333.82,0.41,0.37,2026-05-02,0357,N,nominal,2.0NRT,266.41,7.87,D
-31.75491,152.33202,326.84,0.44,0.39,2026-05-02,0357,N,nominal,2.0NRT,291.99,1.57,D
-30.60959,151.22147,342.71,0.42,0.38,2026-05-02,0357,N,nominal,2.0NRT,287.66,4.94,D
-30.61035,151.21709,334.63,0.42,0.38,2026-05-02,0357,N,nominal,2.0NRT,286.36,4.94,D
-30.60613,151.22069,354.47,0.42,0.38,2026-05-02,0357,N,nominal,2.0NRT,292.48,13.52,D
-30.60689,151.21632,336.72,0.42,0.38,2026-05-02,0357,N,nominal,2.0NRT,284.98,13.52,D
-30.69752,147.75449,339.34,0.39,0.36,2026-05-02,0357,N,nominal,2.0NRT,282.82,6.03,D
-30.69297,147.76204,349.66,0.39,0.36,2026-05-02,0357,N,nominal,2.0NRT,283.51,10.27,D
-30.69254,147.76305,347.12,0.39,0.36,2026-05-02,0357,N,nominal,2.0NRT,283.95,7.33,D
-28.70218,149.36427,335.99,0.39,0.36,2026-05-02,0400,N,nominal,2.0NRT,290.54,4.19,D
-28.69946,149.35954,337.08,0.39,0.36,2026-05-02,0400,N,nominal,2.0NRT,289.2,4.19,D
-28.70011,149.35553,351.25,0.39,0.36,2026-05-02,0400,N,nominal,2.0NRT,294.9,6.95,D
-27.3387,151.59042,334.04,0.47,0.4,2026-05-02,0400,N,nominal,2.0NRT,300.54,3.46,D
-26.61201,152.35327,342.4,0.52,0.42,2026-05-02,0400,N,nominal,2.0NRT,291.05,7.21,D
-26.45322,147.55197,334.08,0.38,0.36,2026-05-02,0400,N,nominal,2.0NRT,289.03,2.73,D
-23.82838,151.15302,327.42,0.5,0.41,2026-05-02,0400,N,nominal,2.0NRT,300.92,4.48,D
-23.87976,149.19543,331.22,0.42,0.37,2026-05-02,0400,N,nominal,2.0NRT,297.88,2.16,D
-23.88269,149.1572,342.65,0.42,0.37,2026-05-02,0400,N,nominal,2.0NRT,296.06,3.96,D
-23.87924,149.15649,335.63,0.42,0.37,2026-05-02,0400,N,nominal,2.0NRT,296.05,3.96,D
-23.87296,149.17245,337.69,0.42,0.37,2026-05-02,0400,N,nominal,2.0NRT,296.32,3.5,D
-23.86702,149.15527,341.26,0.42,0.37,2026-05-02,0400,N,nominal,2.0NRT,293.22,2.81,D
-23.85732,149.14931,336.51,0.42,0.37,2026-05-02,0400,N,nominal,2.0NRT,292.31,5.72,D
-23.66684,149.42477,333.64,0.43,0.38,2026-05-02,0400,N,nominal,2.0NRT,302.55,3.3,D
-22.55094,149.71387,343.44,0.45,0.39,2026-05-02,0402,N,nominal,2.0NRT,302.6,6.27,D
-22.54737,149.71317,367,0.45,0.39,2026-05-02,0402,N,high,2.0NRT,302.08,6.27,D
-22.5451,149.72626,353.51,0.45,0.39,2026-05-02,0402,N,nominal,2.0NRT,303.04,10.14,D
-22.54586,149.72189,341.7,0.45,0.39,2026-05-02,0402,N,nominal,2.0NRT,302.31,7.84,D
-22.54661,149.71753,347.71,0.45,0.39,2026-05-02,0402,N,nominal,2.0NRT,302.21,7.84,D
-22.54812,149.70879,331.37,0.45,0.39,2026-05-02,0402,N,nominal,2.0NRT,298.74,6.27,D
-22.54228,149.72119,367,0.45,0.39,2026-05-02,0402,N,high,2.0NRT,306.6,19.29,D
-22.54153,149.72556,355.43,0.45,0.39,2026-05-02,0402,N,nominal,2.0NRT,309.16,21.85,D
-22.54304,149.71681,354.74,0.45,0.39,2026-05-02,0402,N,nominal,2.0NRT,301.45,19.29,D
-22.53795,149.72484,334.51,0.45,0.39,2026-05-02,0402,N,nominal,2.0NRT,300.35,21.85,D
-22.53871,149.72047,338.93,0.45,0.39,2026-05-02,0402,N,nominal,2.0NRT,306.97,19.29,D
-22.5295,149.70963,334.49,0.45,0.39,2026-05-02,0402,N,nominal,2.0NRT,294.25,6.4,D
-21.82243,147.53049,330.68,0.39,0.36,2026-05-02,0402,N,nominal,2.0NRT,303.45,1.46,D
-21.25029,145.13606,332.82,0.39,0.36,2026-05-02,0402,N,nominal,2.0NRT,301.89,2.38,D
-21.25085,145.13225,334.76,0.39,0.36,2026-05-02,0402,N,nominal,2.0NRT,303.79,2.38,D
-19.11955,143.48889,338.14,0.42,0.38,2026-05-02,0402,N,nominal,2.0NRT,301.49,4.52,D
-19.11607,143.48831,345.7,0.42,0.38,2026-05-02,0402,N,nominal,2.0NRT,302.8,19.2,D
-19.11665,143.48427,340.06,0.42,0.38,2026-05-02,0402,N,nominal,2.0NRT,302.22,11.67,D
-19.11723,143.48021,351.6,0.42,0.38,2026-05-02,0402,N,nominal,2.0NRT,309.28,11.67,D
-19.11317,143.48372,345.48,0.42,0.38,2026-05-02,0402,N,nominal,2.0NRT,299.57,11.67,D
-19.11374,143.47971,344.39,0.42,0.38,2026-05-02,0402,N,nominal,2.0NRT,299.74,11.67,D
-18.17177,144.66846,344.66,0.39,0.36,2026-05-02,0402,N,nominal,2.0NRT,302.37,4.9,D
-18.16017,144.72325,335.14,0.39,0.36,2026-05-02,0402,N,nominal,2.0NRT,300.21,5.33,D
-18.16842,144.66791,339.21,0.39,0.36,2026-05-02,0402,N,nominal,2.0NRT,304.11,3.85,D
-18.16897,144.66423,337.76,0.39,0.36,2026-05-02,0402,N,nominal,2.0NRT,301.6,3.85,D
-18.16952,144.66052,351.03,0.39,0.36,2026-05-02,0402,N,nominal,2.0NRT,304.49,6.45,D
-18.17006,144.65683,347.56,0.39,0.36,2026-05-02,0402,N,nominal,2.0NRT,304.85,6.45,D
-18.17062,144.65315,349.31,0.39,0.36,2026-05-02,0402,N,nominal,2.0NRT,304.54,22.44,D
-18.17226,144.64206,346.59,0.39,0.36,2026-05-02,0402,N,nominal,2.0NRT,302.92,6.36,D
-18.15682,144.7227,339.56,0.39,0.36,2026-05-02,0402,N,nominal,2.0NRT,302.62,5.33,D
-18.15737,144.71902,336.26,0.39,0.36,2026-05-02,0402,N,nominal,2.0NRT,302.32,5.12,D
-18.16671,144.6563,343.87,0.39,0.36,2026-05-02,0402,N,nominal,2.0NRT,305.26,6.45,D
-18.16726,144.65259,355.46,0.39,0.36,2026-05-02,0402,N,nominal,2.0NRT,313.8,22.44,D
-18.15402,144.71848,347.63,0.39,0.36,2026-05-02,0402,N,nominal,2.0NRT,299.28,4.4,D
-18.15501,144.66571,333.63,0.39,0.36,2026-05-02,0402,N,low,2.0NRT,305.5,5.18,D
-18.15275,144.65778,342.77,0.39,0.36,2026-05-02,0402,N,nominal,2.0NRT,300.4,3.25,D
-18.1533,144.65408,341.24,0.39,0.36,2026-05-02,0402,N,nominal,2.0NRT,298.7,3.25,D
-18.14885,144.66092,339.74,0.39,0.36,2026-05-02,0402,N,nominal,2.0NRT,298.88,5.87,D
-18.1494,144.65723,330.6,0.39,0.36,2026-05-02,0402,N,low,2.0NRT,302.06,2.06,D
-18.74201,134.31068,367,0.48,0.65,2026-05-02,0402,N,high,2.0NRT,295.5,12.56,D
-18.74157,134.31535,338.1,0.48,0.64,2026-05-02,0402,N,nominal,2.0NRT,291.12,9.65,D
-18.73596,134.31007,367,0.48,0.65,2026-05-02,0402,N,high,2.0NRT,295.92,23.55,D
-18.73553,134.31474,348.25,0.48,0.64,2026-05-02,0402,N,nominal,2.0NRT,291.36,19.7,D
-17.10535,144.32408,342.48,0.39,0.36,2026-05-02,0402,N,nominal,2.0NRT,303.21,5.39,D
-17.10589,144.32039,355.61,0.39,0.36,2026-05-02,0402,N,nominal,2.0NRT,306.18,7.62,D
-17.66657,132.70447,335.73,0.59,0.7,2026-05-02,0402,N,nominal,2.0NRT,293.1,36.07,D
-17.65945,132.70964,367,0.59,0.7,2026-05-02,0402,N,high,2.0NRT,296.43,68.55,D
-17.65998,132.70387,341.97,0.59,0.7,2026-05-02,0402,N,nominal,2.0NRT,298.22,36.07,D
-17.63242,132.93002,338.24,0.57,0.69,2026-05-02,0402,N,nominal,2.0NRT,290.99,8.67,D
-17.63397,132.91333,334.07,0.57,0.69,2026-05-02,0402,N,nominal,2.0NRT,289.37,12.27,D
-17.62798,132.90714,350.43,0.57,0.69,2026-05-02,0402,N,nominal,2.0NRT,288.61,11.87,D
-17.6285,132.90157,358.08,0.57,0.69,2026-05-02,0402,N,low,2.0NRT,285.1,11.87,D
-17.28,136.19702,367,0.35,0.56,2026-05-02,0402,N,high,2.0NRT,292.64,9.53,D
-16.76519,133.48943,367,0.51,0.66,2026-05-02,0404,N,high,2.0NRT,296.97,14.03,D
-15.53697,141.85664,340,0.45,0.39,2026-05-02,0404,N,nominal,2.0NRT,305.16,3.7,D
-15.53336,141.85611,337.41,0.45,0.39,2026-05-02,0404,N,nominal,2.0NRT,306.51,5.14,D
-15.53035,141.85133,348.66,0.45,0.39,2026-05-02,0404,N,nominal,2.0NRT,304.69,5.14,D
-15.49234,141.80664,330.86,0.45,0.39,2026-05-02,0404,N,low,2.0NRT,303.69,2.84,D
-15.43713,141.85143,367,0.45,0.39,2026-05-02,0404,N,high,2.0NRT,307.61,11.86,D
-15.43654,141.85567,331.9,0.45,0.39,2026-05-02,0404,N,nominal,2.0NRT,306.63,3.59,D
-15.43353,141.85089,352.13,0.45,0.39,2026-05-02,0404,N,nominal,2.0NRT,306.41,9.61,D
-14.26628,132.16139,334.01,0.59,0.7,2026-05-02,0404,N,nominal,2.0NRT,294.65,4.77,D
-14.26685,132.15601,329.45,0.59,0.7,2026-05-02,0404,N,nominal,2.0NRT,290.6,4.77,D
-14.07436,131.86737,333.08,0.61,0.71,2026-05-02,0404,N,nominal,2.0NRT,293.93,8.39,D
-14.05682,131.84172,329.05,0.61,0.71,2026-05-02,0404,N,nominal,2.0NRT,293.7,2.72,D
-13.94591,132.59605,346.29,0.54,0.68,2026-05-02,0404,N,nominal,2.0NRT,294.58,12.1,D
-13.94355,132.60283,333.56,0.54,0.68,2026-05-02,0404,N,nominal,2.0NRT,291.9,9.49,D
-13.72412,133.28589,329.89,0.49,0.65,2026-05-02,0404,N,nominal,2.0NRT,296.07,9.55,D
-13.72463,133.2813,338.93,0.49,0.65,2026-05-02,0404,N,nominal,2.0NRT,296.52,5.76,D
-13.72515,133.27664,338.18,0.49,0.65,2026-05-02,0404,N,nominal,2.0NRT,295.46,5.76,D
-13.71855,133.28055,332.72,0.49,0.65,2026-05-02,0404,N,nominal,2.0NRT,296.06,5.76,D
-13.71907,133.27592,354.15,0.49,0.65,2026-05-02,0404,N,nominal,2.0NRT,295.83,5.76,D
-13.97008,130.40623,334.1,0.76,0.77,2026-05-02,0404,N,nominal,2.0NRT,291.87,10.46,D
-13.96863,130.40816,330.63,0.76,0.77,2026-05-02,0404,N,nominal,2.0NRT,291.22,11.94,D
-12.9775,132.59892,340.48,0.53,0.67,2026-05-02,0404,N,nominal,2.0NRT,294.41,6.34,D
-13.10149,130.68973,326.99,0.71,0.75,2026-05-02,0404,N,nominal,2.0NRT,292.07,8.09,D
-12.60858,131.22086,326.84,0.65,0.73,2026-05-02,0404,N,nominal,2.0NRT,290.7,5.35,D
-12.60178,131.22012,340.84,0.65,0.73,2026-05-02,0404,N,nominal,2.0NRT,290.25,5.35,D
-12.60787,131.21892,331.82,0.65,0.73,2026-05-02,0404,N,nominal,2.0NRT,292,6.76,D
-18.74126,134.31071,333.3,0.67,0.74,2026-05-02,0544,N,nominal,2.0NRT,284.02,17.31,D
-43.17824,146.80046,338.5,0.69,0.74,2026-05-02,0536,N,nominal,2.0NRT,278.33,8.47,D
-18.74285,134.30417,357.69,0.67,0.74,2026-05-02,0544,N,low,2.0NRT,286.13,17.31,D
-18.74443,134.29765,357.67,0.67,0.74,2026-05-02,0544,N,low,2.0NRT,284.83,34.1,D
-18.73446,134.30902,346.7,0.67,0.74,2026-05-02,0544,N,nominal,2.0NRT,287.33,17.31,D
-18.73604,134.30247,330.28,0.67,0.74,2026-05-02,0544,N,nominal,2.0NRT,286.1,17.31,D
-22.14171,115.23735,339.78,0.42,0.45,2026-05-02,0544,N,nominal,2.0NRT,308.21,3.6,D
-18.74238,134.30531,356.61,0.67,0.74,2026-05-02,0544,N,low,2.0NRT,287.77,35.81,D
-18.74393,134.29875,356.59,0.67,0.74,2026-05-02,0544,N,low,2.0NRT,287.22,35.81,D
-18.73403,134.31015,340.88,0.67,0.74,2026-05-02,0544,N,nominal,2.0NRT,287.5,14.58,D
-18.73558,134.30357,338.46,0.67,0.74,2026-05-02,0544,N,nominal,2.0NRT,286.34,10.55,D
-20.61633,116.76637,330.73,0.5,0.41,2026-05-02,0544,N,low,2.0NRT,302.36,1.59,D
-17.62913,132.93677,327.71,0.58,0.7,2026-05-02,0544,N,nominal,2.0NRT,291.23,4.04,D
-17.6304,132.93115,331.29,0.58,0.7,2026-05-02,0544,N,nominal,2.0NRT,290.08,4.04,D
-17.63159,132.89594,367,0.58,0.7,2026-05-02,0544,N,high,2.0NRT,290.35,28.82,D
-17.6712,132.69106,358.29,0.56,0.69,2026-05-02,0544,N,low,2.0NRT,282.75,32.57,D
-17.66239,132.70039,333.56,0.56,0.69,2026-05-02,0544,N,nominal,2.0NRT,283.53,10.91,D
-17.66484,132.68954,335.61,0.56,0.69,2026-05-02,0544,N,nominal,2.0NRT,281.63,11.52,D
-17.66362,132.69498,357.3,0.56,0.69,2026-05-02,0544,N,low,2.0NRT,282.88,10.91,D
-18.53079,125.76326,352.84,0.4,0.44,2026-05-02,0544,N,nominal,2.0NRT,305.28,5.88,D
-18.52671,125.76244,338.94,0.4,0.44,2026-05-02,0544,N,nominal,2.0NRT,304.13,5.88,D
-17.97972,127.77937,340.14,0.54,0.51,2026-05-02,0544,N,nominal,2.0NRT,305.27,8.45,D
-17.30574,130.77481,343.39,0.43,0.62,2026-05-02,0544,N,nominal,2.0NRT,293.46,4.75,D
-17.29465,130.79836,329.91,0.44,0.62,2026-05-02,0544,N,nominal,2.0NRT,294.54,4.63,D
-17.3061,130.77406,338.21,0.43,0.62,2026-05-02,0544,N,nominal,2.0NRT,293.21,5.76,D
-17.29517,130.79767,333.88,0.44,0.62,2026-05-02,0544,N,nominal,2.0NRT,294.59,6.78,D
-17.88139,127.80442,332.41,0.55,0.51,2026-05-02,0544,N,nominal,2.0NRT,300.26,2.73,D
-18.30606,124.81776,330.5,0.54,0.42,2026-05-02,0544,N,low,2.0NRT,304.39,3.32,D
-18.30218,124.81701,332.06,0.54,0.42,2026-05-02,0544,N,low,2.0NRT,303.97,2.78,D
-18.30399,124.80687,335.78,0.53,0.42,2026-05-02,0544,N,nominal,2.0NRT,305.08,4.24,D
-18.2983,124.81625,338.81,0.54,0.42,2026-05-02,0544,N,nominal,2.0NRT,303.95,2.78,D
-18.29442,124.81551,336.7,0.54,0.42,2026-05-02,0544,N,nominal,2.0NRT,305.02,4.6,D
-18.28278,124.81325,331.06,0.54,0.42,2026-05-02,0544,N,low,2.0NRT,305.93,3.89,D
-18.27593,124.80666,347.99,0.54,0.42,2026-05-02,0544,N,nominal,2.0NRT,302.99,9.52,D
-18.2823,124.77126,337.31,0.53,0.42,2026-05-02,0544,N,nominal,2.0NRT,300.34,4.15,D
-18.27296,124.80085,337.88,0.53,0.42,2026-05-02,0544,N,nominal,2.0NRT,304.19,5.48,D
-18.26337,124.80948,344.62,0.54,0.42,2026-05-02,0544,N,nominal,2.0NRT,302.54,5.74,D
-18.25949,124.80873,336.23,0.54,0.42,2026-05-02,0544,N,nominal,2.0NRT,302.16,5.74,D
-18.25632,124.78191,367,0.53,0.42,2026-05-02,0544,N,high,2.0NRT,304.01,10.81,D
-18.2554,124.78697,340.53,0.53,0.42,2026-05-02,0544,N,nominal,2.0NRT,302.1,8,D
-18.25724,124.77685,333.45,0.53,0.42,2026-05-02,0544,N,nominal,2.0NRT,299.65,10.81,D
-18.2609,124.75667,331.03,0.53,0.42,2026-05-02,0544,N,nominal,2.0NRT,299.74,2.77,D
-18.25583,124.78477,356.77,0.53,0.42,2026-05-02,0544,N,nominal,2.0NRT,303.37,14.29,D
-18.25672,124.7797,348.23,0.53,0.42,2026-05-02,0544,N,nominal,2.0NRT,302.17,14.29,D
-18.25008,124.7262,331.92,0.53,0.42,2026-05-02,0544,N,nominal,2.0NRT,297.66,4.34,D
-18.24622,124.72544,341.67,0.53,0.42,2026-05-02,0544,N,nominal,2.0NRT,294.02,4.34,D
-18.2397,124.73978,335.01,0.53,0.42,2026-05-02,0544,N,nominal,2.0NRT,295.38,2.96,D
-17.8823,126.63682,336.68,0.46,0.47,2026-05-02,0544,N,nominal,2.0NRT,302.52,4.1,D
-17.88314,126.63232,331.49,0.46,0.47,2026-05-02,0544,N,low,2.0NRT,305.81,2.04,D
-17.87875,126.63157,343.67,0.46,0.47,2026-05-02,0544,N,nominal,2.0NRT,304.53,5.71,D
-18.60602,121.81353,331.8,0.4,0.37,2026-05-02,0544,N,nominal,2.0NRT,300.68,1.5,D
-18.57944,121.76189,348.51,0.4,0.37,2026-05-02,0544,N,nominal,2.0NRT,301.44,5.95,D
-17.89375,124.902,331.75,0.55,0.43,2026-05-02,0544,N,nominal,2.0NRT,300.73,11.1,D
-17.86656,124.39484,348.11,0.52,0.41,2026-05-02,0544,N,nominal,2.0NRT,307.25,15.98,D
-17.867,124.3697,338.86,0.51,0.41,2026-05-02,0544,N,nominal,2.0NRT,304.04,9.64,D
-17.86785,124.36482,331.87,0.51,0.41,2026-05-02,0544,N,low,2.0NRT,301.97,9.64,D
-17.85893,124.39336,337.39,0.52,0.41,2026-05-02,0544,N,low,2.0NRT,307.87,7.12,D
-17.85603,124.34242,336.95,0.51,0.41,2026-05-02,0544,N,nominal,2.0NRT,302.11,6.97,D
-16.12643,132.48875,344.53,0.59,0.7,2026-05-02,0544,N,nominal,2.0NRT,292.41,5.95,D
-17.70914,124.18176,348.92,0.51,0.41,2026-05-02,0544,N,nominal,2.0NRT,305.91,11.02,D
-17.71005,124.18336,348.69,0.51,0.41,2026-05-02,0544,N,nominal,2.0NRT,305.99,11.74,D
-17.8144,123.13049,339.27,0.45,0.39,2026-05-02,0544,N,nominal,2.0NRT,305,4.84,D
-17.81082,123.12984,341.35,0.45,0.39,2026-05-02,0544,N,nominal,2.0NRT,303.14,4.84,D
-17.8081,123.05924,331.92,0.45,0.39,2026-05-02,0544,N,nominal,2.0NRT,299.63,5.14,D
-17.81244,123.01225,331.09,0.44,0.39,2026-05-02,0544,N,low,2.0NRT,305.14,3.58,D
-17.80673,123.02419,340.43,0.45,0.39,2026-05-02,0544,N,nominal,2.0NRT,299.82,2.29,D
-17.80888,123.01161,339.15,0.44,0.39,2026-05-02,0544,N,nominal,2.0NRT,304.43,3.58,D
-17.80316,123.02355,338.64,0.45,0.39,2026-05-02,0544,N,nominal,2.0NRT,303.66,5.86,D
-17.80388,123.01934,335.64,0.45,0.39,2026-05-02,0544,N,low,2.0NRT,306.16,8.73,D
-17.80532,123.01096,332.72,0.44,0.39,2026-05-02,0544,N,nominal,2.0NRT,302.55,2.85,D
-17.34807,125.32165,340.72,0.39,0.44,2026-05-02,0544,N,nominal,2.0NRT,301.12,10.4,D
-17.42313,124.58873,355.92,0.54,0.42,2026-05-02,0544,N,nominal,2.0NRT,294.95,7.2,D
-17.42405,124.58367,348.09,0.54,0.42,2026-05-02,0544,N,nominal,2.0NRT,296.07,7.2,D
-17.41833,124.59305,331.61,0.54,0.42,2026-05-02,0544,N,nominal,2.0NRT,297.67,2.09,D
-17.41925,124.58799,355.57,0.54,0.42,2026-05-02,0544,N,nominal,2.0NRT,305.87,24.09,D
-17.42016,124.58294,345.13,0.54,0.42,2026-05-02,0544,N,nominal,2.0NRT,298.15,24.09,D
-17.42282,124.5916,336.72,0.54,0.42,2026-05-02,0544,N,nominal,2.0NRT,298.67,16.13,D
-17.4237,124.58653,350.63,0.54,0.42,2026-05-02,0544,N,nominal,2.0NRT,296.97,16.13,D
-17.42458,124.58146,335.63,0.54,0.42,2026-05-02,0544,N,nominal,2.0NRT,295.83,4.94,D
-17.41893,124.59086,343.67,0.54,0.42,2026-05-02,0544,N,nominal,2.0NRT,301.5,16.13,D
-17.41982,124.58579,340.96,0.54,0.42,2026-05-02,0544,N,nominal,2.0NRT,303.35,16.13,D
-17.4207,124.58073,347.3,0.54,0.42,2026-05-02,0544,N,nominal,2.0NRT,297.42,4.94,D
-17.34992,124.73104,333.15,0.55,0.42,2026-05-02,0544,N,nominal,2.0NRT,301.78,2.86,D
-17.08296,126.08152,331.22,0.44,0.46,2026-05-02,0544,N,low,2.0NRT,302.17,4.07,D
-17.41215,124.2664,335.45,0.52,0.41,2026-05-02,0544,N,nominal,2.0NRT,300.31,6.47,D
-17.07946,126.07651,344.76,0.44,0.46,2026-05-02,0544,N,nominal,2.0NRT,300.96,9.16,D
-17.49746,123.7565,342.99,0.48,0.4,2026-05-02,0544,N,nominal,2.0NRT,303,9.67,D
-17.49825,123.75194,338.01,0.48,0.4,2026-05-02,0544,N,nominal,2.0NRT,305.01,9,D
-17.39293,124.30812,336.4,0.52,0.41,2026-05-02,0544,N,nominal,2.0NRT,303.57,5.65,D
-17.39725,124.28372,338.12,0.52,0.41,2026-05-02,0544,N,nominal,2.0NRT,300.14,4.75,D
-17.38911,124.3074,337.97,0.52,0.41,2026-05-02,0544,N,nominal,2.0NRT,304.08,5.65,D
-17.3103,124.68085,336.17,0.54,0.42,2026-05-02,0544,N,nominal,2.0NRT,304.15,8.04,D
-17.30454,124.69038,339.69,0.55,0.42,2026-05-02,0544,N,nominal,2.0NRT,304.6,5.56,D
-17.31634,124.60268,343.56,0.54,0.42,2026-05-02,0544,N,nominal,2.0NRT,304.42,15.34,D
-17.31061,124.61206,330.4,0.54,0.42,2026-05-02,0544,N,low,2.0NRT,304.14,9.62,D
-17.31153,124.60698,345.19,0.54,0.42,2026-05-02,0544,N,nominal,2.0NRT,305.76,9.62,D
-17.31245,124.60191,342.96,0.54,0.42,2026-05-02,0544,N,nominal,2.0NRT,306.32,15.34,D
-17.31451,124.52383,331.18,0.53,0.42,2026-05-02,0544,N,low,2.0NRT,305.92,7.44,D
-17.31245,124.51308,335.16,0.53,0.42,2026-05-02,0544,N,nominal,2.0NRT,303.25,6.19,D
-17.31115,124.60945,345.44,0.54,0.42,2026-05-02,0544,N,nominal,2.0NRT,305.32,6.64,D
-17.31204,124.60435,348.65,0.54,0.42,2026-05-02,0544,N,nominal,2.0NRT,308.75,27.76,D
-17.31363,124.52605,331.2,0.53,0.42,2026-05-02,0544,N,low,2.0NRT,306.19,3.75,D
-17.3145,124.52104,330.87,0.53,0.42,2026-05-02,0544,N,low,2.0NRT,305.22,2.97,D
-17.3115,124.51527,339.19,0.53,0.42,2026-05-02,0544,N,nominal,2.0NRT,304.85,6.98,D
-17.30024,124.53388,333.84,0.53,0.42,2026-05-02,0544,N,low,2.0NRT,306.86,9.55,D
-17.30112,124.52884,338.83,0.53,0.42,2026-05-02,0544,N,nominal,2.0NRT,308.3,14.26,D
-17.30902,124.4837,334.54,0.53,0.42,2026-05-02,0544,N,nominal,2.0NRT,303.91,6.66,D
-17.21752,124.9799,334.69,0.57,0.43,2026-05-02,0544,N,nominal,2.0NRT,301.74,3.25,D
-17.29988,124.51304,344.51,0.53,0.42,2026-05-02,0544,N,nominal,2.0NRT,302.61,8.31,D
-17.29425,124.52234,335.64,0.53,0.42,2026-05-02,0544,N,nominal,2.0NRT,305.43,15.22,D
-17.29513,124.51731,342.47,0.53,0.42,2026-05-02,0544,N,nominal,2.0NRT,304.83,21.6,D
-17.29601,124.51228,355.38,0.53,0.42,2026-05-02,0544,N,nominal,2.0NRT,305.24,21.6,D
-17.29689,124.50726,331.12,0.53,0.42,2026-05-02,0544,N,low,2.0NRT,301.2,6.66,D
-17.2886,124.53165,332.68,0.53,0.42,2026-05-02,0544,N,low,2.0NRT,304.02,3.67,D
-17.29037,124.52159,344.03,0.53,0.42,2026-05-02,0544,N,nominal,2.0NRT,301.42,15.22,D
-17.28561,124.52586,330.93,0.53,0.42,2026-05-02,0544,N,low,2.0NRT,304.84,6.39,D
-17.2865,124.52084,332.45,0.53,0.42,2026-05-02,0544,N,nominal,2.0NRT,300.77,6.39,D
-17.2962,124.46566,346.65,0.53,0.42,2026-05-02,0544,N,nominal,2.0NRT,303.82,14.98,D
-17.29708,124.46066,349.88,0.53,0.42,2026-05-02,0544,N,nominal,2.0NRT,305.19,14.98,D
-17.32996,124.22784,335.98,0.51,0.41,2026-05-02,0544,N,nominal,2.0NRT,305.43,7.47,D
-17.27131,124.53875,330.22,0.54,0.42,2026-05-02,0544,N,low,2.0NRT,302.53,5.64,D
-17.26743,124.53801,332.56,0.54,0.42,2026-05-02,0544,N,nominal,2.0NRT,300.97,6.48,D
-17.28654,124.4073,331.23,0.53,0.42,2026-05-02,0544,N,low,2.0NRT,303.81,3.15,D
-17.28269,124.40658,335.09,0.53,0.42,2026-05-02,0544,N,nominal,2.0NRT,302.99,5.75,D
-17.17863,124.9668,331.77,0.57,0.43,2026-05-02,0544,N,nominal,2.0NRT,299.84,3.15,D
-17.27796,124.41082,338.71,0.53,0.42,2026-05-02,0544,N,nominal,2.0NRT,302.97,5.75,D
-17.27884,124.40585,339.61,0.53,0.42,2026-05-02,0544,N,nominal,2.0NRT,301.56,5.75,D
-17.17369,124.9713,331.86,0.57,0.43,2026-05-02,0544,N,nominal,2.0NRT,301.11,5.71,D
-16.9291,126.13245,331.57,0.45,0.47,2026-05-02,0544,N,low,2.0NRT,304.72,5.56,D
-16.92478,126.13172,343.82,0.45,0.47,2026-05-02,0544,N,nominal,2.0NRT,304.32,6.09,D
-16.90972,126.16398,340.88,0.45,0.47,2026-05-02,0544,N,nominal,2.0NRT,305.67,6.06,D
-16.90458,126.16744,337.14,0.45,0.47,2026-05-02,0544,N,nominal,2.0NRT,306.16,9.32,D
-16.9054,126.16315,355.73,0.45,0.47,2026-05-02,0544,N,nominal,2.0NRT,306.83,6.06,D
-16.9062,126.15897,335.25,0.45,0.47,2026-05-02,0544,N,nominal,2.0NRT,302.44,6.06,D
-16.90699,126.15479,342.89,0.45,0.47,2026-05-02,0544,N,nominal,2.0NRT,303.65,5.27,D
-16.90779,126.1506,335.94,0.45,0.47,2026-05-02,0544,N,nominal,2.0NRT,294.81,5.27,D
-16.92362,126.13167,331.04,0.45,0.47,2026-05-02,0544,N,nominal,2.0NRT,302.97,2.69,D
-16.9088,126.16399,336.15,0.45,0.47,2026-05-02,0544,N,low,2.0NRT,306.34,4.73,D
-16.90957,126.15977,334.3,0.45,0.47,2026-05-02,0544,N,nominal,2.0NRT,302.6,4.73,D
-16.91034,126.15556,334.05,0.45,0.47,2026-05-02,0544,N,low,2.0NRT,304.98,4.14,D
-16.9111,126.15135,338.66,0.45,0.47,2026-05-02,0544,N,nominal,2.0NRT,303.05,4.14,D
-16.90368,126.1675,336.05,0.45,0.47,2026-05-02,0544,N,nominal,2.0NRT,305.63,9.41,D
-16.90448,126.16317,351.56,0.45,0.47,2026-05-02,0544,N,nominal,2.0NRT,305.59,4.73,D
-16.90525,126.15897,338.25,0.45,0.47,2026-05-02,0544,N,nominal,2.0NRT,303.36,4.73,D
-16.90601,126.15479,331.56,0.45,0.47,2026-05-02,0544,N,low,2.0NRT,302.37,4.14,D
-16.71369,126.84013,338.4,0.5,0.49,2026-05-02,0544,N,nominal,2.0NRT,300.25,3.06,D
-16.70823,126.84412,357.27,0.5,0.49,2026-05-02,0544,N,nominal,2.0NRT,307.69,12.03,D
-17.18497,124.2574,345.7,0.52,0.41,2026-05-02,0544,N,nominal,2.0NRT,299.43,10.78,D
-17.18583,124.25252,354,0.52,0.41,2026-05-02,0544,N,nominal,2.0NRT,301.32,16.28,D
-16.70369,126.84333,333.02,0.5,0.49,2026-05-02,0544,N,low,2.0NRT,305.46,12.03,D
-17.17646,124.26081,333.2,0.52,0.41,2026-05-02,0544,N,nominal,2.0NRT,300.17,25.51,D
-17.17732,124.25595,340.14,0.52,0.41,2026-05-02,0544,N,nominal,2.0NRT,302.77,25.51,D
-17.17263,124.26009,352.72,0.52,0.41,2026-05-02,0544,N,nominal,2.0NRT,306.11,25.51,D
-17.16794,124.26427,347.03,0.52,0.41,2026-05-02,0544,N,nominal,2.0NRT,305.1,33.31,D
-17.16881,124.25939,345.44,0.52,0.41,2026-05-02,0544,N,nominal,2.0NRT,301.04,31.51,D
-17.16237,124.27331,332.99,0.52,0.42,2026-05-02,0544,N,nominal,2.0NRT,299.32,7.3,D
-17.16324,124.26842,350.62,0.52,0.41,2026-05-02,0544,N,nominal,2.0NRT,301.5,33.31,D
-17.16411,124.26354,352.5,0.52,0.41,2026-05-02,0544,N,nominal,2.0NRT,306.14,33.31,D
-16.25345,128.63364,335.61,0.33,0.55,2026-05-02,0544,N,nominal,2.0NRT,296.33,2.75,D
-16.2541,128.6304,336.59,0.33,0.55,2026-05-02,0544,N,nominal,2.0NRT,296.73,2.51,D
-16.24771,128.63565,344.06,0.33,0.55,2026-05-02,0544,N,nominal,2.0NRT,296.06,2.71,D
-16.24267,128.63419,330.33,0.33,0.55,2026-05-02,0544,N,nominal,2.0NRT,295.56,2.71,D
-16.24502,128.59613,331.91,0.33,0.55,2026-05-02,0544,N,nominal,2.0NRT,295.96,4.18,D
-16.24552,128.59366,331.8,0.33,0.55,2026-05-02,0544,N,nominal,2.0NRT,294.69,2.02,D
-16.23686,128.61017,336.49,0.33,0.55,2026-05-02,0544,N,nominal,2.0NRT,295.18,1.43,D
-16.2387,128.60109,335.75,0.33,0.55,2026-05-02,0544,N,nominal,2.0NRT,288.45,2.2,D
-16.23164,128.60963,350.99,0.33,0.55,2026-05-02,0544,N,nominal,2.0NRT,297.7,6.07,D
-16.23351,128.60043,353.47,0.33,0.55,2026-05-02,0544,N,nominal,2.0NRT,296.97,6.39,D
-16.61055,126.66507,330.1,0.49,0.49,2026-05-02,0544,N,nominal,2.0NRT,297.56,3.67,D
-16.61144,126.66041,336.03,0.49,0.49,2026-05-02,0544,N,nominal,2.0NRT,300.69,3.67,D
-16.61008,126.66094,342.94,0.49,0.49,2026-05-02,0544,N,nominal,2.0NRT,301.82,10.38,D
-16.23199,128.60078,344.5,0.33,0.55,2026-05-02,0544,N,nominal,2.0NRT,296.14,3.62,D
-16.3992,127.57745,341.02,0.57,0.52,2026-05-02,0544,N,nominal,2.0NRT,284.36,6.18,D
-15.92155,129.76135,333.81,0.4,0.6,2026-05-02,0544,N,nominal,2.0NRT,287.83,4.91,D
-16.96119,124.34125,337.69,0.53,0.42,2026-05-02,0544,N,nominal,2.0NRT,300.48,4.7,D
-15.52551,129.99373,331.98,0.42,0.61,2026-05-02,0544,N,nominal,2.0NRT,298.32,3.55,D
-15.46367,130.02908,333.33,0.42,0.61,2026-05-02,0544,N,nominal,2.0NRT,298.99,9.5,D
-15.45875,130.02425,367,0.42,0.61,2026-05-02,0544,N,high,2.0NRT,300.52,17.68,D
-15.45793,130.02824,338.21,0.42,0.61,2026-05-02,0544,N,nominal,2.0NRT,297.39,11.81,D
-15.52614,129.49815,334.19,0.39,0.59,2026-05-02,0544,N,nominal,2.0NRT,293.81,2.46,D
-15.53089,129.3371,332.63,0.38,0.59,2026-05-02,0544,N,nominal,2.0NRT,296.15,4.14,D
-15.52325,129.34666,337.49,0.38,0.59,2026-05-02,0544,N,nominal,2.0NRT,297.09,2.86,D
-15.52315,129.34361,331.95,0.38,0.59,2026-05-02,0544,N,nominal,2.0NRT,298.6,5.22,D
-16.27387,124.43528,348.41,0.55,0.42,2026-05-02,0544,N,nominal,2.0NRT,303.05,11.27,D
-15.22646,129.57498,336.67,0.4,0.6,2026-05-02,0544,N,nominal,2.0NRT,293.08,4.81,D
-15.21539,129.57262,335.5,0.4,0.6,2026-05-02,0544,N,nominal,2.0NRT,296.25,4.17,D
-15.94052,125.76322,333.65,0.44,0.46,2026-05-02,0544,N,nominal,2.0NRT,300.63,4.81,D
-15.73442,126.33816,343.41,0.48,0.48,2026-05-02,0544,N,nominal,2.0NRT,293.26,6.5,D
-15.73526,126.33369,340.41,0.48,0.48,2026-05-02,0544,N,nominal,2.0NRT,287.1,2.65,D
-14.53044,132.19426,330.23,0.6,0.71,2026-05-02,0544,N,nominal,2.0NRT,294.85,4.81,D
-15.71314,126.35302,367,0.49,0.48,2026-05-02,0544,N,high,2.0NRT,303.5,8.91,D
-15.71229,126.35757,338,0.49,0.48,2026-05-02,0544,N,nominal,2.0NRT,298.88,8.91,D
-16.01849,124.69568,338.56,0.57,0.43,2026-05-02,0544,N,nominal,2.0NRT,299.89,13.42,D
-15.86476,125.37556,354.54,0.42,0.45,2026-05-02,0544,N,nominal,2.0NRT,308.32,12.45,D
-15.86057,125.37479,346.05,0.42,0.45,2026-05-02,0544,N,nominal,2.0NRT,302.65,12.45,D
-15.86434,125.3754,356.05,0.42,0.45,2026-05-02,0544,N,nominal,2.0NRT,308.46,19.92,D
-15.86016,125.37463,339.9,0.42,0.45,2026-05-02,0544,N,nominal,2.0NRT,302.47,3.02,D
-15.80144,125.48388,351.66,0.43,0.46,2026-05-02,0544,N,nominal,2.0NRT,306.18,8.6,D
-15.72896,125.7596,335.9,0.45,0.47,2026-05-02,0544,N,nominal,2.0NRT,301.29,3.8,D
-15.7161,125.75707,352.78,0.45,0.47,2026-05-02,0544,N,nominal,2.0NRT,302.01,11.46,D
-15.81906,125.12727,350.78,0.41,0.45,2026-05-02,0544,N,nominal,2.0NRT,305.18,5.37,D
-15.81977,125.12338,340.8,0.41,0.45,2026-05-02,0544,N,nominal,2.0NRT,303.39,5.7,D
-15.81492,125.12659,331.9,0.41,0.45,2026-05-02,0544,N,low,2.0NRT,304.3,5.37,D
-15.81635,125.11885,344.92,0.41,0.45,2026-05-02,0544,N,nominal,2.0NRT,306,5.7,D
-15.86574,124.80216,334.03,0.39,0.44,2026-05-02,0544,N,nominal,2.0NRT,302.55,10.42,D
-15.86639,124.79857,351.59,0.39,0.44,2026-05-02,0544,N,nominal,2.0NRT,306.65,10.42,D
-15.86235,124.7979,355.57,0.39,0.44,2026-05-02,0544,N,nominal,2.0NRT,302.78,9.61,D
-15.86251,124.79798,367,0.39,0.44,2026-05-02,0544,N,high,2.0NRT,302.8,12,D
-15.83168,124.87829,340.36,0.39,0.44,2026-05-02,0544,N,nominal,2.0NRT,305.23,5.96,D
-15.81389,124.95514,367,0.4,0.44,2026-05-02,0544,N,high,2.0NRT,299.08,8.09,D
-15.81322,124.95892,343.15,0.4,0.44,2026-05-02,0544,N,nominal,2.0NRT,299.66,8.09,D
-15.80914,124.95819,352.07,0.4,0.44,2026-05-02,0544,N,nominal,2.0NRT,304.96,5.21,D
-15.80981,124.95441,335.81,0.4,0.44,2026-05-02,0544,N,nominal,2.0NRT,299.19,5.21,D
-15.80285,124.92255,343.26,0.4,0.44,2026-05-02,0544,N,nominal,2.0NRT,304.62,4.21,D
-15.64277,125.56867,341.91,0.43,0.46,2026-05-02,0544,N,nominal,2.0NRT,304.48,6.05,D
-15.67136,125.36591,354.18,0.42,0.45,2026-05-02,0544,N,nominal,2.0NRT,308.94,33.67,D
-15.67211,125.36188,340.79,0.42,0.45,2026-05-02,0544,N,nominal,2.0NRT,303.21,6.83,D
-15.77377,124.80452,349.57,0.39,0.44,2026-05-02,0544,N,nominal,2.0NRT,302.63,7.52,D
-15.66715,125.36523,335.93,0.42,0.45,2026-05-02,0544,N,nominal,2.0NRT,304.96,5.98,D
-15.66791,125.36113,332.18,0.42,0.45,2026-05-02,0544,N,low,2.0NRT,304.96,5.54,D
-15.6637,125.36043,346.47,0.42,0.45,2026-05-02,0544,N,nominal,2.0NRT,306.46,5.54,D
-15.62585,125.54137,340.55,0.43,0.46,2026-05-02,0544,N,nominal,2.0NRT,300.62,7.59,D
-15.74171,124.86581,333.38,0.39,0.44,2026-05-02,0544,N,nominal,2.0NRT,299.89,2.59,D
-15.73699,124.8687,330.75,0.39,0.44,2026-05-02,0544,N,low,2.0NRT,301.23,2.59,D
-15.7375,124.86835,332.74,0.39,0.44,2026-05-02,0544,N,nominal,2.0NRT,300.49,5.87,D
-15.40108,126.25851,332.25,0.48,0.48,2026-05-02,0544,N,nominal,2.0NRT,296.62,3.01,D
-15.39577,126.26219,330.62,0.49,0.48,2026-05-02,0544,N,nominal,2.0NRT,295.69,3.01,D
-15.17091,126.80058,333.6,0.53,0.5,2026-05-02,0544,N,nominal,2.0NRT,290.11,5.69,D
-15.46151,125.18727,340.01,0.41,0.45,2026-05-02,0544,N,nominal,2.0NRT,302.1,3.68,D
-15.1735,126.79788,341.58,0.53,0.5,2026-05-02,0544,N,nominal,2.0NRT,293.85,4.94,D
-15.46046,125.18685,343.41,0.42,0.45,2026-05-02,0544,N,nominal,2.0NRT,302.11,5.17,D
-13.94698,132.60231,333.59,0.66,0.73,2026-05-02,0544,N,nominal,2.0NRT,292.52,8.38,D
-15.24664,125.99905,342.86,0.47,0.48,2026-05-02,0544,N,nominal,2.0NRT,298.32,6.99,D
-15.09091,126.80206,339.75,0.53,0.5,2026-05-02,0544,N,nominal,2.0NRT,296.79,9.27,D
-15.24226,125.99818,352.76,0.47,0.48,2026-05-02,0544,N,nominal,2.0NRT,300.14,14.53,D
-15.24306,125.99385,340.16,0.47,0.48,2026-05-02,0544,N,nominal,2.0NRT,298.05,6.51,D
-15.2493,125.93594,333.47,0.47,0.47,2026-05-02,0544,N,nominal,2.0NRT,299.08,4.41,D
-15.25258,125.91837,340.58,0.46,0.47,2026-05-02,0544,N,nominal,2.0NRT,298.48,8.59,D
-15.08156,126.80058,333.89,0.53,0.5,2026-05-02,0544,N,nominal,2.0NRT,297.04,8.24,D
-14.04987,131.83701,367,0.59,0.7,2026-05-02,0544,N,high,2.0NRT,290.35,12.66,D
-14.05107,131.83144,348.08,0.59,0.7,2026-05-02,0544,N,nominal,2.0NRT,290.38,12.66,D
-15.29308,125.55644,337.58,0.44,0.46,2026-05-02,0544,N,nominal,2.0NRT,300.61,1.97,D
-14.05137,131.83566,367,0.59,0.7,2026-05-02,0544,N,high,2.0NRT,291.07,13.45,D
-14.0502,131.84129,332.91,0.59,0.7,2026-05-02,0544,N,nominal,2.0NRT,284.65,13.45,D
-14.05254,131.83005,337.55,0.59,0.7,2026-05-02,0544,N,nominal,2.0NRT,288.83,7.97,D
-15.15006,126.18496,344.6,0.48,0.48,2026-05-02,0544,N,nominal,2.0NRT,304.12,18.77,D
-15.15088,126.18048,353.18,0.48,0.48,2026-05-02,0544,N,nominal,2.0NRT,307.47,27.88,D
-15.1431,126.19768,337.8,0.49,0.48,2026-05-02,0544,N,nominal,2.0NRT,302.58,7.53,D
-15.14113,126.18329,330.38,0.48,0.48,2026-05-02,0544,N,low,2.0NRT,301.52,10.07,D
-15.14196,126.17881,331.9,0.48,0.48,2026-05-02,0544,N,nominal,2.0NRT,301.33,4.95,D
-15.14278,126.17435,335.23,0.48,0.48,2026-05-02,0544,N,nominal,2.0NRT,292.87,4.95,D
-15.22781,125.6852,342.01,0.45,0.47,2026-05-02,0544,N,nominal,2.0NRT,302.15,11.8,D
-15.22858,125.68097,341.73,0.45,0.47,2026-05-02,0544,N,nominal,2.0NRT,303.89,8.83,D
-15.13636,126.15916,335.95,0.48,0.48,2026-05-02,0544,N,nominal,2.0NRT,299.31,6.03,D
-15.13719,126.1547,345.92,0.48,0.48,2026-05-02,0544,N,nominal,2.0NRT,299.41,6.03,D
-15.27936,125.37684,330.25,0.43,0.46,2026-05-02,0544,N,nominal,2.0NRT,296.56,3.47,D
-15.28011,125.37269,339.69,0.43,0.46,2026-05-02,0544,N,nominal,2.0NRT,297.1,3.47,D
-15.28084,125.36865,331.36,0.43,0.46,2026-05-02,0544,N,nominal,2.0NRT,295.41,2.71,D
-15.13274,126.15382,348.11,0.48,0.48,2026-05-02,0544,N,nominal,2.0NRT,300.44,9.48,D
-15.13357,126.14931,330.96,0.48,0.48,2026-05-02,0544,N,nominal,2.0NRT,294.74,4.28,D
-15.2223,125.66655,332.19,0.45,0.47,2026-05-02,0544,N,nominal,2.0NRT,298.23,5.52,D
-15.21056,125.68197,348.75,0.45,0.47,2026-05-02,0544,N,nominal,2.0NRT,302.23,10.47,D
-15.12354,126.12892,336.52,0.48,0.48,2026-05-02,0544,N,nominal,2.0NRT,299.79,3.18,D
-15.20547,125.68544,341.71,0.45,0.47,2026-05-02,0544,N,nominal,2.0NRT,300.19,10.47,D
-15.20115,125.68463,343.6,0.45,0.47,2026-05-02,0544,N,nominal,2.0NRT,300.93,13.87,D
-15.22694,125.47208,346.76,0.44,0.46,2026-05-02,0544,N,nominal,2.0NRT,294.23,6.82,D
-15.22267,125.47133,331.84,0.44,0.46,2026-05-02,0544,N,nominal,2.0NRT,299.23,5.8,D
-15.21926,125.46601,356.68,0.44,0.46,2026-05-02,0544,N,nominal,2.0NRT,301.65,9.67,D
-15.20961,125.44688,332.01,0.43,0.46,2026-05-02,0544,N,low,2.0NRT,304.14,4.15,D
-15.21189,125.43454,346.53,0.43,0.46,2026-05-02,0544,N,nominal,2.0NRT,302.51,4.68,D
-15.20456,125.45041,344.28,0.43,0.46,2026-05-02,0544,N,nominal,2.0NRT,303.09,7.21,D
-15.20535,125.44615,332.97,0.43,0.46,2026-05-02,0544,N,nominal,2.0NRT,301.24,4.15,D
-15.20613,125.44196,337.78,0.43,0.46,2026-05-02,0544,N,nominal,2.0NRT,300.89,4.15,D
-15.2069,125.43781,335.07,0.43,0.46,2026-05-02,0544,N,nominal,2.0NRT,301.16,4.68,D
-15.20763,125.43385,332.04,0.43,0.46,2026-05-02,0544,N,nominal,2.0NRT,300.18,4.68,D
-15.13571,125.79565,330.12,0.46,0.47,2026-05-02,0544,N,nominal,2.0NRT,301.28,4.34,D
-15.13651,125.79139,333.51,0.46,0.47,2026-05-02,0544,N,nominal,2.0NRT,302.71,4.34,D
-15.13811,125.78284,338.29,0.46,0.47,2026-05-02,0544,N,nominal,2.0NRT,301.46,7.04,D
-15.13216,125.79056,346.94,0.46,0.47,2026-05-02,0544,N,nominal,2.0NRT,301.83,4.34,D
-15.13297,125.78629,347.57,0.46,0.47,2026-05-02,0544,N,nominal,2.0NRT,303.01,7.04,D
-15.13377,125.78202,348.79,0.46,0.47,2026-05-02,0544,N,nominal,2.0NRT,305.07,7.04,D
-15.20274,125.4679,333.31,0.44,0.46,2026-05-02,0544,N,nominal,2.0NRT,300.99,3.17,D
-15.20576,125.45089,344.85,0.44,0.46,2026-05-02,0544,N,nominal,2.0NRT,303.53,5.96,D
-15.20652,125.44662,335.69,0.43,0.46,2026-05-02,0544,N,nominal,2.0NRT,302.06,3.88,D
-15.20726,125.44242,344.45,0.43,0.46,2026-05-02,0544,N,nominal,2.0NRT,302.11,3.88,D
-15.208,125.43827,333.87,0.43,0.46,2026-05-02,0544,N,nominal,2.0NRT,301.45,4.56,D
-15.20872,125.43425,349.86,0.43,0.46,2026-05-02,0544,N,nominal,2.0NRT,301.4,4.56,D
-15.13584,125.79195,342.52,0.46,0.47,2026-05-02,0544,N,nominal,2.0NRT,303.56,5.92,D
-15.13738,125.78337,346.38,0.46,0.47,2026-05-02,0544,N,nominal,2.0NRT,302.12,7.9,D
-15.13149,125.7911,339.36,0.46,0.47,2026-05-02,0544,N,nominal,2.0NRT,300.65,5.92,D
-15.13227,125.78684,342.93,0.46,0.47,2026-05-02,0544,N,nominal,2.0NRT,301.27,7.9,D
-15.13304,125.78255,352.79,0.46,0.47,2026-05-02,0544,N,nominal,2.0NRT,304.5,7.9,D
-15.13381,125.77829,331.47,0.46,0.47,2026-05-02,0544,N,low,2.0NRT,304.86,9.74,D
-15.13023,125.77318,339.77,0.46,0.47,2026-05-02,0544,N,nominal,2.0NRT,304.16,6.26,D
-15.13178,125.76463,353.5,0.46,0.47,2026-05-02,0544,N,nominal,2.0NRT,307.65,12.05,D
-15.13255,125.76034,344.37,0.46,0.47,2026-05-02,0544,N,nominal,2.0NRT,307.51,5.83,D
-15.13332,125.75608,332.64,0.46,0.47,2026-05-02,0544,N,low,2.0NRT,306.29,5.83,D
-15.13486,125.74757,336.93,0.46,0.47,2026-05-02,0544,N,nominal,2.0NRT,299.46,7.71,D
-15.12744,125.76381,349.7,0.46,0.47,2026-05-02,0544,N,nominal,2.0NRT,302.78,12.05,D
-15.12821,125.75954,331.99,0.46,0.47,2026-05-02,0544,N,low,2.0NRT,303.62,5.83,D
-15.13052,125.74676,343.64,0.46,0.47,2026-05-02,0544,N,nominal,2.0NRT,300.11,7.71,D
-15.12542,125.75021,340.27,0.46,0.47,2026-05-02,0544,N,nominal,2.0NRT,303.2,4.08,D
-15.12618,125.74594,331.07,0.46,0.47,2026-05-02,0544,N,nominal,2.0NRT,298.9,4.08,D
-15.12696,125.74167,341.19,0.45,0.47,2026-05-02,0544,N,nominal,2.0NRT,298.85,6.79,D
-15.12851,125.73312,332.85,0.45,0.47,2026-05-02,0544,N,nominal,2.0NRT,301.67,5.37,D
-15.12928,125.72885,350.02,0.45,0.47,2026-05-02,0544,N,nominal,2.0NRT,302.61,5.37,D
-15.13005,125.72458,337.15,0.45,0.47,2026-05-02,0544,N,nominal,2.0NRT,300.87,4.68,D
-15.02219,126.18993,330.04,0.49,0.48,2026-05-02,0544,N,nominal,2.0NRT,297.26,2.86,D
-15.01771,126.18914,337.12,0.49,0.48,2026-05-02,0544,N,nominal,2.0NRT,294.75,4.31,D
-15.02105,126.17109,350.49,0.49,0.48,2026-05-02,0544,N,nominal,2.0NRT,299.06,14.52,D
-15.02188,126.16659,331.88,0.49,0.48,2026-05-02,0544,N,nominal,2.0NRT,296.51,4.73,D
-15.01379,126.16039,330.69,0.49,0.48,2026-05-02,0544,N,nominal,2.0NRT,299.43,6.12,D
-15.01351,126.13702,367,0.48,0.48,2026-05-02,0544,N,high,2.0NRT,303.65,27.23,D
-15.01268,126.14152,347.3,0.48,0.48,2026-05-02,0544,N,nominal,2.0NRT,301.01,16.32,D
-15.01685,126.11906,343.24,0.48,0.48,2026-05-02,0544,N,nominal,2.0NRT,296.45,8.52,D
-15.01769,126.11452,342.49,0.48,0.48,2026-05-02,0544,N,nominal,2.0NRT,300.91,8.52,D
-15.00989,126.13171,348.7,0.48,0.48,2026-05-02,0544,N,nominal,2.0NRT,300.93,11.83,D
-15.01156,126.12273,343.87,0.48,0.48,2026-05-02,0544,N,nominal,2.0NRT,301.43,9.51,D
-15.0124,126.11824,352.11,0.48,0.48,2026-05-02,0544,N,nominal,2.0NRT,302.13,10.73,D
-15.01324,126.11372,342.91,0.48,0.48,2026-05-02,0544,N,nominal,2.0NRT,302.08,10.73,D
-15.00711,126.12189,335.38,0.48,0.48,2026-05-02,0544,N,nominal,2.0NRT,299.29,9.51,D
-13.91754,131.51425,333.17,0.56,0.69,2026-05-02,0544,N,nominal,2.0NRT,289.76,8.18,D
-13.79644,131.57938,338.02,0.57,0.69,2026-05-02,0544,N,nominal,2.0NRT,291.88,6.12,D
-14.78627,126.52076,334.46,0.52,0.5,2026-05-02,0544,N,nominal,2.0NRT,292.05,4.29,D
-14.7872,126.51589,342,0.52,0.5,2026-05-02,0544,N,nominal,2.0NRT,292.67,4.29,D
-14.78168,126.51994,333.35,0.52,0.5,2026-05-02,0544,N,nominal,2.0NRT,292.42,4.52,D
-14.78772,126.5176,338.69,0.52,0.5,2026-05-02,0544,N,nominal,2.0NRT,292.66,6.99,D
-13.79668,131.57611,338.8,0.57,0.69,2026-05-02,0544,N,nominal,2.0NRT,290.22,5.47,D
-14.78223,126.52166,337.56,0.52,0.5,2026-05-02,0544,N,nominal,2.0NRT,291.85,6.99,D
-14.62034,127.18118,332.64,0.57,0.52,2026-05-02,0544,N,nominal,2.0NRT,298.36,9.05,D
-14.59528,127.26052,333.74,0.58,0.52,2026-05-02,0544,N,nominal,2.0NRT,299.3,8.1,D
-14.58942,127.265,330.65,0.58,0.52,2026-05-02,0544,N,nominal,2.0NRT,299.09,6.6,D
-14.59046,127.25954,339.83,0.58,0.52,2026-05-02,0544,N,nominal,2.0NRT,300.23,9.67,D
-14.55602,127.10172,336.95,0.57,0.52,2026-05-02,0544,N,nominal,2.0NRT,298.61,6.22,D
-14.55694,127.10382,334.74,0.57,0.52,2026-05-02,0544,N,nominal,2.0NRT,297.98,5.75,D
-14.55213,127.10302,337.16,0.57,0.52,2026-05-02,0544,N,nominal,2.0NRT,298.52,4.95,D
-14.51021,127.16714,342.76,0.58,0.52,2026-05-02,0544,N,nominal,2.0NRT,299.76,7.58,D
-14.50642,127.16083,333.09,0.57,0.52,2026-05-02,0544,N,nominal,2.0NRT,299.09,7.58,D
-14.50742,127.15559,348.36,0.57,0.52,2026-05-02,0544,N,nominal,2.0NRT,299.04,6.85,D
-14.50842,127.15031,333.84,0.57,0.52,2026-05-02,0544,N,nominal,2.0NRT,294.28,6.85,D
-14.73195,125.85555,333.45,0.47,0.48,2026-05-02,0544,N,nominal,2.0NRT,300.4,4.81,D
-14.57662,126.38691,341.44,0.51,0.49,2026-05-02,0544,N,nominal,2.0NRT,283.32,5.29,D
-14.37045,127.20081,335.34,0.58,0.52,2026-05-02,0544,N,nominal,2.0NRT,298.66,7.18,D
-14.32636,127.16964,331.91,0.58,0.52,2026-05-02,0544,N,nominal,2.0NRT,297.82,5.67,D
-14.3406,127.0517,340.63,0.57,0.52,2026-05-02,0544,N,nominal,2.0NRT,299.51,8.94,D
-14.30057,127.21175,343.07,0.58,0.52,2026-05-02,0544,N,nominal,2.0NRT,298.89,6.73,D
-14.331,127.04995,338.05,0.57,0.52,2026-05-02,0544,N,nominal,2.0NRT,296.5,13.44,D
-14.3262,127.04906,343.01,0.57,0.52,2026-05-02,0544,N,nominal,2.0NRT,296.83,9.24,D
-14.30728,127.12309,367,0.58,0.52,2026-05-02,0544,N,high,2.0NRT,297.75,12.45,D
-14.30042,127.13299,335.15,0.58,0.52,2026-05-02,0544,N,nominal,2.0NRT,297.75,6.07,D
-12.93837,131.64017,334.35,0.6,0.7,2026-05-02,0544,N,nominal,2.0NRT,290.66,5.54,D
-12.93065,131.64445,342.48,0.6,0.7,2026-05-02,0544,N,nominal,2.0NRT,290.32,11.54,D
-12.93184,131.63881,351.57,0.6,0.7,2026-05-02,0544,N,nominal,2.0NRT,293.12,11.54,D
-12.93272,131.64183,367,0.6,0.71,2026-05-02,0544,N,high,2.0NRT,293.12,23.7,D
-12.60271,131.22401,331.91,0.57,0.69,2026-05-02,0544,N,nominal,2.0NRT,293.48,8.5,D
-12.60384,131.21852,344.84,0.57,0.69,2026-05-02,0544,N,nominal,2.0NRT,293.65,8.26,D
-34.44038,117.01138,336.9,0.46,0.47,2026-05-02,0540,N,nominal,2.0NRT,282.59,6.31,D
-34.28366,117.32335,338.86,0.44,0.46,2026-05-02,0540,N,nominal,2.0NRT,284.68,3.65,D
-34.28255,117.32545,334.42,0.44,0.46,2026-05-02,0540,N,nominal,2.0NRT,285.25,5.7,D
-33.0244,117.08156,339,0.44,0.46,2026-05-02,0540,N,nominal,2.0NRT,284.46,3.45,D
-33.02749,117.08405,348.56,0.44,0.46,2026-05-02,0540,N,nominal,2.0NRT,286.89,6.43,D
-32.5756,117.17453,355.79,0.43,0.46,2026-05-02,0540,N,nominal,2.0NRT,290.13,8.5,D
-32.04246,116.80354,325.28,0.44,0.46,2026-05-02,0540,N,nominal,2.0NRT,292.89,4.47,D
-32.03812,116.80289,328.43,0.44,0.46,2026-05-02,0540,N,nominal,2.0NRT,291.17,4.47,D
-32.02753,116.28156,340.32,0.47,0.48,2026-05-02,0540,N,nominal,2.0NRT,288.09,5.25,D
-31.9868,116.28014,339.98,0.47,0.48,2026-05-02,0540,N,nominal,2.0NRT,288.16,4.37,D
-31.41649,118.31673,334.3,0.55,0.42,2026-05-02,0540,N,nominal,2.0NRT,296.11,5.24,D
-31.41253,118.31608,336.06,0.55,0.42,2026-05-02,0540,N,nominal,2.0NRT,294.35,5.24,D
-31.41437,118.31464,349.66,0.55,0.42,2026-05-02,0540,N,nominal,2.0NRT,296,12.62,D
-31.60633,116.15553,342.9,0.48,0.48,2026-05-02,0540,N,nominal,2.0NRT,289.47,7.32,D
-31.59085,116.17443,330.99,0.48,0.48,2026-05-02,0540,N,nominal,2.0NRT,289.58,8.49,D
-31.4668,117.35721,338.66,0.41,0.45,2026-05-02,0540,N,nominal,2.0NRT,293.44,3.33,D
-31.58285,116.16312,326.33,0.48,0.48,2026-05-02,0540,N,nominal,2.0NRT,289.26,2.51,D
-31.57389,116.16171,327.01,0.48,0.48,2026-05-02,0540,N,nominal,2.0NRT,288.72,5.24,D
-31.4718,116.53565,340.42,0.45,0.47,2026-05-02,0540,N,nominal,2.0NRT,295.26,7.75,D
-31.49535,115.72478,330.63,0.5,0.49,2026-05-02,0540,N,nominal,2.0NRT,288.97,2.63,D
-31.49073,115.72427,345.68,0.5,0.49,2026-05-02,0540,N,nominal,2.0NRT,287,4.31,D
-31.49123,115.71881,327.74,0.5,0.49,2026-05-02,0540,N,nominal,2.0NRT,287.05,4.31,D
-31.48612,115.72377,333.32,0.5,0.49,2026-05-02,0540,N,nominal,2.0NRT,287.32,4.31,D
-31.43069,115.87338,326.03,0.49,0.49,2026-05-02,0540,N,nominal,2.0NRT,292.06,2.73,D
-30.67325,115.74815,329.1,0.49,0.49,2026-05-02,0540,N,nominal,2.0NRT,294.05,6.37,D
-30.62498,116.19537,339.96,0.46,0.47,2026-05-02,0540,N,nominal,2.0NRT,294.73,51.32,D
-30.62595,116.18553,333.03,0.46,0.47,2026-05-02,0540,N,nominal,2.0NRT,300.59,46.31,D
-30.62547,116.19045,367,0.46,0.47,2026-05-02,0540,N,low,2.0NRT,333.79,51.32,D
-30.62103,116.18983,355.7,0.46,0.47,2026-05-02,0540,N,nominal,2.0NRT,292.2,51.32,D
-30.53156,116.51136,328.71,0.44,0.46,2026-05-02,0540,N,nominal,2.0NRT,292.78,3.41,D
-30.5347,116.51371,326.41,0.44,0.46,2026-05-02,0540,N,nominal,2.0NRT,292.26,1.76,D
-30.25286,115.14135,336.31,0.53,0.5,2026-05-02,0540,N,nominal,2.0NRT,296.04,3.75,D
-29.82694,116.03725,339.84,0.46,0.47,2026-05-02,0540,N,nominal,2.0NRT,295.98,7.27,D
-29.76294,116.00422,339.66,0.46,0.47,2026-05-02,0540,N,nominal,2.0NRT,296.27,6.78,D
-29.75851,116.00356,342.96,0.46,0.47,2026-05-02,0540,N,nominal,2.0NRT,300.52,19.34,D
-29.759,115.99865,333.31,0.46,0.47,2026-05-02,0540,N,nominal,2.0NRT,299.22,19.34,D
-29.74822,116.01701,348.3,0.46,0.47,2026-05-02,0540,N,nominal,2.0NRT,317.7,47.83,D
-29.74966,116.00228,327.72,0.46,0.47,2026-05-02,0540,N,nominal,2.0NRT,296.88,2.37,D
-29.74379,116.0164,345.03,0.46,0.47,2026-05-02,0540,N,nominal,2.0NRT,302.91,47.83,D
-29.74121,116.00828,337.59,0.46,0.47,2026-05-02,0540,N,nominal,2.0NRT,294.52,4.56,D
-29.57487,116.02831,342.35,0.46,0.47,2026-05-02,0540,N,nominal,2.0NRT,308.33,56.17,D
-29.39237,115.99513,332.16,0.46,0.47,2026-05-02,0540,N,nominal,2.0NRT,295.52,2.48,D
-29.39066,115.74545,335.98,0.48,0.48,2026-05-02,0540,N,nominal,2.0NRT,300.46,12.96,D
-29.04581,115.17545,340.71,0.51,0.49,2026-05-02,0540,N,nominal,2.0NRT,297.21,4.96,D
-28.83696,114.69843,344.68,0.54,0.51,2026-05-02,0540,N,nominal,2.0NRT,298.84,6.31,D
-28.3526,114.67385,338.07,0.53,0.5,2026-05-02,0542,N,nominal,2.0NRT,297.78,5.94,D
-33.73746,116.34789,327.5,0.76,0.77,2026-05-02,0720,N,nominal,2.0NRT,281.88,2.86,D
-36.22077,174.65181,296.6,0.4,0.37,2026-05-02,1336,N,nominal,2.0NRT,281.41,0.66,N
-37.201,174.72125,303.01,0.41,0.37,2026-05-02,1336,N,nominal,2.0NRT,283.24,0.71,N
-37.20445,174.72052,306.59,0.41,0.37,2026-05-02,1336,N,nominal,2.0NRT,284.16,2.04,N
-37.2051,174.72514,299.57,0.41,0.37,2026-05-02,1336,N,nominal,2.0NRT,284.29,0.85,N
-37.20855,174.72441,308.27,0.41,0.37,2026-05-02,1336,N,nominal,2.0NRT,283.42,0.85,N
-38.81896,174.61021,302,0.42,0.37,2026-05-02,1336,N,nominal,2.0NRT,278.88,0.42,N
-15.38293,167.82463,333.44,0.42,0.61,2026-05-02,1329,N,nominal,2.0NRT,285.21,63.38,N
-45.77006,169.94763,295.4,0.38,0.36,2026-05-02,1338,N,nominal,2.0NRT,276.86,0.39,N
-45.97269,169.65034,329.86,0.38,0.36,2026-05-02,1338,N,nominal,2.0NRT,280.05,4.21,N
-15.38453,167.83228,341.55,0.42,0.61,2026-05-02,1329,N,nominal,2.0NRT,293.86,7.08,N
-15.38535,167.83623,325.52,0.42,0.61,2026-05-02,1329,N,nominal,2.0NRT,290.63,7.08,N
-15.38212,167.82074,318.37,0.42,0.61,2026-05-02,1329,N,nominal,2.0NRT,283.82,5.73,N
-15.3901,167.8307,331.56,0.42,0.61,2026-05-02,1329,N,nominal,2.0NRT,287.96,7.08,N
-15.39094,167.8347,329.97,0.42,0.61,2026-05-02,1329,N,nominal,2.0NRT,288.63,7.08,N
-15.38774,167.8194,318.64,0.42,0.61,2026-05-02,1329,N,nominal,2.0NRT,283.89,5.73,N
-15.39257,167.81427,301.42,0.42,0.61,2026-05-02,1329,N,nominal,2.0NRT,283.31,2.22,N
-15.39338,167.81815,310.13,0.42,0.61,2026-05-02,1329,N,nominal,2.0NRT,284.7,2.22,N
-15.3966,167.83357,297.9,0.42,0.61,2026-05-02,1329,N,nominal,2.0NRT,284.99,1.84,N
-22.25131,166.44212,305.9,0.38,0.58,2026-05-02,1331,N,nominal,2.0NRT,291.06,0.64,N
-19.65155,147.53157,302.97,0.52,0.41,2026-05-02,1514,N,nominal,2.0NRT,290.8,0.55,N
-37.43931,146.32268,333.5,0.39,0.36,2026-05-02,1518,N,nominal,2.0NRT,288.27,4.11,N
-21.65358,147.98485,305.72,0.46,0.39,2026-05-02,1514,N,nominal,2.0NRT,288.27,1.19,N
-37.44004,146.32709,313.47,0.39,0.36,2026-05-02,1518,N,nominal,2.0NRT,286.67,1.07,N
-21.73868,148.16682,301.23,0.45,0.39,2026-05-02,1514,N,nominal,2.0NRT,289.14,0.35,N
-22.17726,150.08231,311.52,0.39,0.36,2026-05-02,1514,N,nominal,2.0NRT,290.23,1.39,N
-37.44076,146.3315,306.94,0.39,0.36,2026-05-02,1518,N,nominal,2.0NRT,282.19,1.07,N
-23.04784,148.59013,314.79,0.42,0.38,2026-05-02,1514,N,nominal,2.0NRT,290.09,1.04,N
-37.4441,146.3307,315.09,0.39,0.36,2026-05-02,1518,N,nominal,2.0NRT,286.37,1.07,N
-23.30314,148.32988,315.6,0.43,0.38,2026-05-02,1514,N,nominal,2.0NRT,289.63,1.51,N
-37.44859,146.3157,301.66,0.39,0.36,2026-05-02,1518,N,nominal,2.0NRT,285.04,1.42,N
-23.84837,149.15651,300.64,0.4,0.37,2026-05-02,1514,N,nominal,2.0NRT,287.74,0.93,N
-37.45048,146.30603,297.16,0.39,0.36,2026-05-02,1518,N,nominal,2.0NRT,280.1,0.82,N
-23.85043,149.14795,301.26,0.4,0.37,2026-05-02,1514,N,nominal,2.0NRT,288.36,0.86,N
-37.4612,146.30782,296.27,0.39,0.36,2026-05-02,1518,N,nominal,2.0NRT,278.55,1.16,N
-23.85384,149.14735,301.71,0.4,0.37,2026-05-02,1514,N,nominal,2.0NRT,288.18,1.17,N
-37.30472,145.13434,299.18,0.4,0.37,2026-05-02,1518,N,nominal,2.0NRT,276.72,0.77,N
-23.85452,149.15134,298.48,0.4,0.37,2026-05-02,1514,N,nominal,2.0NRT,288.43,0.51,N
-37.36247,145.09909,298.33,0.4,0.37,2026-05-02,1518,N,nominal,2.0NRT,286.03,0.93,N
-23.85793,149.15074,304.88,0.4,0.37,2026-05-02,1514,N,nominal,2.0NRT,288.5,0.51,N
-37.36416,145.09642,298.86,0.4,0.37,2026-05-02,1518,N,nominal,2.0NRT,285.69,0.77,N
-23.86949,149.15674,298.83,0.4,0.37,2026-05-02,1514,N,nominal,2.0NRT,287.02,0.34,N
-41.00562,148.16579,295.61,0.41,0.37,2026-05-02,1518,N,nominal,2.0NRT,281.68,0.52,N
-24.84171,151.8793,307.82,0.39,0.37,2026-05-02,1514,N,nominal,2.0NRT,289.1,0.62,N
-41.22235,147.452,310.92,0.4,0.37,2026-05-02,1518,N,nominal,2.0NRT,275.83,0.86,N
-25.29706,152.18155,302.75,0.4,0.37,2026-05-02,1514,N,nominal,2.0NRT,288.98,0.38,N
-42.05947,147.78192,325.02,0.41,0.37,2026-05-02,1520,N,nominal,2.0NRT,278.19,3.02,N
-26.57659,151.96001,297.21,0.4,0.37,2026-05-02,1514,N,nominal,2.0NRT,281.64,0.73,N
-42.06016,147.78691,326.72,0.41,0.37,2026-05-02,1520,N,nominal,2.0NRT,278.44,2.44,N
-28.26468,150.02466,298.52,0.38,0.36,2026-05-02,1516,N,nominal,2.0NRT,267.77,0.89,N
-42.06291,147.78107,323.41,0.41,0.37,2026-05-02,1520,N,nominal,2.0NRT,277.96,4.2,N
-27.92798,147.37952,320.84,0.42,0.38,2026-05-02,1516,N,nominal,2.0NRT,286.12,1.97,N
-42.06359,147.78604,324.81,0.41,0.37,2026-05-02,1520,N,nominal,2.0NRT,279.38,4.27,N
-27.92723,147.37524,301.5,0.42,0.38,2026-05-02,1516,N,nominal,2.0NRT,284.72,1.28,N
-42.86879,147.87305,310.39,0.41,0.37,2026-05-02,1520,N,nominal,2.0NRT,285.29,1.49,N
-27.93143,147.37874,329.86,0.42,0.38,2026-05-02,1516,N,nominal,2.0NRT,286.11,1.97,N
-42.87226,147.87219,295.31,0.41,0.37,2026-05-02,1520,N,nominal,2.0NRT,283.18,0.65,N
-27.93069,147.37447,305.07,0.42,0.38,2026-05-02,1516,N,nominal,2.0NRT,285.28,1.28,N
-42.90366,147.86266,297.22,0.41,0.37,2026-05-02,1520,N,nominal,2.0NRT,282.9,0.75,N
-28.66158,150.47247,305.39,0.39,0.36,2026-05-02,1516,N,nominal,2.0NRT,278.76,0.79,N
-42.7831,146.96072,316.65,0.4,0.37,2026-05-02,1520,N,nominal,2.0NRT,285.35,1.91,N
-28.11117,146.49756,301.31,0.45,0.39,2026-05-02,1516,N,nominal,2.0NRT,276.33,0.6,N
-42.78578,146.95485,330.19,0.4,0.37,2026-05-02,1520,N,nominal,2.0NRT,286.74,1.91,N
-28.11829,146.49591,296.27,0.45,0.39,2026-05-02,1516,N,nominal,2.0NRT,277.36,0.35,N
-42.78646,146.95959,307.33,0.4,0.37,2026-05-02,1520,N,nominal,2.0NRT,285.35,1.91,N
-28.14292,146.50911,300.89,0.45,0.39,2026-05-02,1516,N,nominal,2.0NRT,278.52,0.85,N
-42.80247,147.07277,297.15,0.4,0.37,2026-05-02,1520,N,nominal,2.0NRT,283.03,0.54,N
-28.14648,146.50829,318.89,0.45,0.39,2026-05-02,1516,N,nominal,2.0NRT,277.25,0.85,N
-42.80316,147.07761,296.68,0.4,0.37,2026-05-02,1520,N,nominal,2.0NRT,283.35,0.54,N
-28.14478,146.51103,310.13,0.45,0.39,2026-05-02,1516,N,nominal,2.0NRT,277.72,1.13,N
-42.78916,146.95386,329.8,0.4,0.37,2026-05-02,1520,N,nominal,2.0NRT,286.03,3.2,N
-28.14834,146.51019,320.08,0.45,0.39,2026-05-02,1516,N,nominal,2.0NRT,276.02,1.33,N
-42.74255,146.55779,300.17,0.39,0.36,2026-05-02,1520,N,nominal,2.0NRT,274.49,1.22,N
-28.1519,146.50937,309.81,0.45,0.39,2026-05-02,1516,N,nominal,2.0NRT,273.09,1.33,N
-42.74523,146.55214,300.48,0.39,0.36,2026-05-02,1520,N,nominal,2.0NRT,272.07,0.96,N
-28.15545,146.50854,309.2,0.45,0.39,2026-05-02,1516,N,nominal,2.0NRT,275.45,1.1,N
-43.08907,147.24748,297,0.4,0.37,2026-05-02,1520,N,nominal,2.0NRT,281.46,0.45,N
-29.17858,148.96265,305.11,0.39,0.36,2026-05-02,1516,N,nominal,2.0NRT,278.44,0.86,N
-43.1144,146.74083,305.91,0.4,0.37,2026-05-02,1520,N,nominal,2.0NRT,264.49,1.15,N
-29.20346,148.28294,305.84,0.39,0.36,2026-05-02,1516,N,nominal,2.0NRT,277.03,0.81,N
-43.11509,146.74562,296.79,0.4,0.37,2026-05-02,1520,N,nominal,2.0NRT,263.32,0.69,N
-29.20413,148.28697,306.35,0.39,0.36,2026-05-02,1516,N,nominal,2.0NRT,277.6,0.97,N
-43.11777,146.73991,302.64,0.4,0.37,2026-05-02,1520,N,nominal,2.0NRT,257.89,0.62,N
-29.21219,148.29359,296.69,0.39,0.36,2026-05-02,1516,N,nominal,2.0NRT,276.92,0.45,N
-43.16899,146.8027,301.11,0.4,0.37,2026-05-02,1520,N,nominal,2.0NRT,273.93,1.01,N
-29.21554,148.29288,304.16,0.39,0.36,2026-05-02,1516,N,nominal,2.0NRT,277.58,0.45,N
-43.37275,146.98631,304.56,0.4,0.37,2026-05-02,1520,N,nominal,2.0NRT,285.97,0.65,N
-29.21559,148.29024,306.03,0.39,0.36,2026-05-02,1516,N,nominal,2.0NRT,277.88,1.04,N
-30.06715,151.54745,299.71,0.42,0.37,2026-05-02,1516,N,nominal,2.0NRT,280.5,0.7,N
-29.97558,149.2897,309.95,0.38,0.36,2026-05-02,1516,N,nominal,2.0NRT,273.1,0.59,N
-29.97891,149.28902,295.59,0.38,0.36,2026-05-02,1516,N,nominal,2.0NRT,272.64,0.59,N
-30.23947,150.21359,297.23,0.39,0.36,2026-05-02,1516,N,nominal,2.0NRT,273.44,0.81,N
-29.93893,148.16081,299.36,0.39,0.36,2026-05-02,1516,N,nominal,2.0NRT,273.19,0.64,N
-30.43283,149.42307,297.04,0.38,0.36,2026-05-02,1516,N,nominal,2.0NRT,278.53,0.42,N
-30.56744,148.13045,299.14,0.39,0.36,2026-05-02,1516,N,nominal,2.0NRT,280.03,0.91,N
-30.57146,148.13379,307.09,0.39,0.36,2026-05-02,1516,N,nominal,2.0NRT,280.25,0.91,N
-30.5748,148.13304,313.06,0.39,0.36,2026-05-02,1516,N,nominal,2.0NRT,280.11,1.95,N
-30.57882,148.13637,296,0.39,0.36,2026-05-02,1516,N,nominal,2.0NRT,279.84,0.55,N
-30.69703,147.75235,309.72,0.39,0.36,2026-05-02,1516,N,nominal,2.0NRT,271.48,1.22,N
-30.7004,147.75159,307.45,0.39,0.36,2026-05-02,1516,N,nominal,2.0NRT,271.06,1.22,N
-31.17023,146.89488,302.17,0.41,0.37,2026-05-02,1516,N,nominal,2.0NRT,253.76,1.09,N
-31.17097,146.89915,305.52,0.41,0.37,2026-05-02,1516,N,nominal,2.0NRT,255.51,1.18,N
-32.46502,152.10062,305.91,0.46,0.39,2026-05-02,1516,N,nominal,2.0NRT,278.41,0.64,N
-32.53088,151.95157,297.68,0.45,0.39,2026-05-02,1516,N,nominal,2.0NRT,272.01,2.36,N
-32.53449,151.95091,337.19,0.45,0.39,2026-05-02,1516,N,nominal,2.0NRT,273.34,2.36,N
-33.16349,151.40872,312.04,0.44,0.38,2026-05-02,1516,N,nominal,2.0NRT,275.97,1.01,N
-30.44474,136.85611,312.25,0.44,0.62,2026-05-02,1516,N,nominal,2.0NRT,284.3,1.6,N
-34.04867,150.97145,304.1,0.43,0.38,2026-05-02,1516,N,nominal,2.0NRT,282.78,0.44,N
-34.0482,150.97424,305.07,0.43,0.38,2026-05-02,1516,N,nominal,2.0NRT,282.65,0.86,N
-34.08768,150.83691,299.68,0.43,0.38,2026-05-02,1516,N,nominal,2.0NRT,279.75,0.76,N
-34.09119,150.83623,298.61,0.43,0.38,2026-05-02,1516,N,nominal,2.0NRT,279.75,0.76,N
-34.45155,150.87529,299.58,0.43,0.38,2026-05-02,1516,N,nominal,2.0NRT,284.08,0.98,N
-34.45572,150.87935,303.12,0.43,0.38,2026-05-02,1516,N,nominal,2.0NRT,285.62,0.91,N
-34.45989,150.88339,338.78,0.43,0.38,2026-05-02,1516,N,nominal,2.0NRT,287.7,9.25,N
-34.4647,150.89215,302.51,0.43,0.38,2026-05-02,1516,N,nominal,2.0NRT,286.21,1.47,N
-34.46824,150.89146,305.46,0.43,0.38,2026-05-02,1516,N,nominal,2.0NRT,287.88,1.03,N
-34.46764,150.89456,309.29,0.43,0.38,2026-05-02,1516,N,nominal,2.0NRT,288.06,1.62,N
-34.60722,146.15866,305.74,0.4,0.37,2026-05-02,1516,N,nominal,2.0NRT,278.23,0.5,N
-32.99265,137.58675,300.74,0.35,0.56,2026-05-02,1518,N,nominal,2.0NRT,281.71,0.94,N
-35.79323,146.91937,298.71,0.39,0.36,2026-05-02,1518,N,nominal,2.0NRT,285.9,0.54,N
-35.97422,146.31779,297.13,0.39,0.36,2026-05-02,1518,N,nominal,2.0NRT,286.42,0.4,N
-36.51104,146.70436,305.78,0.39,0.36,2026-05-02,1518,N,nominal,2.0NRT,279.24,1.52,N
-36.51176,146.70876,295.8,0.39,0.36,2026-05-02,1518,N,nominal,2.0NRT,281.43,1.04,N
-36.51438,146.70354,305.71,0.39,0.36,2026-05-02,1518,N,nominal,2.0NRT,276.51,1.52,N
-36.51509,146.70793,301.78,0.39,0.36,2026-05-02,1518,N,nominal,2.0NRT,278.96,1.04,N
-36.91384,147.49617,310.03,0.38,0.36,2026-05-02,1518,N,nominal,2.0NRT,278.75,2.03,N
-36.96591,147.54219,304.65,0.38,0.36,2026-05-02,1518,N,nominal,2.0NRT,281.39,0.72,N
-17.86118,124.36441,319.07,0.43,0.38,2026-05-02,1654,N,nominal,2.0NRT,293.43,1.44,N
-17.86187,124.36847,315.86,0.43,0.38,2026-05-02,1654,N,nominal,2.0NRT,293.85,1.44,N
-18.22984,124.76887,332.55,0.41,0.37,2026-05-02,1654,N,nominal,2.0NRT,293.58,2.36,N
-18.2305,124.7728,324.55,0.41,0.37,2026-05-02,1654,N,nominal,2.0NRT,293.68,2.36,N
-18.23249,124.78459,304.8,0.41,0.37,2026-05-02,1654,N,nominal,2.0NRT,291.77,0.71,N
-18.23594,124.78395,324.92,0.41,0.37,2026-05-02,1654,N,nominal,2.0NRT,292.63,2.06,N
-18.24123,124.81532,329.71,0.41,0.37,2026-05-02,1654,N,nominal,2.0NRT,294.02,7.98,N
-18.23328,124.76823,304.8,0.41,0.37,2026-05-02,1654,N,nominal,2.0NRT,292.27,1.27,N
-18.2366,124.78787,319.13,0.41,0.37,2026-05-02,1654,N,nominal,2.0NRT,292.51,2.06,N
-18.24533,124.8186,345.04,0.41,0.37,2026-05-02,1654,N,nominal,2.0NRT,297.96,7.98,N
-18.24599,124.82251,310.13,0.41,0.37,2026-05-02,1654,N,nominal,2.0NRT,294.03,3.09,N
-18.24877,124.81795,333.59,0.41,0.37,2026-05-02,1654,N,nominal,2.0NRT,294.87,22.07,N
-18.24943,124.82187,332.08,0.41,0.37,2026-05-02,1654,N,nominal,2.0NRT,300.3,91.1,N
-18.23699,124.72694,329.63,0.42,0.37,2026-05-02,1654,N,nominal,2.0NRT,293.85,2.79,N
-18.25221,124.81731,346.62,0.41,0.37,2026-05-02,1654,N,nominal,2.0NRT,301.07,22.07,N
-18.25565,124.81667,348.18,0.41,0.37,2026-05-02,1654,N,nominal,2.0NRT,318.65,51.62,N
-18.25631,124.82059,367,0.41,0.37,2026-05-02,1654,N,high,2.0NRT,314.58,43.09,N
-18.25499,124.81276,318.22,0.41,0.37,2026-05-02,1654,N,nominal,2.0NRT,293.71,51.62,N
-18.25909,124.81602,339.09,0.41,0.37,2026-05-02,1654,N,nominal,2.0NRT,308,51.62,N
-18.25974,124.81995,315.01,0.41,0.37,2026-05-02,1654,N,nominal,2.0NRT,297.17,43.09,N
-18.26253,124.81538,310.28,0.41,0.37,2026-05-02,1654,N,nominal,2.0NRT,293.47,1.27,N
-18.29439,124.8224,322.82,0.41,0.37,2026-05-02,1654,N,nominal,2.0NRT,295.44,4.09,N
-18.29506,124.82631,329.48,0.41,0.37,2026-05-02,1654,N,nominal,2.0NRT,294.95,4.09,N
-18.29783,124.82176,338.79,0.41,0.37,2026-05-02,1654,N,nominal,2.0NRT,296.46,4.09,N
-18.29849,124.82567,324.17,0.41,0.37,2026-05-02,1654,N,nominal,2.0NRT,293.29,4.09,N
-20.93269,134.79361,299.46,0.62,0.54,2026-05-02,1654,N,nominal,2.0NRT,289.43,0.61,N
-20.93704,134.78685,304.63,0.62,0.54,2026-05-02,1654,N,nominal,2.0NRT,290.5,2.04,N
-20.94207,134.78633,313.31,0.62,0.54,2026-05-02,1654,N,nominal,2.0NRT,290.67,2.04,N
-20.9471,134.78583,325.96,0.62,0.54,2026-05-02,1654,N,nominal,2.0NRT,290.38,2.67,N
-20.94777,134.79185,309.74,0.62,0.54,2026-05-02,1654,N,nominal,2.0NRT,290.58,2.67,N
-20.95213,134.78529,308.84,0.62,0.54,2026-05-02,1654,N,nominal,2.0NRT,289.84,2.67,N
-20.9528,134.79132,312.39,0.62,0.54,2026-05-02,1654,N,nominal,2.0NRT,290.26,2.67,N
-20.95783,134.79077,301.77,0.62,0.54,2026-05-02,1654,N,nominal,2.0NRT,289.95,1.37,N
-20.9585,134.7968,316.95,0.62,0.54,2026-05-02,1654,N,nominal,2.0NRT,289.7,1.45,N
-20.95918,134.80292,300.44,0.62,0.54,2026-05-02,1654,N,nominal,2.0NRT,289.3,1.45,N
-20.96285,134.79018,301.62,0.62,0.54,2026-05-02,1654,N,nominal,2.0NRT,289.71,1.37,N
-20.94159,134.78645,313.11,0.62,0.54,2026-05-02,1654,N,nominal,2.0NRT,290.49,3.49,N
-20.94663,134.78595,325.71,0.62,0.54,2026-05-02,1654,N,nominal,2.0NRT,290.25,3.49,N
-20.94725,134.79199,302.9,0.62,0.54,2026-05-02,1654,N,nominal,2.0NRT,290.61,2.44,N
-20.95165,134.7854,310.89,0.62,0.54,2026-05-02,1654,N,nominal,2.0NRT,289.6,3.13,N
-20.95228,134.79143,316.77,0.62,0.54,2026-05-02,1654,N,nominal,2.0NRT,290.46,2.15,N
-20.95731,134.79086,303.96,0.62,0.54,2026-05-02,1654,N,nominal,2.0NRT,290.1,2.15,N
-20.95794,134.79691,314.91,0.62,0.54,2026-05-02,1654,N,nominal,2.0NRT,289.69,2.15,N
-20.95857,134.80302,301.35,0.62,0.54,2026-05-02,1654,N,nominal,2.0NRT,289.28,1.6,N
-20.96234,134.79025,303.89,0.62,0.54,2026-05-02,1654,N,nominal,2.0NRT,289.81,1.87,N
-21.70266,122.36142,328.54,0.47,0.4,2026-05-02,1656,N,nominal,2.0NRT,287.53,2.63,N
-21.70183,122.35683,311.91,0.47,0.4,2026-05-02,1656,N,nominal,2.0NRT,285.78,2.31,N
-21.7088,122.37438,320.92,0.47,0.4,2026-05-02,1656,N,nominal,2.0NRT,286.75,2.7,N
-21.70632,122.36066,297.24,0.47,0.4,2026-05-02,1656,N,nominal,2.0NRT,285.08,0.71,N
-21.71493,122.38733,297.78,0.47,0.4,2026-05-02,1656,N,nominal,2.0NRT,280.25,0.76,N
-21.71941,122.39117,298.93,0.47,0.4,2026-05-02,1656,N,nominal,2.0NRT,280.59,1.09,N
-20.61504,116.76525,367,0.35,0.57,2026-05-02,1656,N,high,2.0NRT,291.89,6.04,N
-21.69287,114.99982,306.87,0.42,0.61,2026-05-02,1656,N,nominal,2.0NRT,293.11,1.15,N
-32.99576,137.58705,295.27,0.6,0.7,2026-05-02,1658,N,nominal,2.0NRT,279.59,0.85,N
-30.26389,115.25518,322,0.54,0.51,2026-05-02,1658,N,nominal,2.0NRT,281.03,2.84,N
-30.26423,115.2544,314.14,0.54,0.51,2026-05-02,1658,N,nominal,2.0NRT,280.52,2.45,N
-30.26551,115.26002,305.03,0.54,0.51,2026-05-02,1658,N,nominal,2.0NRT,280.41,1.61,N
-31.52441,118.60512,295.83,0.51,0.41,2026-05-02,1658,N,nominal,2.0NRT,280.05,0.39,N
-31.80847,116.2275,297.38,0.44,0.46,2026-05-02,1658,N,nominal,2.0NRT,279.19,0.49,N
-32.10804,116.68047,298.87,0.42,0.45,2026-05-02,1658,N,nominal,2.0NRT,279.52,0.69,N
-32.26316,115.90152,307,0.45,0.47,2026-05-02,1658,N,nominal,2.0NRT,278.21,0.97,N
-32.26397,115.90405,305.68,0.45,0.47,2026-05-02,1658,N,nominal,2.0NRT,278.89,1.39,N
-32.82191,117.22283,302.65,0.57,0.43,2026-05-02,1658,N,nominal,2.0NRT,279.67,1.19,N
-32.91941,117.20587,297.01,0.57,0.43,2026-05-02,1658,N,nominal,2.0NRT,278.71,1.16,N
-32.96004,116.62559,302.52,0.4,0.44,2026-05-02,1658,N,nominal,2.0NRT,278.63,0.97,N
-33.55879,116.79219,296.86,0.39,0.44,2026-05-02,1658,N,nominal,2.0NRT,280.78,1.02,N
-33.55966,116.7963,311.58,0.38,0.44,2026-05-02,1658,N,nominal,2.0NRT,280.95,1.02,N
-33.99677,116.06961,297.08,0.41,0.45,2026-05-02,1658,N,nominal,2.0NRT,281.98,0.52,N
-35.01514,117.31113,296.11,0.52,0.41,2026-05-02,1658,N,nominal,2.0NRT,283.93,0.81,N
-11.49265,130.5273,304.94,0.42,0.37,2026-05-02,1652,N,nominal,2.0NRT,293.81,2.12,N
-11.49611,130.52675,342.27,0.42,0.37,2026-05-02,1652,N,nominal,2.0NRT,294.34,2.12,N
-10.61047,121.76295,309.77,0.51,0.49,2026-05-02,1652,N,nominal,2.0NRT,293.24,3.56,N
-13.94919,132.59978,304.75,0.55,0.43,2026-05-02,1652,N,nominal,2.0NRT,292.06,1.13,N
-14.28876,132.59499,305.26,0.56,0.43,2026-05-02,1652,N,nominal,2.0NRT,292.62,1.29,N
-14.60498,126.95536,313.56,0.39,0.36,2026-05-02,1652,N,nominal,2.0NRT,294.6,2.04,N
-14.7965,126.51699,306.53,0.39,0.36,2026-05-02,1652,N,nominal,2.0NRT,294.66,1.04,N
-14.80047,126.52005,305.88,0.39,0.36,2026-05-02,1652,N,nominal,2.0NRT,294.52,1.04,N
-14.72153,125.85175,305.92,0.41,0.37,2026-05-02,1652,N,nominal,2.0NRT,292.72,0.76,N
-15.3902,129.72325,306.98,0.42,0.38,2026-05-02,1652,N,nominal,2.0NRT,294.35,1.73,N
-15.39425,129.72665,313.47,0.42,0.38,2026-05-02,1652,N,nominal,2.0NRT,295.03,2.42,N
-15.39716,129.72226,307.56,0.42,0.38,2026-05-02,1652,N,nominal,2.0NRT,293.72,1.13,N
-15.45588,130.02547,310.84,0.43,0.38,2026-05-02,1652,N,nominal,2.0NRT,291.57,1.15,N
-15.45647,130.02946,312.68,0.43,0.38,2026-05-02,1652,N,nominal,2.0NRT,290.31,1.15,N
-15.4746,130.03056,303.06,0.43,0.38,2026-05-02,1652,N,nominal,2.0NRT,289.91,1.19,N
-15.47812,130.03001,314.96,0.43,0.38,2026-05-02,1652,N,nominal,2.0NRT,292.55,1.34,N
-15.47871,130.034,305.61,0.43,0.38,2026-05-02,1652,N,nominal,2.0NRT,293.03,1.34,N
-15.43587,129.67209,302.45,0.42,0.37,2026-05-02,1652,N,nominal,2.0NRT,287.51,0.85,N
-15.10881,126.50147,304.94,0.39,0.36,2026-05-02,1652,N,nominal,2.0NRT,293,0.66,N
-15.14718,126.52493,308.1,0.39,0.36,2026-05-02,1652,N,nominal,2.0NRT,292.76,0.8,N
-15.15114,126.528,304.73,0.39,0.36,2026-05-02,1652,N,nominal,2.0NRT,292.88,0.96,N
-15.19834,126.81853,304.25,0.39,0.36,2026-05-02,1652,N,nominal,2.0NRT,292.98,0.63,N
-15.20051,126.81071,303.6,0.39,0.36,2026-05-02,1652,N,nominal,2.0NRT,291.79,0.72,N
-15.2011,126.81433,305.05,0.39,0.36,2026-05-02,1652,N,nominal,2.0NRT,292.38,0.63,N
-15.13865,126.19713,304.55,0.4,0.37,2026-05-02,1652,N,nominal,2.0NRT,292.34,0.78,N
-15.17712,126.30145,311.15,0.4,0.37,2026-05-02,1652,N,nominal,2.0NRT,293.44,1.17,N
-15.17773,126.30515,308.43,0.4,0.37,2026-05-02,1652,N,nominal,2.0NRT,293.72,1.17,N
-15.1811,126.30457,321.9,0.4,0.37,2026-05-02,1652,N,nominal,2.0NRT,292.06,1.33,N
-15.18049,126.30087,307.88,0.4,0.37,2026-05-02,1652,N,nominal,2.0NRT,293.01,1.33,N
-15.18171,126.30826,306.87,0.4,0.37,2026-05-02,1652,N,nominal,2.0NRT,292.21,0.8,N
-15.18232,126.31194,305.55,0.4,0.37,2026-05-02,1652,N,nominal,2.0NRT,293.08,0.8,N
-15.23554,126.44624,311.17,0.39,0.36,2026-05-02,1652,N,nominal,2.0NRT,292.43,1,N
-15.2395,126.44931,328.86,0.39,0.36,2026-05-02,1652,N,nominal,2.0NRT,293.27,2.65,N
-15.137,125.48785,305.88,0.42,0.37,2026-05-02,1652,N,nominal,2.0NRT,293.8,1.01,N
-15.69052,128.7486,305.16,0.4,0.37,2026-05-02,1652,N,nominal,2.0NRT,292.71,0.73,N
-15.70008,128.69778,305.7,0.39,0.37,2026-05-02,1652,N,nominal,2.0NRT,293.14,0.54,N
-15.70852,128.70776,307.87,0.4,0.37,2026-05-02,1652,N,nominal,2.0NRT,292.87,0.64,N
-15.20793,125.43212,307.23,0.42,0.38,2026-05-02,1652,N,nominal,2.0NRT,293.72,1.24,N
-15.21439,125.47078,311.98,0.42,0.37,2026-05-02,1652,N,nominal,2.0NRT,294.03,1.19,N
-15.21846,125.47388,321.18,0.42,0.37,2026-05-02,1652,N,nominal,2.0NRT,293.29,1.19,N
-15.21783,125.47011,309.97,0.42,0.37,2026-05-02,1652,N,nominal,2.0NRT,293.27,1.19,N
-15.22191,125.47325,317.15,0.42,0.37,2026-05-02,1652,N,nominal,2.0NRT,293.43,1.97,N
-15.22601,125.47649,319.85,0.42,0.37,2026-05-02,1652,N,nominal,2.0NRT,293.8,1.61,N
-15.78774,129.00011,305.46,0.4,0.37,2026-05-02,1652,N,nominal,2.0NRT,294.28,0.89,N
-15.23962,125.4943,316.95,0.42,0.37,2026-05-02,1652,N,nominal,2.0NRT,294.34,1.84,N
-15.23644,125.41093,311.42,0.42,0.38,2026-05-02,1652,N,nominal,2.0NRT,294.07,1.22,N
-15.23802,125.41173,306.57,0.42,0.38,2026-05-02,1652,N,nominal,2.0NRT,294.18,1.09,N
-15.40149,126.30451,307.86,0.4,0.37,2026-05-02,1652,N,nominal,2.0NRT,292.42,0.98,N
-15.2777,125.37241,308.63,0.42,0.38,2026-05-02,1652,N,nominal,2.0NRT,294.08,1.16,N
-15.27836,125.3763,309.05,0.42,0.38,2026-05-02,1652,N,nominal,2.0NRT,293.95,1.16,N
-15.69176,127.63906,331.14,0.38,0.36,2026-05-02,1652,N,nominal,2.0NRT,295.57,2.44,N
-15.69119,127.63548,315.83,0.38,0.36,2026-05-02,1652,N,nominal,2.0NRT,295.18,2.42,N
-15.69508,127.6385,330.69,0.38,0.36,2026-05-02,1652,N,nominal,2.0NRT,295.2,2.53,N
-15.69451,127.63493,305.43,0.38,0.36,2026-05-02,1652,N,nominal,2.0NRT,294.74,1.17,N
-15.69784,127.63437,306.24,0.38,0.36,2026-05-02,1652,N,nominal,2.0NRT,294.74,1.17,N
-15.70173,127.63738,311.22,0.38,0.36,2026-05-02,1652,N,nominal,2.0NRT,294.55,1.19,N
-15.70449,127.63323,342.83,0.38,0.36,2026-05-02,1652,N,nominal,2.0NRT,296.9,5.56,N
-15.70506,127.63683,317.56,0.38,0.36,2026-05-02,1652,N,nominal,2.0NRT,294.68,1.19,N
-15.70708,127.63318,321.34,0.38,0.36,2026-05-02,1652,N,nominal,2.0NRT,295.75,1.85,N
-15.70764,127.63677,307.21,0.38,0.36,2026-05-02,1652,N,nominal,2.0NRT,294.35,1.42,N
-15.7104,127.63261,318.89,0.38,0.36,2026-05-02,1652,N,nominal,2.0NRT,295.23,1.85,N
-15.7369,127.8015,314.17,0.38,0.36,2026-05-02,1652,N,nominal,2.0NRT,295.6,2.18,N
-15.7303,127.60717,306.84,0.38,0.36,2026-05-02,1652,N,nominal,2.0NRT,294.06,0.73,N
-15.50179,125.9591,303.27,0.4,0.37,2026-05-02,1652,N,nominal,2.0NRT,291.65,0.69,N
-16.02519,129.00206,302.43,0.4,0.37,2026-05-02,1652,N,nominal,2.0NRT,290.39,0.5,N
-16.02576,129.00584,306.04,0.4,0.37,2026-05-02,1652,N,nominal,2.0NRT,288.39,0.5,N
-16.02499,129.00294,301.69,0.4,0.37,2026-05-02,1652,N,nominal,2.0NRT,290.2,0.5,N
-15.45636,125.18835,314.12,0.42,0.38,2026-05-02,1652,N,nominal,2.0NRT,295.34,2.17,N
-15.54738,125.68738,306.17,0.41,0.37,2026-05-02,1654,N,nominal,2.0NRT,293.43,0.67,N
-15.4696,125.18184,334.69,0.42,0.38,2026-05-02,1654,N,nominal,2.0NRT,296.54,2.44,N
-15.47025,125.18568,329.18,0.42,0.38,2026-05-02,1654,N,nominal,2.0NRT,295.49,4.78,N
-15.46895,125.17799,319.6,0.42,0.38,2026-05-02,1654,N,nominal,2.0NRT,295.01,2.44,N
-15.47307,125.18114,316.94,0.42,0.38,2026-05-02,1654,N,nominal,2.0NRT,294.79,2.44,N
-15.71278,126.41742,311.3,0.39,0.36,2026-05-02,1654,N,nominal,2.0NRT,292.57,0.92,N
-15.62364,125.53616,305.47,0.41,0.37,2026-05-02,1654,N,nominal,2.0NRT,293.96,2.47,N
-15.62707,125.53549,333.96,0.41,0.37,2026-05-02,1654,N,nominal,2.0NRT,295.37,2.47,N
-15.63524,125.54208,313.23,0.41,0.37,2026-05-02,1654,N,nominal,2.0NRT,294.45,1.69,N
-15.64813,125.55583,311.66,0.41,0.37,2026-05-02,1654,N,nominal,2.0NRT,293.71,1.42,N
-15.65903,125.3659,311.17,0.42,0.37,2026-05-02,1654,N,nominal,2.0NRT,295.6,2.23,N
-16.23149,128.59435,305.33,0.4,0.37,2026-05-02,1654,N,nominal,2.0NRT,293.81,1.32,N
-16.23486,128.5938,319.77,0.4,0.37,2026-05-02,1654,N,nominal,2.0NRT,294.69,2.5,N
-16.24169,128.63863,305.84,0.4,0.37,2026-05-02,1654,N,nominal,2.0NRT,292.99,1.1,N
-16.24507,128.63809,310.39,0.4,0.37,2026-05-02,1654,N,nominal,2.0NRT,291.92,1.1,N
-16.26084,128.62793,326.36,0.4,0.37,2026-05-02,1654,N,nominal,2.0NRT,294.91,4.12,N
-16.08826,127.45152,304.55,0.38,0.36,2026-05-02,1654,N,nominal,2.0NRT,293.52,1.08,N
-16.08883,127.45512,315.66,0.38,0.36,2026-05-02,1654,N,nominal,2.0NRT,293.82,0.86,N
-16.0894,127.45872,305.02,0.38,0.36,2026-05-02,1654,N,nominal,2.0NRT,293.15,0.86,N
-16.09272,127.45815,316.63,0.38,0.36,2026-05-02,1654,N,nominal,2.0NRT,294.27,1.16,N
-16.09605,127.45759,305.28,0.38,0.36,2026-05-02,1654,N,nominal,2.0NRT,292.73,1.16,N
-15.81068,125.12696,304,0.42,0.38,2026-05-02,1654,N,nominal,2.0NRT,293.15,0.48,N
-16.29833,127.67175,306.63,0.38,0.36,2026-05-02,1654,N,nominal,2.0NRT,293.21,0.71,N
-16.30166,127.6712,307.95,0.38,0.36,2026-05-02,1654,N,nominal,2.0NRT,292.78,0.55,N
-16.30499,127.67063,303.21,0.38,0.36,2026-05-02,1654,N,nominal,2.0NRT,292,0.55,N
-16.01191,124.69537,308.15,0.44,0.38,2026-05-02,1654,N,nominal,2.0NRT,295.45,2.02,N
-16.02042,124.70248,311.07,0.44,0.38,2026-05-02,1654,N,nominal,2.0NRT,295.25,1.7,N
-16.5084,126.84096,331.77,0.39,0.36,2026-05-02,1654,N,nominal,2.0NRT,293.48,2.47,N
-16.50782,126.83735,307.38,0.39,0.36,2026-05-02,1654,N,nominal,2.0NRT,293.47,2.47,N
-16.51231,126.84399,300.59,0.39,0.36,2026-05-02,1654,N,nominal,2.0NRT,290.55,0.32,N
-16.52723,126.8303,304.16,0.39,0.36,2026-05-02,1654,N,nominal,2.0NRT,291.73,0.91,N
-16.72735,126.85598,301.26,0.38,0.36,2026-05-02,1654,N,nominal,2.0NRT,290.18,0.29,N
-16.75296,126.86643,304.4,0.38,0.36,2026-05-02,1654,N,nominal,2.0NRT,292.77,0.88,N
-17.69428,132.72202,302.17,0.42,0.45,2026-05-02,1654,N,nominal,2.0NRT,288.89,0.4,N
-17.57141,130.70032,305.36,0.48,0.4,2026-05-02,1654,N,nominal,2.0NRT,290.95,0.86,N
-16.90672,126.25403,307.63,0.39,0.36,2026-05-02,1654,N,nominal,2.0NRT,294.27,1,N
-16.90732,126.25768,310.76,0.39,0.36,2026-05-02,1654,N,nominal,2.0NRT,294.4,1,N
-17.57449,130.69514,304.41,0.48,0.4,2026-05-02,1654,N,nominal,2.0NRT,291.49,0.65,N
-16.90113,126.15674,306.45,0.39,0.36,2026-05-02,1654,N,nominal,2.0NRT,293.96,1.44,N
-16.90173,126.16042,317.93,0.39,0.36,2026-05-02,1654,N,nominal,2.0NRT,294.32,1.44,N
-16.90388,126.15247,307.68,0.39,0.36,2026-05-02,1654,N,nominal,2.0NRT,293.32,1.11,N
-16.90663,126.1482,307.92,0.39,0.36,2026-05-02,1654,N,nominal,2.0NRT,293.69,1.11,N
-16.92496,126.13365,310.93,0.39,0.36,2026-05-02,1654,N,nominal,2.0NRT,293.68,1.12,N
-17.16425,124.96511,305.34,0.42,0.37,2026-05-02,1654,N,nominal,2.0NRT,293.16,0.74,N
-17.16771,124.9645,308.23,0.42,0.37,2026-05-02,1654,N,nominal,2.0NRT,293.27,1.33,N
-17.17928,124.99082,328.3,0.42,0.37,2026-05-02,1654,N,nominal,2.0NRT,294.67,1.88,N
-17.17862,124.9869,315.11,0.42,0.37,2026-05-02,1654,N,nominal,2.0NRT,293.84,1.88,N
-17.19637,125.00784,306.6,0.42,0.37,2026-05-02,1654,N,nominal,2.0NRT,293.65,2.97,N
-17.19982,125.00724,336.91,0.42,0.37,2026-05-02,1654,N,nominal,2.0NRT,296.97,2.97,N
-17.20047,125.01114,342.46,0.42,0.37,2026-05-02,1654,N,nominal,2.0NRT,296.64,2.97,N
-17.19916,125.00332,316.24,0.42,0.37,2026-05-02,1654,N,nominal,2.0NRT,295.67,2.2,N
-17.20261,125.00271,349.72,0.42,0.37,2026-05-02,1654,N,nominal,2.0NRT,296.82,3.61,N
-17.20327,125.00661,338.99,0.42,0.37,2026-05-02,1654,N,nominal,2.0NRT,296.73,5.15,N
-17.20392,125.01052,334.01,0.42,0.37,2026-05-02,1654,N,nominal,2.0NRT,295.42,5.15,N
-17.20195,124.9988,309.29,0.42,0.37,2026-05-02,1654,N,nominal,2.0NRT,295.23,3.61,N
-17.2054,124.99817,324.07,0.42,0.37,2026-05-02,1654,N,nominal,2.0NRT,294.06,3.61,N
-17.3051,124.70828,315.73,0.42,0.38,2026-05-02,1654,N,nominal,2.0NRT,292.26,1.94,N
-17.24414,124.33422,309.57,0.44,0.38,2026-05-02,1654,N,nominal,2.0NRT,293.05,1.25,N
-17.27744,124.48463,306.92,0.43,0.38,2026-05-02,1654,N,nominal,2.0NRT,292.86,0.94,N
-17.28024,124.4166,317.98,0.44,0.38,2026-05-02,1654,N,nominal,2.0NRT,292.08,0.97,N
-17.28939,124.4064,306.6,0.44,0.38,2026-05-02,1654,N,nominal,2.0NRT,291.83,0.81,N
-17.2901,124.4105,306.53,0.44,0.38,2026-05-02,1654,N,nominal,2.0NRT,292.18,0.81,N
-18.73091,134.30026,303.37,0.54,0.51,2026-05-02,1654,N,nominal,2.0NRT,289.85,0.65,N
-18.73788,134.2782,325.42,0.54,0.51,2026-05-02,1654,N,nominal,2.0NRT,290.95,8.81,N
-18.7385,134.28339,367,0.54,0.51,2026-05-02,1654,N,high,2.0NRT,294.67,11.96,N
-18.73912,134.2886,336.07,0.54,0.51,2026-05-02,1654,N,nominal,2.0NRT,291.34,11.96,N
-18.73973,134.29381,317.75,0.54,0.51,2026-05-02,1654,N,nominal,2.0NRT,290.6,2.97,N
-18.7426,134.27759,327.47,0.54,0.51,2026-05-02,1654,N,nominal,2.0NRT,291.06,4.18,N
-18.74321,134.28279,367,0.54,0.51,2026-05-02,1654,N,high,2.0NRT,291.74,11.93,N
-18.74384,134.28799,341.71,0.54,0.51,2026-05-02,1654,N,nominal,2.0NRT,291.22,11.93,N
-18.74669,134.27176,300.15,0.54,0.51,2026-05-02,1654,N,nominal,2.0NRT,289.93,4.18,N
-17.42874,124.60698,307.56,0.43,0.38,2026-05-02,1654,N,nominal,2.0NRT,291.61,1.06,N
-17.42943,124.61101,313.99,0.43,0.38,2026-05-02,1654,N,nominal,2.0NRT,292.6,1.06,N
-17.43292,124.61035,310.62,0.43,0.38,2026-05-02,1654,N,nominal,2.0NRT,293.29,1.19,N
-17.43641,124.60971,323.23,0.43,0.38,2026-05-02,1654,N,nominal,2.0NRT,293.1,1.19,N
-17.43572,124.6057,302.93,0.43,0.38,2026-05-02,1654,N,nominal,2.0NRT,291.99,1.19,N
-17.97447,127.77559,301.62,0.39,0.36,2026-05-02,1654,N,nominal,2.0NRT,290.63,1.01,N
-17.97896,127.78238,310.9,0.39,0.36,2026-05-02,1654,N,nominal,2.0NRT,290.98,1.12,N
-42.91718,172.67828,325.22,0.55,0.51,2026-05-03,0156,N,nominal,2.0NRT,293.5,3.45,D
-41.74222,172.43657,333.98,0.55,0.51,2026-05-03,0156,N,nominal,2.0NRT,289.58,4.7,D
-41.74462,172.43768,340.13,0.55,0.51,2026-05-03,0156,N,nominal,2.0NRT,289.31,6.17,D
-41.56103,173.76088,327.43,0.47,0.48,2026-05-03,0156,N,nominal,2.0NRT,291.5,3.88,D
-41.13787,176.00304,341.42,0.55,0.43,2026-05-03,0156,N,nominal,2.0NRT,291.75,16.34,D
-41.13684,176.00208,343.3,0.55,0.43,2026-05-03,0156,N,nominal,2.0NRT,291.18,19.29,D
-40.62072,175.72684,327.28,0.56,0.43,2026-05-03,0156,N,nominal,2.0NRT,290.31,3.17,D
-40.62102,175.72591,325.15,0.56,0.43,2026-05-03,0156,N,nominal,2.0NRT,290.32,1.44,D
-39.14923,174.62181,330.29,0.41,0.45,2026-05-03,0156,N,nominal,2.0NRT,292.7,2.89,D
-23.64316,151.13136,332.24,0.39,0.36,2026-05-03,0342,N,nominal,2.0NRT,297.42,2.09,D
-23.631,151.09799,345.56,0.39,0.36,2026-05-03,0342,N,nominal,2.0NRT,299.76,3.99,D
-23.59806,151.11172,332.78,0.39,0.36,2026-05-03,0342,N,nominal,2.0NRT,300.7,7.11,D
-23.59863,151.10791,328.57,0.39,0.36,2026-05-03,0342,N,low,2.0NRT,299.14,2.55,D
-23.59529,151.10732,333.09,0.39,0.36,2026-05-03,0342,N,nominal,2.0NRT,298.64,2.55,D
-23.59876,151.06108,333.34,0.39,0.36,2026-05-03,0342,N,nominal,2.0NRT,300.25,4.87,D
-23.59542,151.0605,331.31,0.39,0.36,2026-05-03,0342,N,nominal,2.0NRT,298.53,4.87,D
-23.5602,151.08945,327.96,0.39,0.36,2026-05-03,0342,N,nominal,2.0NRT,297.94,3.27,D
-43.04254,172.54021,326.44,0.45,0.63,2026-05-03,0336,N,nominal,2.0NRT,287.29,2.78,D
-23.56077,151.08566,345.75,0.39,0.36,2026-05-03,0342,N,nominal,2.0NRT,299.8,5.75,D
-23.55686,151.08887,339.91,0.39,0.36,2026-05-03,0342,N,nominal,2.0NRT,296.23,3.27,D
-19.60545,146.17635,341.83,0.53,0.42,2026-05-03,0345,N,nominal,2.0NRT,299.91,8.2,D
-19.60093,146.18089,344.08,0.53,0.42,2026-05-03,0345,N,nominal,2.0NRT,303.74,8.72,D
-19.60157,146.17584,344.22,0.53,0.42,2026-05-03,0345,N,nominal,2.0NRT,307.36,8.2,D
-19.60221,146.17076,334.14,0.53,0.42,2026-05-03,0345,N,nominal,2.0NRT,301.36,8.2,D
-19.60518,146.17438,345.55,0.53,0.42,2026-05-03,0345,N,nominal,2.0NRT,301.36,11.81,D
-19.60064,146.17892,342.62,0.53,0.42,2026-05-03,0345,N,nominal,2.0NRT,306.04,11.1,D
-19.6013,146.17386,349.43,0.53,0.42,2026-05-03,0345,N,nominal,2.0NRT,305.71,11.1,D
-19.11234,143.48677,343.42,0.5,0.49,2026-05-03,0345,N,nominal,2.0NRT,295.52,14.81,D
-18.15576,144.72937,339.51,0.41,0.45,2026-05-03,0345,N,nominal,2.0NRT,297.94,5.29,D
-18.15625,144.72549,334.35,0.41,0.45,2026-05-03,0345,N,nominal,2.0NRT,296.73,5.29,D
-17.95843,138.83388,347.32,0.48,0.65,2026-05-03,0345,N,nominal,2.0NRT,295.8,11.01,D
-17.95889,138.82919,341.14,0.48,0.65,2026-05-03,0345,N,nominal,2.0NRT,295.06,7.77,D
-15.52522,141.8676,332.76,0.57,0.52,2026-05-03,0345,N,nominal,2.0NRT,290.22,4.12,D
-15.5268,141.86549,332.29,0.57,0.52,2026-05-03,0345,N,nominal,2.0NRT,292.31,5.32,D
-15.52262,141.85948,333.26,0.57,0.52,2026-05-03,0345,N,nominal,2.0NRT,291.28,7.48,D
-11.87258,142.0175,339.98,0.5,0.49,2026-05-03,0347,N,nominal,2.0NRT,283.56,7.44,D
-10.20892,148.75926,328.45,0.38,0.36,2026-05-03,0347,N,nominal,2.0NRT,287.47,1.94,D
-37.4853,149.6284,327.05,0.56,0.43,2026-05-03,0338,N,nominal,2.0NRT,294.02,3.86,D
-37.90232,142.86154,345.11,0.43,0.62,2026-05-03,0338,N,nominal,2.0NRT,287.45,4.77,D
-35.79145,149.5291,334.74,0.54,0.42,2026-05-03,0338,N,nominal,2.0NRT,287.94,6.27,D
-35.78898,149.52823,333.41,0.54,0.42,2026-05-03,0338,N,nominal,2.0NRT,286.5,5.79,D
-30.69276,147.7565,328.82,0.39,0.44,2026-05-03,0340,N,nominal,2.0NRT,273.63,1.96,D
-28.66216,149.94678,337.01,0.44,0.38,2026-05-03,0340,N,nominal,2.0NRT,309.56,3.29,D
-28.66275,149.94223,337.42,0.44,0.38,2026-05-03,0340,N,low,2.0NRT,307.66,3.29,D
-28.66114,149.93977,367,0.44,0.38,2026-05-03,0340,N,high,2.0NRT,309.59,6.85,D
-28.66054,149.94429,348.24,0.44,0.38,2026-05-03,0340,N,nominal,2.0NRT,308.6,6.74,D
-28.66175,149.93523,337.32,0.44,0.38,2026-05-03,0340,N,nominal,2.0NRT,307.11,6.85,D
-28.66235,149.93068,334.76,0.44,0.38,2026-05-03,0340,N,low,2.0NRT,307.09,4.03,D
-28.65818,149.93463,347.21,0.44,0.38,2026-05-03,0340,N,nominal,2.0NRT,307.82,6.85,D
-28.23883,150.49414,333.31,0.42,0.38,2026-05-03,0340,N,nominal,2.0NRT,307.65,2.72,D
-28.26546,150.02901,336.62,0.43,0.38,2026-05-03,0340,N,low,2.0NRT,309.16,3.64,D
-28.26605,150.02455,334.9,0.43,0.38,2026-05-03,0340,N,low,2.0NRT,308.39,3.5,D
-28.01909,151.0472,330.27,0.4,0.37,2026-05-03,0340,N,nominal,2.0NRT,299.3,1.68,D
-24.76722,149.98329,349.38,0.41,0.37,2026-05-03,0342,N,nominal,2.0NRT,300.2,5.6,D
-23.76984,151.2001,326.84,0.39,0.36,2026-05-03,0342,N,low,2.0NRT,301.8,2.89,D
-17.2981,124.50675,338.68,0.38,0.36,2026-05-03,0525,N,nominal,2.0NRT,307.11,2.2,D
-21.71094,122.38046,341.56,0.46,0.39,2026-05-03,0523,N,nominal,2.0NRT,306.84,3.07,D
-21.6908,122.33588,335.66,0.47,0.39,2026-05-03,0523,N,low,2.0NRT,307.35,3.19,D
-21.68834,122.32626,349.99,0.47,0.39,2026-05-03,0523,N,nominal,2.0NRT,307.58,6.69,D
-21.68223,122.31606,351.13,0.47,0.39,2026-05-03,0523,N,nominal,2.0NRT,307.21,5.63,D
-21.67916,122.31096,339.2,0.47,0.39,2026-05-03,0523,N,nominal,2.0NRT,307.24,5.63,D
-21.67977,122.30641,351.61,0.47,0.39,2026-05-03,0523,N,nominal,2.0NRT,309.46,8.41,D
-21.6761,122.30586,348.91,0.47,0.39,2026-05-03,0523,N,nominal,2.0NRT,316.82,51.19,D
-21.67303,122.3008,347.31,0.47,0.39,2026-05-03,0523,N,nominal,2.0NRT,315.57,51.19,D
-21.66937,122.30025,349.64,0.47,0.39,2026-05-03,0523,N,nominal,2.0NRT,307.49,8.08,D
-21.66996,122.29574,332.88,0.47,0.39,2026-05-03,0523,N,nominal,2.0NRT,302.06,60.89,D
-21.66689,122.29063,367,0.47,0.4,2026-05-03,0523,N,high,2.0NRT,326.68,60.89,D
-21.66451,122.30875,337.99,0.47,0.39,2026-05-03,0523,N,nominal,2.0NRT,306.66,4.68,D
-21.66629,122.29518,347.42,0.47,0.39,2026-05-03,0523,N,nominal,2.0NRT,322.32,60.89,D
-21.66323,122.29005,367,0.47,0.4,2026-05-03,0523,N,high,2.0NRT,346.48,119.15,D
-21.66263,122.29461,349.22,0.47,0.39,2026-05-03,0523,N,nominal,2.0NRT,312.85,119.15,D
-21.65837,122.29858,343.42,0.47,0.39,2026-05-03,0523,N,nominal,2.0NRT,306.51,5.49,D
-21.65956,122.2895,340.6,0.47,0.4,2026-05-03,0523,N,nominal,2.0NRT,306.29,119.15,D
-21.66016,122.28493,343.57,0.47,0.4,2026-05-03,0523,N,nominal,2.0NRT,302.53,27.81,D
-21.65649,122.28436,352.8,0.47,0.4,2026-05-03,0523,N,nominal,2.0NRT,316.15,35.78,D
-21.65709,122.27981,333.22,0.47,0.4,2026-05-03,0523,N,nominal,2.0NRT,299.76,35.78,D
-21.65283,122.2838,338.36,0.47,0.4,2026-05-03,0523,N,nominal,2.0NRT,302.89,35.78,D
-21.65342,122.27925,314.83,0.47,0.4,2026-05-03,0523,N,low,2.0NRT,317.59,35.78,D
-21.64976,122.2787,349.81,0.47,0.4,2026-05-03,0523,N,nominal,2.0NRT,303.12,8.4,D
-21.6455,122.28269,338.31,0.47,0.4,2026-05-03,0523,N,nominal,2.0NRT,303.48,8.4,D
-21.64609,122.27813,340.6,0.47,0.4,2026-05-03,0523,N,nominal,2.0NRT,301.13,8.4,D
-21.64183,122.28214,348.58,0.47,0.4,2026-05-03,0523,N,nominal,2.0NRT,305.27,7.56,D
-21.64242,122.27757,352.25,0.47,0.4,2026-05-03,0523,N,nominal,2.0NRT,305.81,7.56,D
-21.63875,122.27702,337.95,0.47,0.4,2026-05-03,0523,N,nominal,2.0NRT,304.01,7.56,D
-21.63934,122.27248,344.13,0.47,0.4,2026-05-03,0523,N,nominal,2.0NRT,308.45,36.39,D
-21.63567,122.27192,348.31,0.47,0.4,2026-05-03,0523,N,nominal,2.0NRT,310.7,59.11,D
-21.63626,122.26736,296.13,0.47,0.4,2026-05-03,0523,N,low,2.0NRT,320.56,59.11,D
-21.63259,122.26681,347.55,0.47,0.4,2026-05-03,0523,N,nominal,2.0NRT,314.66,59.11,D
-21.63318,122.26226,333.18,0.47,0.4,2026-05-03,0523,N,nominal,2.0NRT,299.39,6.32,D
-21.63922,122.28305,346.61,0.47,0.39,2026-05-03,0523,N,nominal,2.0NRT,302.59,5.88,D
-21.63984,122.2785,331.68,0.47,0.4,2026-05-03,0523,N,nominal,2.0NRT,303.75,5.88,D
-21.64045,122.27396,354.96,0.47,0.4,2026-05-03,0523,N,nominal,2.0NRT,306,36.88,D
-21.63678,122.27341,339.83,0.47,0.4,2026-05-03,0523,N,nominal,2.0NRT,305.48,36.88,D
-21.6374,122.26887,320.45,0.47,0.4,2026-05-03,0523,N,low,2.0NRT,321.17,36.88,D
-21.63006,122.26776,340.7,0.47,0.4,2026-05-03,0523,N,nominal,2.0NRT,304.21,85.86,D
-21.62639,122.26722,335.18,0.47,0.4,2026-05-03,0523,N,nominal,2.0NRT,302.6,24.33,D
-21.9168,115.23921,339.13,0.41,0.61,2026-05-03,0523,N,nominal,2.0NRT,299.6,2.19,D
-21.91716,115.2351,333.98,0.41,0.61,2026-05-03,0523,N,nominal,2.0NRT,299.1,2.19,D
-18.77612,134.25136,357.23,0.34,0.56,2026-05-03,0523,N,low,2.0NRT,291.79,11.55,D
-18.77097,134.25021,367,0.34,0.56,2026-05-03,0523,N,high,2.0NRT,303.7,11.55,D
-18.7703,134.25346,332.49,0.34,0.56,2026-05-03,0523,N,nominal,2.0NRT,293.46,22.37,D
-18.77165,134.24698,350.9,0.34,0.56,2026-05-03,0523,N,nominal,2.0NRT,293.41,11.55,D
-18.76515,134.2523,367,0.34,0.56,2026-05-03,0523,N,high,2.0NRT,301.6,21.38,D
-18.76583,134.24907,355.73,0.34,0.56,2026-05-03,0523,N,nominal,2.0NRT,297.49,20.21,D
-18.76,134.25116,367,0.34,0.56,2026-05-03,0523,N,high,2.0NRT,293.67,21.38,D
-18.75214,134.26295,367,0.34,0.56,2026-05-03,0523,N,high,2.0NRT,298.98,10.45,D
-18.75282,134.25972,367,0.34,0.56,2026-05-03,0523,N,high,2.0NRT,295.48,11.03,D
-18.75349,134.2565,367,0.34,0.56,2026-05-03,0523,N,high,2.0NRT,293.1,11.03,D
-18.74631,134.26506,367,0.34,0.56,2026-05-03,0523,N,high,2.0NRT,295.22,10.45,D
-18.74698,134.26183,367,0.34,0.56,2026-05-03,0523,N,high,2.0NRT,294.41,10.45,D
-18.74494,134.27156,334.01,0.34,0.56,2026-05-03,0523,N,nominal,2.0NRT,297.34,6.29,D
-18.74562,134.26833,340.33,0.34,0.56,2026-05-03,0523,N,nominal,2.0NRT,296.87,6.29,D
-18.73431,134.29645,367,0.34,0.56,2026-05-03,0523,N,high,2.0NRT,299.27,20.38,D
-18.73362,134.2997,342.13,0.34,0.56,2026-05-03,0523,N,nominal,2.0NRT,295.39,14.84,D
-18.73499,134.29318,356.62,0.34,0.56,2026-05-03,0523,N,nominal,2.0NRT,297.77,20.38,D
-18.73568,134.28993,345.64,0.34,0.56,2026-05-03,0523,N,nominal,2.0NRT,294.34,7.72,D
-18.73439,134.29564,367,0.34,0.56,2026-05-03,0523,N,high,2.0NRT,299.39,21.13,D
-18.73505,134.29237,367,0.34,0.56,2026-05-03,0523,N,high,2.0NRT,297.36,21.13,D
-18.73373,134.2989,348.25,0.34,0.56,2026-05-03,0523,N,nominal,2.0NRT,295.47,19.62,D
-18.73571,134.28912,339.4,0.34,0.56,2026-05-03,0523,N,nominal,2.0NRT,293.91,7.33,D
-20.61372,116.76603,330.34,0.64,0.54,2026-05-03,0523,N,nominal,2.0NRT,297.92,3.62,D
-17.69595,132.72675,330.37,0.57,0.52,2026-05-03,0523,N,nominal,2.0NRT,297.57,8.05,D
-17.64404,132.74252,331.06,0.57,0.52,2026-05-03,0523,N,nominal,2.0NRT,299.85,11.29,D
-17.64446,132.71455,332.87,0.57,0.52,2026-05-03,0523,N,nominal,2.0NRT,299.62,10.89,D
-18.75037,121.76646,337.7,0.46,0.39,2026-05-03,0523,N,nominal,2.0NRT,305.86,2.24,D
-18.74673,121.76589,347.31,0.46,0.39,2026-05-03,0523,N,nominal,2.0NRT,309.04,12.56,D
-18.74733,121.76148,355.71,0.46,0.39,2026-05-03,0523,N,nominal,2.0NRT,309.69,12.01,D
-18.74429,121.75652,367,0.46,0.39,2026-05-03,0523,N,high,2.0NRT,308.86,12.01,D
-18.74309,121.76535,337.47,0.46,0.39,2026-05-03,0523,N,nominal,2.0NRT,305.96,12.56,D
-18.74369,121.76093,342.37,0.46,0.39,2026-05-03,0523,N,nominal,2.0NRT,311.22,12.01,D
-18.29908,124.82858,339.31,0.38,0.36,2026-05-03,0523,N,nominal,2.0NRT,309,2.84,D
-18.74005,121.76039,354.09,0.46,0.39,2026-05-03,0523,N,nominal,2.0NRT,313.79,41.79,D
-18.74065,121.75597,343.41,0.46,0.39,2026-05-03,0523,N,nominal,2.0NRT,308.04,41.79,D
-18.74124,121.75155,348.7,0.46,0.39,2026-05-03,0523,N,nominal,2.0NRT,306.51,9.66,D
-18.73701,121.75542,367,0.46,0.39,2026-05-03,0523,N,high,2.0NRT,328.36,41.79,D
-18.73641,121.75984,335.06,0.46,0.39,2026-05-03,0523,N,nominal,2.0NRT,301.86,41.79,D
-18.7376,121.75101,345.94,0.46,0.39,2026-05-03,0523,N,nominal,2.0NRT,308.2,9.66,D
-18.7382,121.74658,337.36,0.46,0.39,2026-05-03,0523,N,nominal,2.0NRT,304.16,9.66,D
-18.73336,121.75488,341.57,0.46,0.39,2026-05-03,0523,N,nominal,2.0NRT,304.68,32.03,D
-18.73396,121.75046,347.2,0.46,0.39,2026-05-03,0523,N,nominal,2.0NRT,306.8,25.26,D
-18.73455,121.74603,344.14,0.46,0.39,2026-05-03,0523,N,nominal,2.0NRT,310.51,25.26,D
-18.74649,121.65732,335.13,0.47,0.39,2026-05-03,0523,N,low,2.0NRT,307.69,3.32,D
-18.73091,121.74548,345.44,0.46,0.39,2026-05-03,0523,N,nominal,2.0NRT,305.78,25.26,D
-18.7315,121.74107,332.31,0.46,0.39,2026-05-03,0523,N,nominal,2.0NRT,300.48,2.67,D
-18.25851,124.82555,336.25,0.38,0.36,2026-05-03,0523,N,low,2.0NRT,307.68,4.2,D
-18.25518,124.82499,336.72,0.38,0.36,2026-05-03,0523,N,low,2.0NRT,308.02,4.2,D
-18.25284,124.82788,348.19,0.38,0.36,2026-05-03,0523,N,nominal,2.0NRT,309,4.49,D
-18.25339,124.82423,338.88,0.38,0.36,2026-05-03,0523,N,nominal,2.0NRT,308.72,3.74,D
-18.2495,124.82732,342.71,0.38,0.36,2026-05-03,0523,N,nominal,2.0NRT,309.25,4.49,D
-18.23395,124.81725,350.8,0.38,0.36,2026-05-03,0523,N,nominal,2.0NRT,308.88,7.81,D
-18.23561,124.80633,347.95,0.38,0.36,2026-05-03,0523,N,nominal,2.0NRT,308.59,3.67,D
-18.23839,124.78809,338.19,0.38,0.36,2026-05-03,0523,N,low,2.0NRT,310.39,3.98,D
-18.23117,124.81306,353.4,0.38,0.36,2026-05-03,0523,N,nominal,2.0NRT,311.01,13.18,D
-18.23228,124.80576,342.95,0.38,0.36,2026-05-03,0523,N,nominal,2.0NRT,307.55,3.67,D
-18.23561,124.7839,340.75,0.38,0.36,2026-05-03,0523,N,nominal,2.0NRT,309.33,3.33,D
-18.23617,124.78025,345.9,0.38,0.36,2026-05-03,0523,N,nominal,2.0NRT,310.92,3.33,D
-18.22783,124.8125,344.69,0.38,0.36,2026-05-03,0523,N,nominal,2.0NRT,309.13,7.87,D
-18.22839,124.80885,344.1,0.38,0.36,2026-05-03,0523,N,nominal,2.0NRT,309.81,7.87,D
-18.23339,124.77605,342.73,0.38,0.36,2026-05-03,0523,N,nominal,2.0NRT,309.73,5.11,D
-18.23561,124.76147,346.65,0.38,0.36,2026-05-03,0523,N,nominal,2.0NRT,310.93,4.18,D
-18.23616,124.75782,337.13,0.38,0.36,2026-05-03,0523,N,low,2.0NRT,308.83,4.18,D
-18.22839,124.78642,338.95,0.38,0.36,2026-05-03,0523,N,nominal,2.0NRT,308.19,3.49,D
-18.23283,124.75726,353.06,0.38,0.36,2026-05-03,0523,N,nominal,2.0NRT,310.73,4.18,D
-18.66148,121.79459,332.74,0.46,0.39,2026-05-03,0523,N,low,2.0NRT,305.85,6.36,D
-18.22616,124.77858,347.93,0.38,0.36,2026-05-03,0523,N,nominal,2.0NRT,309.58,3.95,D
-18.23005,124.75307,339.79,0.38,0.36,2026-05-03,0523,N,low,2.0NRT,310.34,3.4,D
-17.88126,126.63892,332.34,0.41,0.37,2026-05-03,0523,N,low,2.0NRT,306.57,3.4,D
-17.83962,125.85398,349.14,0.39,0.36,2026-05-03,0525,N,nominal,2.0NRT,308.47,6.51,D
-17.8402,125.85028,352.35,0.39,0.36,2026-05-03,0525,N,nominal,2.0NRT,311.1,25.33,D
-17.83626,125.85339,345.1,0.39,0.36,2026-05-03,0525,N,nominal,2.0NRT,309.27,13.07,D
-17.83743,125.84599,341.79,0.39,0.36,2026-05-03,0525,N,nominal,2.0NRT,309.5,19.03,D
-17.8329,125.85282,347.71,0.39,0.36,2026-05-03,0525,N,nominal,2.0NRT,310.1,13.07,D
-17.83407,125.84541,341.41,0.39,0.36,2026-05-03,0525,N,nominal,2.0NRT,306.16,19.03,D
-17.82954,125.85223,344.33,0.39,0.36,2026-05-03,0525,N,nominal,2.0NRT,308.82,28.17,D
-17.83013,125.84853,341.39,0.39,0.36,2026-05-03,0525,N,low,2.0NRT,315.05,19.52,D
-17.82677,125.84795,351.57,0.39,0.36,2026-05-03,0525,N,nominal,2.0NRT,305.81,19.52,D
-17.82341,125.84738,335.38,0.39,0.36,2026-05-03,0525,N,nominal,2.0NRT,304.83,9.79,D
-17.82181,125.8357,340.47,0.39,0.36,2026-05-03,0525,N,nominal,2.0NRT,303.8,4.31,D
-17.81728,125.84252,335.29,0.39,0.36,2026-05-03,0525,N,low,2.0NRT,305.51,2.07,D
-17.81845,125.83511,340,0.39,0.36,2026-05-03,0525,N,nominal,2.0NRT,304.02,4.7,D
-17.81392,125.84192,338.79,0.39,0.36,2026-05-03,0525,N,nominal,2.0NRT,305.23,2.07,D
-17.81115,125.83765,333.16,0.39,0.36,2026-05-03,0525,N,low,2.0NRT,306.37,7.54,D
-17.88149,124.88852,349.77,0.38,0.36,2026-05-03,0525,N,nominal,2.0NRT,309.52,2.52,D
-17.88205,124.88489,331.36,0.38,0.36,2026-05-03,0525,N,low,2.0NRT,305.42,2.52,D
-17.87872,124.88432,349.87,0.38,0.36,2026-05-03,0525,N,nominal,2.0NRT,307.1,4.58,D
-17.87928,124.88069,346.94,0.38,0.36,2026-05-03,0525,N,nominal,2.0NRT,304.71,11.59,D
-17.87483,124.88741,336.58,0.38,0.36,2026-05-03,0525,N,low,2.0NRT,306.77,4.58,D
-17.87317,124.87594,342.06,0.38,0.36,2026-05-03,0525,N,nominal,2.0NRT,307.43,7.43,D
-17.86984,124.87539,347.64,0.38,0.36,2026-05-03,0525,N,nominal,2.0NRT,308.45,7.43,D
-17.86595,124.87846,333.41,0.38,0.36,2026-05-03,0525,N,nominal,2.0NRT,303.14,3.78,D
-17.8665,124.87483,349.14,0.38,0.36,2026-05-03,0525,N,nominal,2.0NRT,304.69,3.78,D
-17.25703,128.53819,333.02,0.49,0.4,2026-05-03,0525,N,nominal,2.0NRT,301.31,1.39,D
-17.22556,128.69626,339.32,0.5,0.41,2026-05-03,0525,N,nominal,2.0NRT,303.15,4.11,D
-17.22639,128.69156,337.05,0.5,0.41,2026-05-03,0525,N,nominal,2.0NRT,302.07,4.11,D
-17.25496,128.52798,330.35,0.49,0.4,2026-05-03,0525,N,low,2.0NRT,304.43,4.32,D
-17.30169,128.25859,338.34,0.47,0.4,2026-05-03,0525,N,nominal,2.0NRT,301.55,4.08,D
-17.21768,128.71907,334.54,0.5,0.41,2026-05-03,0525,N,low,2.0NRT,305.13,3.86,D
-17.24961,128.53665,336.32,0.49,0.4,2026-05-03,0525,N,nominal,2.0NRT,303.98,4.55,D
-17.21061,128.73721,355.53,0.5,0.41,2026-05-03,0525,N,nominal,2.0NRT,302.83,9.97,D
-17.2222,128.6712,340.74,0.5,0.41,2026-05-03,0525,N,nominal,2.0NRT,304.43,3.29,D
-17.206,128.74129,332.83,0.5,0.41,2026-05-03,0525,N,nominal,2.0NRT,298.67,9.97,D
-17.20683,128.73656,336.01,0.5,0.41,2026-05-03,0525,N,nominal,2.0NRT,304.92,9.97,D
-17.21847,128.67041,331.4,0.5,0.41,2026-05-03,0525,N,low,2.0NRT,302.27,3.29,D
-17.19636,128.77385,340.77,0.5,0.41,2026-05-03,0525,N,nominal,2.0NRT,305.5,10.63,D
-17.19804,128.76436,335.32,0.5,0.41,2026-05-03,0525,N,low,2.0NRT,308.22,5.56,D
-17.19972,128.75484,337.58,0.5,0.41,2026-05-03,0525,N,nominal,2.0NRT,307.33,5.87,D
-17.20056,128.75011,340.76,0.5,0.41,2026-05-03,0525,N,nominal,2.0NRT,307.71,5.58,D
-17.19259,128.77316,367,0.5,0.41,2026-05-03,0525,N,high,2.0NRT,305.19,10.63,D
-17.26873,128.31752,330.65,0.48,0.4,2026-05-03,0525,N,low,2.0NRT,301.55,4.41,D
-17.27733,128.26811,350.43,0.47,0.4,2026-05-03,0525,N,nominal,2.0NRT,302.14,10.04,D
-17.17718,128.75021,332.78,0.5,0.41,2026-05-03,0525,N,nominal,2.0NRT,307.32,5.02,D
-17.17424,128.74486,367,0.5,0.41,2026-05-03,0525,N,high,2.0NRT,304.95,10.45,D
-17.15633,128.84528,337.39,0.51,0.41,2026-05-03,0525,N,nominal,2.0NRT,304.33,6.02,D
-17.1734,128.74956,341.65,0.5,0.41,2026-05-03,0525,N,nominal,2.0NRT,301.79,5.02,D
-17.17507,128.74013,341.14,0.5,0.41,2026-05-03,0525,N,nominal,2.0NRT,306.64,10.45,D
-17.23359,128.40947,332.34,0.48,0.4,2026-05-03,0525,N,low,2.0NRT,304.55,3.14,D
-17.2192,128.53192,332.28,0.49,0.4,2026-05-03,0525,N,low,2.0NRT,304.87,4.15,D
-17.17403,128.75105,344.85,0.5,0.41,2026-05-03,0525,N,nominal,2.0NRT,302.51,5.64,D
-17.17484,128.74632,350.11,0.5,0.41,2026-05-03,0525,N,nominal,2.0NRT,304.74,13.34,D
-17.17565,128.74161,350.96,0.5,0.41,2026-05-03,0525,N,nominal,2.0NRT,306.53,13.34,D
-17.23222,128.41029,336.19,0.48,0.4,2026-05-03,0525,N,nominal,2.0NRT,304.1,4.59,D
-17.15375,128.84628,341.15,0.51,0.41,2026-05-03,0525,N,nominal,2.0NRT,307.04,5.9,D
-17.14996,128.84558,339.64,0.51,0.41,2026-05-03,0525,N,nominal,2.0NRT,306.13,5.9,D
-17.1807,128.64436,331.81,0.5,0.41,2026-05-03,0525,N,nominal,2.0NRT,300.77,3.47,D
-17.16959,128.68651,344.04,0.5,0.41,2026-05-03,0525,N,nominal,2.0NRT,309.12,14.25,D
-17.18019,128.62486,349.68,0.5,0.41,2026-05-03,0525,N,nominal,2.0NRT,303.25,13.58,D
-17.16252,128.705,337.3,0.5,0.41,2026-05-03,0525,N,low,2.0NRT,308.03,7.06,D
-17.16998,128.66171,332.18,0.5,0.41,2026-05-03,0525,N,low,2.0NRT,304.84,3.77,D
-17.15541,128.6788,336.66,0.5,0.41,2026-05-03,0525,N,low,2.0NRT,307.78,5.19,D
-17.18341,128.47202,336.37,0.49,0.4,2026-05-03,0525,N,nominal,2.0NRT,303.71,8.29,D
-17.15479,128.61531,331.87,0.5,0.41,2026-05-03,0525,N,low,2.0NRT,302.8,4.39,D
-17.15104,128.61465,337.52,0.5,0.41,2026-05-03,0525,N,nominal,2.0NRT,301.81,4.39,D
-17.1342,128.68915,348.4,0.5,0.41,2026-05-03,0525,N,nominal,2.0NRT,305.94,8.2,D
-17.14729,128.61397,346.15,0.5,0.41,2026-05-03,0525,N,nominal,2.0NRT,304.1,11.69,D
-17.14891,128.60464,341.88,0.49,0.41,2026-05-03,0525,N,nominal,2.0NRT,302.55,5.81,D
-17.14972,128.59998,342.08,0.49,0.41,2026-05-03,0525,N,nominal,2.0NRT,302.81,5.81,D
-17.14228,128.59836,340.94,0.49,0.41,2026-05-03,0525,N,nominal,2.0NRT,301.42,4.27,D
-17.15045,128.55144,332.82,0.49,0.4,2026-05-03,0525,N,nominal,2.0NRT,301.56,4.65,D
-17.14347,128.56941,330.27,0.49,0.4,2026-05-03,0525,N,low,2.0NRT,301.19,3.63,D
-17.15399,128.50897,331.26,0.49,0.4,2026-05-03,0525,N,nominal,2.0NRT,300.41,4.1,D
-17.16039,128.47215,334.5,0.49,0.4,2026-05-03,0525,N,nominal,2.0NRT,298.92,2.61,D
-17.10602,128.76134,330.36,0.5,0.41,2026-05-03,0525,N,nominal,2.0NRT,301.68,10.94,D
-17.10685,128.75664,345.52,0.5,0.41,2026-05-03,0525,N,nominal,2.0NRT,302.66,10.94,D
-17.14946,128.51294,339.84,0.49,0.4,2026-05-03,0525,N,nominal,2.0NRT,302.55,7.39,D
-17.10225,128.76059,334.81,0.5,0.41,2026-05-03,0525,N,nominal,2.0NRT,303.6,10.94,D
-17.10308,128.75589,355.73,0.5,0.41,2026-05-03,0525,N,nominal,2.0NRT,306.77,10.94,D
-17.10556,128.74178,338.34,0.5,0.41,2026-05-03,0525,N,nominal,2.0NRT,304.49,4.96,D
-17.15054,128.48466,347.55,0.49,0.4,2026-05-03,0525,N,nominal,2.0NRT,298.04,13.11,D
-17.10461,128.70288,335.99,0.5,0.41,2026-05-03,0525,N,nominal,2.0NRT,304.77,9.98,D
-17.74467,124.52563,336.24,0.38,0.36,2026-05-03,0525,N,low,2.0NRT,307.33,3.75,D
-16.46185,131.87531,344.07,0.53,0.5,2026-05-03,0525,N,nominal,2.0NRT,296.38,11.35,D
-16.46279,131.87038,340.12,0.53,0.5,2026-05-03,0525,N,nominal,2.0NRT,298.34,6.83,D
-16.45723,131.87437,333.84,0.53,0.5,2026-05-03,0525,N,nominal,2.0NRT,301.63,11.35,D
-16.45817,131.86943,338.58,0.53,0.5,2026-05-03,0525,N,nominal,2.0NRT,299.96,6.83,D
-16.48062,131.70145,347.32,0.51,0.5,2026-05-03,0525,N,nominal,2.0NRT,300.19,7.67,D
-16.48154,131.69659,354.91,0.51,0.5,2026-05-03,0525,N,nominal,2.0NRT,299.76,7.67,D
-16.47698,131.69563,352.2,0.51,0.5,2026-05-03,0525,N,nominal,2.0NRT,303.53,27.04,D
-17.78914,123.95554,335.48,0.39,0.36,2026-05-03,0525,N,low,2.0NRT,308.11,1.89,D
-17.79187,123.9371,337.6,0.39,0.36,2026-05-03,0525,N,low,2.0NRT,307.64,3.66,D
-17.85822,123.48628,335.83,0.4,0.37,2026-05-03,0525,N,low,2.0NRT,306.94,3.08,D
-17.78578,123.95501,331.66,0.39,0.36,2026-05-03,0525,N,low,2.0NRT,306.2,1.89,D
-17.78906,123.93288,343.1,0.39,0.36,2026-05-03,0525,N,nominal,2.0NRT,309.06,3.66,D
-16.33312,132.3912,336.4,0.57,0.52,2026-05-03,0525,N,nominal,2.0NRT,299.16,6.47,D
-16.43124,131.88464,355.11,0.53,0.5,2026-05-03,0525,N,nominal,2.0NRT,299.49,21.7,D
-16.43315,131.87471,334.43,0.53,0.5,2026-05-03,0525,N,nominal,2.0NRT,298.88,3.37,D
-17.78625,123.92865,337.57,0.39,0.36,2026-05-03,0525,N,nominal,2.0NRT,306.96,4.5,D
-16.42565,131.88867,341.78,0.53,0.5,2026-05-03,0525,N,nominal,2.0NRT,300.07,17.46,D
-17.7818,123.93549,343.31,0.39,0.36,2026-05-03,0525,N,nominal,2.0NRT,308.5,7.59,D
-16.42102,131.88773,348.14,0.53,0.5,2026-05-03,0525,N,nominal,2.0NRT,299.81,8.14,D
-17.77626,123.94968,335.8,0.39,0.36,2026-05-03,0525,N,low,2.0NRT,310.11,6.26,D
-17.7779,123.93862,340.38,0.39,0.36,2026-05-03,0525,N,nominal,2.0NRT,309.76,5.17,D
-17.77844,123.93494,343.44,0.39,0.36,2026-05-03,0525,N,nominal,2.0NRT,306.91,4.28,D
-17.78008,123.92387,335.54,0.39,0.36,2026-05-03,0525,N,low,2.0NRT,306.42,3.1,D
-17.77509,123.93439,344.88,0.39,0.36,2026-05-03,0525,N,nominal,2.0NRT,309.55,4.28,D
-17.77563,123.93071,343.45,0.39,0.36,2026-05-03,0525,N,nominal,2.0NRT,306.89,4.28,D
-17.77673,123.92333,337.76,0.39,0.36,2026-05-03,0525,N,nominal,2.0NRT,307.45,3.1,D
-17.77009,123.94492,337.88,0.39,0.36,2026-05-03,0525,N,low,2.0NRT,308.79,3.37,D
-17.77228,123.93016,352.2,0.39,0.36,2026-05-03,0525,N,nominal,2.0NRT,311.11,10.68,D
-16.30915,132.38637,349.29,0.57,0.52,2026-05-03,0525,N,nominal,2.0NRT,297.53,10.3,D
-17.76674,123.94437,339.25,0.39,0.36,2026-05-03,0525,N,nominal,2.0NRT,307.22,3.37,D
-17.77056,123.91855,334.96,0.39,0.36,2026-05-03,0525,N,low,2.0NRT,305.07,1.86,D
-17.76392,123.94013,350.75,0.39,0.36,2026-05-03,0525,N,nominal,2.0NRT,308.62,11.98,D
-17.76111,123.93591,348.06,0.39,0.36,2026-05-03,0525,N,nominal,2.0NRT,311.43,11.98,D
-17.75775,123.93538,344.88,0.39,0.36,2026-05-03,0525,N,nominal,2.0NRT,306.71,7.97,D
-17.71926,124.10242,336.35,0.39,0.36,2026-05-03,0525,N,low,2.0NRT,309.39,3.05,D
-17.71591,124.10188,340.14,0.39,0.36,2026-05-03,0525,N,nominal,2.0NRT,308.89,3.05,D
-17.71442,124.10197,335.52,0.39,0.36,2026-05-03,0525,N,low,2.0NRT,309.36,4.19,D
-17.71471,123.98537,345.8,0.39,0.36,2026-05-03,0525,N,nominal,2.0NRT,308.59,3.32,D
-17.7119,123.98114,333.31,0.39,0.36,2026-05-03,0525,N,low,2.0NRT,307.58,3.52,D
-17.7091,123.97692,344.26,0.39,0.36,2026-05-03,0525,N,nominal,2.0NRT,306.98,2.74,D
-17.70574,123.97637,336.9,0.39,0.36,2026-05-03,0525,N,nominal,2.0NRT,306.21,3.25,D
-16.2334,132.47647,331.36,0.58,0.52,2026-05-03,0525,N,nominal,2.0NRT,298.95,8.36,D
-16.23658,132.46004,349.01,0.58,0.52,2026-05-03,0525,N,nominal,2.0NRT,299.63,26.86,D
-16.23764,132.45456,342,0.58,0.52,2026-05-03,0525,N,nominal,2.0NRT,299.44,17.8,D
-17.8111,123.14148,335.29,0.4,0.37,2026-05-03,0525,N,low,2.0NRT,305.57,3.46,D
-16.26955,132.23807,338.84,0.56,0.51,2026-05-03,0525,N,nominal,2.0NRT,299.99,8.2,D
-17.8014,123.13603,332.12,0.4,0.37,2026-05-03,0525,N,low,2.0NRT,306.34,4.56,D
-17.80195,123.13219,334.06,0.4,0.37,2026-05-03,0525,N,low,2.0NRT,306.43,5.4,D
-17.8045,123.06586,354.37,0.41,0.37,2026-05-03,0525,N,nominal,2.0NRT,309.51,14.91,D
-17.80505,123.06202,354.8,0.41,0.37,2026-05-03,0525,N,nominal,2.0NRT,310.96,32.22,D
-17.80107,123.06534,336.26,0.41,0.37,2026-05-03,0525,N,nominal,2.0NRT,303.72,14.91,D
-17.80162,123.06149,348.34,0.41,0.37,2026-05-03,0525,N,nominal,2.0NRT,318.36,32.22,D
-17.68517,123.83704,334.53,0.39,0.36,2026-05-03,0525,N,low,2.0NRT,307.14,4.27,D
-17.80262,123.03012,332.53,0.41,0.37,2026-05-03,0525,N,low,2.0NRT,306.6,5.97,D
-16.20758,132.40334,330.27,0.58,0.52,2026-05-03,0525,N,nominal,2.0NRT,298.82,8.17,D
-17.68236,123.83279,350.55,0.39,0.36,2026-05-03,0525,N,nominal,2.0NRT,307.77,4.27,D
-17.80362,122.99863,332.51,0.41,0.37,2026-05-03,0525,N,low,2.0NRT,304.57,3.63,D
-16.26177,132.10074,341.1,0.55,0.51,2026-05-03,0525,N,nominal,2.0NRT,299.8,11.56,D
-17.67845,123.83593,338.32,0.39,0.36,2026-05-03,0525,N,low,2.0NRT,310.92,21.06,D
-17.679,123.83223,349.28,0.39,0.36,2026-05-03,0525,N,nominal,2.0NRT,311.46,21.06,D
-17.79631,123.02519,336.09,0.41,0.37,2026-05-03,0525,N,nominal,2.0NRT,305.79,5,D
-17.79687,123.02132,335.71,0.41,0.37,2026-05-03,0525,N,low,2.0NRT,309.45,11,D
-17.79852,123.0097,347.88,0.41,0.37,2026-05-03,0525,N,nominal,2.0NRT,309.42,7.03,D
-16.25707,132.09975,344.39,0.55,0.51,2026-05-03,0525,N,nominal,2.0NRT,300.26,11.56,D
-16.25808,132.09459,335.82,0.55,0.51,2026-05-03,0525,N,nominal,2.0NRT,295.98,8.04,D
-17.674,123.84279,342.21,0.39,0.36,2026-05-03,0525,N,nominal,2.0NRT,307.51,4.27,D
-17.67509,123.8354,337.74,0.39,0.36,2026-05-03,0525,N,low,2.0NRT,308.82,21.06,D
-17.79343,123.02079,355.35,0.41,0.37,2026-05-03,0525,N,nominal,2.0NRT,310.49,11,D
-17.79564,123.0053,332.53,0.41,0.37,2026-05-03,0525,N,low,2.0NRT,307.26,3.95,D
-16.17375,132.49872,344.45,0.58,0.52,2026-05-03,0525,N,nominal,2.0NRT,301.38,14.02,D
-16.17483,132.49324,337.64,0.58,0.52,2026-05-03,0525,N,nominal,2.0NRT,300.34,14.02,D
-16.25236,132.09877,343.8,0.55,0.51,2026-05-03,0525,N,nominal,2.0NRT,300.74,9.04,D
-17.67064,123.84225,351.14,0.39,0.36,2026-05-03,0525,N,nominal,2.0NRT,309.63,4.96,D
-17.67118,123.83855,336.63,0.39,0.36,2026-05-03,0525,N,low,2.0NRT,307.49,4.96,D
-17.67227,123.83115,356.6,0.39,0.36,2026-05-03,0525,N,nominal,2.0NRT,314.51,18.69,D
-17.79055,123.01638,341.81,0.41,0.37,2026-05-03,0525,N,nominal,2.0NRT,307.58,5.65,D
-17.79276,123.00092,338.37,0.41,0.37,2026-05-03,0525,N,nominal,2.0NRT,307.76,8.51,D
-17.79332,122.99703,337.4,0.41,0.37,2026-05-03,0525,N,nominal,2.0NRT,303.99,2.85,D
-16.24665,132.10295,341.22,0.55,0.51,2026-05-03,0525,N,nominal,2.0NRT,300.94,9.04,D
-16.24766,132.09781,342.08,0.55,0.51,2026-05-03,0525,N,nominal,2.0NRT,300.1,9.04,D
-17.66728,123.84171,356.39,0.39,0.36,2026-05-03,0525,N,nominal,2.0NRT,308.13,4.96,D
-17.66891,123.83059,343.51,0.39,0.36,2026-05-03,0525,N,nominal,2.0NRT,304.8,18.69,D
-17.78988,122.99651,334.08,0.41,0.37,2026-05-03,0525,N,low,2.0NRT,304.16,2.85,D
-17.66392,123.84116,348.01,0.39,0.36,2026-05-03,0525,N,nominal,2.0NRT,305.42,4.84,D
-17.7848,123.00758,332.82,0.41,0.37,2026-05-03,0525,N,low,2.0NRT,306.99,3.47,D
-16.15922,132.49582,330.27,0.58,0.52,2026-05-03,0525,N,low,2.0NRT,300.68,11.92,D
-16.23721,132.10114,352.15,0.55,0.51,2026-05-03,0525,N,nominal,2.0NRT,298.31,16.96,D
-17.78191,123.00318,341.1,0.41,0.37,2026-05-03,0525,N,nominal,2.0NRT,306.42,4.05,D
-17.78246,122.99931,342.73,0.41,0.37,2026-05-03,0525,N,nominal,2.0NRT,306.38,4.05,D
-16.15437,132.49486,330.65,0.58,0.52,2026-05-03,0525,N,nominal,2.0NRT,299.83,5.45,D
-16.23148,132.10536,341.21,0.55,0.51,2026-05-03,0525,N,nominal,2.0NRT,299.52,11.14,D
-16.17638,132.49649,354.21,0.58,0.52,2026-05-03,0525,N,nominal,2.0NRT,302.39,26.85,D
-16.25108,132.10083,345.34,0.55,0.51,2026-05-03,0525,N,nominal,2.0NRT,301.23,11.9,D
-16.24638,132.09984,353.78,0.55,0.51,2026-05-03,0525,N,nominal,2.0NRT,299.77,11.9,D
-16.24069,132.10408,331.43,0.55,0.51,2026-05-03,0525,N,nominal,2.0NRT,296.74,7.3,D
-16.16186,132.49355,345.75,0.58,0.52,2026-05-03,0525,N,nominal,2.0NRT,299.67,10.86,D
-16.23596,132.10318,335.5,0.55,0.51,2026-05-03,0525,N,nominal,2.0NRT,298.87,7.3,D
-16.23694,132.09802,338.98,0.55,0.51,2026-05-03,0525,N,nominal,2.0NRT,297.12,7.3,D
-16.23125,132.10225,348.87,0.55,0.51,2026-05-03,0525,N,nominal,2.0NRT,299.74,11.33,D
-16.15217,132.49159,332.56,0.58,0.52,2026-05-03,0525,N,nominal,2.0NRT,297.87,7.94,D
-17.74486,122.99747,331.11,0.41,0.37,2026-05-03,0525,N,low,2.0NRT,304.08,3.1,D
-16.15932,132.40196,339.35,0.58,0.52,2026-05-03,0525,N,nominal,2.0NRT,297.13,11.82,D
-16.1545,132.40097,334.04,0.58,0.52,2026-05-03,0525,N,nominal,2.0NRT,299.36,13.95,D
-16.15073,132.39458,367,0.58,0.52,2026-05-03,0525,N,high,2.0NRT,299.48,20.98,D
-16.1476,132.41086,336.23,0.58,0.52,2026-05-03,0525,N,nominal,2.0NRT,299.33,7.7,D
-17.73113,122.9953,331.4,0.41,0.37,2026-05-03,0525,N,low,2.0NRT,304.08,1.79,D
-16.12904,132.48109,350.49,0.58,0.52,2026-05-03,0525,N,nominal,2.0NRT,303.18,14.58,D
-16.1301,132.4756,332.69,0.58,0.52,2026-05-03,0525,N,nominal,2.0NRT,298.87,14.58,D
-16.14384,132.40442,344.97,0.58,0.52,2026-05-03,0525,N,nominal,2.0NRT,290.33,5.16,D
-16.17583,132.23813,348.9,0.56,0.52,2026-05-03,0525,N,nominal,2.0NRT,299.32,10.54,D
-16.1321,132.41339,333.61,0.58,0.52,2026-05-03,0525,N,nominal,2.0NRT,300.59,5.49,D
-16.12728,132.41243,334.03,0.58,0.52,2026-05-03,0525,N,nominal,2.0NRT,300.54,5.49,D
-16.10323,132.51025,332.96,0.59,0.53,2026-05-03,0525,N,nominal,2.0NRT,301.35,9.75,D
-16.16998,132.08981,342.81,0.55,0.51,2026-05-03,0525,N,nominal,2.0NRT,298.56,6.43,D
-16.08274,132.51186,331.25,0.59,0.53,2026-05-03,0525,N,nominal,2.0NRT,301.02,9.63,D
-17.55274,123.83813,335.27,0.39,0.36,2026-05-03,0525,N,low,2.0NRT,305.69,10.58,D
-17.43058,124.60767,337.59,0.38,0.36,2026-05-03,0525,N,low,2.0NRT,308.62,4.36,D
-17.42428,124.56881,340.46,0.38,0.36,2026-05-03,0525,N,nominal,2.0NRT,307.27,3.1,D
-17.41041,124.59255,336.34,0.38,0.36,2026-05-03,0525,N,low,2.0NRT,307.54,2.09,D
-17.53037,123.63301,331.65,0.39,0.36,2026-05-03,0525,N,low,2.0NRT,305.7,4.11,D
-17.527,123.63246,338.27,0.39,0.36,2026-05-03,0525,N,nominal,2.0NRT,305.52,5.29,D
-17.52754,123.62875,341.46,0.39,0.36,2026-05-03,0525,N,nominal,2.0NRT,305.42,4.8,D
-17.52362,123.63193,342.63,0.39,0.36,2026-05-03,0525,N,nominal,2.0NRT,305.33,5.29,D
-17.52417,123.62821,346.88,0.39,0.36,2026-05-03,0525,N,nominal,2.0NRT,304.29,4.8,D
-17.41499,124.29167,339.96,0.39,0.36,2026-05-03,0525,N,nominal,2.0NRT,309.03,5.07,D
-17.41553,124.28802,340.61,0.39,0.36,2026-05-03,0525,N,nominal,2.0NRT,309.16,4.07,D
-17.59839,122.85175,336.55,0.41,0.37,2026-05-03,0525,N,nominal,2.0NRT,305.51,2.24,D
-17.60005,122.84008,345.97,0.41,0.37,2026-05-03,0525,N,nominal,2.0NRT,306.41,5.81,D
-17.28771,124.85844,337.69,0.38,0.36,2026-05-03,0525,N,nominal,2.0NRT,304.91,3.44,D
-17.28437,124.85788,335.43,0.38,0.36,2026-05-03,0525,N,nominal,2.0NRT,304.05,3.44,D
-17.28048,124.86095,344.19,0.38,0.36,2026-05-03,0525,N,nominal,2.0NRT,303.95,6.38,D
-17.30273,124.71599,338.13,0.38,0.36,2026-05-03,0525,N,nominal,2.0NRT,307.67,3.29,D
-17.27659,124.86401,340.42,0.38,0.36,2026-05-03,0525,N,nominal,2.0NRT,305.71,3.55,D
-17.29995,124.71181,341.38,0.38,0.36,2026-05-03,0525,N,nominal,2.0NRT,305.58,3.29,D
-17.27435,124.86326,341.25,0.38,0.36,2026-05-03,0525,N,nominal,2.0NRT,307.63,17.74,D
-17.25212,124.87442,339.68,0.38,0.36,2026-05-03,0525,N,nominal,2.0NRT,308.82,8.71,D
-17.25268,124.8708,337.31,0.38,0.36,2026-05-03,0525,N,low,2.0NRT,307.96,3.9,D
-17.2449,124.87695,352.51,0.38,0.36,2026-05-03,0525,N,nominal,2.0NRT,308.1,11.02,D
-17.29477,124.50621,338.91,0.38,0.36,2026-05-03,0525,N,nominal,2.0NRT,307.59,3.06,D
-17.29584,124.47663,338.53,0.38,0.36,2026-05-03,0525,N,low,2.0NRT,309.48,3.6,D
-17.28754,124.50874,340.11,0.38,0.36,2026-05-03,0525,N,nominal,2.0NRT,307.02,10.76,D
-17.29801,124.4398,334.8,0.38,0.36,2026-05-03,0525,N,nominal,2.0NRT,306.83,2.73,D
-17.20644,125.01548,342.99,0.38,0.36,2026-05-03,0525,N,nominal,2.0NRT,304.07,4.43,D
-17.28421,124.50819,339.94,0.38,0.36,2026-05-03,0525,N,nominal,2.0NRT,306.86,10.76,D
-17.28198,124.50039,342.82,0.38,0.36,2026-05-03,0525,N,nominal,2.0NRT,305.18,6.09,D
-17.28859,124.45684,334.87,0.38,0.36,2026-05-03,0525,N,low,2.0NRT,309.1,3.28,D
-17.29574,124.40967,351.18,0.38,0.36,2026-05-03,0525,N,nominal,2.0NRT,308.55,4.69,D
-17.2963,124.40604,347.94,0.38,0.36,2026-05-03,0525,N,nominal,2.0NRT,307.52,4.69,D
-17.27864,124.49984,343.96,0.38,0.36,2026-05-03,0525,N,nominal,2.0NRT,305.21,6.09,D
-17.2792,124.49621,335.94,0.38,0.36,2026-05-03,0525,N,nominal,2.0NRT,304.84,4.05,D
-17.28471,124.45992,342.91,0.38,0.36,2026-05-03,0525,N,nominal,2.0NRT,310.15,3.28,D
-17.28581,124.45267,347.38,0.38,0.36,2026-05-03,0525,N,nominal,2.0NRT,312.65,15.35,D
-17.29296,124.40549,339.95,0.38,0.36,2026-05-03,0525,N,nominal,2.0NRT,309.07,4.69,D
-17.27807,124.48116,343.91,0.38,0.36,2026-05-03,0525,N,nominal,2.0NRT,309.67,32.37,D
-17.28137,124.45938,342.65,0.38,0.36,2026-05-03,0525,N,nominal,2.0NRT,316.04,27.25,D
-17.28302,124.44849,346.23,0.38,0.36,2026-05-03,0525,N,nominal,2.0NRT,309.68,13.46,D
-17.27638,124.4697,336.53,0.38,0.36,2026-05-03,0525,N,low,2.0NRT,310.31,5.61,D
-17.27804,124.45883,343.81,0.38,0.36,2026-05-03,0525,N,nominal,2.0NRT,310.15,27.25,D
-17.27969,124.44794,349.94,0.38,0.36,2026-05-03,0525,N,nominal,2.0NRT,310,13.46,D
-17.55369,122.58051,340.14,0.42,0.38,2026-05-03,0525,N,nominal,2.0NRT,304.78,3.65,D
-17.2736,124.46554,351.65,0.38,0.36,2026-05-03,0525,N,nominal,2.0NRT,310.74,5.87,D
-17.2747,124.45829,346.29,0.38,0.36,2026-05-03,0525,N,nominal,2.0NRT,307.06,9.39,D
-17.27635,124.4474,339.79,0.38,0.36,2026-05-03,0525,N,low,2.0NRT,312.06,16.69,D
-17.27082,124.46136,342.99,0.38,0.36,2026-05-03,0525,N,nominal,2.0NRT,307.21,5.87,D
-17.27137,124.45773,334.79,0.38,0.36,2026-05-03,0525,N,nominal,2.0NRT,304.13,9.39,D
-17.27192,124.45411,344.87,0.38,0.36,2026-05-03,0525,N,nominal,2.0NRT,311.41,9.39,D
-17.27302,124.44685,340.22,0.38,0.36,2026-05-03,0525,N,nominal,2.0NRT,309.07,16.69,D
-17.27357,124.44322,341.92,0.38,0.36,2026-05-03,0525,N,low,2.0NRT,312.86,35.32,D
-17.26748,124.46082,335.84,0.38,0.36,2026-05-03,0525,N,low,2.0NRT,306.35,4.66,D
-17.26858,124.45356,350.9,0.38,0.36,2026-05-03,0525,N,nominal,2.0NRT,312.83,31.37,D
-17.2658,124.44938,367,0.38,0.36,2026-05-03,0525,N,high,2.0NRT,311.94,17,D
-17.26305,124.46752,338.19,0.38,0.36,2026-05-03,0525,N,nominal,2.0NRT,304.66,6.28,D
-17.2647,124.45663,344.59,0.38,0.36,2026-05-03,0525,N,nominal,2.0NRT,306.13,31.37,D
-17.26635,124.44575,333.68,0.38,0.36,2026-05-03,0525,N,nominal,2.0NRT,308.04,17,D
-17.17924,124.99231,342.89,0.38,0.36,2026-05-03,0525,N,nominal,2.0NRT,304.47,5.36,D
-17.25971,124.46697,334.29,0.38,0.36,2026-05-03,0525,N,nominal,2.0NRT,303.76,8.58,D
-17.26026,124.46334,336.61,0.38,0.36,2026-05-03,0525,N,low,2.0NRT,308.79,12.66,D
-17.26136,124.45609,334.29,0.38,0.36,2026-05-03,0525,N,low,2.0NRT,306.84,8.1,D
-17.26191,124.45245,348.34,0.38,0.36,2026-05-03,0525,N,nominal,2.0NRT,304.41,8.1,D
-17.26246,124.44883,345.91,0.38,0.36,2026-05-03,0525,N,nominal,2.0NRT,306.06,22.21,D
-17.26301,124.4452,355.46,0.38,0.36,2026-05-03,0525,N,nominal,2.0NRT,310.67,22.21,D
-17.26356,124.44158,336.93,0.38,0.36,2026-05-03,0525,N,nominal,2.0NRT,306.74,27.68,D
-17.17535,124.99538,336.7,0.38,0.36,2026-05-03,0525,N,nominal,2.0NRT,304.71,4.93,D
-17.25638,124.46643,333.8,0.38,0.36,2026-05-03,0525,N,nominal,2.0NRT,302.76,8.58,D
-17.25693,124.46279,340.83,0.38,0.36,2026-05-03,0525,N,low,2.0NRT,313.77,12.66,D
-17.25858,124.4519,345.01,0.38,0.36,2026-05-03,0525,N,nominal,2.0NRT,305.29,8.1,D
-17.25968,124.44468,337.88,0.38,0.36,2026-05-03,0525,N,nominal,2.0NRT,306.62,22.21,D
-17.17258,124.99122,337.73,0.38,0.36,2026-05-03,0525,N,low,2.0NRT,307.98,4.13,D
-17.17706,124.96222,343.7,0.38,0.36,2026-05-03,0525,N,nominal,2.0NRT,302.82,5.07,D
-17.25359,124.46225,347.73,0.38,0.36,2026-05-03,0525,N,nominal,2.0NRT,306.67,8.68,D
-17.25414,124.45861,338.17,0.38,0.36,2026-05-03,0525,N,nominal,2.0NRT,307.25,8.68,D
-17.25524,124.45139,348.09,0.38,0.36,2026-05-03,0525,N,nominal,2.0NRT,308.62,9.09,D
-17.17372,124.96167,355.01,0.38,0.36,2026-05-03,0525,N,nominal,2.0NRT,301.93,5.07,D
-17.17428,124.95804,337.23,0.38,0.36,2026-05-03,0525,N,nominal,2.0NRT,294.69,5.07,D
-17.25191,124.45084,345.15,0.38,0.36,2026-05-03,0525,N,nominal,2.0NRT,303.14,9.09,D
-17.16425,124.97868,334.68,0.38,0.36,2026-05-03,0525,N,nominal,2.0NRT,300.14,3.76,D
-17.16705,124.96056,337.34,0.38,0.36,2026-05-03,0525,N,nominal,2.0NRT,303.72,51.3,D
-17.21034,124.26117,341.52,0.39,0.36,2026-05-03,0525,N,nominal,2.0NRT,309.37,9.37,D
-17.207,124.26062,341.11,0.39,0.36,2026-05-03,0525,N,nominal,2.0NRT,310.15,9.37,D
-16.89861,126.17252,339.04,0.4,0.37,2026-05-03,0525,N,nominal,2.0NRT,306.66,3.3,D
-16.89922,126.16872,335.39,0.4,0.37,2026-05-03,0525,N,nominal,2.0NRT,305.48,6.34,D
-16.90166,126.15361,339.3,0.4,0.37,2026-05-03,0525,N,nominal,2.0NRT,304.27,3.24,D
-16.90226,126.14985,330.83,0.4,0.37,2026-05-03,0525,N,low,2.0NRT,304.93,3.24,D
-16.89643,126.16438,367,0.4,0.37,2026-05-03,0525,N,high,2.0NRT,307.08,6.34,D
-16.89704,126.16061,335.36,0.4,0.37,2026-05-03,0525,N,nominal,2.0NRT,305.54,4.87,D
-16.89826,126.15305,345.14,0.4,0.37,2026-05-03,0525,N,nominal,2.0NRT,305.85,3.24,D
-16.89425,126.15626,331.31,0.4,0.37,2026-05-03,0525,N,low,2.0NRT,302.54,2.28,D
-16.89486,126.15249,339.3,0.4,0.37,2026-05-03,0525,N,nominal,2.0NRT,303.56,2.46,D
-17.18263,124.30878,337.86,0.39,0.36,2026-05-03,0525,N,nominal,2.0NRT,307.32,5.1,D
-17.1793,124.30823,332.06,0.39,0.36,2026-05-03,0525,N,low,2.0NRT,303.49,5.1,D
-17.17985,124.3046,347.18,0.39,0.36,2026-05-03,0525,N,nominal,2.0NRT,310.77,5.1,D
-17.18039,124.30096,345.14,0.39,0.36,2026-05-03,0525,N,nominal,2.0NRT,313.13,16.97,D
-17.17651,124.30405,349.6,0.39,0.36,2026-05-03,0525,N,nominal,2.0NRT,309.68,18.28,D
-17.17526,124.24427,341.94,0.39,0.36,2026-05-03,0525,N,nominal,2.0NRT,311,4.19,D
-17.17247,124.24009,348.54,0.39,0.36,2026-05-03,0525,N,nominal,2.0NRT,308.85,3.71,D
-17.16749,124.25044,339.7,0.39,0.36,2026-05-03,0525,N,nominal,2.0NRT,307.49,4.26,D
-17.16967,124.23591,339.5,0.39,0.36,2026-05-03,0525,N,nominal,2.0NRT,305.15,3.71,D
-17.15703,124.29715,337.54,0.39,0.36,2026-05-03,0525,N,low,2.0NRT,308.87,2.95,D
-17.15758,124.29352,336.65,0.39,0.36,2026-05-03,0525,N,nominal,2.0NRT,305.4,2.95,D
-17.1636,124.25353,347.64,0.39,0.36,2026-05-03,0525,N,nominal,2.0NRT,309.38,17.07,D
-17.16415,124.2499,345.65,0.39,0.36,2026-05-03,0525,N,nominal,2.0NRT,310.03,17.07,D
-17.16633,124.23536,338.84,0.39,0.36,2026-05-03,0525,N,nominal,2.0NRT,303.93,4.75,D
-16.74587,126.86821,333.68,0.42,0.38,2026-05-03,0525,N,low,2.0NRT,307.12,5.2,D
-17.15424,124.29297,333.56,0.39,0.36,2026-05-03,0525,N,low,2.0NRT,306.03,2.95,D
-17.16026,124.25298,351.43,0.39,0.36,2026-05-03,0525,N,nominal,2.0NRT,310.33,17.07,D
-17.16081,124.24935,345.64,0.39,0.36,2026-05-03,0525,N,nominal,2.0NRT,305.7,17.07,D
-17.16135,124.24572,334.75,0.39,0.36,2026-05-03,0525,N,nominal,2.0NRT,303.38,3.08,D
-17.16354,124.23119,333.56,0.39,0.36,2026-05-03,0525,N,low,2.0NRT,303.8,1.31,D
-17.15802,124.24517,351.66,0.39,0.36,2026-05-03,0525,N,nominal,2.0NRT,302.96,9.58,D
-17.1602,124.23064,337.12,0.39,0.36,2026-05-03,0525,N,nominal,2.0NRT,302.91,2.89,D
-17.15522,124.24099,367,0.39,0.36,2026-05-03,0525,N,high,2.0NRT,304.88,9.58,D
-17.15468,124.24464,340.24,0.39,0.36,2026-05-03,0525,N,nominal,2.0NRT,302.97,9.58,D
-17.15358,124.23733,336,0.39,0.36,2026-05-03,0525,N,nominal,2.0NRT,305.47,5.86,D
-17.15468,124.23006,333.77,0.39,0.36,2026-05-03,0525,N,nominal,2.0NRT,303.31,4.84,D
-17.15024,124.23679,348.31,0.39,0.36,2026-05-03,0525,N,nominal,2.0NRT,308.34,5.86,D
-17.15134,124.22952,346.03,0.39,0.36,2026-05-03,0525,N,nominal,2.0NRT,304.29,4.84,D
-17.14745,124.2326,342.5,0.39,0.36,2026-05-03,0525,N,nominal,2.0NRT,304.56,5.38,D
-16.96298,124.33215,340.21,0.38,0.36,2026-05-03,0525,N,nominal,2.0NRT,303.26,4.4,D
-16.95577,124.33466,344.31,0.38,0.36,2026-05-03,0525,N,nominal,2.0NRT,303.78,13.18,D
-16.23074,128.60446,337.35,0.51,0.41,2026-05-03,0525,N,nominal,2.0NRT,308.24,4.31,D
-16.22757,128.60568,330.95,0.51,0.41,2026-05-03,0525,N,low,2.0NRT,305.76,2.16,D
-16.51393,126.84512,344.73,0.42,0.38,2026-05-03,0525,N,nominal,2.0NRT,308.64,4.17,D
-16.5098,126.8485,342.06,0.42,0.38,2026-05-03,0525,N,nominal,2.0NRT,307.67,4.17,D
-16.50632,126.84787,337.95,0.42,0.38,2026-05-03,0525,N,nominal,2.0NRT,307.86,2.57,D
-16.50284,126.84725,336.84,0.42,0.38,2026-05-03,0525,N,nominal,2.0NRT,307.86,2.57,D
-16.49936,126.84664,347.97,0.42,0.38,2026-05-03,0525,N,nominal,2.0NRT,309.25,33.17,D
-16.50001,126.84265,350.63,0.42,0.38,2026-05-03,0525,N,nominal,2.0NRT,314.71,33.17,D
-16.50066,126.83868,350.15,0.42,0.38,2026-05-03,0525,N,nominal,2.0NRT,306.99,34.8,D
-16.49653,126.84205,347.39,0.42,0.38,2026-05-03,0525,N,low,2.0NRT,319.08,33.17,D
-16.30227,127.67738,342.2,0.46,0.39,2026-05-03,0525,N,nominal,2.0NRT,306.47,5.32,D
-16.02643,129.00734,345.72,0.54,0.42,2026-05-03,0525,N,nominal,2.0NRT,303.82,6.64,D
-16.09561,127.46618,331.31,0.45,0.39,2026-05-03,0525,N,nominal,2.0NRT,300.24,3.04,D
-16.09453,127.46649,333.67,0.45,0.39,2026-05-03,0525,N,nominal,2.0NRT,299.16,4.01,D
-16.08953,127.47433,348.88,0.45,0.39,2026-05-03,0525,N,nominal,2.0NRT,303.61,10.29,D
-16.0815,127.43385,330.47,0.45,0.39,2026-05-03,0525,N,nominal,2.0NRT,298.34,1.98,D
-34.4279,140.48325,367,0.36,0.57,2026-05-03,0521,N,high,2.0NRT,292.55,10.89,D
-16.07303,127.46259,331.05,0.45,0.39,2026-05-03,0525,N,nominal,2.0NRT,300.84,3.61,D
-16.07373,127.45838,340.96,0.45,0.39,2026-05-03,0525,N,nominal,2.0NRT,303.59,3.61,D
-16.07512,127.45,345.33,0.45,0.39,2026-05-03,0525,N,nominal,2.0NRT,304.32,5.88,D
-34.4289,140.47929,355.68,0.36,0.57,2026-05-03,0521,N,nominal,2.0NRT,290.88,10.89,D
-16.07792,127.43322,341,0.45,0.39,2026-05-03,0525,N,nominal,2.0NRT,301.62,7.61,D
-16.07154,127.44935,336.16,0.45,0.39,2026-05-03,0525,N,nominal,2.0NRT,302.87,5.88,D
-34.76678,135.76733,343.94,0.4,0.44,2026-05-03,0521,N,nominal,2.0NRT,289.11,4.11,D
-15.79752,128.66824,337.42,0.52,0.42,2026-05-03,0525,N,nominal,2.0NRT,300.23,4.34,D
-15.54963,129.99426,339.49,0.42,0.45,2026-05-03,0525,N,nominal,2.0NRT,303.73,5.76,D
-33.73688,116.34128,351.98,0.46,0.63,2026-05-03,0521,N,nominal,2.0NRT,293.46,5.57,D
-15.54888,129.99391,338.04,0.42,0.45,2026-05-03,0525,N,nominal,2.0NRT,303.85,4,D
-33.73087,116.34097,342.22,0.46,0.63,2026-05-03,0521,N,nominal,2.0NRT,289.3,4.43,D
-15.52944,130.00632,344.82,0.42,0.45,2026-05-03,0525,N,nominal,2.0NRT,304.33,2.87,D
-33.73458,116.34389,351.97,0.46,0.63,2026-05-03,0521,N,nominal,2.0NRT,292.5,6.59,D
-15.47996,130.04123,335.49,0.42,0.45,2026-05-03,0525,N,nominal,2.0NRT,302.23,4.73,D
-33.73487,116.33867,336.34,0.46,0.63,2026-05-03,0521,N,nominal,2.0NRT,291.26,6.59,D
-15.48066,130.0374,349.26,0.42,0.45,2026-05-03,0525,N,nominal,2.0NRT,303.12,5.04,D
-32.33548,117.24557,338.17,0.4,0.6,2026-05-03,0523,N,nominal,2.0NRT,295.51,4.78,D
-15.47647,130.03668,337.5,0.42,0.45,2026-05-03,0525,N,nominal,2.0NRT,305.21,5.65,D
-32.17929,117.12429,347.66,0.4,0.6,2026-05-03,0523,N,nominal,2.0NRT,296.51,9.57,D
-15.47787,130.02896,330.58,0.42,0.45,2026-05-03,0525,N,low,2.0NRT,302.17,2.79,D
-32.17361,117.12399,367,0.4,0.6,2026-05-03,0523,N,high,2.0NRT,300.41,9.57,D
-15.45892,130.03798,343.87,0.42,0.45,2026-05-03,0525,N,nominal,2.0NRT,303.06,5.6,D
-32.00598,116.25114,335.72,0.45,0.63,2026-05-03,0523,N,nominal,2.0NRT,289.22,3.76,D
-15.45544,130.03333,351.42,0.42,0.45,2026-05-03,0525,N,nominal,2.0NRT,304.26,7.6,D
-31.37877,117.16285,334.52,0.39,0.59,2026-05-03,0523,N,nominal,2.0NRT,292.38,2.43,D
-15.45125,130.03261,336.66,0.42,0.45,2026-05-03,0525,N,nominal,2.0NRT,302.72,3.24,D
-31.40953,116.53618,328.24,0.43,0.62,2026-05-03,0523,N,nominal,2.0NRT,298.09,3.68,D
-15.45198,130.02864,338.52,0.42,0.45,2026-05-03,0525,N,nominal,2.0NRT,304.51,3.24,D
-31.1933,116.64422,367,0.42,0.61,2026-05-03,0523,N,high,2.0NRT,299.17,14.64,D
-15.5085,129.5623,346.47,0.39,0.44,2026-05-03,0525,N,nominal,2.0NRT,303.33,5.65,D
-31.19301,116.64879,328.99,0.42,0.61,2026-05-03,0523,N,nominal,2.0NRT,293.96,10.51,D
-15.50914,129.5587,349.12,0.39,0.44,2026-05-03,0525,N,nominal,2.0NRT,303.33,5.65,D
-30.92628,115.72852,343.47,0.47,0.64,2026-05-03,0523,N,nominal,2.0NRT,298.34,6.38,D
-15.5038,129.5652,337.88,0.39,0.44,2026-05-03,0525,N,nominal,2.0NRT,304.66,3.26,D
-29.7837,116.07317,342.58,0.44,0.62,2026-05-03,0523,N,nominal,2.0NRT,302.13,72.12,D
-15.50509,129.55789,349.69,0.39,0.44,2026-05-03,0525,N,nominal,2.0NRT,305.94,12.79,D
-29.78399,116.06842,352.03,0.44,0.62,2026-05-03,0523,N,nominal,2.0NRT,302.72,50.99,D
-15.44142,129.89359,331.89,0.41,0.45,2026-05-03,0525,N,low,2.0NRT,305.73,2.22,D
-29.77782,116.07259,367,0.44,0.62,2026-05-03,0523,N,high,2.0NRT,307.09,72.12,D
-15.53012,129.3448,341.92,0.57,0.43,2026-05-03,0525,N,nominal,2.0NRT,302.06,6.15,D
-29.77841,116.06306,341.54,0.44,0.62,2026-05-03,0523,N,nominal,2.0NRT,294.21,50.99,D
-15.53106,129.33942,339.47,0.57,0.43,2026-05-03,0525,N,nominal,2.0NRT,301.36,6.15,D
-29.77811,116.06785,208,0.44,0.62,2026-05-03,0523,N,low,2.0NRT,324.38,50.99,D
-15.52518,129.34938,332.04,0.57,0.43,2026-05-03,0525,N,nominal,2.0NRT,300.65,4.81,D
-29.77919,116.07461,348.18,0.44,0.62,2026-05-03,0523,N,nominal,2.0NRT,301.29,67.76,D
-15.52612,129.34404,331.02,0.57,0.43,2026-05-03,0525,N,low,2.0NRT,303.12,6.72,D
-29.7795,116.06992,354.6,0.44,0.62,2026-05-03,0523,N,low,2.0NRT,334.05,190.53,D
-15.52023,129.35397,330.47,0.57,0.43,2026-05-03,0525,N,low,2.0NRT,301.89,4.81,D
-29.668,116.59586,338.54,0.41,0.6,2026-05-03,0523,N,nominal,2.0NRT,297.56,3.25,D
-15.76976,127.86682,336.89,0.47,0.4,2026-05-03,0525,N,nominal,2.0NRT,302.39,4.91,D
-29.49821,115.61113,332.64,0.47,0.64,2026-05-03,0523,N,nominal,2.0NRT,297.29,4.62,D
-15.44722,129.67043,335.88,0.4,0.44,2026-05-03,0525,N,nominal,2.0NRT,303.23,3.35,D
-29.49187,115.616,332.45,0.47,0.64,2026-05-03,0523,N,nominal,2.0NRT,295.58,6.18,D
-15.44113,129.68082,342.54,0.4,0.44,2026-05-03,0525,N,nominal,2.0NRT,304.27,4.27,D
-29.49705,115.61304,344.08,0.46,0.64,2026-05-03,0523,N,nominal,2.0NRT,297.72,4.56,D
-15.4418,129.67706,350.2,0.4,0.44,2026-05-03,0525,N,nominal,2.0NRT,303.93,4.27,D
-20.96229,134.79825,331.07,0.33,0.55,2026-05-03,0525,N,nominal,2.0NRT,295.37,5.27,D
-15.44248,129.67332,333.91,0.4,0.44,2026-05-03,0525,N,low,2.0NRT,304.17,3.52,D
-20.96297,134.79503,343.29,0.33,0.55,2026-05-03,0525,N,nominal,2.0NRT,296.52,7.35,D
-15.4357,129.6875,330.33,0.4,0.44,2026-05-03,0525,N,low,2.0NRT,304.42,3.18,D
-15.43637,129.68376,341.69,0.4,0.44,2026-05-03,0525,N,nominal,2.0NRT,306.54,3.18,D
-20.96365,134.79184,331.22,0.33,0.55,2026-05-03,0525,N,nominal,2.0NRT,295.32,7.35,D
-15.43773,129.67622,332.34,0.4,0.44,2026-05-03,0525,N,low,2.0NRT,304.33,4.27,D
-20.95922,134.78748,367,0.33,0.55,2026-05-03,0525,N,high,2.0NRT,298.73,11.82,D
-15.43092,129.69055,336.42,0.4,0.44,2026-05-03,0525,N,nominal,2.0NRT,303.44,2.57,D
-20.95989,134.7843,367,0.33,0.55,2026-05-03,0525,N,high,2.0NRT,297.3,11.82,D
-15.42682,129.68979,339.77,0.4,0.44,2026-05-03,0525,N,nominal,2.0NRT,303.48,2.57,D
-20.95547,134.77994,330.9,0.33,0.55,2026-05-03,0525,N,nominal,2.0NRT,295.14,3.12,D
-15.4234,129.68527,339.03,0.4,0.44,2026-05-03,0525,N,nominal,2.0NRT,305.95,3.48,D
-15.41998,129.68079,332.89,0.4,0.44,2026-05-03,0525,N,nominal,2.0NRT,302.56,3.48,D
-20.95614,134.77676,332.35,0.33,0.55,2026-05-03,0525,N,nominal,2.0NRT,294.97,3.12,D
-16.5178,122.89307,336.52,0.4,0.37,2026-05-03,0525,N,nominal,2.0NRT,305.8,10.74,D
-20.94838,134.78815,336.77,0.33,0.55,2026-05-03,0525,N,nominal,2.0NRT,295.94,3.96,D
-15.39746,129.73482,344.02,0.4,0.45,2026-05-03,0525,N,nominal,2.0NRT,302.1,5.05,D
-20.95106,134.77553,336.1,0.33,0.55,2026-05-03,0525,N,nominal,2.0NRT,295.59,3.12,D
-15.39338,129.73387,343.48,0.4,0.45,2026-05-03,0525,N,nominal,2.0NRT,305.86,5.05,D
-15.38658,129.72456,335.15,0.4,0.44,2026-05-03,0525,N,nominal,2.0NRT,305.75,4.86,D
-20.95173,134.77235,336.52,0.33,0.55,2026-05-03,0525,N,nominal,2.0NRT,294.77,3.31,D
-15.38247,129.72382,332.7,0.4,0.44,2026-05-03,0525,N,low,2.0NRT,306.39,3.36,D
-22.26028,124.22244,338.76,0.4,0.37,2026-05-03,0525,N,nominal,2.0NRT,307.3,13.52,D
-15.37836,129.72307,344.66,0.4,0.44,2026-05-03,0525,N,nominal,2.0NRT,305.62,3.36,D
-22.25686,124.22186,344.07,0.4,0.37,2026-05-03,0525,N,nominal,2.0NRT,314.82,13.52,D
-15.38417,129.72377,337.55,0.4,0.45,2026-05-03,0525,N,nominal,2.0NRT,306.55,2.9,D
-22.25345,124.22131,341.54,0.4,0.37,2026-05-03,0525,N,nominal,2.0NRT,307.7,21.76,D
-15.38006,129.72304,343.23,0.4,0.45,2026-05-03,0525,N,nominal,2.0NRT,306.09,2.9,D
-15.73557,127.60303,345.66,0.46,0.39,2026-05-03,0525,N,nominal,2.0NRT,305.28,7.58,D
-15.73194,127.60242,341.86,0.46,0.39,2026-05-03,0525,N,nominal,2.0NRT,305.79,7.51,D
-15.71961,127.63148,330.6,0.46,0.39,2026-05-03,0525,N,low,2.0NRT,305.57,3.57,D
-15.71524,127.63525,331.7,0.46,0.39,2026-05-03,0525,N,low,2.0NRT,306.03,3.14,D
-15.7116,127.63467,336.97,0.46,0.39,2026-05-03,0525,N,nominal,2.0NRT,306.19,4.88,D
-15.69556,127.64106,333.86,0.46,0.39,2026-05-03,0525,N,low,2.0NRT,304.49,2.71,D
-15.54123,127.53959,338.83,0.46,0.39,2026-05-03,0525,N,low,2.0NRT,309.65,4.61,D
-15.54864,127.53731,337.27,0.46,0.39,2026-05-03,0525,N,low,2.0NRT,309.25,4.09,D
-15.54069,127.54031,345.12,0.46,0.39,2026-05-03,0525,N,nominal,2.0NRT,309.67,6.78,D
-15.82352,125.13338,347.94,0.39,0.36,2026-05-03,0525,N,nominal,2.0NRT,301.31,5.45,D
-15.82017,125.13282,341.21,0.39,0.36,2026-05-03,0525,N,nominal,2.0NRT,301.64,4.47,D
-15.81348,125.13173,330.97,0.39,0.36,2026-05-03,0525,N,low,2.0NRT,302.95,5.71,D
-15.80679,125.13061,332.12,0.39,0.36,2026-05-03,0525,N,low,2.0NRT,303.41,4.76,D
-15.80735,125.12698,346.2,0.39,0.36,2026-05-03,0525,N,nominal,2.0NRT,307.17,4.76,D
-15.80401,125.12643,340.62,0.39,0.36,2026-05-03,0525,N,nominal,2.0NRT,302.13,4.76,D
-15.68372,125.3567,347.05,0.39,0.36,2026-05-03,0525,N,nominal,2.0NRT,305.55,25.88,D
-15.76966,124.80481,331.78,0.39,0.36,2026-05-03,0525,N,nominal,2.0NRT,303.76,2,D
-15.77022,124.8012,332.02,0.39,0.36,2026-05-03,0525,N,nominal,2.0NRT,304.5,2,D
-15.67978,125.35982,348.89,0.39,0.36,2026-05-03,0525,N,nominal,2.0NRT,306.65,8.75,D
-15.68036,125.35612,353.76,0.39,0.36,2026-05-03,0525,N,nominal,2.0NRT,312.15,25.88,D
-15.68093,125.35247,306.29,0.39,0.36,2026-05-03,0525,N,low,2.0NRT,309.13,25.88,D
-15.61383,125.53702,346.05,0.39,0.37,2026-05-03,0525,N,nominal,2.0NRT,300.11,5.6,D
-15.38161,126.81836,335.23,0.43,0.38,2026-05-03,0525,N,low,2.0NRT,306.36,2.76,D
-15.50732,125.96337,331.21,0.4,0.37,2026-05-03,0525,N,nominal,2.0NRT,301.16,3.29,D
-15.50392,125.96278,337.93,0.4,0.37,2026-05-03,0525,N,nominal,2.0NRT,302.1,6.01,D
-15.54452,125.68895,331.13,0.4,0.37,2026-05-03,0525,N,low,2.0NRT,305.87,3.44,D
-15.40538,126.47929,351.64,0.42,0.38,2026-05-03,0525,N,nominal,2.0NRT,305.35,23.82,D
-15.40603,126.47536,353.44,0.42,0.38,2026-05-03,0525,N,nominal,2.0NRT,308.01,23.82,D
-15.40192,126.47867,340.29,0.42,0.38,2026-05-03,0525,N,nominal,2.0NRT,301.78,23.82,D
-15.40256,126.47475,356.93,0.42,0.38,2026-05-03,0525,N,nominal,2.0NRT,307.13,23.82,D
-15.35602,126.60085,343.23,0.42,0.38,2026-05-03,0525,N,nominal,2.0NRT,304.73,9.52,D
-15.35855,126.58526,331.92,0.42,0.38,2026-05-03,0525,N,nominal,2.0NRT,299.97,3.43,D
-15.40482,126.29965,335.84,0.41,0.37,2026-05-03,0525,N,nominal,2.0NRT,301.28,2.68,D
-15.3538,126.59242,330.88,0.42,0.38,2026-05-03,0525,N,low,2.0NRT,301.68,8.06,D
-15.22778,127.15904,344.74,0.45,0.39,2026-05-03,0525,N,nominal,2.0NRT,306.08,10.87,D
-15.22848,127.15487,353.99,0.45,0.39,2026-05-03,0525,N,nominal,2.0NRT,307.75,9.42,D
-15.22918,127.1507,355.11,0.45,0.39,2026-05-03,0525,N,nominal,2.0NRT,305.84,9.42,D
-15.22987,127.14651,344.99,0.45,0.39,2026-05-03,0525,N,nominal,2.0NRT,303.67,14.24,D
-15.22631,127.14588,367,0.45,0.39,2026-05-03,0525,N,high,2.0NRT,305.16,14.24,D
-15.22561,127.15006,330.92,0.45,0.39,2026-05-03,0525,N,nominal,2.0NRT,303.89,9.42,D
-15.227,127.1417,356.77,0.45,0.39,2026-05-03,0525,N,nominal,2.0NRT,306.37,14.24,D
-15.2277,127.13754,357.8,0.45,0.39,2026-05-03,0525,N,nominal,2.0NRT,303.96,11.02,D
-15.21004,127.19909,336.79,0.45,0.39,2026-05-03,0525,N,nominal,2.0NRT,306.18,9.17,D
-15.2163,127.13983,333.03,0.45,0.39,2026-05-03,0525,N,nominal,2.0NRT,302.12,3.33,D
-15.21483,127.12668,341,0.45,0.39,2026-05-03,0525,N,nominal,2.0NRT,302.95,5.74,D
-15.21553,127.1225,347.64,0.45,0.39,2026-05-03,0525,N,nominal,2.0NRT,298.75,5.74,D
-15.21108,127.08343,348.72,0.44,0.39,2026-05-03,0525,N,nominal,2.0NRT,306.59,13.42,D
-15.20683,127.0869,333.4,0.44,0.39,2026-05-03,0525,N,low,2.0NRT,303.44,6.13,D
-15.20394,127.0823,343.49,0.44,0.39,2026-05-03,0525,N,nominal,2.0NRT,305.11,7.04,D
-15.1975,127.07706,339.23,0.44,0.39,2026-05-03,0525,N,nominal,2.0NRT,306.78,8.72,D
-15.19819,127.07294,345.97,0.44,0.39,2026-05-03,0525,N,nominal,2.0NRT,304.27,4.14,D
-15.19325,127.08052,341.17,0.44,0.39,2026-05-03,0525,N,nominal,2.0NRT,303.01,8.72,D
-15.19463,127.07231,333.72,0.44,0.39,2026-05-03,0525,N,nominal,2.0NRT,303.27,4.14,D
-15.19532,127.06818,336.71,0.44,0.39,2026-05-03,0525,N,nominal,2.0NRT,302.7,4.14,D
-15.19177,127.06757,349.05,0.44,0.39,2026-05-03,0525,N,nominal,2.0NRT,309.05,53.12,D
-15.19246,127.06345,334.62,0.44,0.39,2026-05-03,0525,N,nominal,2.0NRT,302.28,9.41,D
-15.19161,127.07657,336.35,0.44,0.39,2026-05-03,0525,N,nominal,2.0NRT,304.02,5.05,D
-15.19296,127.06834,346.61,0.44,0.39,2026-05-03,0525,N,nominal,2.0NRT,307.94,31.41,D
-15.19363,127.06421,343.06,0.44,0.39,2026-05-03,0525,N,nominal,2.0NRT,303.2,8.85,D
-15.2012,126.95106,336.82,0.44,0.38,2026-05-03,0525,N,nominal,2.0NRT,299.28,5.48,D
-15.17804,127.06998,330.78,0.44,0.39,2026-05-03,0525,N,low,2.0NRT,304.53,4.79,D
-15.19766,126.95045,330.65,0.44,0.38,2026-05-03,0525,N,nominal,2.0NRT,295.48,2.25,D
-15.16957,127.07698,334.76,0.44,0.39,2026-05-03,0525,N,nominal,2.0NRT,304.65,3.77,D
-15.17024,127.07287,333.7,0.44,0.39,2026-05-03,0525,N,nominal,2.0NRT,302.14,3.77,D
-15.17092,127.06876,330.14,0.44,0.39,2026-05-03,0525,N,low,2.0NRT,301.71,1.56,D
-15.16533,127.08042,339.97,0.44,0.39,2026-05-03,0525,N,nominal,2.0NRT,303.4,6.45,D
-15.1611,127.08386,353.74,0.44,0.39,2026-05-03,0525,N,nominal,2.0NRT,306.42,6.85,D
-15.16177,127.07982,337.92,0.44,0.39,2026-05-03,0525,N,nominal,2.0NRT,303.52,6.85,D
-15.16244,127.07574,339.68,0.44,0.39,2026-05-03,0525,N,nominal,2.0NRT,301.62,3.1,D
-15.15686,127.08733,332.56,0.44,0.39,2026-05-03,0525,N,low,2.0NRT,303.07,3.76,D
-15.17659,126.96785,349.51,0.44,0.38,2026-05-03,0525,N,nominal,2.0NRT,305.13,6.15,D
-15.17726,126.96374,337.74,0.44,0.38,2026-05-03,0525,N,nominal,2.0NRT,301.83,6.15,D
-15.15262,127.09077,331.69,0.45,0.39,2026-05-03,0525,N,nominal,2.0NRT,298.26,2.45,D
-15.16625,127.00838,334.49,0.44,0.38,2026-05-03,0525,N,nominal,2.0NRT,301.33,2.18,D
-15.1744,126.95904,334,0.44,0.38,2026-05-03,0525,N,nominal,2.0NRT,299.85,5.21,D
-15.14564,127.11076,352.04,0.45,0.39,2026-05-03,0525,N,nominal,2.0NRT,307.2,8.43,D
-15.14633,127.10661,341.66,0.45,0.39,2026-05-03,0525,N,nominal,2.0NRT,305.15,6.16,D
-15.14702,127.10247,355.52,0.45,0.39,2026-05-03,0525,N,nominal,2.0NRT,307.69,6.16,D
-15.1477,127.09836,345.54,0.45,0.39,2026-05-03,0525,N,nominal,2.0NRT,304.29,4.61,D
-15.16064,127.02021,331.09,0.44,0.39,2026-05-03,0525,N,low,2.0NRT,304.23,3.14,D
-15.14277,127.106,337.04,0.45,0.39,2026-05-03,0525,N,nominal,2.0NRT,306.79,5.63,D
-15.14413,127.09777,333.42,0.45,0.39,2026-05-03,0525,N,low,2.0NRT,303.65,2.73,D
-15.1564,127.02372,351.63,0.44,0.39,2026-05-03,0525,N,nominal,2.0NRT,308.63,8.47,D
-15.15709,127.01959,342.88,0.44,0.39,2026-05-03,0525,N,nominal,2.0NRT,305.05,8.47,D
-15.15285,127.02312,353.76,0.44,0.39,2026-05-03,0525,N,nominal,2.0NRT,304.31,8.47,D
-15.24729,126.44865,356.12,0.42,0.38,2026-05-03,0525,N,nominal,2.0NRT,300.74,12.87,D
-15.24793,126.44471,332.49,0.42,0.38,2026-05-03,0525,N,nominal,2.0NRT,286.4,4.47,D
-15.14519,127.04724,333.31,0.44,0.39,2026-05-03,0525,N,low,2.0NRT,303.97,3.52,D
-15.24318,126.45197,348.27,0.42,0.38,2026-05-03,0525,N,nominal,2.0NRT,306.63,3.94,D
-15.14232,127.0425,333.14,0.44,0.39,2026-05-03,0525,N,low,2.0NRT,304.84,3.52,D
-15.143,127.03838,346.99,0.44,0.39,2026-05-03,0525,N,nominal,2.0NRT,306.72,9.45,D
-15.14437,127.03013,343.61,0.44,0.39,2026-05-03,0525,N,nominal,2.0NRT,305.28,5.99,D
-15.23907,126.45528,333.95,0.42,0.38,2026-05-03,0525,N,nominal,2.0NRT,303.92,3.16,D
-15.23971,126.45133,337.36,0.42,0.38,2026-05-03,0525,N,nominal,2.0NRT,307.25,3.94,D
-15.13945,127.03777,331.68,0.44,0.39,2026-05-03,0525,N,low,2.0NRT,302.82,3.72,D
-15.14013,127.03365,344.31,0.44,0.39,2026-05-03,0525,N,nominal,2.0NRT,304.13,3.72,D
-15.14081,127.02951,345.69,0.44,0.39,2026-05-03,0525,N,nominal,2.0NRT,303.27,3.48,D
-15.2356,126.45468,334.42,0.42,0.38,2026-05-03,0525,N,nominal,2.0NRT,304.08,4.9,D
-15.23625,126.45074,339.72,0.42,0.38,2026-05-03,0525,N,nominal,2.0NRT,307.96,9.61,D
-15.23213,126.45408,336.13,0.42,0.38,2026-05-03,0525,N,nominal,2.0NRT,305.4,4.9,D
-15.22931,126.44956,367,0.42,0.38,2026-05-03,0525,N,high,2.0NRT,308.4,7.91,D
-15.22648,126.44502,338.52,0.42,0.38,2026-05-03,0525,N,nominal,2.0NRT,307.4,7.91,D
-15.06803,127.24421,330.2,0.45,0.39,2026-05-03,0525,N,low,2.0NRT,304.58,4.15,D
-15.06084,127.24297,332.94,0.45,0.39,2026-05-03,0525,N,low,2.0NRT,303.72,5.23,D
-15.01107,127.24756,335.64,0.45,0.39,2026-05-03,0525,N,nominal,2.0NRT,305.31,8.18,D
-15.00458,127.2421,338.26,0.45,0.39,2026-05-03,0525,N,nominal,2.0NRT,305.25,4.27,D
-15.01866,127.15773,332.95,0.45,0.39,2026-05-03,0525,N,low,2.0NRT,307.14,4.39,D
-15.00099,127.24146,331.19,0.45,0.39,2026-05-03,0525,N,low,2.0NRT,304.41,4.27,D
-15.01578,127.15288,333.78,0.45,0.39,2026-05-03,0525,N,low,2.0NRT,307.58,5.51,D
-14.9974,127.24081,336.86,0.45,0.39,2026-05-03,0525,N,nominal,2.0NRT,305.87,3.16,D
-15.01291,127.14806,348.56,0.45,0.39,2026-05-03,0525,N,nominal,2.0NRT,306.79,9.9,D
-15.0136,127.14386,347.6,0.45,0.39,2026-05-03,0525,N,nominal,2.0NRT,305.49,8.02,D
-15.03362,127.02372,331.11,0.44,0.39,2026-05-03,0525,N,low,2.0NRT,304.91,3.64,D
-14.99381,127.24015,330.46,0.45,0.39,2026-05-03,0525,N,low,2.0NRT,305.35,3.16,D
-15.02937,127.02724,334.92,0.44,0.39,2026-05-03,0525,N,nominal,2.0NRT,303.66,3.64,D
-14.99092,127.23532,334.55,0.45,0.39,2026-05-03,0525,N,low,2.0NRT,308.15,4.63,D
-14.99726,127.17547,332.89,0.45,0.39,2026-05-03,0525,N,low,2.0NRT,307.61,5,D
-14.98516,127.22558,339.81,0.45,0.39,2026-05-03,0525,N,nominal,2.0NRT,308.91,5.04,D
-15.27433,125.36998,331.22,0.39,0.36,2026-05-03,0525,N,low,2.0NRT,301.39,1.95,D
-14.96209,127.1653,333.67,0.45,0.39,2026-05-03,0525,N,nominal,2.0NRT,304.7,1.35,D
-14.986,127.02377,333.73,0.44,0.39,2026-05-03,0525,N,low,2.0NRT,305.61,6.63,D
-14.9867,127.01965,335.06,0.44,0.39,2026-05-03,0525,N,low,2.0NRT,305.54,3.78,D
-14.96913,127.10194,337.27,0.45,0.39,2026-05-03,0525,N,nominal,2.0NRT,299.54,5.5,D
-14.98243,127.0232,330.91,0.44,0.39,2026-05-03,0525,N,low,2.0NRT,303.37,3.27,D
-14.98313,127.01907,343.43,0.44,0.39,2026-05-03,0525,N,nominal,2.0NRT,306.63,6.32,D
-14.98382,127.01499,342.13,0.44,0.39,2026-05-03,0525,N,nominal,2.0NRT,303.09,6.32,D
-14.96697,127.09298,341.27,0.45,0.39,2026-05-03,0525,N,nominal,2.0NRT,304.13,3.86,D
-14.98428,127.01992,346.56,0.44,0.39,2026-05-03,0525,N,nominal,2.0NRT,306.05,8.06,D
-14.98495,127.01581,343.36,0.44,0.39,2026-05-03,0525,N,nominal,2.0NRT,302.09,8.06,D
-14.96165,127.13557,331.78,0.45,0.39,2026-05-03,0525,N,low,2.0NRT,304.87,2.95,D
-14.96234,127.13138,332.61,0.45,0.39,2026-05-03,0525,N,low,2.0NRT,306.32,2.95,D
-14.96303,127.12718,333.78,0.45,0.39,2026-05-03,0525,N,low,2.0NRT,306.54,3,D
-14.96712,127.10231,344.58,0.45,0.39,2026-05-03,0525,N,nominal,2.0NRT,304.97,5.44,D
-14.96849,127.09393,339.98,0.45,0.39,2026-05-03,0525,N,nominal,2.0NRT,304.33,3.55,D
-14.98206,127.01112,331.93,0.44,0.39,2026-05-03,0525,N,low,2.0NRT,305.01,3.1,D
-14.94619,127.18481,340.14,0.45,0.39,2026-05-03,0525,N,nominal,2.0NRT,308.27,7.3,D
-14.94191,127.18834,334.1,0.45,0.39,2026-05-03,0525,N,nominal,2.0NRT,303.05,2.79,D
-14.9426,127.18416,349.51,0.45,0.39,2026-05-03,0525,N,nominal,2.0NRT,307.36,24.11,D
-14.94329,127.17998,347.98,0.45,0.39,2026-05-03,0525,N,nominal,2.0NRT,320.83,24.11,D
-14.97003,127.01753,339.09,0.44,0.39,2026-05-03,0525,N,nominal,2.0NRT,302.84,4.33,D
-14.93902,127.1835,333.58,0.45,0.39,2026-05-03,0525,N,nominal,2.0NRT,302.81,24.11,D
-14.93971,127.17931,344.97,0.45,0.39,2026-05-03,0525,N,nominal,2.0NRT,303.87,24.11,D
-14.9404,127.17515,338.03,0.45,0.39,2026-05-03,0525,N,nominal,2.0NRT,304.88,21.56,D
-14.95213,127.10401,348.68,0.45,0.39,2026-05-03,0525,N,nominal,2.0NRT,306.01,12.51,D
-14.94856,127.10339,350.43,0.45,0.39,2026-05-03,0525,N,nominal,2.0NRT,307.4,14.02,D
-15.21188,125.4726,343.78,0.4,0.37,2026-05-03,0525,N,nominal,2.0NRT,298.93,3.77,D
-15.2085,125.47204,332.22,0.4,0.37,2026-05-03,0525,N,nominal,2.0NRT,300.34,3.77,D
-15.20585,125.44496,335.3,0.4,0.37,2026-05-03,0525,N,nominal,2.0NRT,301.78,4.56,D
-15.20306,125.44071,340.42,0.39,0.37,2026-05-03,0525,N,nominal,2.0NRT,302.41,5.29,D
-15.20365,125.43701,345.39,0.39,0.37,2026-05-03,0525,N,nominal,2.0NRT,302.52,5.29,D
-15.20423,125.43336,335.35,0.39,0.37,2026-05-03,0525,N,nominal,2.0NRT,301.25,2.91,D
-15.02486,126.52788,335.77,0.42,0.38,2026-05-03,0525,N,nominal,2.0NRT,303.03,7.31,D
-15.0268,126.51599,331.13,0.42,0.38,2026-05-03,0525,N,low,2.0NRT,303.65,4.16,D
-15.1991,125.44387,338.38,0.4,0.37,2026-05-03,0525,N,nominal,2.0NRT,302.2,4.84,D
-15.02202,126.52332,355.13,0.42,0.38,2026-05-03,0525,N,nominal,2.0NRT,307.87,16.08,D
-15.02267,126.51935,355.12,0.42,0.38,2026-05-03,0525,N,nominal,2.0NRT,305.8,8.85,D
-15.02331,126.5154,336.86,0.42,0.38,2026-05-03,0525,N,nominal,2.0NRT,304.39,8.85,D
-15.03039,126.47206,336.59,0.42,0.38,2026-05-03,0525,N,nominal,2.0NRT,303.53,6.49,D
-15.03168,126.46416,351.3,0.42,0.38,2026-05-03,0525,N,nominal,2.0NRT,304.64,13.95,D
-14.92492,127.09068,343.52,0.45,0.39,2026-05-03,0525,N,nominal,2.0NRT,306.34,7.39,D
-15.02536,126.45901,332.96,0.42,0.38,2026-05-03,0525,N,low,2.0NRT,305.01,4.57,D
-15.026,126.45508,351.19,0.42,0.38,2026-05-03,0525,N,nominal,2.0NRT,309.31,38.05,D
-14.91778,127.08944,332.23,0.45,0.39,2026-05-03,0525,N,low,2.0NRT,305.34,5.21,D
-15.02317,126.45055,339.5,0.42,0.38,2026-05-03,0525,N,nominal,2.0NRT,305.06,38.05,D
-14.92461,127.02633,349.68,0.44,0.39,2026-05-03,0525,N,nominal,2.0NRT,306.26,9.62,D
-14.91064,127.08818,338.94,0.45,0.39,2026-05-03,0525,N,nominal,2.0NRT,307.16,7.21,D
-14.91133,127.08405,338.62,0.45,0.39,2026-05-03,0525,N,nominal,2.0NRT,307.45,5.78,D
-14.90637,127.09168,335.13,0.45,0.39,2026-05-03,0525,N,low,2.0NRT,306.8,8.14,D
-14.90706,127.08755,340.38,0.45,0.39,2026-05-03,0525,N,nominal,2.0NRT,306.94,8.14,D
-14.90775,127.08341,342.23,0.45,0.39,2026-05-03,0525,N,nominal,2.0NRT,306.76,8.34,D
-15.01274,126.44878,331.22,0.42,0.38,2026-05-03,0525,N,low,2.0NRT,302.6,2.77,D
-14.88526,127.19582,332.57,0.45,0.39,2026-05-03,0525,N,low,2.0NRT,306.42,4.06,D
-14.88668,127.18732,330.4,0.45,0.39,2026-05-03,0525,N,low,2.0NRT,305.31,2.55,D
-14.90142,127.09931,349.95,0.45,0.39,2026-05-03,0525,N,nominal,2.0NRT,305.69,9.22,D
-14.9028,127.09105,349.51,0.45,0.39,2026-05-03,0525,N,nominal,2.0NRT,307.09,8.14,D
-14.90349,127.08691,339.67,0.45,0.39,2026-05-03,0525,N,nominal,2.0NRT,304.32,8.14,D
-15.00926,126.44818,335.8,0.42,0.38,2026-05-03,0525,N,nominal,2.0NRT,302.61,2.77,D
-14.88309,127.18671,334.33,0.45,0.39,2026-05-03,0525,N,low,2.0NRT,306.33,4.51,D
-14.89645,127.10701,341.8,0.45,0.39,2026-05-03,0525,N,nominal,2.0NRT,303.82,4.07,D
-14.91173,127.01567,333.35,0.44,0.39,2026-05-03,0525,N,nominal,2.0NRT,302.42,4.39,D
-15.00643,126.44366,335.54,0.42,0.38,2026-05-03,0525,N,nominal,2.0NRT,304.43,4.08,D
-14.89288,127.10639,336.4,0.45,0.39,2026-05-03,0525,N,nominal,2.0NRT,303.45,4.07,D
-14.90401,127.03991,338.01,0.45,0.39,2026-05-03,0525,N,nominal,2.0NRT,304.73,5.66,D
-15.00553,126.42738,340.46,0.42,0.38,2026-05-03,0525,N,nominal,2.0NRT,306.77,3.4,D
-15.00617,126.42344,331.27,0.42,0.38,2026-05-03,0525,N,low,2.0NRT,304.57,3.4,D
-15.00205,126.42679,333.43,0.42,0.38,2026-05-03,0525,N,low,2.0NRT,306.5,6.09,D
-14.88007,127.13879,339.98,0.45,0.39,2026-05-03,0525,N,nominal,2.0NRT,307.91,3.87,D
-14.88078,127.13457,341.37,0.45,0.39,2026-05-03,0525,N,nominal,2.0NRT,307.9,3.87,D
-14.88148,127.13036,339.67,0.45,0.39,2026-05-03,0525,N,nominal,2.0NRT,305.24,3.33,D
-14.90105,127.0138,331.93,0.44,0.39,2026-05-03,0525,N,nominal,2.0NRT,298.84,5.04,D
-14.99793,126.43012,346.41,0.42,0.38,2026-05-03,0525,N,nominal,2.0NRT,302.63,5.57,D
-14.87649,127.13815,342.22,0.45,0.39,2026-05-03,0525,N,nominal,2.0NRT,306.5,7.12,D
-14.9677,126.59165,338.17,0.43,0.38,2026-05-03,0525,N,nominal,2.0NRT,303.11,3.49,D
-14.96071,126.59042,342.83,0.43,0.38,2026-05-03,0525,N,nominal,2.0NRT,303.18,6.24,D
-14.98037,126.47161,335.09,0.42,0.38,2026-05-03,0525,N,nominal,2.0NRT,304.52,3.89,D
-14.98686,126.43227,337.5,0.42,0.38,2026-05-03,0525,N,nominal,2.0NRT,305.45,3.49,D
-13.72885,133.28288,332.21,0.36,0.58,2026-05-03,0525,N,nominal,2.0NRT,294.24,3.68,D
-14.88611,127.01544,340.75,0.44,0.39,2026-05-03,0525,N,nominal,2.0NRT,303.1,5.35,D
-14.88821,127.00298,336.9,0.44,0.39,2026-05-03,0525,N,nominal,2.0NRT,302.46,2.22,D
-14.97689,126.47101,338.37,0.42,0.38,2026-05-03,0525,N,nominal,2.0NRT,301.77,3.89,D
-14.88185,127.01898,339.2,0.44,0.39,2026-05-03,0525,N,nominal,2.0NRT,302.98,5.25,D
-14.88395,127.00651,343.68,0.44,0.39,2026-05-03,0525,N,nominal,2.0NRT,306.23,14.74,D
-14.88534,126.99823,353.5,0.44,0.39,2026-05-03,0525,N,nominal,2.0NRT,310.6,47.97,D
-14.88109,127.00174,343.1,0.44,0.39,2026-05-03,0525,N,nominal,2.0NRT,302.75,47.97,D
-14.88178,126.99761,356.39,0.44,0.39,2026-05-03,0525,N,nominal,2.0NRT,306.03,47.97,D
-14.88248,126.9935,331.23,0.44,0.39,2026-05-03,0525,N,low,2.0NRT,301.46,5.06,D
-14.96601,126.49344,333.21,0.42,0.38,2026-05-03,0525,N,nominal,2.0NRT,302.49,4.04,D
-14.96667,126.48948,341.47,0.42,0.38,2026-05-03,0525,N,nominal,2.0NRT,303.25,4.04,D
-14.96732,126.48554,332.47,0.42,0.38,2026-05-03,0525,N,low,2.0NRT,303.43,3.23,D
-14.97513,126.43835,335.21,0.42,0.38,2026-05-03,0525,N,nominal,2.0NRT,304.19,4.59,D
-14.85786,127.11751,342.28,0.45,0.39,2026-05-03,0525,N,nominal,2.0NRT,308.98,5.35,D
-14.97165,126.43777,331.77,0.42,0.38,2026-05-03,0525,N,low,2.0NRT,304.68,2.61,D
-14.85427,127.11691,343.96,0.45,0.39,2026-05-03,0525,N,nominal,2.0NRT,308.12,5.35,D
-14.87605,126.98816,331.65,0.44,0.39,2026-05-03,0525,N,low,2.0NRT,304.64,4.56,D
-14.87674,126.98409,345.31,0.44,0.39,2026-05-03,0525,N,nominal,2.0NRT,304.66,5.58,D
-14.87742,126.98002,346.34,0.44,0.39,2026-05-03,0525,N,nominal,2.0NRT,303.76,5.58,D
-14.96557,126.4529,352.09,0.42,0.38,2026-05-03,0525,N,nominal,2.0NRT,305.37,5.49,D
-14.96622,126.44894,346.78,0.42,0.38,2026-05-03,0525,N,nominal,2.0NRT,303.81,5.49,D
-14.96892,126.44936,345.48,0.42,0.38,2026-05-03,0525,N,nominal,2.0NRT,303.71,6.08,D
-14.85653,127.11771,344.1,0.45,0.39,2026-05-03,0525,N,nominal,2.0NRT,308.19,5.31,D
-14.85722,127.11348,333.13,0.45,0.39,2026-05-03,0525,N,low,2.0NRT,306.84,5.31,D
-14.87833,126.98465,341.04,0.44,0.39,2026-05-03,0525,N,nominal,2.0NRT,303.55,4.19,D
-14.9648,126.45271,346.21,0.42,0.38,2026-05-03,0525,N,nominal,2.0NRT,303.84,6.08,D
-14.87545,126.97993,350.45,0.44,0.39,2026-05-03,0525,N,nominal,2.0NRT,305.14,10.61,D
-14.8569,127.07067,333.19,0.45,0.39,2026-05-03,0525,N,nominal,2.0NRT,305.11,3.4,D
-14.84579,127.11583,343.45,0.45,0.39,2026-05-03,0525,N,nominal,2.0NRT,308.33,3.98,D
-14.84648,127.1116,334.14,0.45,0.39,2026-05-03,0525,N,low,2.0NRT,306.46,3.98,D
-14.8415,127.11946,332.78,0.45,0.39,2026-05-03,0525,N,low,2.0NRT,306.28,4.09,D
-14.8422,127.11522,343.09,0.45,0.39,2026-05-03,0525,N,nominal,2.0NRT,306.94,3.98,D
-14.8429,127.11099,342.35,0.45,0.39,2026-05-03,0525,N,nominal,2.0NRT,306.65,3.98,D
-14.84359,127.10681,337.07,0.45,0.39,2026-05-03,0525,N,nominal,2.0NRT,305.71,3.52,D
-14.97242,126.31716,333.77,0.42,0.38,2026-05-03,0525,N,nominal,2.0NRT,302.88,4.42,D
-13.73158,133.31316,340.22,0.37,0.58,2026-05-03,0525,N,nominal,2.0NRT,294.67,1.74,D
-14.83792,127.11884,337.26,0.45,0.39,2026-05-03,0525,N,nominal,2.0NRT,307.23,5.07,D
-14.84329,127.064,336.7,0.45,0.39,2026-05-03,0525,N,nominal,2.0NRT,304.02,4.27,D
-14.84398,127.05987,341.51,0.45,0.39,2026-05-03,0525,N,nominal,2.0NRT,304.61,4.27,D
-14.84466,127.05573,344.91,0.45,0.39,2026-05-03,0525,N,nominal,2.0NRT,304.52,6.55,D
-13.7288,133.27011,344.78,0.36,0.58,2026-05-03,0525,N,nominal,2.0NRT,296.9,4.87,D
-14.82718,127.11699,331.77,0.45,0.39,2026-05-03,0525,N,low,2.0NRT,306.49,5.48,D
-14.82787,127.11279,336.77,0.45,0.39,2026-05-03,0525,N,nominal,2.0NRT,305.6,8.35,D
-14.83958,127.042,352.03,0.45,0.39,2026-05-03,0525,N,nominal,2.0NRT,306.75,15.5,D
-14.84027,127.03784,340.28,0.45,0.39,2026-05-03,0525,N,nominal,2.0NRT,302.29,4.43,D
-14.84096,127.03368,338.32,0.45,0.39,2026-05-03,0525,N,nominal,2.0NRT,302.34,4.43,D
-14.82359,127.11639,332.93,0.45,0.39,2026-05-03,0525,N,low,2.0NRT,305.7,2.89,D
-14.91153,126.582,335.89,0.43,0.38,2026-05-03,0525,N,nominal,2.0NRT,302.49,3.61,D
-14.91219,126.57798,334.76,0.43,0.38,2026-05-03,0525,N,nominal,2.0NRT,303.44,3.61,D
-14.82,127.11579,333.89,0.45,0.39,2026-05-03,0525,N,low,2.0NRT,305.77,2.89,D
-14.88235,126.73812,334.32,0.43,0.38,2026-05-03,0525,N,nominal,2.0NRT,299.23,2.73,D
-14.81642,127.11517,332.77,0.45,0.39,2026-05-03,0525,N,low,2.0NRT,305.54,4.19,D
-14.89752,126.57969,339.68,0.43,0.38,2026-05-03,0525,N,nominal,2.0NRT,301.56,3.04,D
-14.90472,126.53573,333.32,0.43,0.38,2026-05-03,0525,N,low,2.0NRT,303.5,4.65,D
-14.89402,126.5791,338.17,0.43,0.38,2026-05-03,0525,N,nominal,2.0NRT,303.06,3.04,D
-14.90318,126.52325,336.42,0.43,0.38,2026-05-03,0525,N,nominal,2.0NRT,303.29,3.71,D
-14.80349,127.1043,337.14,0.45,0.39,2026-05-03,0525,N,nominal,2.0NRT,305.4,8.93,D
-14.89969,126.52264,346.76,0.43,0.38,2026-05-03,0525,N,nominal,2.0NRT,307.7,13.79,D
-14.8975,126.51413,343.97,0.43,0.38,2026-05-03,0525,N,nominal,2.0NRT,304.29,8.38,D
-14.89117,126.50898,334.28,0.43,0.38,2026-05-03,0525,N,nominal,2.0NRT,303.79,4.18,D
-14.88768,126.50838,333,0.43,0.38,2026-05-03,0525,N,low,2.0NRT,303.14,4.13,D
-14.88484,126.50383,334.09,0.42,0.38,2026-05-03,0525,N,low,2.0NRT,304.77,3.83,D
-14.882,126.4993,336.37,0.42,0.38,2026-05-03,0525,N,nominal,2.0NRT,306.13,4.23,D
-14.88395,126.48748,340.8,0.42,0.38,2026-05-03,0525,N,nominal,2.0NRT,307.43,4.94,D
-14.77329,127.06483,348.31,0.45,0.39,2026-05-03,0525,N,nominal,2.0NRT,307.2,10.95,D
-14.774,127.06062,334.4,0.45,0.39,2026-05-03,0525,N,nominal,2.0NRT,303.24,5.33,D
-14.98132,125.80385,343.96,0.4,0.37,2026-05-03,0525,N,nominal,2.0NRT,303.41,4.05,D
-14.76971,127.06422,335.23,0.45,0.39,2026-05-03,0525,N,nominal,2.0NRT,305.12,10.95,D
-14.77042,127.06001,348.25,0.45,0.39,2026-05-03,0525,N,nominal,2.0NRT,304.7,5.33,D
-14.7725,127.04768,332.68,0.45,0.39,2026-05-03,0525,N,low,2.0NRT,304.9,2.57,D
-14.76685,127.0594,335.46,0.45,0.39,2026-05-03,0525,N,nominal,2.0NRT,304.55,4.32,D
-14.76824,127.05112,336.08,0.45,0.39,2026-05-03,0525,N,low,2.0NRT,306.21,3.04,D
-14.76892,127.04709,334.19,0.45,0.39,2026-05-03,0525,N,low,2.0NRT,305.97,3.04,D
-14.77245,127.02615,331.6,0.45,0.39,2026-05-03,0525,N,low,2.0NRT,302.72,2.01,D
-14.7696,127.0213,331.7,0.45,0.39,2026-05-03,0525,N,low,2.0NRT,302.85,2.01,D
-14.83337,126.59752,338.41,0.43,0.38,2026-05-03,0525,N,nominal,2.0NRT,304.34,4.86,D
-14.76413,126.97517,331.61,0.44,0.39,2026-05-03,0525,N,low,2.0NRT,302.26,2.25,D
-14.76937,126.92088,337.22,0.44,0.39,2026-05-03,0525,N,nominal,2.0NRT,303.2,3.64,D
-14.82228,126.59669,332.97,0.43,0.38,2026-05-03,0525,N,low,2.0NRT,306.43,2.82,D
-14.76582,126.92026,337.55,0.44,0.39,2026-05-03,0525,N,nominal,2.0NRT,302.84,3.64,D
-14.76649,126.91613,338.46,0.44,0.38,2026-05-03,0525,N,nominal,2.0NRT,305.28,5.03,D
-14.76717,126.912,335.96,0.44,0.38,2026-05-03,0525,N,nominal,2.0NRT,304.87,5.03,D
-14.76785,126.90787,348.31,0.44,0.38,2026-05-03,0525,N,nominal,2.0NRT,306.01,6.69,D
-14.81878,126.59609,334.89,0.43,0.38,2026-05-03,0525,N,nominal,2.0NRT,303.46,2.82,D
-14.76431,126.9072,337.13,0.44,0.38,2026-05-03,0525,N,nominal,2.0NRT,302.58,3.16,D
-14.76886,126.85725,350.8,0.44,0.38,2026-05-03,0525,N,nominal,2.0NRT,305.08,9.76,D
-14.79099,126.61183,330.69,0.43,0.38,2026-05-03,0525,N,low,2.0NRT,304.54,3.12,D
-14.73329,126.9401,349.93,0.44,0.39,2026-05-03,0525,N,nominal,2.0NRT,308.55,11.21,D
-14.73398,126.93598,337.08,0.44,0.39,2026-05-03,0525,N,nominal,2.0NRT,303.35,3.49,D
-14.80251,126.5194,338,0.43,0.38,2026-05-03,0525,N,nominal,2.0NRT,305.17,4.28,D
-14.7311,126.93124,367,0.44,0.39,2026-05-03,0525,N,high,2.0NRT,307.27,7.56,D
-14.72974,126.93949,338.87,0.44,0.39,2026-05-03,0525,N,nominal,2.0NRT,305.81,4.76,D
-14.73042,126.93536,337.34,0.44,0.39,2026-05-03,0525,N,nominal,2.0NRT,305.79,7.56,D
-14.73179,126.92712,353.6,0.44,0.39,2026-05-03,0525,N,nominal,2.0NRT,304.31,8.04,D
-14.74525,126.82368,335.54,0.44,0.38,2026-05-03,0525,N,nominal,2.0NRT,304.7,4.02,D
-14.72605,126.91759,334.44,0.44,0.39,2026-05-03,0525,N,low,2.0NRT,306.11,3.91,D
-14.74172,126.82306,336.21,0.44,0.38,2026-05-03,0525,N,nominal,2.0NRT,304.75,4.61,D
-14.7225,126.91699,341.4,0.44,0.39,2026-05-03,0525,N,nominal,2.0NRT,306.81,3.91,D
-14.72387,126.90873,336.79,0.44,0.38,2026-05-03,0525,N,nominal,2.0NRT,304.54,3.29,D
-14.7375,126.82652,337.52,0.44,0.38,2026-05-03,0525,N,nominal,2.0NRT,306.58,4.61,D
-14.71894,126.91637,330.81,0.44,0.39,2026-05-03,0525,N,low,2.0NRT,305.17,3.71,D
-14.71963,126.91225,336.38,0.44,0.39,2026-05-03,0525,N,low,2.0NRT,306.45,3.71,D
-14.73397,126.8259,335.16,0.44,0.38,2026-05-03,0525,N,low,2.0NRT,305.21,3.84,D
-13.58198,133.15672,345.27,0.36,0.57,2026-05-03,0525,N,nominal,2.0NRT,297.32,3.82,D
-13.58265,133.15329,342.35,0.36,0.57,2026-05-03,0525,N,nominal,2.0NRT,295.48,3.82,D
-14.71677,126.90747,336.96,0.44,0.38,2026-05-03,0525,N,nominal,2.0NRT,306.55,2.91,D
-14.69183,127.035,341.26,0.45,0.39,2026-05-03,0525,N,nominal,2.0NRT,308.01,4.24,D
-14.6997,126.90022,333.29,0.44,0.38,2026-05-03,0525,N,low,2.0NRT,304.78,2.24,D
-14.69754,126.89132,337.63,0.44,0.38,2026-05-03,0525,N,nominal,2.0NRT,307,4.71,D
-14.69813,126.86598,349.11,0.44,0.38,2026-05-03,0525,N,nominal,2.0NRT,308.01,25.52,D
-14.69881,126.86192,334.43,0.44,0.38,2026-05-03,0525,N,nominal,2.0NRT,302.86,6.96,D
-14.68828,126.88121,338.94,0.44,0.38,2026-05-03,0525,N,nominal,2.0NRT,306.44,4.05,D
-14.7897,126.27065,330.1,0.42,0.38,2026-05-03,0525,N,nominal,2.0NRT,296.66,2.57,D
-14.68473,126.88058,333.6,0.44,0.38,2026-05-03,0525,N,low,2.0NRT,305.16,4.05,D
-14.78177,126.29722,352.68,0.42,0.38,2026-05-03,0525,N,nominal,2.0NRT,304.82,7.13,D
-14.78242,126.29331,339.73,0.42,0.38,2026-05-03,0525,N,nominal,2.0NRT,300.94,3.69,D
-14.78497,126.27779,342.09,0.42,0.38,2026-05-03,0525,N,nominal,2.0NRT,300.64,5.12,D
-14.7783,126.29665,345.42,0.42,0.38,2026-05-03,0525,N,nominal,2.0NRT,305.86,3.8,D
-14.77895,126.29274,352.42,0.42,0.38,2026-05-03,0525,N,nominal,2.0NRT,310.49,15.42,D
-14.77959,126.28883,356.4,0.42,0.38,2026-05-03,0525,N,nominal,2.0NRT,308.61,15.42,D
-14.78023,126.28493,351.01,0.42,0.38,2026-05-03,0525,N,nominal,2.0NRT,305.72,9.12,D
-14.75218,126.43308,341.07,0.42,0.38,2026-05-03,0525,N,nominal,2.0NRT,302.41,5.31,D
-14.77484,126.29607,330.54,0.42,0.38,2026-05-03,0525,N,nominal,2.0NRT,301.91,3.8,D
-14.77548,126.29217,343.83,0.42,0.38,2026-05-03,0525,N,nominal,2.0NRT,305.03,15.42,D
-14.77613,126.28826,342.92,0.42,0.38,2026-05-03,0525,N,nominal,2.0NRT,307.03,15.42,D
-14.77677,126.28436,347.57,0.42,0.38,2026-05-03,0525,N,nominal,2.0NRT,307.53,9.12,D
-14.77711,126.2963,344.75,0.42,0.38,2026-05-03,0525,N,nominal,2.0NRT,304.14,4.1,D
-14.77773,126.2924,341.4,0.42,0.38,2026-05-03,0525,N,nominal,2.0NRT,306.44,8.83,D
-14.77836,126.28848,356.62,0.42,0.38,2026-05-03,0525,N,nominal,2.0NRT,309.34,8.83,D
-14.77899,126.2846,352.69,0.42,0.38,2026-05-03,0525,N,nominal,2.0NRT,308.07,7.37,D
-14.75152,126.43289,346.75,0.42,0.38,2026-05-03,0525,N,nominal,2.0NRT,302.07,4.39,D
-14.75216,126.42895,338.88,0.42,0.38,2026-05-03,0525,N,nominal,2.0NRT,303.03,4.39,D
-14.77427,126.29181,346.44,0.42,0.38,2026-05-03,0525,N,nominal,2.0NRT,303.26,8.83,D
-14.77489,126.28792,339.16,0.42,0.38,2026-05-03,0525,N,nominal,2.0NRT,305.24,8.83,D
-14.77552,126.28401,337.02,0.42,0.38,2026-05-03,0525,N,nominal,2.0NRT,304.84,7.37,D
-14.75912,126.34163,342.54,0.42,0.38,2026-05-03,0525,N,nominal,2.0NRT,303.88,5.21,D
-14.75975,126.33771,347.73,0.42,0.38,2026-05-03,0525,N,nominal,2.0NRT,306.28,8.95,D
-14.75628,126.3371,344.46,0.42,0.38,2026-05-03,0525,N,nominal,2.0NRT,301.33,4.61,D
-14.74901,126.35998,330.76,0.42,0.38,2026-05-03,0525,N,nominal,2.0NRT,300.22,5.24,D
-14.74964,126.35608,352.2,0.42,0.38,2026-05-03,0525,N,nominal,2.0NRT,301.13,5.24,D
-14.60161,127.14892,330.95,0.45,0.39,2026-05-03,0525,N,low,2.0NRT,302.97,6.5,D
-14.59802,127.14826,347.23,0.45,0.39,2026-05-03,0525,N,nominal,2.0NRT,305.1,6.5,D
-14.62135,126.96326,341.21,0.45,0.39,2026-05-03,0525,N,nominal,2.0NRT,304.38,5.19,D
-14.61779,126.96259,335.21,0.45,0.39,2026-05-03,0525,N,nominal,2.0NRT,303.27,4.8,D
-14.61917,126.9543,348.87,0.44,0.39,2026-05-03,0525,N,nominal,2.0NRT,302.98,10.42,D
-14.71746,126.33447,334.98,0.42,0.38,2026-05-03,0525,N,nominal,2.0NRT,302.63,3.64,D
-14.01255,130.36748,332.88,0.47,0.47,2026-05-03,0525,N,nominal,2.0NRT,301.01,8.63,D
-14.01334,130.36314,348.36,0.47,0.47,2026-05-03,0525,N,nominal,2.0NRT,299.95,8.4,D
-14.58493,127.09376,332.49,0.45,0.39,2026-05-03,0525,N,nominal,2.0NRT,294.7,7.7,D
-14.00657,130.37538,341.08,0.47,0.47,2026-05-03,0525,N,nominal,2.0NRT,299.53,4.99,D
-14.00737,130.37103,331.68,0.47,0.47,2026-05-03,0525,N,nominal,2.0NRT,299.32,5.28,D
-14.56433,127.17262,330.75,0.46,0.39,2026-05-03,0525,N,low,2.0NRT,303.25,6.2,D
-14.60137,126.95109,331.28,0.44,0.39,2026-05-03,0525,N,low,2.0NRT,305.31,7.27,D
-13.99138,130.40865,349.22,0.47,0.48,2026-05-03,0525,N,nominal,2.0NRT,300.7,12.96,D
-14.55144,127.22727,338.85,0.46,0.39,2026-05-03,0525,N,nominal,2.0NRT,301.43,8.32,D
-14.58037,127.03284,331.7,0.45,0.39,2026-05-03,0525,N,low,2.0NRT,301.71,3.31,D
-14.57679,127.03217,334.99,0.45,0.39,2026-05-03,0525,N,nominal,2.0NRT,302.35,6.14,D
-14.6867,126.36964,349.06,0.42,0.38,2026-05-03,0525,N,nominal,2.0NRT,305.3,8.12,D
-14.70469,126.25996,337.63,0.42,0.38,2026-05-03,0525,N,nominal,2.0NRT,301.81,5.28,D
-14.54417,127.18224,335.38,0.46,0.39,2026-05-03,0525,N,nominal,2.0NRT,304.07,6.16,D
-14.54703,127.1653,340.15,0.45,0.39,2026-05-03,0525,N,nominal,2.0NRT,301.82,7.09,D
-14.55415,127.12303,337.25,0.45,0.39,2026-05-03,0525,N,nominal,2.0NRT,299.99,8.57,D
-14.55698,127.10625,347.71,0.45,0.39,2026-05-03,0525,N,nominal,2.0NRT,299.19,6.44,D
-14.56965,127.03089,337.19,0.45,0.39,2026-05-03,0525,N,nominal,2.0NRT,305.64,6.4,D
-14.56031,127.02073,334.14,0.45,0.39,2026-05-03,0525,N,nominal,2.0NRT,302.18,5.81,D
-13.96127,130.40367,334.85,0.47,0.48,2026-05-03,0525,N,nominal,2.0NRT,300.65,7.34,D
-14.72208,125.85326,351.86,0.41,0.37,2026-05-03,0525,N,nominal,2.0NRT,302.58,4.62,D
-14.64131,126.33368,333.56,0.42,0.38,2026-05-03,0525,N,nominal,2.0NRT,304.18,2.48,D
-14.64195,126.32976,331.07,0.42,0.38,2026-05-03,0525,N,low,2.0NRT,305.72,2.48,D
-14.71867,125.85263,344.15,0.41,0.37,2026-05-03,0525,N,nominal,2.0NRT,304.76,8.94,D
-14.52013,127.0532,338.67,0.45,0.39,2026-05-03,0525,N,nominal,2.0NRT,303.57,6.03,D
-14.63848,126.32919,341.01,0.42,0.38,2026-05-03,0525,N,nominal,2.0NRT,304.11,2.48,D
-14.71587,125.84819,337.23,0.41,0.37,2026-05-03,0525,N,nominal,2.0NRT,303.75,3.11,D
-14.71648,125.84438,336.46,0.41,0.37,2026-05-03,0525,N,nominal,2.0NRT,302.59,3.11,D
-14.52,127.03165,342.44,0.45,0.39,2026-05-03,0525,N,nominal,2.0NRT,303.21,5.76,D
-14.71246,125.84757,338.63,0.41,0.37,2026-05-03,0525,N,nominal,2.0NRT,301.53,2.04,D
-13.94538,130.31525,348.73,0.46,0.47,2026-05-03,0525,N,nominal,2.0NRT,295.65,11.53,D
-13.35987,131.743,341.62,0.59,0.53,2026-05-03,0525,N,nominal,2.0NRT,295.3,11.01,D
-13.15807,132.45244,330.22,0.33,0.55,2026-05-03,0525,N,nominal,2.0NRT,296.47,1.61,D
-13.15472,132.44237,344.17,0.33,0.55,2026-05-03,0525,N,nominal,2.0NRT,294.95,5.49,D
-13.15228,132.4429,340.65,0.33,0.55,2026-05-03,0525,N,nominal,2.0NRT,295.95,5.44,D
-13.15285,132.43983,338.36,0.33,0.55,2026-05-03,0525,N,nominal,2.0NRT,295.95,3.25,D
-13.31056,131.16185,348.09,0.54,0.51,2026-05-03,0525,N,nominal,2.0NRT,291.35,14.35,D
-13.30588,131.16098,348.9,0.54,0.51,2026-05-03,0525,N,nominal,2.0NRT,294.7,14.35,D
-13.30121,131.16011,341.57,0.54,0.51,2026-05-03,0525,N,nominal,2.0NRT,293.68,18.84,D
-13.30215,131.15511,334.82,0.54,0.51,2026-05-03,0525,N,nominal,2.0NRT,293.83,18.84,D
-12.97632,130.94264,335.72,0.53,0.5,2026-05-03,0525,N,nominal,2.0NRT,294.39,6.88,D
-12.92803,130.91838,330.49,0.53,0.5,2026-05-03,0525,N,nominal,2.0NRT,295.21,8.2,D
-12.3252,133.10764,349.23,0.38,0.58,2026-05-03,0525,N,nominal,2.0NRT,295.11,7.67,D
-12.32587,133.10411,341.9,0.38,0.58,2026-05-03,0525,N,nominal,2.0NRT,295.48,6.44,D
-12.32787,133.0937,340.57,0.38,0.58,2026-05-03,0525,N,nominal,2.0NRT,294.43,7.57,D
-12.32248,133.09261,367,0.38,0.58,2026-05-03,0525,N,high,2.0NRT,296.22,7.57,D
-12.32115,133.09953,336.51,0.38,0.58,2026-05-03,0525,N,nominal,2.0NRT,295.13,6.44,D
-12.32182,133.09605,344.37,0.38,0.58,2026-05-03,0525,N,nominal,2.0NRT,295.51,7.57,D
-12.32314,133.08916,348.72,0.38,0.58,2026-05-03,0525,N,nominal,2.0NRT,295.36,9.11,D
-12.70704,130.81471,335.5,0.52,0.5,2026-05-03,0525,N,nominal,2.0NRT,292.58,6.38,D
-12.40272,130.99503,329.94,0.55,0.51,2026-05-03,0525,N,nominal,2.0NRT,295.4,5.33,D
-12.65961,124.54634,331.45,0.39,0.36,2026-05-03,0525,N,nominal,2.0NRT,297.15,2.48,D
-11.49485,130.53221,353.02,0.53,0.5,2026-05-03,0525,N,nominal,2.0NRT,298.84,10.43,D
-11.49573,130.52734,336.2,0.53,0.5,2026-05-03,0525,N,nominal,2.0NRT,298.84,10.43,D
-11.49021,130.5314,337.58,0.53,0.5,2026-05-03,0525,N,nominal,2.0NRT,298.75,13.09,D
-32.61178,116.99768,355.14,0.5,0.66,2026-05-03,0701,N,nominal,2.0NRT,286.25,9.59,D
-32.59975,116.99361,344.64,0.5,0.66,2026-05-03,0701,N,nominal,2.0NRT,287.43,7.39,D
-32.6128,116.99908,356.41,0.5,0.66,2026-05-03,0701,N,nominal,2.0NRT,289.33,8.08,D
-32.5993,117.00044,336.36,0.5,0.66,2026-05-03,0701,N,nominal,2.0NRT,287.8,5.57,D
-32.60079,116.99496,348.43,0.5,0.66,2026-05-03,0701,N,nominal,2.0NRT,286.58,5.57,D
-32.34128,117.24573,367,0.52,0.67,2026-05-03,0701,N,high,2.0NRT,298.84,82.17,D
-32.34286,117.24006,290.41,0.52,0.67,2026-05-03,0701,N,low,2.0NRT,307.17,82.17,D
-32.34568,117.24294,349.78,0.52,0.67,2026-05-03,0701,N,nominal,2.0NRT,311.84,84.99,D
-32.33955,117.24087,353.27,0.52,0.67,2026-05-03,0701,N,nominal,2.0NRT,296.25,84.99,D
-32.34108,117.23524,337.73,0.52,0.67,2026-05-03,0701,N,nominal,2.0NRT,286.79,35.87,D
-32.33085,117.0775,367,0.51,0.66,2026-05-03,0701,N,high,2.0NRT,290.34,8.62,D
-32.58031,115.98718,336.38,0.44,0.63,2026-05-03,0701,N,nominal,2.0NRT,290.58,4.93,D
-32.37634,116.67176,347.04,0.49,0.65,2026-05-03,0701,N,nominal,2.0NRT,295.4,8.89,D
-32.37689,116.66792,354.39,0.49,0.65,2026-05-03,0701,N,nominal,2.0NRT,295.85,6.41,D
-32.07781,116.30797,341.27,0.47,0.64,2026-05-03,0701,N,nominal,2.0NRT,289.64,3.96,D
-31.84931,116.97793,367,0.52,0.67,2026-05-03,0701,N,high,2.0NRT,291.65,8.52,D
-31.85119,116.9815,344.66,0.52,0.67,2026-05-03,0701,N,nominal,2.0NRT,289.72,7.65,D
-31.84517,116.9791,327.08,0.52,0.67,2026-05-03,0701,N,nominal,2.0NRT,287.8,7.65,D
-31.29394,118.66424,357.3,0.66,0.73,2026-05-03,0701,N,low,2.0NRT,286.22,40.95,D
-31.28733,118.66156,367,0.66,0.73,2026-05-03,0701,N,high,2.0NRT,296.14,40.95,D
-31.28534,118.6684,345.54,0.66,0.73,2026-05-03,0701,N,nominal,2.0NRT,282.2,40.95,D
-31.28933,118.65474,346.22,0.66,0.73,2026-05-03,0701,N,nominal,2.0NRT,291.72,57.98,D
-31.28764,118.66224,367,0.66,0.73,2026-05-03,0701,N,high,2.0NRT,295.7,61.87,D
-31.2896,118.65539,341.89,0.66,0.73,2026-05-03,0701,N,nominal,2.0NRT,294.98,61.87,D
-31.59831,116.80555,333.4,0.52,0.67,2026-05-03,0701,N,nominal,2.0NRT,291.65,3.19,D
-30.95047,116.32253,367,0.51,0.66,2026-05-03,0701,N,high,2.0NRT,295.43,17.13,D
-30.94757,116.33326,354.9,0.51,0.66,2026-05-03,0701,N,nominal,2.0NRT,292.72,17.74,D
-31.12693,115.61367,330.08,0.46,0.63,2026-05-03,0701,N,nominal,2.0NRT,292.7,4.92,D
-31.1282,115.6089,339.23,0.46,0.63,2026-05-03,0701,N,nominal,2.0NRT,294.31,4.92,D
-31.12412,115.61147,341.8,0.46,0.63,2026-05-03,0701,N,nominal,2.0NRT,293.75,5.06,D
-30.72018,116.04407,367,0.49,0.65,2026-05-03,0701,N,high,2.0NRT,298.97,12.92,D
-30.71421,116.04208,367,0.49,0.65,2026-05-03,0701,N,high,2.0NRT,302.25,23.07,D
-30.71558,116.03691,336.34,0.49,0.65,2026-05-03,0701,N,nominal,2.0NRT,293.09,23.07,D
-29.84451,116.33652,348.37,0.54,0.68,2026-05-03,0701,N,nominal,2.0NRT,296.04,5.47,D
-29.84601,116.33098,341.87,0.54,0.68,2026-05-03,0701,N,nominal,2.0NRT,296.39,5.47,D
-29.83983,116.32889,367,0.54,0.68,2026-05-03,0701,N,high,2.0NRT,299.18,31.82,D
-29.76873,116.05948,336.13,0.52,0.67,2026-05-03,0701,N,nominal,2.0NRT,294.55,2.99,D
-29.76265,116.05739,367,0.52,0.67,2026-05-03,0701,N,high,2.0NRT,304.41,40.91,D
-29.76119,116.06275,339.61,0.52,0.67,2026-05-03,0701,N,nominal,2.0NRT,294.33,28.85,D
-29.76549,116.05936,367,0.52,0.67,2026-05-03,0701,N,high,2.0NRT,305.76,25.53,D
-29.76692,116.05393,347,0.52,0.67,2026-05-03,0701,N,nominal,2.0NRT,294.98,25.53,D
-29.47058,116.09078,348.94,0.53,0.67,2026-05-03,0701,N,nominal,2.0NRT,295.78,7.22,D
-28.7402,115.05914,350.09,0.49,0.65,2026-05-03,0701,N,nominal,2.0NRT,299.13,7.16,D
-28.73991,115.05963,343.96,0.49,0.65,2026-05-03,0701,N,nominal,2.0NRT,298.34,6.91,D
-28.15345,114.63277,367,0.47,0.64,2026-05-03,0701,N,high,2.0NRT,304.65,18.3,D
-28.15468,114.62799,335.37,0.47,0.64,2026-05-03,0701,N,nominal,2.0NRT,298.36,7.82,D
-28.15214,114.63242,367,0.47,0.64,2026-05-03,0701,N,high,2.0NRT,304.88,11.95,D
-28.15335,114.62762,347.24,0.47,0.64,2026-05-03,0701,N,nominal,2.0NRT,299.2,11.47,D
-28.14623,114.63068,329.44,0.47,0.64,2026-05-03,0701,N,nominal,2.0NRT,299.88,11.95,D
-21.90658,115.22294,340.89,0.71,0.75,2026-05-03,0703,N,nominal,2.0NRT,294.31,6.3,D
-21.90871,115.22708,348.05,0.71,0.75,2026-05-03,0703,N,nominal,2.0NRT,294.89,10.76,D
-40.64278,176.35922,344.18,0.38,0.36,2026-05-03,1318,N,nominal,2.0NRT,281.98,4.89,N
-37.20262,174.72188,333.02,0.41,0.37,2026-05-03,1318,N,nominal,2.0NRT,287.27,4.65,N
-40.72641,175.84514,297.37,0.38,0.36,2026-05-03,1318,N,nominal,2.0NRT,275.08,0.24,N
-45.97354,169.65314,316.45,0.45,0.39,2026-05-03,1321,N,nominal,2.0NRT,275.16,1.65,N
-37.20346,174.72658,304.45,0.41,0.37,2026-05-03,1318,N,nominal,2.0NRT,284.12,0.99,N
-37.82801,175.42049,298.17,0.4,0.37,2026-05-03,1318,N,nominal,2.0NRT,276.65,0.45,N
-15.38604,167.82765,320.6,0.41,0.61,2026-05-03,1452,N,nominal,2.0NRT,292.29,2.42,N
-15.38557,167.82346,303.82,0.41,0.61,2026-05-03,1452,N,nominal,2.0NRT,286.72,2.42,N
-15.38649,167.83168,313.43,0.41,0.61,2026-05-03,1452,N,nominal,2.0NRT,288.62,1.85,N
-15.38693,167.83554,304.1,0.41,0.61,2026-05-03,1452,N,nominal,2.0NRT,285.8,1.85,N
-15.39122,167.8228,329.24,0.41,0.61,2026-05-03,1452,N,nominal,2.0NRT,294.97,2.32,N
-15.3917,167.827,306.75,0.41,0.61,2026-05-03,1452,N,nominal,2.0NRT,288.1,2.32,N
-15.39686,167.82195,322.58,0.41,0.61,2026-05-03,1452,N,nominal,2.0NRT,291.33,2.32,N
-15.39732,167.82602,302.7,0.41,0.61,2026-05-03,1452,N,nominal,2.0NRT,287.53,2.32,N
-21.65206,147.98111,300.1,0.57,0.52,2026-05-03,1454,N,nominal,2.0NRT,287.14,0.92,N
-23.56123,151.08531,305.68,0.52,0.42,2026-05-03,1457,N,nominal,2.0NRT,290.32,1.78,N
-23.55904,151.08966,304.89,0.52,0.42,2026-05-03,1457,N,nominal,2.0NRT,290.41,0.72,N
-23.68846,151.17552,308.32,0.51,0.41,2026-05-03,1457,N,nominal,2.0NRT,290.57,1.54,N
-23.75391,151.1869,303.47,0.51,0.41,2026-05-03,1457,N,nominal,2.0NRT,291.36,1.85,N
-23.76811,151.19957,304.07,0.51,0.41,2026-05-03,1457,N,nominal,2.0NRT,291.96,0.92,N
-23.77378,151.20883,302.39,0.51,0.41,2026-05-03,1457,N,nominal,2.0NRT,291.01,0.67,N
-23.77755,151.2079,301.48,0.51,0.41,2026-05-03,1457,N,nominal,2.0NRT,290.78,0.67,N
-23.791,151.15236,302.67,0.51,0.41,2026-05-03,1457,N,nominal,2.0NRT,291.26,0.73,N
-23.8276,151.14799,307.04,0.51,0.41,2026-05-03,1457,N,nominal,2.0NRT,292,1.21,N
-23.82854,151.15298,315.31,0.51,0.41,2026-05-03,1457,N,nominal,2.0NRT,295.58,2.43,N
-23.86612,151.29041,308.56,0.5,0.41,2026-05-03,1457,N,nominal,2.0NRT,296.07,1.81,N
-25.65092,151.31998,307.54,0.48,0.4,2026-05-03,1457,N,nominal,2.0NRT,286.38,1.22,N
-26.25683,152.68494,310.08,0.42,0.37,2026-05-03,1457,N,nominal,2.0NRT,286.42,0.84,N
-26.31588,151.554,301.57,0.46,0.39,2026-05-03,1457,N,nominal,2.0NRT,285.41,0.6,N
-27.10952,152.01488,303.73,0.43,0.38,2026-05-03,1457,N,nominal,2.0NRT,284.67,1.16,N
-27.43493,151.84846,300.77,0.43,0.38,2026-05-03,1457,N,nominal,2.0NRT,286.08,0.77,N
-27.4058,150.2415,297.12,0.5,0.41,2026-05-03,1457,N,nominal,2.0NRT,287.07,0.57,N
-28.06156,152.07074,314.47,0.42,0.38,2026-05-03,1457,N,nominal,2.0NRT,284.2,1.55,N
-28.35374,152.16505,295.7,0.41,0.37,2026-05-03,1457,N,nominal,2.0NRT,284.87,0.57,N
-29.1141,149.42064,314.47,0.52,0.41,2026-05-03,1457,N,nominal,2.0NRT,287.08,1.45,N
-29.11577,149.42441,304.78,0.52,0.41,2026-05-03,1457,N,nominal,2.0NRT,285.48,1.81,N
-29.33888,149.72319,296.77,0.5,0.41,2026-05-03,1457,N,nominal,2.0NRT,273.26,0.48,N
-29.33987,149.72832,301.74,0.5,0.41,2026-05-03,1457,N,nominal,2.0NRT,276.05,0.45,N
-29.22158,148.30115,314.28,0.39,0.44,2026-05-03,1457,N,nominal,2.0NRT,279.66,0.98,N
-29.22481,148.29602,301.77,0.39,0.44,2026-05-03,1457,N,nominal,2.0NRT,281.15,0.98,N
-29.22561,148.30008,300.65,0.39,0.44,2026-05-03,1457,N,nominal,2.0NRT,279.01,0.98,N
-29.22071,148.30156,306.11,0.39,0.44,2026-05-03,1457,N,nominal,2.0NRT,279.37,0.77,N
-29.2239,148.29645,295.49,0.39,0.44,2026-05-03,1457,N,nominal,2.0NRT,281.23,0.77,N
-29.22474,148.30049,309.38,0.39,0.44,2026-05-03,1457,N,nominal,2.0NRT,279.51,0.77,N
-29.22793,148.29538,319.28,0.39,0.44,2026-05-03,1457,N,nominal,2.0NRT,282.49,0.92,N
-29.22877,148.29942,300.22,0.39,0.44,2026-05-03,1457,N,nominal,2.0NRT,279.82,0.92,N
-29.23196,148.29431,295.36,0.39,0.44,2026-05-03,1457,N,nominal,2.0NRT,281.54,0.92,N
-30.49077,152.09657,302.52,0.4,0.37,2026-05-03,1457,N,nominal,2.0NRT,282.23,0.76,N
-30.47414,149.99796,295.64,0.47,0.4,2026-05-03,1459,N,nominal,2.0NRT,283.8,1.05,N
-31.48229,152.61531,300.42,0.39,0.36,2026-05-03,1459,N,nominal,2.0NRT,286.53,0.78,N
-31.51028,152.55367,299.05,0.39,0.36,2026-05-03,1459,N,nominal,2.0NRT,285.53,0.53,N
-32.47109,151.07367,309.56,0.41,0.37,2026-05-03,1459,N,nominal,2.0NRT,278.94,1.44,N
-32.90851,151.49672,313.77,0.4,0.37,2026-05-03,1459,N,nominal,2.0NRT,288.85,1.47,N
-34.45025,150.87746,300.88,0.4,0.37,2026-05-03,1459,N,nominal,2.0NRT,286.79,0.93,N
-34.45855,150.88449,340.52,0.4,0.37,2026-05-03,1459,N,nominal,2.0NRT,290.13,2.5,N
-34.46193,150.88364,328.27,0.4,0.37,2026-05-03,1459,N,nominal,2.0NRT,288.13,2.5,N
-34.46118,150.87926,301.53,0.4,0.37,2026-05-03,1459,N,nominal,2.0NRT,286.88,2.5,N
-34.46684,150.89151,303.87,0.4,0.37,2026-05-03,1459,N,nominal,2.0NRT,289,1.76,N
-34.47023,150.89067,331.05,0.4,0.37,2026-05-03,1459,N,nominal,2.0NRT,287.17,1.76,N
-34.43497,142.35283,296.6,0.32,0.55,2026-05-03,1459,N,nominal,2.0NRT,281.16,0.26,N
-34.21762,140.56438,299.43,0.4,0.6,2026-05-03,1459,N,nominal,2.0NRT,281.41,0.68,N
-35.42799,144.20703,303.4,0.49,0.48,2026-05-03,1459,N,nominal,2.0NRT,281.35,1.42,N
-35.42921,144.21236,301.6,0.49,0.48,2026-05-03,1459,N,nominal,2.0NRT,281.53,0.94,N
-35.97086,144.41568,298.61,0.46,0.47,2026-05-03,1459,N,nominal,2.0NRT,281.98,0.45,N
-36.6944,146.12257,300.84,0.55,0.43,2026-05-03,1459,N,nominal,2.0NRT,272.82,1.52,N
-34.76638,135.76271,298.84,0.69,0.74,2026-05-03,1459,N,nominal,2.0NRT,281.13,0.9,N
-37.29321,144.81639,300.78,0.41,0.45,2026-05-03,1459,N,nominal,2.0NRT,280.06,0.92,N
-37.78476,144.72607,303.89,0.41,0.45,2026-05-03,1501,N,nominal,2.0NRT,282.48,0.69,N
-37.83359,144.78598,337.7,0.4,0.45,2026-05-03,1501,N,nominal,2.0NRT,285.17,4.39,N
-37.32373,141.68501,298.24,0.59,0.53,2026-05-03,1501,N,nominal,2.0NRT,280.36,1.3,N
-21.58065,122.2163,353.29,0.6,0.53,2026-05-03,1635,N,nominal,2.0NRT,292.78,14.55,N
-21.57943,122.21042,298.41,0.6,0.53,2026-05-03,1635,N,nominal,2.0NRT,287.7,14.55,N
-21.58187,122.22217,297.56,0.6,0.53,2026-05-03,1635,N,nominal,2.0NRT,287.55,1.69,N
-21.58677,122.22106,326.63,0.6,0.53,2026-05-03,1635,N,nominal,2.0NRT,288.5,3.38,N
-21.58556,122.21519,304.05,0.6,0.53,2026-05-03,1635,N,nominal,2.0NRT,287.82,2.76,N
-21.59287,122.22573,325.62,0.6,0.53,2026-05-03,1635,N,nominal,2.0NRT,287.94,3.38,N
-21.59527,122.23736,338.14,0.6,0.53,2026-05-03,1635,N,nominal,2.0NRT,288.38,4.89,N
-21.59167,122.21994,308.62,0.6,0.53,2026-05-03,1635,N,nominal,2.0NRT,287.84,3.38,N
-21.59407,122.23154,311.65,0.6,0.53,2026-05-03,1635,N,nominal,2.0NRT,287.65,4.89,N
-21.57669,122.21611,306.33,0.6,0.53,2026-05-03,1635,N,nominal,2.0NRT,287.84,1.78,N
-21.58159,122.215,355.6,0.6,0.53,2026-05-03,1635,N,nominal,2.0NRT,291.48,9.71,N
-21.58285,122.22086,315.36,0.6,0.53,2026-05-03,1635,N,nominal,2.0NRT,288.02,9.71,N
-21.58775,122.21976,318.69,0.6,0.53,2026-05-03,1635,N,nominal,2.0NRT,288.31,9.71,N
-21.5939,122.22445,336.1,0.6,0.53,2026-05-03,1635,N,nominal,2.0NRT,288.1,8.84,N
-21.59638,122.23603,349.52,0.6,0.53,2026-05-03,1635,N,nominal,2.0NRT,291.29,9.05,N
-21.59888,122.2477,298.42,0.6,0.53,2026-05-03,1635,N,nominal,2.0NRT,287.21,4.03,N
-21.60126,122.23489,324.88,0.6,0.53,2026-05-03,1635,N,nominal,2.0NRT,287.32,9.05,N
-21.60499,122.25234,345.43,0.6,0.53,2026-05-03,1635,N,nominal,2.0NRT,288.97,4.03,N
-21.60623,122.25812,347.32,0.6,0.53,2026-05-03,1635,N,nominal,2.0NRT,289.24,8.89,N
-21.60376,122.24655,302.08,0.6,0.53,2026-05-03,1635,N,nominal,2.0NRT,286.89,4.03,N
-21.6111,122.25697,324.68,0.6,0.53,2026-05-03,1635,N,nominal,2.0NRT,287.46,3.39,N
-21.61233,122.26273,324.68,0.6,0.53,2026-05-03,1635,N,nominal,2.0NRT,287.63,3.39,N
-21.60987,122.25117,310.71,0.6,0.53,2026-05-03,1635,N,nominal,2.0NRT,287.3,1.73,N
-21.61843,122.2673,324.79,0.6,0.53,2026-05-03,1635,N,nominal,2.0NRT,287.54,3.07,N
-21.6172,122.26154,298.29,0.6,0.53,2026-05-03,1635,N,nominal,2.0NRT,286.07,3.39,N
-21.62329,122.26611,318.28,0.6,0.53,2026-05-03,1635,N,nominal,2.0NRT,286.63,1.53,N
-21.62451,122.27186,299.19,0.6,0.53,2026-05-03,1635,N,nominal,2.0NRT,286.51,1.53,N
-21.62938,122.27068,296.87,0.6,0.53,2026-05-03,1635,N,nominal,2.0NRT,286.15,1.53,N
-21.62573,122.22932,333.98,0.6,0.53,2026-05-03,1635,N,nominal,2.0NRT,289.1,3.05,N
-21.6306,122.22813,304.16,0.6,0.53,2026-05-03,1635,N,nominal,2.0NRT,287.29,3.05,N
-21.63302,122.23957,300.55,0.6,0.53,2026-05-03,1635,N,nominal,2.0NRT,287.13,0.62,N
-21.63789,122.23833,338.3,0.6,0.53,2026-05-03,1635,N,nominal,2.0NRT,289.66,12.63,N
-21.6391,122.24409,351.87,0.6,0.53,2026-05-03,1635,N,nominal,2.0NRT,293.67,12.63,N
-21.64032,122.24984,296.74,0.6,0.53,2026-05-03,1635,N,nominal,2.0NRT,286.65,2.57,N
-21.64397,122.24286,340.95,0.6,0.53,2026-05-03,1635,N,nominal,2.0NRT,288.47,12.63,N
-21.64518,122.24864,329.24,0.6,0.53,2026-05-03,1635,N,nominal,2.0NRT,287.99,2.57,N
-21.64275,122.23711,297.46,0.6,0.53,2026-05-03,1635,N,nominal,2.0NRT,286.66,12.63,N
-21.6464,122.2544,319.48,0.6,0.53,2026-05-03,1635,N,nominal,2.0NRT,287.25,2.57,N
-21.65126,122.25317,351.57,0.6,0.53,2026-05-03,1635,N,nominal,2.0NRT,289.05,11.09,N
-21.65248,122.25896,310.35,0.6,0.53,2026-05-03,1635,N,nominal,2.0NRT,287.21,2.76,N
-21.65856,122.26356,330.62,0.6,0.53,2026-05-03,1635,N,nominal,2.0NRT,287.75,2.76,N
-21.65734,122.25777,305.4,0.6,0.53,2026-05-03,1635,N,nominal,2.0NRT,286.82,2.76,N
-21.65977,122.26933,298.54,0.6,0.53,2026-05-03,1635,N,nominal,2.0NRT,286.15,1.03,N
-21.66585,122.27395,299.6,0.6,0.53,2026-05-03,1635,N,nominal,2.0NRT,286.9,1.68,N
-21.66707,122.27974,313,0.6,0.53,2026-05-03,1635,N,nominal,2.0NRT,287.01,1.78,N
-21.71576,122.38162,297.7,0.59,0.52,2026-05-03,1635,N,nominal,2.0NRT,286.3,0.38,N
-21.09468,119.42303,305.22,0.46,0.63,2026-05-03,1635,N,nominal,2.0NRT,289.31,0.58,N
-22.25312,124.22345,307.08,0.44,0.46,2026-05-03,1635,N,nominal,2.0NRT,286.25,1.36,N
-22.25738,124.22248,324.75,0.44,0.46,2026-05-03,1635,N,nominal,2.0NRT,286.16,1.36,N
-20.61472,116.76402,319.14,0.68,0.74,2026-05-03,1635,N,nominal,2.0NRT,289.92,1.85,N
-23.45876,129.99738,298.98,0.38,0.36,2026-05-03,1635,N,nominal,2.0NRT,285.08,0.47,N
-24.0009,131.55424,301.02,0.4,0.37,2026-05-03,1635,N,nominal,2.0NRT,284.31,0.75,N
-30.44455,136.86105,297.43,0.54,0.51,2026-05-03,1637,N,nominal,2.0NRT,284,1.29,N
-30.4439,136.8611,299.53,0.54,0.51,2026-05-03,1637,N,nominal,2.0NRT,283.92,1.75,N
-28.65302,119.91302,298.79,0.59,0.53,2026-05-03,1637,N,nominal,2.0NRT,281.82,1.04,N
-28.85352,115.39043,297.93,0.53,0.67,2026-05-03,1637,N,nominal,2.0NRT,282.4,0.44,N
-34.11865,140.69753,316.21,0.49,0.65,2026-05-03,1637,N,nominal,2.0NRT,281.99,1.77,N
-30.23369,115.17522,367,0.51,0.66,2026-05-03,1639,N,high,2.0NRT,285.78,8.31,N
-30.23517,115.18077,340.21,0.5,0.66,2026-05-03,1639,N,nominal,2.0NRT,283.05,8.31,N
-31.58688,116.81187,295.74,0.38,0.59,2026-05-03,1639,N,nominal,2.0NRT,280.35,0.45,N
-31.71306,116.14578,304.68,0.41,0.61,2026-05-03,1639,N,nominal,2.0NRT,282.12,0.64,N
-35.75282,139.7235,306.44,0.45,0.63,2026-05-03,1639,N,nominal,2.0NRT,280.3,1.23,N
-32.60905,117.00398,309.17,0.35,0.57,2026-05-03,1639,N,nominal,2.0NRT,278.36,0.88,N
-33.0009,116.66951,295.99,0.36,0.57,2026-05-03,1639,N,nominal,2.0NRT,279.99,0.52,N
-33.81397,117.01169,310.21,0.33,0.55,2026-05-03,1639,N,nominal,2.0NRT,280.32,0.98,N
-33.77717,116.57899,305.8,0.35,0.57,2026-05-03,1639,N,nominal,2.0NRT,279.84,1.47,N
-33.78231,116.57713,330.91,0.35,0.57,2026-05-03,1639,N,nominal,2.0NRT,280.34,1.47,N
-33.78135,116.57334,307.93,0.35,0.57,2026-05-03,1639,N,nominal,2.0NRT,279.28,2.18,N
-33.78326,116.58085,302.95,0.35,0.57,2026-05-03,1639,N,nominal,2.0NRT,279.16,1.47,N
-33.78746,116.57529,298.33,0.35,0.57,2026-05-03,1639,N,nominal,2.0NRT,280.17,0.62,N
-11.87157,142.01599,302.58,0.35,0.56,2026-05-03,1633,N,nominal,2.0NRT,281.42,0.48,N
-11.87198,142.01918,306.16,0.35,0.56,2026-05-03,1633,N,nominal,2.0NRT,283.26,0.38,N
-11.49467,130.52895,340.4,0.44,0.38,2026-05-03,1635,N,nominal,2.0NRT,292.95,3.97,N
-13.94539,132.61209,305.62,0.38,0.36,2026-05-03,1635,N,nominal,2.0NRT,292.92,1.18,N
-14.05223,133.18311,307.73,0.39,0.36,2026-05-03,1635,N,nominal,2.0NRT,293.96,0.87,N
-14.07815,131.87511,319.89,0.39,0.36,2026-05-03,1635,N,nominal,2.0NRT,294.07,2.21,N
-14.08091,131.87094,319.4,0.39,0.36,2026-05-03,1635,N,nominal,2.0NRT,294.37,1.79,N
-13.82906,127.00227,340.13,0.42,0.45,2026-05-03,1635,N,nominal,2.0NRT,294.12,4.26,N
-13.83011,127.003,337.06,0.42,0.45,2026-05-03,1635,N,nominal,2.0NRT,294.02,3.04,N
-13.8294,126.99915,312.33,0.42,0.45,2026-05-03,1635,N,nominal,2.0NRT,293.2,2.49,N
-15.38116,129.72792,329.05,0.43,0.38,2026-05-03,1635,N,nominal,2.0NRT,296.02,3.45,N
-15.38468,129.72733,321.89,0.43,0.38,2026-05-03,1635,N,nominal,2.0NRT,295.57,3.72,N
-15.38819,129.72672,339.06,0.43,0.38,2026-05-03,1635,N,nominal,2.0NRT,296.76,3.72,N
-15.38886,129.73071,316.03,0.43,0.38,2026-05-03,1635,N,nominal,2.0NRT,296.11,1.76,N
-15.38953,129.73471,315.77,0.43,0.38,2026-05-03,1635,N,nominal,2.0NRT,296.35,1.76,N
-15.3902,129.73868,310.44,0.43,0.38,2026-05-03,1635,N,nominal,2.0NRT,295.34,1.65,N
-15.39371,129.73799,317.98,0.43,0.38,2026-05-03,1635,N,nominal,2.0NRT,294.29,1.37,N
-15.44504,130.0237,309.53,0.42,0.38,2026-05-03,1635,N,nominal,2.0NRT,294.77,0.98,N
-15.4457,130.02763,306.48,0.42,0.38,2026-05-03,1635,N,nominal,2.0NRT,294.27,0.98,N
-15.39335,129.73502,316.32,0.43,0.38,2026-05-03,1635,N,nominal,2.0NRT,295.55,2.21,N
-15.44656,130.02428,309.93,0.42,0.38,2026-05-03,1635,N,nominal,2.0NRT,294.87,1.26,N
-15.44723,130.0282,311.33,0.42,0.38,2026-05-03,1635,N,nominal,2.0NRT,294.84,1.26,N
-15.4479,130.03215,305.49,0.42,0.38,2026-05-03,1635,N,nominal,2.0NRT,294.18,1.08,N
-15.45137,130.03154,310.27,0.42,0.38,2026-05-03,1635,N,nominal,2.0NRT,294.35,1.24,N
-14.72256,125.85973,318.26,0.48,0.48,2026-05-03,1635,N,nominal,2.0NRT,292.35,1.77,N
-15.47769,130.03923,306.67,0.42,0.38,2026-05-03,1635,N,nominal,2.0NRT,294.96,1.24,N
-15.43208,129.68633,313.29,0.43,0.38,2026-05-03,1635,N,nominal,2.0NRT,294.16,1.43,N
-15.43629,129.68974,318.07,0.43,0.38,2026-05-03,1635,N,nominal,2.0NRT,294.83,1.57,N
-15.52986,130.00955,325.17,0.42,0.38,2026-05-03,1635,N,nominal,2.0NRT,295.02,2.55,N
-15.53333,130.00893,311.32,0.42,0.38,2026-05-03,1635,N,nominal,2.0NRT,294.44,1.28,N
-15.50954,129.5694,332.5,0.44,0.38,2026-05-03,1635,N,nominal,2.0NRT,296.71,6.24,N
-15.50885,129.56537,306.41,0.44,0.38,2026-05-03,1635,N,nominal,2.0NRT,294.62,1.64,N
-15.60951,129.24046,315.1,0.45,0.39,2026-05-03,1635,N,nominal,2.0NRT,294.83,1.89,N
-15.21257,126.80577,311.14,0.41,0.45,2026-05-03,1635,N,nominal,2.0NRT,291.05,1.19,N
-15.21668,126.80493,309.51,0.41,0.45,2026-05-03,1635,N,nominal,2.0NRT,290.7,1.09,N
-15.2298,126.45473,306.48,0.43,0.46,2026-05-03,1635,N,nominal,2.0NRT,290.78,0.66,N
-15.23689,126.46971,326.96,0.43,0.46,2026-05-03,1635,N,nominal,2.0NRT,291.92,2.24,N
-15.23617,126.46577,317.82,0.43,0.46,2026-05-03,1635,N,nominal,2.0NRT,291.26,2.24,N
-15.24181,126.47279,326.34,0.43,0.46,2026-05-03,1635,N,nominal,2.0NRT,291.79,1.55,N
-15.24109,126.46885,307.6,0.43,0.46,2026-05-03,1635,N,nominal,2.0NRT,291.09,1.23,N
-15.24529,126.468,304.61,0.43,0.46,2026-05-03,1635,N,nominal,2.0NRT,290.28,1.23,N
-15.24601,126.47196,305.51,0.43,0.46,2026-05-03,1635,N,nominal,2.0NRT,290.37,1.55,N
-15.24521,126.469,312.74,0.43,0.46,2026-05-03,1635,N,nominal,2.0NRT,290.32,1.34,N
-15.24596,126.47296,302.22,0.43,0.46,2026-05-03,1635,N,nominal,2.0NRT,290.37,0.48,N
-15.19929,125.46898,308.16,0.49,0.49,2026-05-03,1635,N,nominal,2.0NRT,292.51,1.15,N
-15.20385,125.46843,307.66,0.49,0.49,2026-05-03,1635,N,nominal,2.0NRT,292.36,1.15,N
-15.20233,125.43607,306.12,0.5,0.49,2026-05-03,1635,N,nominal,2.0NRT,291.94,1.87,N
-15.20927,125.47245,309.37,0.49,0.49,2026-05-03,1635,N,nominal,2.0NRT,291.78,1.42,N
-15.21183,125.48586,304.8,0.49,0.49,2026-05-03,1635,N,nominal,2.0NRT,291.94,0.75,N
-15.24952,125.48839,308.77,0.49,0.49,2026-05-03,1635,N,nominal,2.0NRT,291.77,1.34,N
-15.2504,125.49306,306.22,0.49,0.49,2026-05-03,1635,N,nominal,2.0NRT,291.98,1.34,N
-15.68807,127.64122,307.77,0.54,0.42,2026-05-03,1635,N,nominal,2.0NRT,293.61,1.56,N
-15.6886,127.6433,306.8,0.54,0.42,2026-05-03,1635,N,nominal,2.0NRT,293.73,2.14,N
-15.69641,127.64203,324.6,0.54,0.42,2026-05-03,1635,N,nominal,2.0NRT,294.63,4.67,N
-15.69732,127.64704,330.7,0.54,0.42,2026-05-03,1635,N,nominal,2.0NRT,294.62,4.67,N
-15.70122,127.64639,337.31,0.54,0.42,2026-05-03,1635,N,nominal,2.0NRT,294.76,4.67,N
-15.70421,127.64075,312.05,0.54,0.42,2026-05-03,1635,N,nominal,2.0NRT,293.32,2.99,N
-15.70721,127.6351,338.43,0.54,0.42,2026-05-03,1635,N,nominal,2.0NRT,294.41,6.05,N
-15.71201,127.63942,326.17,0.54,0.42,2026-05-03,1635,N,nominal,2.0NRT,294.06,3.66,N
-15.71591,127.63876,329.31,0.54,0.42,2026-05-03,1635,N,nominal,2.0NRT,294.37,3.66,N
-15.71891,127.63313,308.23,0.54,0.42,2026-05-03,1635,N,nominal,2.0NRT,293.15,1.1,N
-15.7219,127.62744,305.71,0.54,0.42,2026-05-03,1635,N,nominal,2.0NRT,292.69,1.1,N
-15.61797,125.53598,306.41,0.48,0.48,2026-05-03,1635,N,nominal,2.0NRT,291.77,1.18,N
-15.62237,125.53489,308.27,0.48,0.48,2026-05-03,1635,N,nominal,2.0NRT,291.84,1.18,N
-15.67908,125.34587,311.16,0.49,0.49,2026-05-03,1635,N,nominal,2.0NRT,292.02,3.33,N
-15.84502,126.21735,325.44,0.43,0.46,2026-05-03,1635,N,nominal,2.0NRT,291.8,2.03,N
-15.68442,125.3495,307.12,0.49,0.49,2026-05-03,1635,N,nominal,2.0NRT,292.4,2.89,N
-15.85151,126.22886,345.58,0.43,0.46,2026-05-03,1635,N,nominal,2.0NRT,292.57,3.59,N
-15.85,126.22061,311.76,0.43,0.46,2026-05-03,1635,N,nominal,2.0NRT,291.33,2.03,N
-15.85075,126.22475,308.72,0.43,0.46,2026-05-03,1635,N,nominal,2.0NRT,291.71,3.59,N
-16.07999,127.47501,320.46,0.54,0.42,2026-05-03,1635,N,nominal,2.0NRT,292.98,1.76,N
-15.85498,126.22391,306.24,0.43,0.46,2026-05-03,1635,N,nominal,2.0NRT,291.22,1.47,N
-15.85573,126.22803,314.88,0.43,0.46,2026-05-03,1635,N,nominal,2.0NRT,291.42,1.47,N
-15.85648,126.23212,312.49,0.43,0.46,2026-05-03,1635,N,nominal,2.0NRT,291.27,1.91,N
-15.85621,126.20663,313.11,0.43,0.46,2026-05-03,1635,N,nominal,2.0NRT,290.62,1.66,N
-15.85846,126.21896,304.88,0.43,0.46,2026-05-03,1635,N,nominal,2.0NRT,290.43,2.46,N
-15.85921,126.22308,313.85,0.43,0.46,2026-05-03,1635,N,nominal,2.0NRT,291.05,1.47,N
-16.08389,127.47427,306.16,0.54,0.42,2026-05-03,1635,N,nominal,2.0NRT,292.12,1.76,N
-16.08867,127.47852,324.59,0.54,0.42,2026-05-03,1635,N,nominal,2.0NRT,293.25,2.24,N
-16.09168,127.47272,306.59,0.54,0.42,2026-05-03,1635,N,nominal,2.0NRT,292.51,2.24,N
-16.09257,127.47772,318.1,0.54,0.42,2026-05-03,1635,N,nominal,2.0NRT,292.88,2.24,N
-16.07955,127.47335,320.08,0.54,0.42,2026-05-03,1635,N,nominal,2.0NRT,292.9,3.21,N
-15.85101,126.23026,330.24,0.43,0.46,2026-05-03,1635,N,nominal,2.0NRT,291.9,2.63,N
-15.68104,125.34796,310.46,0.49,0.49,2026-05-03,1635,N,nominal,2.0NRT,292.11,3.93,N
-15.84555,126.20162,303.44,0.43,0.46,2026-05-03,1635,N,nominal,2.0NRT,290.63,1.32,N
-15.84944,126.22205,309.01,0.43,0.46,2026-05-03,1635,N,nominal,2.0NRT,291.24,1.56,N
-15.85023,126.22617,308.88,0.43,0.46,2026-05-03,1635,N,nominal,2.0NRT,291.35,2.63,N
-16.08436,127.47758,306.59,0.54,0.42,2026-05-03,1635,N,nominal,2.0NRT,292.09,2.04,N
-15.85524,126.22945,334.23,0.43,0.46,2026-05-03,1635,N,nominal,2.0NRT,291.67,2.63,N
-16.08826,127.47682,325.89,0.54,0.42,2026-05-03,1635,N,nominal,2.0NRT,293.23,2.04,N
-15.85367,126.22123,315.57,0.43,0.46,2026-05-03,1635,N,nominal,2.0NRT,291.09,1.56,N
-15.85445,126.22534,303.6,0.43,0.46,2026-05-03,1635,N,nominal,2.0NRT,291.15,2.63,N
-15.856,126.23349,305.44,0.43,0.46,2026-05-03,1635,N,nominal,2.0NRT,290.88,1.41,N
-15.85479,126.20402,307.19,0.43,0.46,2026-05-03,1635,N,nominal,2.0NRT,290.44,1.52,N
-15.8579,126.22041,314.81,0.43,0.46,2026-05-03,1635,N,nominal,2.0NRT,291.14,2.82,N
-16.09123,127.47105,303.35,0.54,0.42,2026-05-03,1635,N,nominal,2.0NRT,292.12,1.61,N
-16.09215,127.47604,314.81,0.54,0.42,2026-05-03,1635,N,nominal,2.0NRT,292.84,1.93,N
-16.09306,127.48101,303.39,0.54,0.42,2026-05-03,1635,N,nominal,2.0NRT,292.33,1.93,N
-16.09604,127.47527,330.52,0.54,0.42,2026-05-03,1635,N,nominal,2.0NRT,293.46,1.93,N
-15.85979,126.20725,306.03,0.43,0.46,2026-05-03,1635,N,nominal,2.0NRT,290.41,1.85,N
-16.09513,127.47026,309.18,0.54,0.42,2026-05-03,1635,N,nominal,2.0NRT,292.68,1.61,N
-16.09902,127.4695,318.41,0.54,0.42,2026-05-03,1635,N,nominal,2.0NRT,292.74,2.65,N
-16.10291,127.4687,321.61,0.54,0.42,2026-05-03,1635,N,nominal,2.0NRT,292.42,2.65,N
-15.87747,126.20793,309.21,0.43,0.46,2026-05-03,1635,N,nominal,2.0NRT,290.87,1.74,N
-15.87823,126.21198,311.89,0.43,0.46,2026-05-03,1635,N,nominal,2.0NRT,290.3,1.85,N
-15.88899,126.22256,329.43,0.43,0.46,2026-05-03,1635,N,nominal,2.0NRT,291.13,2.53,N
-15.89398,126.22581,343.96,0.43,0.46,2026-05-03,1635,N,nominal,2.0NRT,296.13,7.89,N
-15.89321,126.22172,311.49,0.43,0.46,2026-05-03,1635,N,nominal,2.0NRT,291.09,3.2,N
-15.89475,126.22993,317.03,0.43,0.46,2026-05-03,1635,N,nominal,2.0NRT,291.41,7.89,N
-15.8982,126.22497,325.63,0.43,0.46,2026-05-03,1635,N,nominal,2.0NRT,289.91,7.89,N
-15.9636,126.1366,301.78,0.44,0.46,2026-05-03,1635,N,nominal,2.0NRT,289.12,0.33,N
-15.98324,126.12403,306.82,0.44,0.46,2026-05-03,1635,N,nominal,2.0NRT,290.15,0.57,N
-16.01162,126.18182,311.42,0.43,0.46,2026-05-03,1635,N,nominal,2.0NRT,290.92,2.45,N
-16.0124,126.18602,302.29,0.43,0.46,2026-05-03,1635,N,nominal,2.0NRT,288.24,1.85,N
-16.07288,126.25334,311.62,0.43,0.46,2026-05-03,1635,N,nominal,2.0NRT,290.6,1.23,N
-16.07635,126.24849,303.18,0.43,0.46,2026-05-03,1635,N,nominal,2.0NRT,290.37,1.54,N
-16.07854,126.26051,301.31,0.43,0.46,2026-05-03,1635,N,nominal,2.0NRT,290.06,1.01,N
-16.07908,126.23959,304.64,0.43,0.46,2026-05-03,1635,N,nominal,2.0NRT,289.94,1.03,N
-16.07982,126.24364,311.54,0.43,0.46,2026-05-03,1635,N,nominal,2.0NRT,290.9,1.03,N
-16.07299,126.25455,311.76,0.43,0.46,2026-05-03,1635,N,nominal,2.0NRT,290.66,0.9,N
-16.07643,126.24973,303.32,0.43,0.46,2026-05-03,1635,N,nominal,2.0NRT,290.52,0.9,N
-16.07871,126.26169,301.81,0.43,0.46,2026-05-03,1635,N,nominal,2.0NRT,290.15,0.93,N
-16.07911,126.24084,307.77,0.43,0.46,2026-05-03,1635,N,nominal,2.0NRT,290.03,1,N
-16.07988,126.2449,310.39,0.43,0.46,2026-05-03,1635,N,nominal,2.0NRT,290.85,1,N
-17.02893,130.65979,308.35,0.4,0.37,2026-05-03,1635,N,nominal,2.0NRT,283.21,0.97,N
-16.50307,126.85243,305.89,0.39,0.44,2026-05-03,1635,N,nominal,2.0NRT,290.63,1.12,N
-16.50709,126.85165,325.76,0.39,0.44,2026-05-03,1635,N,nominal,2.0NRT,290.53,1.12,N
-16.73569,126.87074,313.47,0.38,0.43,2026-05-03,1635,N,nominal,2.0NRT,292.44,1.43,N
-16.73639,126.87139,311.48,0.38,0.43,2026-05-03,1635,N,nominal,2.0NRT,292.05,1.58,N
-16.74039,126.87057,307.24,0.38,0.43,2026-05-03,1635,N,nominal,2.0NRT,291.65,1.05,N
-16.74524,126.87441,308.04,0.57,0.43,2026-05-03,1635,N,nominal,2.0NRT,292.7,1.54,N
-16.74925,126.87366,309.29,0.57,0.43,2026-05-03,1635,N,nominal,2.0NRT,292.63,2.37,N
-17.21703,128.67169,301.36,0.46,0.39,2026-05-03,1635,N,nominal,2.0NRT,289.78,2.16,N
-17.25204,128.42574,305.29,0.47,0.4,2026-05-03,1635,N,nominal,2.0NRT,291.45,0.5,N
-17.27057,128.38139,308.07,0.47,0.4,2026-05-03,1635,N,nominal,2.0NRT,293.7,1.79,N
-16.89798,126.25803,322.33,0.41,0.45,2026-05-03,1635,N,nominal,2.0NRT,292.52,2.66,N
-16.89943,126.26583,326.75,0.41,0.45,2026-05-03,1635,N,nominal,2.0NRT,293.24,2.24,N
-16.8987,126.26192,311.48,0.41,0.45,2026-05-03,1635,N,nominal,2.0NRT,292.32,2.24,N
-17.14548,124.97691,307.94,0.49,0.49,2026-05-03,1635,N,nominal,2.0NRT,290.26,2.85,N
-18.72289,134.30771,301.69,0.44,0.38,2026-05-03,1635,N,nominal,2.0NRT,289.33,1.2,N
-18.72644,134.30714,319.92,0.44,0.38,2026-05-03,1635,N,nominal,2.0NRT,290.22,1.2,N
-17.14733,124.97742,315.99,0.49,0.49,2026-05-03,1635,N,nominal,2.0NRT,289.63,3.54,N
-17.15363,124.98579,307.03,0.49,0.49,2026-05-03,1635,N,nominal,2.0NRT,287.32,1.67,N
-17.1653,124.99794,309.15,0.49,0.48,2026-05-03,1635,N,nominal,2.0NRT,292.84,3.04,N
-17.16977,124.99704,318.98,0.49,0.48,2026-05-03,1635,N,nominal,2.0NRT,294.21,2.51,N
-17.17424,124.99614,308.22,0.49,0.48,2026-05-03,1635,N,nominal,2.0NRT,293.45,2.51,N
-18.74062,134.25356,301.8,0.44,0.38,2026-05-03,1635,N,nominal,2.0NRT,289.51,1,N
-17.17872,124.99526,311.54,0.49,0.48,2026-05-03,1635,N,nominal,2.0NRT,294.1,3.49,N
-17.18229,124.98975,312.34,0.49,0.48,2026-05-03,1635,N,nominal,2.0NRT,292.46,3.94,N
-18.74533,134.23575,307.01,0.44,0.38,2026-05-03,1635,N,nominal,2.0NRT,288.98,0.66,N
-18.74888,134.23518,332.87,0.44,0.38,2026-05-03,1635,N,nominal,2.0NRT,289.71,3.23,N
-18.75242,134.23462,331.14,0.44,0.38,2026-05-03,1635,N,nominal,2.0NRT,289.36,3.23,N
-17.20186,125.01894,312.76,0.49,0.48,2026-05-03,1635,N,nominal,2.0NRT,294.2,2.4,N
-17.20631,125.01798,319.17,0.49,0.48,2026-05-03,1635,N,nominal,2.0NRT,294.42,2.4,N
-17.20814,125.00338,314.94,0.49,0.48,2026-05-03,1635,N,nominal,2.0NRT,293.87,3.55,N
-17.20901,125.00788,314.71,0.49,0.48,2026-05-03,1635,N,nominal,2.0NRT,294.29,2.56,N
-17.20988,125.01241,313.61,0.49,0.48,2026-05-03,1635,N,nominal,2.0NRT,294.18,2.56,N
-17.24604,124.88114,312.26,0.5,0.49,2026-05-03,1635,N,nominal,2.0NRT,289.93,2.22,N
-17.1447,124.22102,306.49,0.55,0.51,2026-05-03,1635,N,nominal,2.0NRT,291.86,7.23,N
-17.14939,124.21999,345.52,0.55,0.51,2026-05-03,1635,N,nominal,2.0NRT,294.35,7.23,N
-17.1551,124.22416,344.11,0.55,0.51,2026-05-03,1635,N,nominal,2.0NRT,293.41,4.97,N
-17.15408,124.21897,306.45,0.55,0.51,2026-05-03,1635,N,nominal,2.0NRT,291.05,4.97,N
-17.15979,124.2231,327.54,0.55,0.51,2026-05-03,1635,N,nominal,2.0NRT,291.3,4.97,N
-17.16081,124.22829,309.9,0.55,0.51,2026-05-03,1635,N,nominal,2.0NRT,291.51,1.76,N
-17.16549,124.22722,309.7,0.55,0.51,2026-05-03,1635,N,nominal,2.0NRT,290.57,2.14,N
-17.29511,124.69769,318.01,0.51,0.49,2026-05-03,1635,N,nominal,2.0NRT,290.92,2.71,N
-17.29965,124.6967,329.5,0.51,0.49,2026-05-03,1635,N,nominal,2.0NRT,290.31,2.71,N
-17.30057,124.70149,317.21,0.51,0.49,2026-05-03,1635,N,nominal,2.0NRT,290.02,2.71,N
-17.25351,124.43076,309.65,0.53,0.5,2026-05-03,1635,N,nominal,2.0NRT,290.17,1.2,N
-17.25447,124.4358,302.08,0.53,0.5,2026-05-03,1635,N,nominal,2.0NRT,290.88,1.2,N
-17.29573,124.70045,315.8,0.51,0.49,2026-05-03,1635,N,nominal,2.0NRT,290.69,1.54,N
-17.30026,124.69947,340.73,0.51,0.49,2026-05-03,1635,N,nominal,2.0NRT,291.28,4.75,N
-17.25225,124.43443,305.22,0.53,0.5,2026-05-03,1635,N,nominal,2.0NRT,290.65,1.02,N
-17.25687,124.43341,306.33,0.53,0.5,2026-05-03,1635,N,nominal,2.0NRT,290.33,1.09,N
-17.26148,124.4324,301.01,0.53,0.5,2026-05-03,1635,N,nominal,2.0NRT,290.37,1.09,N
-17.2671,124.43645,320.9,0.53,0.5,2026-05-03,1635,N,nominal,2.0NRT,291.91,2.56,N
-17.27172,124.43546,312.45,0.53,0.5,2026-05-03,1635,N,nominal,2.0NRT,290.95,2.56,N
-17.27272,124.44048,305.28,0.53,0.5,2026-05-03,1635,N,nominal,2.0NRT,291.46,1.86,N
-17.28916,124.4993,338.01,0.52,0.5,2026-05-03,1635,N,nominal,2.0NRT,292.92,4.4,N
-17.27734,124.43951,318.75,0.53,0.5,2026-05-03,1635,N,nominal,2.0NRT,291.38,2.6,N
-17.29376,124.4983,329.89,0.52,0.5,2026-05-03,1635,N,nominal,2.0NRT,290.58,4.4,N
-17.29473,124.5032,311.93,0.52,0.5,2026-05-03,1635,N,nominal,2.0NRT,290.83,4.4,N
-17.29351,124.39937,305.91,0.53,0.5,2026-05-03,1635,N,nominal,2.0NRT,289.71,0.81,N
-17.3092,124.47931,302.05,0.52,0.5,2026-05-03,1635,N,nominal,2.0NRT,290.68,1.09,N
-17.29912,124.40337,312.86,0.53,0.5,2026-05-03,1635,N,nominal,2.0NRT,290.13,1.47,N
-17.3001,124.40839,311.02,0.53,0.5,2026-05-03,1635,N,nominal,2.0NRT,289.91,1.47,N
-17.40222,124.59519,301.03,0.51,0.5,2026-05-03,1635,N,nominal,2.0NRT,290.18,0.59,N
-17.40318,124.60005,316.19,0.51,0.5,2026-05-03,1635,N,nominal,2.0NRT,291.33,1.9,N
-17.40414,124.60492,308.25,0.51,0.49,2026-05-03,1635,N,nominal,2.0NRT,291.69,1.9,N
-17.4087,124.60394,321.8,0.51,0.49,2026-05-03,1635,N,nominal,2.0NRT,291.59,1.89,N
-17.41326,124.60297,304.01,0.51,0.49,2026-05-03,1635,N,nominal,2.0NRT,290.63,1.89,N
-17.41519,124.61273,306.08,0.51,0.49,2026-05-03,1635,N,nominal,2.0NRT,291.62,1.46,N
-17.37867,124.18282,321.65,0.55,0.51,2026-05-03,1635,N,nominal,2.0NRT,292.56,3.85,N
-17.38133,124.17147,313.08,0.55,0.51,2026-05-03,1635,N,nominal,2.0NRT,292.8,1.38,N
-17.38601,124.17045,304.09,0.55,0.51,2026-05-03,1635,N,nominal,2.0NRT,292.35,1.38,N
-17.38703,124.17563,304.13,0.55,0.51,2026-05-03,1635,N,nominal,2.0NRT,292.44,0.62,N
-17.80216,125.84387,321.59,0.42,0.45,2026-05-03,1635,N,nominal,2.0NRT,292.46,2.58,N
-17.82351,125.81856,303.23,0.42,0.45,2026-05-03,1635,N,nominal,2.0NRT,290.45,0.53,N
-17.84618,125.84705,301.21,0.42,0.45,2026-05-03,1635,N,nominal,2.0NRT,289.88,0.93,N
-17.84692,125.85104,303.46,0.42,0.45,2026-05-03,1635,N,nominal,2.0NRT,289.22,0.49,N
-17.84596,125.84736,301.8,0.42,0.45,2026-05-03,1635,N,nominal,2.0NRT,289.81,0.56,N
-17.84673,125.85136,300.86,0.42,0.45,2026-05-03,1635,N,nominal,2.0NRT,289.43,0.27,N
-17.53584,123.83024,324.66,0.57,0.52,2026-05-03,1635,N,nominal,2.0NRT,292.8,3.21,N
-17.54062,123.82922,317.8,0.57,0.52,2026-05-03,1635,N,nominal,2.0NRT,292.24,1.61,N
-17.54169,123.83463,303.81,0.57,0.52,2026-05-03,1635,N,nominal,2.0NRT,291.98,1.61,N
-17.5454,123.82819,315.14,0.57,0.52,2026-05-03,1635,N,nominal,2.0NRT,292.13,1.61,N
-17.55018,123.82713,324.91,0.57,0.52,2026-05-03,1635,N,nominal,2.0NRT,292.01,2.36,N
-17.55124,123.83256,317.81,0.57,0.52,2026-05-03,1635,N,nominal,2.0NRT,292.21,2.36,N
-17.55602,123.8315,305.62,0.57,0.52,2026-05-03,1635,N,nominal,2.0NRT,291.46,2.36,N
-17.5499,123.83114,335.46,0.57,0.52,2026-05-03,1635,N,nominal,2.0NRT,292.85,2.96,N
-17.55468,123.83009,309.53,0.57,0.52,2026-05-03,1635,N,nominal,2.0NRT,291.54,2.96,N
-17.65116,123.81416,308.54,0.57,0.52,2026-05-03,1635,N,nominal,2.0NRT,291.56,1.67,N
-17.65437,123.83043,302.69,0.57,0.52,2026-05-03,1635,N,nominal,2.0NRT,292,1.54,N
-17.65593,123.81311,308.29,0.57,0.52,2026-05-03,1635,N,nominal,2.0NRT,291.13,1.67,N
-17.657,123.81853,308.33,0.57,0.52,2026-05-03,1635,N,nominal,2.0NRT,291.99,1.46,N
-17.66177,123.81747,312.46,0.57,0.52,2026-05-03,1635,N,nominal,2.0NRT,291.83,1.46,N
-17.66284,123.8229,304.85,0.57,0.52,2026-05-03,1635,N,nominal,2.0NRT,291.73,1.46,N
-17.66497,123.83373,303.17,0.57,0.52,2026-05-03,1635,N,nominal,2.0NRT,291.92,1.48,N
-17.66709,123.84455,310.04,0.57,0.52,2026-05-03,1635,N,nominal,2.0NRT,292.25,2.71,N
-17.66761,123.82185,313.18,0.57,0.52,2026-05-03,1635,N,nominal,2.0NRT,291.87,1.46,N
-17.67238,123.82082,310.01,0.57,0.52,2026-05-03,1635,N,nominal,2.0NRT,291.68,1.46,N
-17.67822,123.82523,303.25,0.57,0.52,2026-05-03,1635,N,nominal,2.0NRT,291.88,1.39,N
-17.8819,124.88217,306.3,0.48,0.48,2026-05-03,1635,N,nominal,2.0NRT,291.43,0.99,N
-17.68404,123.82964,307.91,0.57,0.52,2026-05-03,1635,N,nominal,2.0NRT,291.85,1.39,N
-17.7121,123.97377,317.04,0.55,0.51,2026-05-03,1635,N,nominal,2.0NRT,291.66,2.15,N
-17.65426,123.81226,310.08,0.57,0.52,2026-05-03,1635,N,nominal,2.0NRT,291.02,1.79,N
-17.65537,123.81767,310.5,0.57,0.52,2026-05-03,1635,N,nominal,2.0NRT,292.14,1.79,N
-17.65868,123.83387,304.41,0.57,0.52,2026-05-03,1635,N,nominal,2.0NRT,292.14,2.06,N
-17.66014,123.81662,312.74,0.57,0.52,2026-05-03,1635,N,nominal,2.0NRT,291.58,1.79,N
-17.66125,123.82203,305.11,0.57,0.52,2026-05-03,1635,N,nominal,2.0NRT,291.64,1.54,N
-17.66565,123.84361,312.34,0.57,0.52,2026-05-03,1635,N,nominal,2.0NRT,292.21,1.56,N
-17.66602,123.821,313.98,0.57,0.52,2026-05-03,1635,N,nominal,2.0NRT,292.11,3.41,N
-17.67518,123.84158,305.57,0.57,0.52,2026-05-03,1635,N,nominal,2.0NRT,291.93,1.24,N
-17.88329,124.87978,303.13,0.48,0.48,2026-05-03,1635,N,nominal,2.0NRT,291.05,1.09,N
-17.67666,123.82435,307.67,0.57,0.52,2026-05-03,1635,N,nominal,2.0NRT,291.83,2.33,N
-17.68253,123.82875,310.16,0.57,0.52,2026-05-03,1635,N,nominal,2.0NRT,291.94,1.34,N
-17.71162,123.97253,314.1,0.55,0.51,2026-05-03,1635,N,nominal,2.0NRT,291.62,1.53,N
-17.78537,123.92171,302.44,0.56,0.51,2026-05-03,1635,N,nominal,2.0NRT,291.25,1.26,N
-17.79222,123.93113,305.38,0.56,0.51,2026-05-03,1635,N,nominal,2.0NRT,290.97,0.66,N
-17.73948,122.99725,306.41,0.32,0.55,2026-05-03,1635,N,nominal,2.0NRT,292.22,0.5,N
-17.7445,122.99615,309.65,0.32,0.55,2026-05-03,1635,N,nominal,2.0NRT,292.15,0.72,N
-17.78744,123.12878,302.09,0.63,0.54,2026-05-03,1635,N,nominal,2.0NRT,290.84,1.45,N
-17.78866,123.13472,304.04,0.62,0.54,2026-05-03,1635,N,nominal,2.0NRT,291.1,1.45,N
-17.78168,123.0496,306.11,0.63,0.54,2026-05-03,1635,N,nominal,2.0NRT,291.53,2.02,N
-17.78051,123.01829,303.61,0.64,0.54,2026-05-03,1635,N,nominal,2.0NRT,292.08,1.27,N
-17.78909,123.06034,302.99,0.63,0.54,2026-05-03,1635,N,nominal,2.0NRT,291.58,2.42,N
-17.80236,123.12544,302.6,0.63,0.54,2026-05-03,1635,N,nominal,2.0NRT,290.91,0.93,N
-18.2584,124.82388,342.74,0.48,0.48,2026-05-03,1637,N,nominal,2.0NRT,293.45,6.83,N
-18.7167,121.75644,322.93,0.37,0.58,2026-05-03,1637,N,nominal,2.0NRT,290.64,1.66,N
-18.71444,121.7458,307.47,0.37,0.58,2026-05-03,1637,N,nominal,2.0NRT,290.47,1,N
-18.71594,121.75288,307.77,0.37,0.58,2026-05-03,1637,N,nominal,2.0NRT,290.63,1.71,N
-18.7153,121.72345,340.77,0.37,0.58,2026-05-03,1637,N,nominal,2.0NRT,292.28,3.06,N
-18.72202,121.75521,329.01,0.37,0.58,2026-05-03,1637,N,nominal,2.0NRT,290.83,1.7,N
-18.71456,121.71994,308.63,0.37,0.58,2026-05-03,1637,N,nominal,2.0NRT,290.78,3.06,N
-18.72051,121.74808,313.75,0.37,0.58,2026-05-03,1637,N,nominal,2.0NRT,291.05,2.95,N
-18.72127,121.75166,318.84,0.37,0.58,2026-05-03,1637,N,nominal,2.0NRT,290.98,2.95,N
-18.72277,121.75875,308.34,0.37,0.58,2026-05-03,1637,N,nominal,2.0NRT,290.05,1.7,N
-18.71313,121.68672,324.62,0.37,0.58,2026-05-03,1637,N,nominal,2.0NRT,290.29,2.09,N
-18.72065,121.72225,329.4,0.37,0.58,2026-05-03,1637,N,nominal,2.0NRT,290.99,3.06,N
-18.72138,121.72575,345.43,0.37,0.58,2026-05-03,1637,N,nominal,2.0NRT,291.88,3.29,N
-18.72659,121.75037,344.52,0.37,0.58,2026-05-03,1637,N,nominal,2.0NRT,291.54,2.95,N
-18.72212,121.72923,310.57,0.37,0.58,2026-05-03,1637,N,nominal,2.0NRT,290.89,3.29,N
-18.72734,121.75393,312.42,0.37,0.58,2026-05-03,1637,N,nominal,2.0NRT,290.32,1.7,N
-18.72809,121.75748,316.87,0.37,0.58,2026-05-03,1637,N,nominal,2.0NRT,290.84,1.7,N
-18.72884,121.76103,306.98,0.37,0.58,2026-05-03,1637,N,nominal,2.0NRT,290.32,1.09,N
-18.7282,121.7315,331.7,0.37,0.58,2026-05-03,1637,N,nominal,2.0NRT,291.47,2.17,N
-18.73414,121.75972,320.99,0.37,0.58,2026-05-03,1637,N,nominal,2.0NRT,290.62,1.59,N
-18.72893,121.73499,306.44,0.37,0.58,2026-05-03,1637,N,nominal,2.0NRT,290.44,2.17,N
-18.73488,121.76323,319.63,0.37,0.58,2026-05-03,1637,N,nominal,2.0NRT,290.66,1.59,N
-18.73426,121.73376,326.36,0.37,0.58,2026-05-03,1637,N,nominal,2.0NRT,290.88,2.17,N
-18.735,121.73725,335.43,0.37,0.58,2026-05-03,1637,N,nominal,2.0NRT,291.88,2.77,N
-18.73574,121.74078,330.23,0.37,0.58,2026-05-03,1637,N,nominal,2.0NRT,291.32,2.77,N
-18.74254,121.74658,332.14,0.37,0.58,2026-05-03,1637,N,nominal,2.0NRT,291.28,2.25,N
-18.74107,121.73954,316.01,0.37,0.58,2026-05-03,1637,N,nominal,2.0NRT,290.23,1.95,N
-18.74181,121.74306,316.22,0.37,0.58,2026-05-03,1637,N,nominal,2.0NRT,290.65,2.25,N
-18.74329,121.75013,312.14,0.37,0.58,2026-05-03,1637,N,nominal,2.0NRT,290.55,1.15,N
-18.74403,121.75364,313.73,0.37,0.58,2026-05-03,1637,N,nominal,2.0NRT,290.44,1.15,N
-18.74936,121.75245,308.16,0.37,0.58,2026-05-03,1637,N,nominal,2.0NRT,290.11,1.15,N
-20.15619,127.91135,328.37,0.46,0.39,2026-05-03,1637,N,nominal,2.0NRT,291.86,3.67,N
-20.15696,127.91574,314.41,0.46,0.39,2026-05-03,1637,N,nominal,2.0NRT,291.42,3.87,N
-20.16056,127.91502,334.29,0.46,0.39,2026-05-03,1637,N,nominal,2.0NRT,292.24,3.87,N
-20.16132,127.91939,327.12,0.46,0.39,2026-05-03,1637,N,nominal,2.0NRT,291.68,3.87,N
-28.7412,115.05877,297.24,0.43,0.62,2026-05-03,1819,N,nominal,2.0NRT,283.43,0.59,N
-28.85186,115.39201,300.27,0.45,0.63,2026-05-03,1819,N,nominal,2.0NRT,282.12,0.8,N
-30.23219,115.17706,329.81,0.45,0.63,2026-05-03,1819,N,nominal,2.0NRT,284.09,3.23,N
-30.23814,115.17683,320.91,0.45,0.63,2026-05-03,1819,N,nominal,2.0NRT,282.17,3.14,N
-30.23845,115.18136,307.52,0.45,0.63,2026-05-03,1819,N,nominal,2.0NRT,281.36,1.82,N
-30.235,115.17815,346.64,0.45,0.63,2026-05-03,1819,N,nominal,2.0NRT,284.6,3.33,N
-30.23472,115.17356,299.1,0.45,0.63,2026-05-03,1819,N,nominal,2.0NRT,282.11,3.33,N
-33.19845,115.85135,295.47,0.52,0.67,2026-05-03,1819,N,nominal,2.0NRT,282.36,0.55,N
-20.61382,116.76849,353.23,0.45,0.63,2026-05-03,1815,N,nominal,2.0NRT,292.16,6.48,N
-20.61219,116.76954,331.15,0.45,0.63,2026-05-03,1815,N,nominal,2.0NRT,291.3,3.01,N
-20.61811,116.76905,343.02,0.45,0.63,2026-05-03,1815,N,nominal,2.0NRT,290.8,4.04,N
-20.79265,115.44556,318.41,0.37,0.58,2026-05-03,1815,N,nominal,2.0NRT,291.8,1.73,N
-21.69707,114.99751,313.92,0.36,0.57,2026-05-03,1815,N,nominal,2.0NRT,291.33,1.51,N
-21.69743,115.00101,307.95,0.36,0.57,2026-05-03,1815,N,nominal,2.0NRT,291.76,0.9,N
-39.90019,176.60948,338.37,0.57,0.52,2026-05-04,0137,N,nominal,2.0NRT,291.02,11.08,D
-39.90063,176.60289,351.45,0.57,0.52,2026-05-04,0137,N,nominal,2.0NRT,289.94,6.61,D
-39.89572,176.60258,338.38,0.57,0.52,2026-05-04,0137,N,nominal,2.0NRT,290.73,6.61,D
-39.89386,176.60155,337.72,0.57,0.52,2026-05-04,0137,N,nominal,2.0NRT,290.09,5.68,D
-38.06401,175.63324,332.59,0.62,0.54,2026-05-04,0137,N,nominal,2.0NRT,289.31,4.94,D
-38.06053,175.63431,327.57,0.62,0.54,2026-05-04,0137,N,nominal,2.0NRT,287.89,4.2,D
-37.82738,174.88704,325.87,0.34,0.56,2026-05-04,0137,N,nominal,2.0NRT,290.13,2.41,D
-37.82215,174.88593,356.21,0.34,0.56,2026-05-04,0137,N,nominal,2.0NRT,290.44,2.41,D
-46.3654,168.7146,336.74,0.48,0.4,2026-05-04,0317,N,nominal,2.0NRT,286.03,5.87,D
-46.13257,168.11163,329.99,0.46,0.39,2026-05-04,0317,N,nominal,2.0NRT,288.83,2.98,D
-45.87107,168.86517,327.6,0.5,0.41,2026-05-04,0317,N,nominal,2.0NRT,286.07,3.64,D
-45.49043,167.72348,325.76,0.46,0.39,2026-05-04,0317,N,nominal,2.0NRT,285.75,2.77,D
-44.82419,169.50061,332.06,0.55,0.43,2026-05-04,0317,N,nominal,2.0NRT,289.69,2.67,D
-41.13702,176.00189,367,0.44,0.63,2026-05-04,0317,N,high,2.0NRT,291.59,20.57,D
-39.8975,176.60982,354.39,0.51,0.66,2026-05-04,0319,N,nominal,2.0NRT,289.81,7.92,D
-39.89946,176.60339,340.77,0.51,0.66,2026-05-04,0319,N,nominal,2.0NRT,288.29,10.31,D
-39.89174,176.60631,330.64,0.51,0.66,2026-05-04,0319,N,nominal,2.0NRT,288.11,7.92,D
-40.03175,175.98909,367,0.48,0.64,2026-05-04,0319,N,high,2.0NRT,291.49,11.14,D
-40.03315,175.98444,348.92,0.48,0.64,2026-05-04,0319,N,nominal,2.0NRT,288.64,11.14,D
-40.03101,175.991,367,0.48,0.64,2026-05-04,0319,N,high,2.0NRT,290.33,11.95,D
-40.03236,175.98642,367,0.48,0.64,2026-05-04,0319,N,high,2.0NRT,292.08,11.95,D
-38.91868,175.60461,334.16,0.49,0.65,2026-05-04,0319,N,nominal,2.0NRT,286.71,3.8,D
-38.31898,174.90004,331.01,0.47,0.64,2026-05-04,0319,N,nominal,2.0NRT,288.53,2.7,D
-38.31773,174.90031,338.02,0.47,0.64,2026-05-04,0319,N,nominal,2.0NRT,289.05,3.81,D
-41.80903,147.29489,325.71,0.47,0.64,2026-05-04,0317,N,nominal,2.0NRT,281.75,8.29,D
-41.80918,147.28889,351.19,0.47,0.64,2026-05-04,0317,N,nominal,2.0NRT,283.68,6.88,D
-37.29874,148.23022,339.28,0.39,0.59,2026-05-04,0319,N,nominal,2.0NRT,289.82,4.24,D
-37.29628,148.23187,328.8,0.39,0.59,2026-05-04,0319,N,nominal,2.0NRT,289.22,3.89,D
-34.30746,146.0596,335.67,0.49,0.65,2026-05-04,0319,N,nominal,2.0NRT,291.23,3.28,D
-34.30931,146.05737,330.1,0.49,0.65,2026-05-04,0319,N,nominal,2.0NRT,291.11,2,D
-33.48434,145.55545,327.13,0.51,0.66,2026-05-04,0319,N,nominal,2.0NRT,291.71,2.14,D
-32.62481,152.10257,342.92,0.43,0.46,2026-05-04,0319,N,nominal,2.0NRT,294.88,15.66,D
-30.64777,151.33148,329.83,0.45,0.47,2026-05-04,0321,N,nominal,2.0NRT,297.29,3.45,D
-28.66863,149.93935,350.55,0.51,0.5,2026-05-04,0321,N,nominal,2.0NRT,299.15,11.25,D
-28.66913,149.93398,351.99,0.51,0.5,2026-05-04,0321,N,nominal,2.0NRT,298.31,6.91,D
-28.66399,149.93877,337.78,0.51,0.5,2026-05-04,0321,N,nominal,2.0NRT,299.58,8.15,D
-28.66449,149.9334,357.15,0.51,0.5,2026-05-04,0321,N,nominal,2.0NRT,301.35,8.5,D
-28.665,149.92804,340.37,0.51,0.5,2026-05-04,0321,N,nominal,2.0NRT,299.99,8.5,D
-28.67021,149.93881,335.87,0.51,0.49,2026-05-04,0321,N,nominal,2.0NRT,298.26,9.58,D
-28.66612,149.93289,367,0.51,0.5,2026-05-04,0321,N,high,2.0NRT,302.4,9.58,D
-28.66504,149.9436,339.98,0.51,0.49,2026-05-04,0321,N,nominal,2.0NRT,299.69,8.11,D
-28.66558,149.93825,345.04,0.51,0.49,2026-05-04,0321,N,nominal,2.0NRT,299.54,9.58,D
-28.57255,150.12453,349.47,0.5,0.49,2026-05-04,0321,N,nominal,2.0NRT,302.16,24.06,D
-27.89188,150.1498,342.45,0.49,0.48,2026-05-04,0321,N,nominal,2.0NRT,303.06,7.67,D
-27.88735,150.14922,349.49,0.49,0.48,2026-05-04,0321,N,nominal,2.0NRT,303,7.67,D
-27.89129,150.15196,341.61,0.49,0.48,2026-05-04,0321,N,nominal,2.0NRT,302.92,4.96,D
-27.88677,150.15141,342.03,0.49,0.48,2026-05-04,0321,N,nominal,2.0NRT,302.86,5.95,D
-28.00436,148.64922,332.84,0.6,0.53,2026-05-04,0321,N,nominal,2.0NRT,294.97,5.37,D
-27.99882,148.65492,350.39,0.6,0.53,2026-05-04,0321,N,nominal,2.0NRT,296.15,14.44,D
-27.99939,148.64865,331.71,0.6,0.53,2026-05-04,0321,N,nominal,2.0NRT,294.93,5.37,D
-27.34378,150.3015,331.05,0.47,0.48,2026-05-04,0321,N,nominal,2.0NRT,304.38,2.47,D
-27.3443,150.29665,331.38,0.47,0.48,2026-05-04,0321,N,nominal,2.0NRT,304.47,2.47,D
-27.10987,152.01616,332.07,0.56,0.43,2026-05-04,0321,N,nominal,2.0NRT,295.84,12.07,D
-26.59317,151.68941,353.82,0.38,0.44,2026-05-04,0321,N,nominal,2.0NRT,301.43,9.31,D
-25.24158,152.076,337.17,0.53,0.42,2026-05-04,0321,N,nominal,2.0NRT,301.6,8.42,D
-24.45744,148.34085,338.67,0.57,0.52,2026-05-04,0321,N,nominal,2.0NRT,297.11,10.56,D
-24.4602,148.33928,332.71,0.57,0.52,2026-05-04,0321,N,nominal,2.0NRT,296.56,7.15,D
-24.45475,148.34442,331.68,0.57,0.52,2026-05-04,0321,N,nominal,2.0NRT,296.81,11.9,D
-24.45593,148.33295,334.87,0.57,0.52,2026-05-04,0321,N,nominal,2.0NRT,299.87,6.21,D
-23.74699,151.2525,352.06,0.56,0.43,2026-05-04,0321,N,nominal,2.0NRT,300.13,16.56,D
-23.87449,149.15604,333.67,0.5,0.49,2026-05-04,0321,N,nominal,2.0NRT,293.39,5.91,D
-23.86991,149.15544,339.6,0.5,0.49,2026-05-04,0321,N,nominal,2.0NRT,296.22,5.76,D
-23.63748,151.13879,332.63,0.57,0.43,2026-05-04,0321,N,nominal,2.0NRT,299.32,4.16,D
-23.85019,149.16669,330.73,0.5,0.49,2026-05-04,0321,N,nominal,2.0NRT,295.52,6.23,D
-23.85071,149.16173,341.49,0.5,0.49,2026-05-04,0321,N,nominal,2.0NRT,296.42,6.23,D
-23.85225,149.14674,340.62,0.5,0.49,2026-05-04,0321,N,nominal,2.0NRT,296.52,7.86,D
-23.85276,149.14185,339.26,0.5,0.49,2026-05-04,0321,N,nominal,2.0NRT,295.38,7.86,D
-23.63711,151.1368,330.07,0.57,0.43,2026-05-04,0321,N,nominal,2.0NRT,298.55,5.44,D
-23.85264,149.14429,367,0.5,0.49,2026-05-04,0321,N,high,2.0NRT,297.2,15.07,D
-23.85045,149.16415,349.83,0.5,0.49,2026-05-04,0321,N,nominal,2.0NRT,296.82,10.15,D
-22.47035,147.76007,332.11,0.59,0.53,2026-05-04,0323,N,low,2.0NRT,304.05,5.44,D
-19.12768,144.02014,332.1,0.47,0.64,2026-05-04,0323,N,nominal,2.0NRT,292.21,2.88,D
-18.14652,144.6581,327.9,0.42,0.61,2026-05-04,0323,N,nominal,2.0NRT,296.18,4.27,D
-18.14862,144.63774,336.6,0.42,0.61,2026-05-04,0323,N,nominal,2.0NRT,295.2,6.98,D
-17.62634,144.01588,330.25,0.45,0.63,2026-05-04,0323,N,low,2.0NRT,303.91,5.37,D
-17.62287,144.00722,331.04,0.45,0.63,2026-05-04,0325,N,low,2.0NRT,302.62,3.59,D
-11.87543,142.01974,332.97,0.52,0.67,2026-05-04,0325,N,nominal,2.0NRT,295.65,6.14,D
-10.09892,150.06712,331.41,0.46,0.39,2026-05-04,0325,N,nominal,2.0NRT,297.98,5.49,D
-10.01448,149.85266,339.45,0.47,0.4,2026-05-04,0325,N,nominal,2.0NRT,297.47,4.62,D
-37.00915,139.8271,354.1,0.51,0.41,2026-05-04,0459,N,nominal,2.0NRT,292.02,37.2,D
-37.0103,139.82141,353.94,0.51,0.41,2026-05-04,0459,N,nominal,2.0NRT,288.92,37.2,D
-42.51077,147.15512,331.59,0.56,0.52,2026-05-04,0457,N,nominal,2.0NRT,285.89,3.12,D
-37.01144,139.8157,344.78,0.51,0.41,2026-05-04,0459,N,nominal,2.0NRT,288.37,22.47,D
-37.00539,139.82596,353.95,0.51,0.41,2026-05-04,0459,N,nominal,2.0NRT,292.71,37.2,D
-37.00654,139.82025,347.26,0.51,0.41,2026-05-04,0459,N,nominal,2.0NRT,297.49,37.2,D
-42.50441,147.15979,332.45,0.56,0.52,2026-05-04,0457,N,nominal,2.0NRT,287.73,9.36,D
-15.94871,125.93721,339.7,0.46,0.39,2026-05-04,0506,N,nominal,2.0NRT,297.4,6.02,D
-37.00768,139.81456,337.86,0.51,0.41,2026-05-04,0459,N,nominal,2.0NRT,292.28,22.47,D
-37.00278,139.81909,367,0.51,0.41,2026-05-04,0459,N,high,2.0NRT,290.38,13.45,D
-37.29756,148.23297,330.36,0.43,0.62,2026-05-04,0459,N,nominal,2.0NRT,287.91,5.05,D
-37.00163,139.82478,343.31,0.51,0.41,2026-05-04,0459,N,nominal,2.0NRT,288.06,13.45,D
-15.86888,126.08662,337.28,0.45,0.39,2026-05-04,0506,N,nominal,2.0NRT,299.65,19.55,D
-37.00392,139.81343,340.8,0.51,0.41,2026-05-04,0459,N,nominal,2.0NRT,285.82,7.75,D
-37.00431,139.82301,367,0.51,0.41,2026-05-04,0459,N,high,2.0NRT,292.28,15.23,D
-17.55592,132.7995,330.45,0.46,0.39,2026-05-04,0506,N,nominal,2.0NRT,299.53,2.24,D
-37.00319,139.82872,336.55,0.51,0.41,2026-05-04,0459,N,nominal,2.0NRT,286.06,15.23,D
-17.88221,129.67973,350.36,0.38,0.36,2026-05-04,0506,N,nominal,2.0NRT,300.79,8.27,D
-37.00542,139.81732,353.62,0.51,0.41,2026-05-04,0459,N,nominal,2.0NRT,293.44,19.62,D
-18.16173,127.70503,337.85,0.41,0.37,2026-05-04,0506,N,nominal,2.0NRT,305.17,5.81,D
-37.00654,139.81161,327.51,0.51,0.41,2026-05-04,0459,N,nominal,2.0NRT,286.08,19.62,D
-17.30627,132.75153,333.7,0.46,0.39,2026-05-04,0506,N,nominal,2.0NRT,299.88,3.37,D
-37.00055,139.82185,328.06,0.51,0.41,2026-05-04,0459,N,nominal,2.0NRT,286.51,15.23,D
-17.30777,132.74284,335.94,0.46,0.39,2026-05-04,0506,N,nominal,2.0NRT,300.32,3.34,D
-37.00167,139.81615,348.82,0.51,0.41,2026-05-04,0459,N,nominal,2.0NRT,285.98,19.62,D
-18.73925,121.73126,334.31,0.58,0.52,2026-05-04,0506,N,low,2.0NRT,304.73,4.73,D
-34.90406,147.14958,340.5,0.44,0.62,2026-05-04,0459,N,nominal,2.0NRT,287.83,9.21,D
-18.73495,121.72507,341.55,0.59,0.52,2026-05-04,0506,N,nominal,2.0NRT,305.18,4.73,D
-34.90533,147.14487,347.91,0.44,0.62,2026-05-04,0459,N,nominal,2.0NRT,287.71,7.06,D
-18.72581,121.76397,346.91,0.58,0.52,2026-05-04,0506,N,nominal,2.0NRT,305.71,6.11,D
-34.9066,147.14018,345.7,0.44,0.62,2026-05-04,0459,N,nominal,2.0NRT,288.9,7.06,D
-18.73066,121.71883,339.55,0.59,0.53,2026-05-04,0506,N,nominal,2.0NRT,305.14,4.78,D
-34.95437,137.51151,325.37,0.44,0.38,2026-05-04,0501,N,nominal,2.0NRT,288.72,1.79,D
-18.72093,121.76335,341.54,0.58,0.52,2026-05-04,0506,N,nominal,2.0NRT,304.12,6.11,D
-34.93052,137.45953,332.07,0.44,0.38,2026-05-04,0501,N,nominal,2.0NRT,291.6,2.94,D
-18.72637,121.71255,336.92,0.59,0.53,2026-05-04,0506,N,nominal,2.0NRT,304.66,4.78,D
-34.9285,137.46107,341.79,0.44,0.38,2026-05-04,0501,N,nominal,2.0NRT,292.14,5.86,D
-18.74215,121.73512,333.44,0.58,0.52,2026-05-04,0506,N,low,2.0NRT,305.63,3.26,D
-35.00402,137.03799,356.29,0.43,0.38,2026-05-04,0501,N,nominal,2.0NRT,294.48,16.41,D
-18.7379,121.72891,334.44,0.58,0.52,2026-05-04,0506,N,low,2.0NRT,304.72,3.26,D
-34.91968,137.46881,336.66,0.44,0.38,2026-05-04,0501,N,nominal,2.0NRT,291.73,3.42,D
-18.73301,121.72832,333.4,0.58,0.52,2026-05-04,0506,N,low,2.0NRT,307.36,7.72,D
-34.09158,141.01408,325.08,0.43,0.46,2026-05-04,0501,N,nominal,2.0NRT,289.43,1.72,D
-18.73365,121.72272,343.01,0.58,0.52,2026-05-04,0506,N,nominal,2.0NRT,305.24,5.52,D
-18.72423,121.76157,343.38,0.58,0.52,2026-05-04,0506,N,nominal,2.0NRT,306.57,14.57,D
-32.23106,117.04515,334.92,0.76,0.77,2026-05-04,0501,N,nominal,2.0NRT,289.8,9.44,D
-18.7294,121.71648,337.26,0.59,0.52,2026-05-04,0506,N,nominal,2.0NRT,304.89,5.52,D
-32.23127,117.03648,336.56,0.76,0.77,2026-05-04,0501,N,nominal,2.0NRT,287.9,6.63,D
-18.72515,121.71019,334.55,0.59,0.53,2026-05-04,0506,N,nominal,2.0NRT,304.37,4.88,D
-32.23187,117.04124,351.91,0.76,0.77,2026-05-04,0501,N,nominal,2.0NRT,290.85,10.3,D
-18.7209,121.70387,334.58,0.59,0.53,2026-05-04,0506,N,nominal,2.0NRT,303.98,4.88,D
-32.22454,117.04112,329.8,0.76,0.77,2026-05-04,0501,N,nominal,2.0NRT,288.76,4.07,D
-18.66678,121.78851,330.45,0.58,0.52,2026-05-04,0506,N,low,2.0NRT,305.18,5.57,D
-32.01014,119.25481,341.12,0.57,0.69,2026-05-04,0501,N,nominal,2.0NRT,294.11,9.12,D
-18.66741,121.78289,343.77,0.58,0.52,2026-05-04,0506,N,nominal,2.0NRT,303.89,6.99,D
-32.00388,119.24819,332.89,0.57,0.69,2026-05-04,0501,N,nominal,2.0NRT,294.13,8.02,D
-17.14928,132.40248,333.91,0.45,0.39,2026-05-04,0506,N,nominal,2.0NRT,296.21,2.97,D
-32.00417,119.24189,345.13,0.57,0.69,2026-05-04,0501,N,nominal,2.0NRT,295.18,8.02,D
-17.11,132.61026,334.93,0.46,0.39,2026-05-04,0506,N,nominal,2.0NRT,296.87,15.19,D
-32.00445,119.23561,337.43,0.57,0.69,2026-05-04,0501,N,nominal,2.0NRT,294.76,6.19,D
-17.10639,132.60962,342.05,0.46,0.39,2026-05-04,0506,N,nominal,2.0NRT,303.43,15.19,D
-32.06551,116.93562,338.83,0.77,0.77,2026-05-04,0501,N,nominal,2.0NRT,292.11,7.49,D
-17.10279,132.60896,342.93,0.46,0.39,2026-05-04,0506,N,nominal,2.0NRT,293.96,14.37,D
-32.05816,116.93536,355.89,0.77,0.77,2026-05-04,0501,N,nominal,2.0NRT,294.8,7.49,D
-17.10546,132.61029,338.3,0.46,0.39,2026-05-04,0506,N,nominal,2.0NRT,304.07,32.68,D
-32.06642,116.93593,329.64,0.77,0.77,2026-05-04,0501,N,nominal,2.0NRT,291.83,11.27,D
-17.09103,132.60762,343.24,0.46,0.39,2026-05-04,0506,N,nominal,2.0NRT,304.58,39.13,D
-32.05907,116.93571,367,0.77,0.77,2026-05-04,0501,N,high,2.0NRT,294.82,11.27,D
-17.08743,132.60695,343.81,0.46,0.39,2026-05-04,0506,N,nominal,2.0NRT,300.49,39.13,D
-31.93871,117.76434,329.9,0.69,0.74,2026-05-04,0501,N,nominal,2.0NRT,292.74,3.81,D
-17.08382,132.60629,367,0.46,0.39,2026-05-04,0506,N,high,2.0NRT,302.75,13.68,D
-31.85616,117.33332,367,0.73,0.76,2026-05-04,0501,N,high,2.0NRT,294.37,12.83,D
-17.0831,132.61058,332.25,0.46,0.39,2026-05-04,0506,N,nominal,2.0NRT,297.64,13.68,D
-31.84894,117.33354,343.22,0.73,0.76,2026-05-04,0501,N,nominal,2.0NRT,292.72,7.77,D
-17.08455,132.60197,344.67,0.46,0.39,2026-05-04,0506,N,nominal,2.0NRT,318.3,67.4,D
-31.84917,117.32571,333.84,0.73,0.76,2026-05-04,0501,N,nominal,2.0NRT,291.61,7.77,D
-17.08022,132.60562,342.21,0.46,0.39,2026-05-04,0506,N,nominal,2.0NRT,299.18,13.68,D
-31.84775,117.32929,367,0.73,0.76,2026-05-04,0501,N,high,2.0NRT,293.77,10.87,D
-17.08094,132.60132,350.21,0.46,0.39,2026-05-04,0506,N,nominal,2.0NRT,299.55,67.4,D
-31.41699,118.77648,335.38,0.6,0.7,2026-05-04,0501,N,nominal,2.0NRT,293.79,8.41,D
-18.22895,124.82406,348.67,0.56,0.43,2026-05-04,0506,N,nominal,2.0NRT,306.12,7.51,D
-31.41728,118.77009,336.93,0.6,0.7,2026-05-04,0501,N,nominal,2.0NRT,294.08,5.64,D
-17.00364,132.77075,332.86,0.47,0.39,2026-05-04,0506,N,nominal,2.0NRT,291.57,30.36,D
-31.41757,118.7636,334.93,0.6,0.7,2026-05-04,0501,N,nominal,2.0NRT,293.89,5.64,D
-17.00439,132.76636,331.36,0.47,0.39,2026-05-04,0506,N,nominal,2.0NRT,293.66,4.82,D
-31.41032,118.77617,342.36,0.6,0.7,2026-05-04,0501,N,nominal,2.0NRT,295.23,12.15,D
-17.0015,132.76132,339.32,0.47,0.39,2026-05-04,0506,N,nominal,2.0NRT,292.35,4.82,D
-31.4106,118.76979,339.58,0.6,0.7,2026-05-04,0501,N,nominal,2.0NRT,293.98,8.82,D
-17.56588,128.3591,340.53,0.39,0.36,2026-05-04,0506,N,nominal,2.0NRT,304.06,2.99,D
-26.76042,147.67244,327.97,0.74,0.76,2026-05-04,0501,N,nominal,2.0NRT,286.38,14.76,D
-17.54204,128.44263,336.45,0.39,0.36,2026-05-04,0506,N,low,2.0NRT,307.6,4.27,D
-31.38716,116.79793,335.22,0.77,0.78,2026-05-04,0501,N,nominal,2.0NRT,294.96,5.05,D
-17.53867,128.44208,350.66,0.39,0.36,2026-05-04,0506,N,nominal,2.0NRT,307.51,9.43,D
-26.76617,147.67123,339.09,0.74,0.76,2026-05-04,0501,N,nominal,2.0NRT,287.18,7.19,D
-26.75921,147.66879,327.72,0.74,0.76,2026-05-04,0501,N,nominal,2.0NRT,285.73,7.19,D
-17.54198,128.41982,330.39,0.39,0.36,2026-05-04,0506,N,low,2.0NRT,302.99,2.27,D
-31.38859,116.79823,333.82,0.77,0.77,2026-05-04,0501,N,nominal,2.0NRT,294.77,5.95,D
-17.88787,124.8824,332.86,0.55,0.42,2026-05-04,0506,N,low,2.0NRT,306.39,3.91,D
-30.19223,117.01592,336.88,0.74,0.76,2026-05-04,0501,N,nominal,2.0NRT,296.37,6.18,D
-17.88325,124.88707,347.55,0.55,0.42,2026-05-04,0506,N,nominal,2.0NRT,308.87,18.18,D
-22.30591,132.28181,343.08,0.4,0.37,2026-05-04,0504,N,nominal,2.0NRT,305.74,3.02,D
-17.88134,124.87083,353.08,0.55,0.42,2026-05-04,0506,N,nominal,2.0NRT,307.04,13.55,D
-22.30315,132.27727,346.39,0.4,0.37,2026-05-04,0504,N,nominal,2.0NRT,306.33,5.47,D
-17.87807,124.86505,342.41,0.55,0.42,2026-05-04,0506,N,nominal,2.0NRT,306.5,5.01,D
-22.29976,132.27664,347.53,0.4,0.37,2026-05-04,0504,N,nominal,2.0NRT,305.73,5.47,D
-17.87345,124.86971,337.91,0.55,0.42,2026-05-04,0506,N,nominal,2.0NRT,307.36,8.87,D
-22.26006,124.22623,342.77,0.45,0.47,2026-05-04,0504,N,nominal,2.0NRT,310.24,3.59,D
-17.87413,124.86448,333.16,0.55,0.42,2026-05-04,0506,N,low,2.0NRT,306.12,5.01,D
-22.25571,124.22562,342.65,0.45,0.47,2026-05-04,0504,N,nominal,2.0NRT,308.61,3.59,D
-17.03436,130.66554,335.89,0.4,0.37,2026-05-04,0506,N,nominal,2.0NRT,301.11,1.99,D
-21.64258,122.2266,348.47,0.59,0.53,2026-05-04,0506,N,nominal,2.0NRT,308.82,9.84,D
-17.03496,130.66182,330.11,0.4,0.37,2026-05-04,0506,N,nominal,2.0NRT,300.17,1.34,D
-21.64168,122.22447,342.18,0.59,0.53,2026-05-04,0506,N,nominal,2.0NRT,308.16,11.47,D
-17.03099,130.66496,334.1,0.4,0.37,2026-05-04,0506,N,nominal,2.0NRT,301.76,1.99,D
-21.64231,122.21865,340.99,0.59,0.53,2026-05-04,0506,N,nominal,2.0NRT,306.42,11.47,D
-17.02761,130.66437,340.98,0.4,0.37,2026-05-04,0506,N,nominal,2.0NRT,303.82,4.04,D
-21.63122,122.2756,331.28,0.59,0.52,2026-05-04,0506,N,low,2.0NRT,304.92,2.51,D
-17.02424,130.6638,339.84,0.4,0.37,2026-05-04,0506,N,nominal,2.0NRT,303.56,4.04,D
-21.63737,122.21818,344.92,0.59,0.53,2026-05-04,0506,N,nominal,2.0NRT,308.31,11.47,D
-17.33844,128.48541,334.97,0.39,0.36,2026-05-04,0506,N,nominal,2.0NRT,303.73,6.53,D
-21.638,122.21229,344.61,0.59,0.53,2026-05-04,0506,N,nominal,2.0NRT,309.82,23.85,D
-17.2884,128.69547,347.04,0.39,0.36,2026-05-04,0506,N,nominal,2.0NRT,305.8,5.01,D
-21.62631,122.27503,346.31,0.59,0.52,2026-05-04,0506,N,nominal,2.0NRT,307.24,4.64,D
-17.27951,128.70903,334.32,0.39,0.36,2026-05-04,0506,N,nominal,2.0NRT,301.68,1.7,D
-21.63307,122.2118,351.9,0.59,0.53,2026-05-04,0506,N,nominal,2.0NRT,307.19,25.52,D
-17.28006,128.70538,336.18,0.39,0.36,2026-05-04,0506,N,nominal,2.0NRT,303.01,3.59,D
-21.62141,122.27446,333.35,0.59,0.52,2026-05-04,0506,N,nominal,2.0NRT,304.07,4.64,D
-17.2806,128.70171,335.17,0.39,0.36,2026-05-04,0506,N,nominal,2.0NRT,304.5,3.59,D
-21.62938,122.19958,340.34,0.59,0.53,2026-05-04,0506,N,nominal,2.0NRT,302.94,2.61,D
-17.26617,128.72935,331.46,0.39,0.36,2026-05-04,0506,N,low,2.0NRT,304.69,3.54,D
-21.61711,122.26814,367,0.59,0.53,2026-05-04,0506,N,high,2.0NRT,311.57,15.14,D
-17.24615,128.74858,336.28,0.39,0.36,2026-05-04,0506,N,nominal,2.0NRT,304.34,3.64,D
-21.62446,122.19897,343.77,0.59,0.53,2026-05-04,0506,N,nominal,2.0NRT,306.93,7.01,D
-17.23843,128.77727,339.32,0.39,0.36,2026-05-04,0506,N,nominal,2.0NRT,303.27,4.21,D
-21.62508,122.19309,343.43,0.59,0.53,2026-05-04,0506,N,nominal,2.0NRT,304.75,7.01,D
-17.24062,128.76266,331.91,0.39,0.36,2026-05-04,0506,N,low,2.0NRT,303.13,1.68,D
-21.6122,122.26759,354.97,0.59,0.53,2026-05-04,0506,N,nominal,2.0NRT,306.29,15.14,D
-17.23235,128.79498,348.37,0.39,0.36,2026-05-04,0506,N,nominal,2.0NRT,309.93,20.83,D
-21.62015,122.1925,331.35,0.59,0.53,2026-05-04,0506,N,low,2.0NRT,305.35,7.01,D
-17.29028,128.40575,337.38,0.39,0.36,2026-05-04,0506,N,nominal,2.0NRT,308.05,4.73,D
-21.6073,122.267,341.41,0.59,0.53,2026-05-04,0506,N,nominal,2.0NRT,304.99,39.49,D
-17.2329,128.79132,302.54,0.39,0.36,2026-05-04,0506,N,low,2.0NRT,306.13,20.83,D
-21.61584,122.186,343.12,0.59,0.53,2026-05-04,0506,N,nominal,2.0NRT,305.69,4.24,D
-17.22792,128.80174,348.16,0.39,0.36,2026-05-04,0506,N,nominal,2.0NRT,302.65,22.03,D
-21.61646,122.18016,332.59,0.59,0.53,2026-05-04,0506,N,nominal,2.0NRT,302.16,4.24,D
-17.22846,128.7981,334.9,0.39,0.36,2026-05-04,0506,N,nominal,2.0NRT,304.08,22.03,D
-21.603,122.26067,342.74,0.59,0.53,2026-05-04,0506,N,nominal,2.0NRT,313.83,39.49,D
-17.28691,128.40523,339.31,0.39,0.36,2026-05-04,0506,N,nominal,2.0NRT,303.26,4.02,D
-21.61152,122.17956,337.9,0.59,0.53,2026-05-04,0506,N,nominal,2.0NRT,303.57,4.24,D
-17.22901,128.79443,367,0.39,0.36,2026-05-04,0506,N,low,2.0NRT,330.14,159.92,D
-21.59809,122.26006,341.94,0.59,0.53,2026-05-04,0506,N,nominal,2.0NRT,304.88,15.18,D
-17.22293,128.81215,333.38,0.39,0.36,2026-05-04,0506,N,nominal,2.0NRT,300.76,4.68,D
-21.5987,122.25432,344.83,0.59,0.53,2026-05-04,0506,N,nominal,2.0NRT,308.67,25.16,D
-17.22457,128.80119,335.69,0.39,0.36,2026-05-04,0506,N,nominal,2.0NRT,300.86,22.03,D
-21.60476,122.19644,345.05,0.59,0.53,2026-05-04,0506,N,nominal,2.0NRT,304.73,22.97,D
-17.22512,128.79755,343.74,0.39,0.36,2026-05-04,0506,N,low,2.0NRT,317.54,22.03,D
-21.59379,122.25372,358.02,0.59,0.53,2026-05-04,0506,N,nominal,2.0NRT,309.42,25.16,D
-17.26172,128.55202,341.06,0.39,0.36,2026-05-04,0506,N,nominal,2.0NRT,304.7,3.24,D
-21.59439,122.24794,347.75,0.59,0.53,2026-05-04,0506,N,nominal,2.0NRT,308.72,25.16,D
-17.26227,128.54834,344.85,0.39,0.36,2026-05-04,0506,N,nominal,2.0NRT,305.77,3.24,D
-21.60045,122.18996,355.26,0.59,0.53,2026-05-04,0506,N,nominal,2.0NRT,313.5,22.97,D
-17.21959,128.8116,333.25,0.39,0.36,2026-05-04,0506,N,nominal,2.0NRT,299.43,2.11,D
-21.58949,122.24734,339.6,0.59,0.53,2026-05-04,0506,N,nominal,2.0NRT,302.09,8.18,D
-17.25837,128.5515,351.66,0.39,0.36,2026-05-04,0506,N,nominal,2.0NRT,307.32,8.54,D
-21.59009,122.24155,353.4,0.59,0.53,2026-05-04,0506,N,nominal,2.0NRT,307.49,14.71,D
-17.25891,128.54782,337.23,0.39,0.36,2026-05-04,0506,N,low,2.0NRT,307.73,8.54,D
-21.59069,122.23577,341.96,0.59,0.53,2026-05-04,0506,N,nominal,2.0NRT,305.74,14.71,D
-17.25946,128.54414,336.49,0.39,0.36,2026-05-04,0506,N,nominal,2.0NRT,304.75,3.45,D
-21.59552,122.18937,344.65,0.59,0.53,2026-05-04,0506,N,nominal,2.0NRT,306.55,58.47,D
-17.27961,128.40799,332.22,0.39,0.36,2026-05-04,0506,N,nominal,2.0NRT,302.13,3.28,D
-21.59613,122.1835,337.34,0.59,0.53,2026-05-04,0506,N,nominal,2.0NRT,307.3,19.63,D
-17.21679,128.80739,338.71,0.39,0.36,2026-05-04,0506,N,nominal,2.0NRT,299.85,6.41,D
-21.58578,122.23515,367,0.59,0.53,2026-05-04,0506,N,high,2.0NRT,311.78,14.71,D
-17.27625,128.40749,343.39,0.39,0.36,2026-05-04,0506,N,nominal,2.0NRT,305.53,3.28,D
-21.5912,122.18289,343.55,0.59,0.53,2026-05-04,0506,N,nominal,2.0NRT,305.08,19.63,D
-17.21399,128.80322,350.11,0.39,0.36,2026-05-04,0506,N,nominal,2.0NRT,301.19,6.51,D
-21.58087,122.23454,351.15,0.59,0.53,2026-05-04,0506,N,nominal,2.0NRT,303.54,24.92,D
-17.25328,128.53944,334.03,0.39,0.36,2026-05-04,0506,N,low,2.0NRT,304.48,3.65,D
-21.58688,122.17641,352.17,0.59,0.53,2026-05-04,0506,N,nominal,2.0NRT,306.03,12.89,D
-17.27015,128.42543,342.1,0.39,0.36,2026-05-04,0506,N,nominal,2.0NRT,305.26,4.23,D
-21.58255,122.16994,347.67,0.59,0.53,2026-05-04,0506,N,nominal,2.0NRT,306.2,8.52,D
-17.27224,128.38797,334.96,0.39,0.36,2026-05-04,0506,N,nominal,2.0NRT,302.36,3.26,D
-21.57821,122.16347,334.56,0.59,0.53,2026-05-04,0506,N,low,2.0NRT,305.19,15.44,D
-21.57328,122.16286,344.05,0.59,0.53,2026-05-04,0506,N,nominal,2.0NRT,306.79,15.44,D
-17.22531,128.68146,334.62,0.39,0.36,2026-05-04,0506,N,nominal,2.0NRT,299.84,18.18,D
-21.57388,122.15701,332.09,0.59,0.53,2026-05-04,0506,N,nominal,2.0NRT,304.35,16.45,D
-17.22585,128.6778,347.69,0.39,0.36,2026-05-04,0506,N,nominal,2.0NRT,307.34,18.18,D
-21.57217,122.16091,350.26,0.59,0.53,2026-05-04,0506,N,nominal,2.0NRT,308.67,35.46,D
-17.24211,128.54527,344.07,0.39,0.36,2026-05-04,0506,N,nominal,2.0NRT,303.26,3.08,D
-17.21299,128.67204,350.57,0.39,0.36,2026-05-04,0506,N,nominal,2.0NRT,304.88,6.84,D
-17.19016,128.68727,341.8,0.39,0.36,2026-05-04,0506,N,nominal,2.0NRT,302.83,4.87,D
-17.16825,128.73238,334.76,0.39,0.36,2026-05-04,0506,N,nominal,2.0NRT,303.13,2.41,D
-17.17454,128.59859,350.68,0.39,0.36,2026-05-04,0506,N,nominal,2.0NRT,305.88,4.87,D
-17.17509,128.59492,337.74,0.39,0.36,2026-05-04,0506,N,nominal,2.0NRT,303.78,4.87,D
-17.17564,128.59125,332.21,0.39,0.36,2026-05-04,0506,N,low,2.0NRT,303.82,2.87,D
-17.17119,128.59805,336.14,0.39,0.36,2026-05-04,0506,N,nominal,2.0NRT,301.76,3.69,D
-17.17283,128.58704,346.83,0.39,0.36,2026-05-04,0506,N,nominal,2.0NRT,306.47,5.78,D
-17.16722,128.57863,352.57,0.39,0.36,2026-05-04,0506,N,nominal,2.0NRT,305.66,8.15,D
-17.16777,128.57497,348.86,0.39,0.36,2026-05-04,0506,N,nominal,2.0NRT,306.08,6.6,D
-17.16496,128.57074,354.11,0.39,0.36,2026-05-04,0506,N,nominal,2.0NRT,305.57,6.6,D
-17.16215,128.56653,333.76,0.39,0.36,2026-05-04,0506,N,nominal,2.0NRT,301.7,4.39,D
-17.15879,128.56601,345.68,0.39,0.36,2026-05-04,0506,N,nominal,2.0NRT,304.27,4.39,D
-17.79506,123.93398,343.38,0.41,0.45,2026-05-04,0506,N,nominal,2.0NRT,306.5,3.44,D
-17.79555,123.93005,346.85,0.41,0.45,2026-05-04,0506,N,nominal,2.0NRT,304.47,3.44,D
-17.15544,128.56549,347.94,0.39,0.36,2026-05-04,0506,N,nominal,2.0NRT,303.75,5.77,D
-17.78743,123.96083,339.79,0.41,0.45,2026-05-04,0506,N,nominal,2.0NRT,305.39,7.23,D
-17.79186,123.92558,348.13,0.41,0.45,2026-05-04,0506,N,nominal,2.0NRT,306.19,6.64,D
-17.78326,123.96027,354.81,0.41,0.45,2026-05-04,0506,N,nominal,2.0NRT,307.05,7.23,D
-17.77958,123.9558,342.62,0.41,0.45,2026-05-04,0506,N,nominal,2.0NRT,307.36,4.66,D
-17.78154,123.94013,333.86,0.41,0.45,2026-05-04,0506,N,low,2.0NRT,306.64,2.37,D
-17.78448,123.91663,340.12,0.41,0.45,2026-05-04,0506,N,nominal,2.0NRT,305.53,3.03,D
-17.78079,123.91213,338.56,0.41,0.45,2026-05-04,0506,N,nominal,2.0NRT,305.25,3.03,D
-17.77292,123.90701,335.75,0.41,0.45,2026-05-04,0506,N,low,2.0NRT,305.97,4.41,D
-17.76776,123.91433,367,0.41,0.45,2026-05-04,0506,N,high,2.0NRT,308.66,11.68,D
-17.75921,123.9491,341.01,0.41,0.45,2026-05-04,0506,N,nominal,2.0NRT,303.32,5.33,D
-17.75135,123.94407,348.46,0.41,0.45,2026-05-04,0506,N,nominal,2.0NRT,303.4,3.93,D
-17.09569,128.71333,339.31,0.39,0.36,2026-05-04,0506,N,nominal,2.0NRT,304.95,6.49,D
-17.09678,128.70599,339.32,0.39,0.36,2026-05-04,0506,N,nominal,2.0NRT,305.37,2.58,D
-17.09344,128.70547,340.25,0.39,0.36,2026-05-04,0506,N,nominal,2.0NRT,302.84,2.03,D
-17.71899,123.98772,333.4,0.41,0.45,2026-05-04,0506,N,low,2.0NRT,308.34,7.58,D
-17.72,123.97993,338.83,0.41,0.45,2026-05-04,0506,N,nominal,2.0NRT,306.83,3.68,D
-17.7205,123.97602,337.24,0.41,0.45,2026-05-04,0506,N,nominal,2.0NRT,306.26,3.68,D
-17.70586,123.95814,336.95,0.41,0.45,2026-05-04,0506,N,low,2.0NRT,308.37,4.8,D
-17.80235,123.04515,334.66,0.47,0.48,2026-05-04,0506,N,low,2.0NRT,305.98,5.44,D
-17.80289,123.04066,354.23,0.47,0.48,2026-05-04,0506,N,nominal,2.0NRT,305.65,7.9,D
-17.80784,123.00003,330.09,0.47,0.48,2026-05-04,0506,N,low,2.0NRT,302.63,3.62,D
-17.79576,123.0623,335.63,0.47,0.48,2026-05-04,0506,N,nominal,2.0NRT,305.32,5.95,D
-17.79901,123.03557,353.35,0.47,0.48,2026-05-04,0506,N,nominal,2.0NRT,306.36,7.9,D
-17.78638,123.06563,348.12,0.47,0.47,2026-05-04,0506,N,nominal,2.0NRT,305.04,10.09,D
-17.78745,123.0568,347.46,0.47,0.48,2026-05-04,0506,N,nominal,2.0NRT,304.9,8.15,D
-17.79124,123.02544,330.07,0.47,0.48,2026-05-04,0506,N,low,2.0NRT,304.45,2.31,D
-17.68686,123.8391,346.32,0.42,0.45,2026-05-04,0506,N,nominal,2.0NRT,307.01,5,D
-17.68736,123.8351,340.69,0.42,0.45,2026-05-04,0506,N,nominal,2.0NRT,304.35,5,D
-17.68786,123.8311,345.81,0.42,0.45,2026-05-04,0506,N,nominal,2.0NRT,305.03,5.08,D
-17.68836,123.82711,339.39,0.42,0.45,2026-05-04,0506,N,nominal,2.0NRT,302.98,5.08,D
-17.78195,123.06509,341.36,0.47,0.47,2026-05-04,0506,N,nominal,2.0NRT,302.58,7.82,D
-17.78248,123.06068,346.38,0.47,0.48,2026-05-04,0506,N,nominal,2.0NRT,307.58,7.82,D
-17.68467,123.82249,348.99,0.42,0.45,2026-05-04,0506,N,nominal,2.0NRT,307.75,4.65,D
-17.68516,123.81849,348.18,0.42,0.45,2026-05-04,0506,N,nominal,2.0NRT,304.32,4.65,D
-17.77806,123.06013,342.7,0.47,0.48,2026-05-04,0506,N,nominal,2.0NRT,302.67,7.82,D
-17.77859,123.05572,337.22,0.47,0.48,2026-05-04,0506,N,nominal,2.0NRT,305.27,7.34,D
-17.78183,123.02881,336.21,0.47,0.48,2026-05-04,0506,N,nominal,2.0NRT,304.5,5.03,D
-17.77794,123.02377,367,0.47,0.48,2026-05-04,0506,N,high,2.0NRT,307.15,12.37,D
-17.68096,123.81789,344.38,0.42,0.45,2026-05-04,0506,N,nominal,2.0NRT,307.9,8.27,D
-17.68146,123.8139,344.74,0.42,0.45,2026-05-04,0506,N,nominal,2.0NRT,304.69,4.06,D
-17.77417,123.05513,355.32,0.47,0.48,2026-05-04,0506,N,nominal,2.0NRT,305.78,10.76,D
-17.7747,123.05067,354.75,0.47,0.48,2026-05-04,0506,N,nominal,2.0NRT,303.72,10.76,D
-17.67726,123.81331,330.48,0.42,0.45,2026-05-04,0506,N,low,2.0NRT,305.1,4.06,D
-17.67776,123.80931,341.63,0.42,0.45,2026-05-04,0506,N,nominal,2.0NRT,304.13,4.06,D
-17.77404,123.0187,330.98,0.47,0.48,2026-05-04,0506,N,nominal,2.0NRT,302.61,7.43,D
-17.66862,123.84866,337.13,0.42,0.45,2026-05-04,0506,N,nominal,2.0NRT,307.09,3.41,D
-17.67356,123.80872,339.19,0.42,0.45,2026-05-04,0506,N,nominal,2.0NRT,306.63,5.98,D
-17.77069,123.00909,341.86,0.47,0.48,2026-05-04,0506,N,nominal,2.0NRT,304.39,5.67,D
-17.66442,123.84809,337.96,0.42,0.45,2026-05-04,0506,N,low,2.0NRT,308.23,3.41,D
-17.66985,123.80415,337.34,0.42,0.45,2026-05-04,0506,N,nominal,2.0NRT,304.57,4.31,D
-17.66613,123.79957,332.74,0.42,0.45,2026-05-04,0506,N,low,2.0NRT,305.67,5.35,D
-17.65702,123.83895,354.57,0.42,0.45,2026-05-04,0506,N,nominal,2.0NRT,306.92,8,D
-17.66242,123.79498,354.54,0.42,0.45,2026-05-04,0506,N,nominal,2.0NRT,305.73,6.99,D
-17.65283,123.83839,346.17,0.42,0.45,2026-05-04,0506,N,nominal,2.0NRT,316.14,52.27,D
-17.65331,123.8344,338.19,0.42,0.45,2026-05-04,0506,N,low,2.0NRT,308.41,9.31,D
-17.6587,123.79039,354.72,0.42,0.45,2026-05-04,0506,N,nominal,2.0NRT,307.41,20.02,D
-17.64912,123.83382,349.86,0.42,0.45,2026-05-04,0506,N,nominal,2.0NRT,306.72,9.31,D
-17.6496,123.82983,339.44,0.42,0.45,2026-05-04,0506,N,nominal,2.0NRT,304.09,9.31,D
-17.65009,123.82584,342.07,0.42,0.45,2026-05-04,0506,N,nominal,2.0NRT,303.75,3.67,D
-17.65449,123.78982,347.77,0.42,0.45,2026-05-04,0506,N,nominal,2.0NRT,304.8,20.02,D
-17.74904,123.00159,335.45,0.47,0.48,2026-05-04,0506,N,nominal,2.0NRT,302.09,3.61,D
-17.64492,123.83327,342.71,0.42,0.45,2026-05-04,0506,N,nominal,2.0NRT,303.96,18.7,D
-17.6498,123.79326,356.32,0.42,0.45,2026-05-04,0506,N,nominal,2.0NRT,305.94,5.54,D
-17.74461,123.001,337.25,0.47,0.48,2026-05-04,0506,N,nominal,2.0NRT,303.82,6.54,D
-17.64559,123.79269,348.22,0.42,0.45,2026-05-04,0506,N,nominal,2.0NRT,303.95,5.54,D
-17.64608,123.7887,343.08,0.42,0.45,2026-05-04,0506,N,nominal,2.0NRT,302.64,5.54,D
-17.73574,122.99979,340.22,0.47,0.48,2026-05-04,0506,N,nominal,2.0NRT,301.96,5.15,D
-17.7313,122.99921,333.01,0.47,0.48,2026-05-04,0506,N,low,2.0NRT,303.65,5.15,D
-16.46131,131.87929,334.37,0.43,0.38,2026-05-04,0506,N,nominal,2.0NRT,301.12,5.98,D
-17.64577,123.79296,348.19,0.42,0.45,2026-05-04,0506,N,nominal,2.0NRT,303.76,5.87,D
-17.64628,123.78897,341.69,0.42,0.45,2026-05-04,0506,N,nominal,2.0NRT,303.07,5.87,D
-17.74611,123.00246,334.83,0.47,0.48,2026-05-04,0506,N,nominal,2.0NRT,302.37,3.07,D
-17.74167,123.00186,330.15,0.47,0.48,2026-05-04,0506,N,low,2.0NRT,302.4,3.07,D
-17.7378,122.99677,335.01,0.47,0.48,2026-05-04,0506,N,nominal,2.0NRT,302.57,4.69,D
-17.73281,123.00069,337.61,0.47,0.48,2026-05-04,0506,N,nominal,2.0NRT,302.39,6.28,D
-17.72837,123.0001,354.93,0.47,0.48,2026-05-04,0506,N,nominal,2.0NRT,307.71,23,D
-17.72394,122.99952,342,0.47,0.48,2026-05-04,0506,N,nominal,2.0NRT,300.71,23,D
-17.72449,122.99501,340.69,0.47,0.48,2026-05-04,0506,N,nominal,2.0NRT,301.65,10.48,D
-15.78142,135.58437,332.67,0.47,0.47,2026-05-04,0506,N,nominal,2.0NRT,295.82,3.11,D
-15.77624,135.58789,340.71,0.47,0.47,2026-05-04,0506,N,nominal,2.0NRT,297.22,13.27,D
-15.77705,135.5835,350.8,0.47,0.47,2026-05-04,0506,N,nominal,2.0NRT,307.68,38.64,D
-15.77786,135.57912,334.43,0.46,0.47,2026-05-04,0506,N,nominal,2.0NRT,296.39,38.64,D
-17.55944,123.8342,340.53,0.42,0.45,2026-05-04,0506,N,nominal,2.0NRT,305.74,6.38,D
-17.55993,123.83024,353.8,0.42,0.45,2026-05-04,0506,N,nominal,2.0NRT,305.65,5.26,D
-17.55574,123.82967,337.6,0.42,0.45,2026-05-04,0506,N,nominal,2.0NRT,307.34,6.95,D
-17.55623,123.82568,350.07,0.42,0.45,2026-05-04,0506,N,nominal,2.0NRT,305.7,6.95,D
-17.55252,123.82113,339.87,0.42,0.45,2026-05-04,0506,N,nominal,2.0NRT,303.21,2.59,D
-17.54687,123.83247,353.44,0.42,0.45,2026-05-04,0506,N,nominal,2.0NRT,307.5,7.44,D
-17.54833,123.82056,331.46,0.42,0.45,2026-05-04,0506,N,low,2.0NRT,306.22,2.98,D
-17.54882,123.81657,331.84,0.42,0.45,2026-05-04,0506,N,low,2.0NRT,302.35,2.98,D
-17.54268,123.83188,367,0.42,0.45,2026-05-04,0506,N,high,2.0NRT,308.11,7.44,D
-17.54219,123.83585,340.29,0.42,0.45,2026-05-04,0506,N,nominal,2.0NRT,305.72,7.44,D
-17.54462,123.81602,334.2,0.42,0.45,2026-05-04,0506,N,low,2.0NRT,306.26,2.98,D
-17.54511,123.81204,342.19,0.42,0.45,2026-05-04,0506,N,nominal,2.0NRT,303.23,2.87,D
-17.53801,123.83527,344.39,0.42,0.45,2026-05-04,0506,N,nominal,2.0NRT,307.33,5.07,D
-17.54043,123.81543,337.55,0.42,0.45,2026-05-04,0506,N,nominal,2.0NRT,306.03,13.17,D
-17.54092,123.81145,353.4,0.42,0.45,2026-05-04,0506,N,nominal,2.0NRT,308.32,18.12,D
-17.53382,123.83468,344.78,0.42,0.45,2026-05-04,0506,N,nominal,2.0NRT,306.65,5.07,D
-17.53576,123.8188,340.14,0.42,0.45,2026-05-04,0506,N,nominal,2.0NRT,304.47,13.17,D
-17.53624,123.81486,353.76,0.42,0.45,2026-05-04,0506,N,nominal,2.0NRT,311.9,13.17,D
-17.53672,123.81088,355.33,0.42,0.45,2026-05-04,0506,N,nominal,2.0NRT,306.98,18.12,D
-17.43196,124.62227,331.73,0.56,0.43,2026-05-04,0506,N,low,2.0NRT,305.18,3.63,D
-17.53012,123.83012,342.87,0.42,0.45,2026-05-04,0506,N,nominal,2.0NRT,305.13,6.19,D
-17.5306,123.82615,331.46,0.42,0.45,2026-05-04,0506,N,low,2.0NRT,305.79,3.67,D
-17.53156,123.81821,349.76,0.42,0.45,2026-05-04,0506,N,nominal,2.0NRT,305.79,4.65,D
-17.53205,123.81424,344.14,0.42,0.45,2026-05-04,0506,N,nominal,2.0NRT,303.3,4.65,D
-17.42798,124.6217,332.38,0.56,0.43,2026-05-04,0506,N,low,2.0NRT,306.44,3.63,D
-17.52689,123.82159,332.71,0.42,0.45,2026-05-04,0506,N,low,2.0NRT,305.52,3.67,D
-17.52737,123.8176,342.49,0.42,0.45,2026-05-04,0506,N,nominal,2.0NRT,306.26,4.65,D
-17.43422,124.62034,334.29,0.56,0.43,2026-05-04,0506,N,low,2.0NRT,305.84,2.14,D
-17.53306,123.83499,341.24,0.41,0.45,2026-05-04,0506,N,nominal,2.0NRT,304.9,4.03,D
-17.53357,123.83104,332.33,0.42,0.45,2026-05-04,0506,N,low,2.0NRT,307.19,4.03,D
-17.53511,123.81918,334.81,0.42,0.45,2026-05-04,0506,N,nominal,2.0NRT,304.45,7.41,D
-17.53562,123.81521,354.44,0.42,0.45,2026-05-04,0506,N,nominal,2.0NRT,310.29,7.41,D
-17.53613,123.81125,354.27,0.42,0.45,2026-05-04,0506,N,nominal,2.0NRT,307.62,20.87,D
-17.42555,124.62456,330.02,0.56,0.43,2026-05-04,0506,N,low,2.0NRT,304.77,5.53,D
-17.52939,123.83045,336.08,0.42,0.45,2026-05-04,0506,N,nominal,2.0NRT,303.26,4.03,D
-17.5299,123.82648,338.95,0.42,0.45,2026-05-04,0506,N,nominal,2.0NRT,304.79,7.24,D
-17.53092,123.81856,349.02,0.42,0.45,2026-05-04,0506,N,nominal,2.0NRT,306.4,7.41,D
-17.53143,123.81461,334.65,0.42,0.45,2026-05-04,0506,N,nominal,2.0NRT,302.32,7.41,D
-17.52622,123.82193,333.61,0.42,0.45,2026-05-04,0506,N,low,2.0NRT,304.12,3.41,D
-17.52673,123.81797,340.06,0.42,0.45,2026-05-04,0506,N,nominal,2.0NRT,307.09,5.44,D
-17.52254,123.81738,330.39,0.42,0.45,2026-05-04,0506,N,low,2.0NRT,302.43,5.44,D
-17.52305,123.81342,345.1,0.42,0.45,2026-05-04,0506,N,nominal,2.0NRT,304.4,5.44,D
-17.41805,124.55835,330.03,0.56,0.43,2026-05-04,0506,N,low,2.0NRT,304.92,4.15,D
-16.23154,132.47723,330.87,0.46,0.39,2026-05-04,0506,N,low,2.0NRT,302.18,5.37,D
-16.22864,132.47226,341.08,0.46,0.39,2026-05-04,0506,N,nominal,2.0NRT,299.71,4.73,D
-17.40189,124.58869,333.82,0.56,0.43,2026-05-04,0506,N,low,2.0NRT,305.63,6.23,D
-17.39391,124.58759,333.91,0.56,0.43,2026-05-04,0506,N,low,2.0NRT,304.5,4.76,D
-17.39461,124.58225,341.47,0.56,0.43,2026-05-04,0506,N,nominal,2.0NRT,306.28,4.76,D
-17.42459,124.28659,337.69,0.39,0.44,2026-05-04,0506,N,nominal,2.0NRT,303.03,4.63,D
-17.42005,124.28974,335.32,0.39,0.44,2026-05-04,0506,N,nominal,2.0NRT,305.29,2.96,D
-17.421,124.28233,339.73,0.39,0.44,2026-05-04,0506,N,nominal,2.0NRT,306.85,4.63,D
-17.42147,124.27863,343.86,0.39,0.44,2026-05-04,0506,N,nominal,2.0NRT,305.11,3.28,D
-17.59826,122.85624,342.5,0.48,0.48,2026-05-04,0506,N,nominal,2.0NRT,303.84,7.24,D
-17.41741,124.27808,334.46,0.39,0.44,2026-05-04,0506,N,low,2.0NRT,306.79,3.23,D
-17.41788,124.27438,337.08,0.39,0.44,2026-05-04,0506,N,nominal,2.0NRT,304.36,3.23,D
-17.59379,122.85567,344.49,0.48,0.48,2026-05-04,0506,N,nominal,2.0NRT,305.38,9.02,D
-17.59434,122.85111,336.28,0.48,0.48,2026-05-04,0506,N,nominal,2.0NRT,303.91,4.27,D
-17.58484,122.85458,331.83,0.48,0.48,2026-05-04,0506,N,low,2.0NRT,301.98,3.05,D
-17.58091,122.8495,330.57,0.48,0.48,2026-05-04,0506,N,low,2.0NRT,303.54,3.1,D
-17.57697,122.84442,336.18,0.48,0.48,2026-05-04,0506,N,nominal,2.0NRT,304.35,3.19,D
-17.57249,122.84389,330.49,0.48,0.48,2026-05-04,0506,N,low,2.0NRT,304.74,3.19,D
-16.26133,131.97052,337.96,0.44,0.38,2026-05-04,0506,N,nominal,2.0NRT,305.1,5.83,D
-16.26201,131.96643,338.11,0.44,0.38,2026-05-04,0506,N,nominal,2.0NRT,303.79,3.99,D
-16.2627,131.96231,332.71,0.44,0.38,2026-05-04,0506,N,nominal,2.0NRT,300.28,3.99,D
-16.25571,131.98222,342.57,0.44,0.38,2026-05-04,0506,N,nominal,2.0NRT,305.51,5.5,D
-16.25779,131.96991,348.56,0.44,0.38,2026-05-04,0506,N,nominal,2.0NRT,308.11,25.19,D
-16.25286,131.97749,334.54,0.44,0.38,2026-05-04,0506,N,low,2.0NRT,305.73,5.5,D
-16.25493,131.96518,335.85,0.44,0.38,2026-05-04,0506,N,nominal,2.0NRT,301.86,6.97,D
-17.51452,123.17977,343.92,0.46,0.47,2026-05-04,0506,N,nominal,2.0NRT,303.91,6.78,D
-16.2507,131.96867,367,0.44,0.38,2026-05-04,0506,N,high,2.0NRT,308.3,15.8,D
-16.24932,131.97688,331.75,0.44,0.38,2026-05-04,0506,N,low,2.0NRT,302.77,3.49,D
-16.25001,131.97278,357.12,0.44,0.38,2026-05-04,0506,N,nominal,2.0NRT,307.28,15.8,D
-16.25139,131.96455,345.03,0.44,0.38,2026-05-04,0506,N,nominal,2.0NRT,306.18,24.37,D
-17.39024,124.16422,335.16,0.4,0.44,2026-05-04,0506,N,low,2.0NRT,307.33,3.86,D
-17.39071,124.16046,336.91,0.4,0.44,2026-05-04,0506,N,nominal,2.0NRT,305.73,4.47,D
-17.51015,123.17921,355.5,0.46,0.47,2026-05-04,0506,N,nominal,2.0NRT,303.78,7.33,D
-16.24716,131.96805,348.62,0.44,0.38,2026-05-04,0506,N,nominal,2.0NRT,300.36,15.8,D
-17.38708,124.15614,352.35,0.4,0.44,2026-05-04,0506,N,nominal,2.0NRT,305.32,4.47,D
-17.50577,123.17863,334.48,0.46,0.47,2026-05-04,0506,N,nominal,2.0NRT,299.72,7.33,D
-16.15759,132.4729,333.2,0.46,0.39,2026-05-04,0506,N,nominal,2.0NRT,298.69,35.85,D
-17.38159,124.16687,342.36,0.39,0.44,2026-05-04,0506,N,nominal,2.0NRT,306.95,1.92,D
-17.38345,124.1518,346.02,0.4,0.44,2026-05-04,0506,N,nominal,2.0NRT,305.32,5.68,D
-17.29109,124.85501,340.4,0.54,0.42,2026-05-04,0506,N,nominal,2.0NRT,305.38,6.47,D
-17.32212,124.61002,344.18,0.56,0.43,2026-05-04,0506,N,nominal,2.0NRT,306.66,5.49,D
-17.49652,123.18182,340.73,0.46,0.47,2026-05-04,0506,N,nominal,2.0NRT,302.63,9.47,D
-17.31747,124.61479,333.76,0.56,0.43,2026-05-04,0506,N,low,2.0NRT,307.25,5.72,D
-17.3188,124.60422,334.05,0.56,0.43,2026-05-04,0506,N,low,2.0NRT,305.66,7.72,D
-17.30423,124.68796,340.63,0.55,0.43,2026-05-04,0506,N,nominal,2.0NRT,309.26,9.17,D
-17.2914,124.85765,342.39,0.54,0.42,2026-05-04,0506,N,nominal,2.0NRT,305.67,5.31,D
-17.38298,124.16684,336.23,0.39,0.44,2026-05-04,0506,N,low,2.0NRT,307.12,4.15,D
-17.38446,124.15559,342.33,0.4,0.44,2026-05-04,0506,N,nominal,2.0NRT,306.19,6.01,D
-17.38495,124.15183,337.73,0.4,0.44,2026-05-04,0506,N,nominal,2.0NRT,303.64,3.22,D
-17.51004,123.18018,342.6,0.45,0.47,2026-05-04,0506,N,nominal,2.0NRT,304.38,5.83,D
-17.31937,124.61797,334.5,0.56,0.43,2026-05-04,0506,N,low,2.0NRT,304.9,1.99,D
-17.32077,124.60741,344.32,0.56,0.43,2026-05-04,0506,N,nominal,2.0NRT,306.52,10.05,D
-17.38086,124.15127,334.95,0.4,0.44,2026-05-04,0506,N,low,2.0NRT,306.42,3.22,D
-17.50567,123.17963,333.25,0.45,0.47,2026-05-04,0506,N,nominal,2.0NRT,299.49,5.83,D
-17.30237,124.68521,339.43,0.55,0.43,2026-05-04,0506,N,nominal,2.0NRT,305.61,8.27,D
-17.49693,123.17847,343.17,0.45,0.47,2026-05-04,0506,N,nominal,2.0NRT,304.51,9.25,D
-16.14236,132.40855,335.46,0.46,0.39,2026-05-04,0506,N,nominal,2.0NRT,301.83,6.3,D
-16.14308,132.40425,340.67,0.46,0.39,2026-05-04,0506,N,nominal,2.0NRT,301.15,4.64,D
-17.31864,124.53139,331.73,0.56,0.43,2026-05-04,0506,N,low,2.0NRT,305.89,4.71,D
-17.49256,123.17787,344.1,0.45,0.47,2026-05-04,0506,N,nominal,2.0NRT,304.32,5.53,D
-16.13946,132.40361,340.08,0.46,0.39,2026-05-04,0506,N,nominal,2.0NRT,300.62,4.64,D
-17.291,124.71024,341.72,0.55,0.43,2026-05-04,0506,N,nominal,2.0NRT,305.58,4.42,D
-17.4882,123.17728,333.78,0.45,0.47,2026-05-04,0506,N,nominal,2.0NRT,302.47,5.53,D
-17.28704,124.70969,337.71,0.55,0.43,2026-05-04,0506,N,low,2.0NRT,308.14,8.13,D
-16.19896,132.00217,344.59,0.44,0.38,2026-05-04,0506,N,nominal,2.0NRT,300.74,4.65,D
-17.28309,124.70913,344.25,0.55,0.43,2026-05-04,0506,N,nominal,2.0NRT,308.07,8.13,D
-17.28378,124.70391,343.01,0.55,0.43,2026-05-04,0506,N,nominal,2.0NRT,305.91,8.24,D
-17.31368,124.47599,335.91,0.57,0.43,2026-05-04,0506,N,low,2.0NRT,306.13,9.23,D
-16.19541,132.00153,347.74,0.44,0.38,2026-05-04,0506,N,nominal,2.0NRT,302.68,12.25,D
-16.19118,132.00502,331.66,0.44,0.38,2026-05-04,0506,N,nominal,2.0NRT,297.49,12.25,D
-16.19187,132.00089,342.81,0.44,0.38,2026-05-04,0506,N,nominal,2.0NRT,300.68,12.25,D
-16.18763,132.00438,338.51,0.44,0.38,2026-05-04,0506,N,nominal,2.0NRT,299.55,33.25,D
-16.18832,132.00024,336.12,0.44,0.38,2026-05-04,0506,N,nominal,2.0NRT,302.32,33.25,D
-17.24753,124.88788,346.56,0.54,0.42,2026-05-04,0506,N,nominal,2.0NRT,306.61,10.34,D
-17.29814,124.50132,333.59,0.56,0.43,2026-05-04,0506,N,low,2.0NRT,307.17,4.73,D
-17.30606,124.40874,367,0.57,0.43,2026-05-04,0506,N,high,2.0NRT,308.13,10.89,D
-17.30676,124.40331,367,0.57,0.43,2026-05-04,0506,N,high,2.0NRT,306.47,12.18,D
-16.1834,132.00787,332.52,0.44,0.38,2026-05-04,0506,N,nominal,2.0NRT,295.88,5.14,D
-16.18409,132.00374,355.11,0.44,0.38,2026-05-04,0506,N,nominal,2.0NRT,311.25,33.25,D
-17.29483,124.49545,347.2,0.57,0.43,2026-05-04,0506,N,nominal,2.0NRT,305.94,4.73,D
-17.30536,124.41419,347.73,0.57,0.43,2026-05-04,0506,N,nominal,2.0NRT,305.21,10.89,D
-17.29152,124.48949,335.69,0.57,0.43,2026-05-04,0506,N,nominal,2.0NRT,304.96,7.06,D
-17.30133,124.41363,338.06,0.57,0.43,2026-05-04,0506,N,nominal,2.0NRT,306.66,6.52,D
-17.30344,124.39731,352.89,0.57,0.43,2026-05-04,0506,N,nominal,2.0NRT,306.67,15.31,D
-17.28752,124.48893,344.94,0.57,0.43,2026-05-04,0506,N,nominal,2.0NRT,306.88,7.06,D
-17.28821,124.48354,333.88,0.57,0.43,2026-05-04,0506,N,low,2.0NRT,305.42,7.06,D
-17.21463,125.0173,339.59,0.53,0.42,2026-05-04,0506,N,nominal,2.0NRT,306.47,3.58,D
-17.28908,124.44518,334.36,0.57,0.43,2026-05-04,0506,N,nominal,2.0NRT,304.13,6.34,D
-17.2114,125.01182,337.65,0.53,0.42,2026-05-04,0506,N,nominal,2.0NRT,305.54,3.58,D
-17.21206,125.00681,330.01,0.53,0.42,2026-05-04,0506,N,low,2.0NRT,304.73,1.29,D
-17.28576,124.43918,346.24,0.57,0.43,2026-05-04,0506,N,nominal,2.0NRT,305.76,6.34,D
-17.21348,124.96576,340.99,0.53,0.42,2026-05-04,0506,N,nominal,2.0NRT,308.44,7.91,D
-17.28174,124.4386,346.03,0.57,0.43,2026-05-04,0506,N,nominal,2.0NRT,307.49,9.71,D
-17.27842,124.43259,338.5,0.57,0.43,2026-05-04,0506,N,nominal,2.0NRT,304.76,4,D
-17.27039,124.43146,340.67,0.57,0.43,2026-05-04,0506,N,nominal,2.0NRT,305.79,4.97,D
-17.26086,124.4742,333.66,0.57,0.43,2026-05-04,0506,N,low,2.0NRT,307.07,5.2,D
-17.26706,124.42546,341.17,0.57,0.43,2026-05-04,0506,N,nominal,2.0NRT,304.59,5.59,D
-17.26304,124.42491,337.28,0.57,0.43,2026-05-04,0506,N,nominal,2.0NRT,306.08,5.59,D
-17.18102,125.00249,330.76,0.53,0.42,2026-05-04,0506,N,low,2.0NRT,305.53,2.42,D
-17.18167,124.99751,334.81,0.53,0.42,2026-05-04,0506,N,low,2.0NRT,307.54,2.42,D
-17.17715,125.00195,340.33,0.53,0.42,2026-05-04,0506,N,nominal,2.0NRT,306.1,4.35,D
-16.11972,132.08191,337.68,0.44,0.39,2026-05-04,0506,N,nominal,2.0NRT,299.52,8.18,D
-17.17327,125.00143,341.23,0.53,0.42,2026-05-04,0506,N,nominal,2.0NRT,307.44,4.35,D
-17.16939,125.00086,341.74,0.53,0.42,2026-05-04,0506,N,nominal,2.0NRT,308.09,12.88,D
-17.49606,122.30994,340.98,0.52,0.5,2026-05-04,0506,N,nominal,2.0NRT,302.04,6.37,D
-17.16486,125.00539,346.88,0.53,0.42,2026-05-04,0506,N,nominal,2.0NRT,307.79,13.19,D
-17.16551,125.00031,351.92,0.53,0.42,2026-05-04,0506,N,nominal,2.0NRT,311.92,12.88,D
-17.16163,124.99976,351.54,0.53,0.42,2026-05-04,0506,N,nominal,2.0NRT,309.94,35.92,D
-17.15712,125.0042,335.82,0.53,0.42,2026-05-04,0506,N,nominal,2.0NRT,304.75,75.74,D
-17.15776,124.99915,344.43,0.53,0.42,2026-05-04,0506,N,low,2.0NRT,317.96,35.92,D
-17.17184,125.00459,334.67,0.53,0.42,2026-05-04,0506,N,low,2.0NRT,305.41,5.24,D
-17.16796,125.00409,347.43,0.53,0.42,2026-05-04,0506,N,nominal,2.0NRT,306.57,5.24,D
-17.16864,124.99905,345.31,0.53,0.42,2026-05-04,0506,N,nominal,2.0NRT,308.73,5.24,D
-17.16408,125.00358,343.77,0.53,0.42,2026-05-04,0506,N,nominal,2.0NRT,311.8,28.98,D
-17.16477,124.99847,351.64,0.53,0.42,2026-05-04,0506,N,nominal,2.0NRT,310.9,28.98,D
-17.16021,125.00299,346.77,0.53,0.42,2026-05-04,0506,N,nominal,2.0NRT,314.87,28.98,D
-17.16089,124.9979,338.31,0.53,0.42,2026-05-04,0506,N,nominal,2.0NRT,308.34,28.98,D
-17.15635,125.00237,339.02,0.53,0.42,2026-05-04,0506,N,nominal,2.0NRT,309.49,24.85,D
-17.15702,124.99732,338.23,0.53,0.42,2026-05-04,0506,N,nominal,2.0NRT,310.56,24.85,D
-17.15315,124.99675,337.5,0.53,0.42,2026-05-04,0506,N,nominal,2.0NRT,306.36,24.85,D
-17.14927,124.99616,331.91,0.53,0.42,2026-05-04,0506,N,low,2.0NRT,304.93,2.46,D
-17.22946,124.39162,332.91,0.57,0.43,2026-05-04,0506,N,nominal,2.0NRT,303.22,3.39,D
-17.49276,122.30811,332.66,0.52,0.5,2026-05-04,0506,N,nominal,2.0NRT,300.43,7.67,D
-17.22246,124.31939,339.33,0.38,0.44,2026-05-04,0506,N,nominal,2.0NRT,305.47,3.27,D
-16.114,131.81544,340.06,0.43,0.38,2026-05-04,0506,N,nominal,2.0NRT,303.74,2.79,D
-16.10006,131.83392,348.7,0.43,0.38,2026-05-04,0506,N,nominal,2.0NRT,307.62,21.88,D
-16.10074,131.82985,333.58,0.43,0.38,2026-05-04,0506,N,low,2.0NRT,304.24,27.03,D
-16.09721,131.82924,351.32,0.43,0.38,2026-05-04,0506,N,nominal,2.0NRT,312.4,27.03,D
-16.09369,131.82861,337.53,0.43,0.38,2026-05-04,0506,N,nominal,2.0NRT,301.54,4.61,D
-17.17843,124.30966,347.4,0.39,0.44,2026-05-04,0506,N,nominal,2.0NRT,307.11,6.71,D
-17.17438,124.30911,367,0.39,0.44,2026-05-04,0506,N,high,2.0NRT,304.4,9.91,D
-17.17919,124.23848,339.14,0.39,0.44,2026-05-04,0506,N,nominal,2.0NRT,307.03,2.02,D
-17.17966,124.23476,330.48,0.39,0.44,2026-05-04,0506,N,low,2.0NRT,304.29,2.02,D
-17.17606,124.23047,336.48,0.39,0.44,2026-05-04,0506,N,nominal,2.0NRT,304.34,3.29,D
-17.17246,124.22623,340.86,0.39,0.44,2026-05-04,0506,N,nominal,2.0NRT,304.32,3.29,D
-17.15958,124.29589,335.53,0.39,0.44,2026-05-04,0506,N,low,2.0NRT,307,6.34,D
-17.16839,124.22568,347.62,0.39,0.44,2026-05-04,0506,N,nominal,2.0NRT,307.08,8.28,D
-17.16886,124.22198,334.27,0.39,0.44,2026-05-04,0506,N,nominal,2.0NRT,302.95,3.66,D
-17.15646,124.28797,334.62,0.39,0.44,2026-05-04,0506,N,nominal,2.0NRT,304.02,1.85,D
-17.16479,124.22143,354.95,0.39,0.44,2026-05-04,0506,N,nominal,2.0NRT,306.65,3.66,D
-17.15241,124.28739,351.03,0.39,0.44,2026-05-04,0506,N,nominal,2.0NRT,305.68,4.66,D
-17.16118,124.21716,341.79,0.39,0.44,2026-05-04,0506,N,nominal,2.0NRT,304.39,4.42,D
-17.15296,124.24991,337.27,0.39,0.44,2026-05-04,0506,N,nominal,2.0NRT,304.9,1.74,D
-17.15711,124.21662,338.59,0.39,0.44,2026-05-04,0506,N,nominal,2.0NRT,306.85,4.42,D
-17.15757,124.21289,334.47,0.39,0.44,2026-05-04,0506,N,nominal,2.0NRT,304.02,2.35,D
-17.15218,124.29073,332,0.39,0.44,2026-05-04,0506,N,nominal,2.0NRT,303.52,4.06,D
-17.15266,124.28706,347.98,0.39,0.44,2026-05-04,0506,N,nominal,2.0NRT,305.39,5.94,D
-17.16143,124.22066,334.01,0.39,0.44,2026-05-04,0506,N,low,2.0NRT,306.66,2.44,D
-17.16191,124.21696,337.56,0.39,0.44,2026-05-04,0506,N,nominal,2.0NRT,304.11,2.44,D
-17.15347,124.24965,335.66,0.39,0.44,2026-05-04,0506,N,nominal,2.0NRT,304.67,3.32,D
-17.15784,124.21642,343.11,0.39,0.44,2026-05-04,0506,N,nominal,2.0NRT,306.57,2.44,D
-17.14941,124.24911,342.21,0.39,0.44,2026-05-04,0506,N,nominal,2.0NRT,307.11,2.45,D
-17.15426,124.21215,348.62,0.39,0.44,2026-05-04,0506,N,nominal,2.0NRT,306.44,5.29,D
-17.14536,124.24857,336.04,0.39,0.44,2026-05-04,0506,N,nominal,2.0NRT,303.35,2.45,D
-17.14274,124.23696,341.66,0.39,0.44,2026-05-04,0506,N,nominal,2.0NRT,305.76,6.84,D
-17.14661,124.20733,344.04,0.39,0.44,2026-05-04,0506,N,nominal,2.0NRT,306.82,4.81,D
-17.13868,124.23641,341.87,0.39,0.44,2026-05-04,0506,N,nominal,2.0NRT,302.85,6.84,D
-17.13916,124.23271,337.44,0.39,0.44,2026-05-04,0506,N,low,2.0NRT,307.5,6.7,D
-17.13965,124.22901,338.56,0.39,0.44,2026-05-04,0506,N,nominal,2.0NRT,304.83,6.7,D
-17.1351,124.23215,342.94,0.39,0.44,2026-05-04,0506,N,nominal,2.0NRT,305.59,4.38,D
-17.13751,124.21365,339.4,0.39,0.44,2026-05-04,0506,N,nominal,2.0NRT,302.46,3.86,D
-17.13104,124.23161,338.24,0.39,0.44,2026-05-04,0506,N,nominal,2.0NRT,303.94,4.38,D
-17.132,124.22419,333.51,0.39,0.44,2026-05-04,0506,N,nominal,2.0NRT,307.94,10.87,D
-17.13248,124.22049,344.02,0.39,0.44,2026-05-04,0506,N,nominal,2.0NRT,308.7,10.87,D
-17.12746,124.22733,367,0.39,0.44,2026-05-04,0506,N,high,2.0NRT,309.94,16.75,D
-17.12842,124.21992,352.14,0.39,0.44,2026-05-04,0506,N,nominal,2.0NRT,317.49,32.02,D
-17.1234,124.22675,341.22,0.39,0.44,2026-05-04,0506,N,nominal,2.0NRT,302.67,16.75,D
-17.12388,124.22307,352.8,0.39,0.44,2026-05-04,0506,N,nominal,2.0NRT,313.94,32.02,D
-17.12436,124.21935,349.89,0.39,0.44,2026-05-04,0506,N,nominal,2.0NRT,308.81,32.02,D
-17.11982,124.22248,344.69,0.39,0.44,2026-05-04,0506,N,nominal,2.0NRT,301.42,13.11,D
-17.12029,124.2188,339.69,0.39,0.44,2026-05-04,0506,N,nominal,2.0NRT,303.66,13.11,D
-17.12077,124.21509,340.6,0.39,0.44,2026-05-04,0506,N,nominal,2.0NRT,302.45,4.38,D
-16.74516,126.88177,336.38,0.43,0.38,2026-05-04,0506,N,low,2.0NRT,306.58,4.27,D
-17.02952,124.28081,342.04,0.38,0.44,2026-05-04,0506,N,nominal,2.0NRT,304.42,4.6,D
-16.94569,124.32574,343.92,0.57,0.43,2026-05-04,0506,N,nominal,2.0NRT,302.37,89.96,D
-16.10318,127.47919,333.43,0.41,0.37,2026-05-04,0506,N,nominal,2.0NRT,303.63,1.98,D
-16.10373,127.47541,352.59,0.41,0.37,2026-05-04,0506,N,nominal,2.0NRT,305.78,5.3,D
-16.10427,127.47164,345.63,0.41,0.37,2026-05-04,0506,N,nominal,2.0NRT,306.03,5.3,D
-16.10482,127.46784,337.71,0.41,0.37,2026-05-04,0506,N,nominal,2.0NRT,306.12,3.84,D
-16.09921,127.48244,331.11,0.4,0.37,2026-05-04,0506,N,low,2.0NRT,303.5,2.22,D
-16.09976,127.47868,336.21,0.41,0.37,2026-05-04,0506,N,nominal,2.0NRT,304.66,2.22,D
-16.0958,127.48194,339.78,0.4,0.37,2026-05-04,0506,N,nominal,2.0NRT,305.17,2.22,D
-16.09183,127.48519,343.42,0.4,0.37,2026-05-04,0506,N,nominal,2.0NRT,306.54,3.61,D
-16.08841,127.48467,333.73,0.4,0.37,2026-05-04,0506,N,low,2.0NRT,306.36,3.61,D
-16.08158,127.48367,331.1,0.4,0.37,2026-05-04,0506,N,low,2.0NRT,305.5,2.79,D
-16.07816,127.48315,331.77,0.4,0.37,2026-05-04,0506,N,low,2.0NRT,304.22,2.21,D
-16.07404,127.46314,343.91,0.41,0.37,2026-05-04,0506,N,nominal,2.0NRT,305.16,78.03,D
-16.06792,127.46214,347.75,0.41,0.37,2026-05-04,0506,N,nominal,2.0NRT,303.92,89.07,D
-15.74745,129.16777,342.22,0.38,0.36,2026-05-04,0506,N,nominal,2.0NRT,303.76,6.61,D
-15.74412,129.16722,340.13,0.38,0.36,2026-05-04,0506,N,nominal,2.0NRT,304.68,6.61,D
-15.74079,129.16667,347.7,0.38,0.36,2026-05-04,0506,N,nominal,2.0NRT,304.15,7.51,D
-15.74134,129.16309,332.9,0.38,0.36,2026-05-04,0506,N,nominal,2.0NRT,302.41,4.17,D
-15.73745,129.16614,341.52,0.38,0.36,2026-05-04,0506,N,nominal,2.0NRT,301.98,7.51,D
-15.77416,128.72951,330.58,0.39,0.36,2026-05-04,0506,N,low,2.0NRT,304.24,1.37,D
-15.36509,131.27507,344.08,0.42,0.38,2026-05-04,0506,N,nominal,2.0NRT,299.53,4.92,D
-15.55968,129.98813,342.82,0.39,0.36,2026-05-04,0506,N,nominal,2.0NRT,300.9,3.3,D
-15.55576,129.99124,335.41,0.39,0.36,2026-05-04,0506,N,low,2.0NRT,307.02,3.3,D
-15.55126,129.99799,342.21,0.39,0.36,2026-05-04,0506,N,nominal,2.0NRT,303.76,4.59,D
-15.55183,129.99434,338.44,0.39,0.36,2026-05-04,0506,N,nominal,2.0NRT,305.06,4.59,D
-15.55354,129.98343,348.98,0.39,0.36,2026-05-04,0506,N,nominal,2.0NRT,307.02,13.97,D
-15.55411,129.9798,353.96,0.39,0.36,2026-05-04,0506,N,nominal,2.0NRT,307.11,13.97,D
-15.55468,129.97614,349.01,0.39,0.36,2026-05-04,0506,N,nominal,2.0NRT,306.26,11.27,D
-15.54404,129.97816,344.39,0.39,0.36,2026-05-04,0506,N,nominal,2.0NRT,304.31,6.6,D
-15.54069,129.9776,348.5,0.39,0.36,2026-05-04,0506,N,nominal,2.0NRT,301.19,4.52,D
-16.06979,126.24358,347.46,0.45,0.39,2026-05-04,0506,N,nominal,2.0NRT,302.42,15.49,D
-16.06388,126.2598,346.66,0.45,0.39,2026-05-04,0506,N,nominal,2.0NRT,305.1,11.37,D
-16.06563,126.24722,346.23,0.45,0.39,2026-05-04,0506,N,nominal,2.0NRT,302.74,6.66,D
-16.06621,126.24303,335.62,0.45,0.39,2026-05-04,0506,N,nominal,2.0NRT,298.24,3.34,D
-16.06089,126.25507,339.44,0.45,0.39,2026-05-04,0506,N,nominal,2.0NRT,304.86,11.37,D
-16.06205,126.24667,339.62,0.45,0.39,2026-05-04,0506,N,nominal,2.0NRT,300.2,6.66,D
-16.05731,126.25452,332.35,0.45,0.39,2026-05-04,0506,N,low,2.0NRT,302.85,2.45,D
-16.05789,126.25034,337.79,0.45,0.39,2026-05-04,0506,N,nominal,2.0NRT,303.22,3.73,D
-15.61358,129.24483,330.89,0.38,0.36,2026-05-04,0506,N,low,2.0NRT,303.02,4.12,D
-15.48164,130.04623,331.49,0.39,0.36,2026-05-04,0506,N,low,2.0NRT,304.38,2.7,D
-15.48221,130.04259,337.33,0.39,0.36,2026-05-04,0506,N,nominal,2.0NRT,306.04,2.7,D
-16.02504,126.35604,350.31,0.44,0.38,2026-05-04,0506,N,nominal,2.0NRT,304.34,7.27,D
-16.02281,126.26637,334.04,0.45,0.39,2026-05-04,0506,N,nominal,2.0NRT,301.08,3.72,D
-16.02106,126.26746,332.82,0.45,0.39,2026-05-04,0506,N,nominal,2.0NRT,299.4,3.33,D
-15.99796,126.35314,336.39,0.44,0.38,2026-05-04,0506,N,nominal,2.0NRT,294.92,2.93,D
-15.44246,130.02495,331.8,0.39,0.36,2026-05-04,0506,N,low,2.0NRT,302.6,3.28,D
-15.51493,129.56059,348.31,0.39,0.36,2026-05-04,0506,N,nominal,2.0NRT,303.03,5.63,D
-15.51159,129.56004,337.48,0.39,0.36,2026-05-04,0506,N,nominal,2.0NRT,303.17,1.7,D
-16.01143,126.18031,332.54,0.45,0.39,2026-05-04,0506,N,nominal,2.0NRT,301.18,6.32,D
-15.50826,129.55948,331.49,0.39,0.36,2026-05-04,0506,N,low,2.0NRT,303.53,1.7,D
-16.00605,126.19255,333.82,0.45,0.39,2026-05-04,0506,N,nominal,2.0NRT,300.37,5.46,D
-16.00665,126.18828,330.94,0.45,0.39,2026-05-04,0506,N,low,2.0NRT,303.36,5.46,D
-16.00725,126.18401,346.93,0.45,0.39,2026-05-04,0506,N,nominal,2.0NRT,303.14,6.32,D
-16.00247,126.19199,333.65,0.45,0.39,2026-05-04,0506,N,nominal,2.0NRT,302.32,5.25,D
-16.00307,126.18769,340.52,0.45,0.39,2026-05-04,0506,N,nominal,2.0NRT,301.81,5.25,D
-15.4999,129.56921,344.92,0.39,0.36,2026-05-04,0506,N,nominal,2.0NRT,305.27,4.83,D
-15.49656,129.56866,336.68,0.39,0.36,2026-05-04,0506,N,nominal,2.0NRT,304.54,4.39,D
-15.49712,129.56503,353.45,0.39,0.36,2026-05-04,0506,N,nominal,2.0NRT,310.17,29.81,D
-15.51444,129.34279,335.88,0.38,0.36,2026-05-04,0506,N,nominal,2.0NRT,305.2,5.18,D
-15.50999,129.34943,356.69,0.38,0.36,2026-05-04,0506,N,nominal,2.0NRT,308.3,11.54,D
-15.51055,129.34584,352.48,0.38,0.36,2026-05-04,0506,N,nominal,2.0NRT,307.17,4.74,D
-15.5111,129.34224,354.3,0.38,0.36,2026-05-04,0506,N,nominal,2.0NRT,305.36,4.74,D
-15.98318,126.11999,344.72,0.45,0.39,2026-05-04,0506,N,nominal,2.0NRT,301.04,5.18,D
-15.50666,129.34888,340.5,0.38,0.36,2026-05-04,0506,N,nominal,2.0NRT,298.85,11.54,D
-15.50722,129.34529,351.63,0.38,0.36,2026-05-04,0506,N,nominal,2.0NRT,300.08,4.74,D
-15.50777,129.34169,331.7,0.38,0.36,2026-05-04,0506,N,nominal,2.0NRT,300.51,4.74,D
-15.44907,129.67563,331.22,0.39,0.36,2026-05-04,0506,N,low,2.0NRT,301.71,1.84,D
-15.44963,129.67203,335.73,0.39,0.36,2026-05-04,0506,N,nominal,2.0NRT,301.61,1.84,D
-15.43956,129.69258,335.34,0.39,0.36,2026-05-04,0506,N,nominal,2.0NRT,304.67,2.99,D
-15.44013,129.68898,331.45,0.39,0.36,2026-05-04,0506,N,low,2.0NRT,304.76,3.71,D
-15.43565,129.69566,330.18,0.39,0.36,2026-05-04,0506,N,low,2.0NRT,304.15,2.63,D
-15.43622,129.69205,332.81,0.39,0.36,2026-05-04,0506,N,low,2.0NRT,305.89,2.63,D
-15.43287,129.6915,338.59,0.39,0.36,2026-05-04,0506,N,nominal,2.0NRT,304.22,2.63,D
-15.42619,129.69038,344.48,0.39,0.36,2026-05-04,0506,N,nominal,2.0NRT,304.92,3.33,D
-15.95716,126.06863,330.92,0.45,0.39,2026-05-04,0506,N,low,2.0NRT,303.38,3.67,D
-15.98003,125.90107,331.17,0.46,0.39,2026-05-04,0506,N,low,2.0NRT,302.05,7.69,D
-15.42285,129.68985,343.39,0.39,0.36,2026-05-04,0506,N,nominal,2.0NRT,303.36,3.99,D
-15.95414,126.0638,334.43,0.45,0.39,2026-05-04,0506,N,nominal,2.0NRT,303.75,4.51,D
-15.96922,125.92597,332.31,0.46,0.39,2026-05-04,0506,N,nominal,2.0NRT,302.16,5.85,D
-15.94634,126.067,335.82,0.45,0.39,2026-05-04,0506,N,nominal,2.0NRT,302.12,5.07,D
-15.94929,126.06401,330.14,0.45,0.39,2026-05-04,0506,N,low,2.0NRT,301.13,3.97,D
-15.96868,125.92697,339.56,0.46,0.39,2026-05-04,0506,N,nominal,2.0NRT,303.1,4.83,D
-15.97112,125.90968,335.4,0.46,0.39,2026-05-04,0506,N,nominal,2.0NRT,300.2,3.02,D
-15.39628,129.73695,331.4,0.39,0.36,2026-05-04,0506,N,low,2.0NRT,302.23,3.84,D
-15.71332,127.64574,333.5,0.4,0.37,2026-05-04,0506,N,low,2.0NRT,305.88,4.24,D
-15.9602,125.93452,332.3,0.46,0.39,2026-05-04,0506,N,nominal,2.0NRT,299.32,4.35,D
-15.96873,125.87398,332.74,0.46,0.39,2026-05-04,0506,N,nominal,2.0NRT,299.22,4.63,D
-15.70938,127.64893,335.56,0.4,0.37,2026-05-04,0506,N,nominal,2.0NRT,305.59,4.97,D
-15.93848,126.06233,348.1,0.45,0.39,2026-05-04,0506,N,nominal,2.0NRT,301.42,6.7,D
-15.95597,125.93829,336.85,0.46,0.39,2026-05-04,0506,N,nominal,2.0NRT,302.42,6.58,D
-15.70599,127.64838,336.61,0.4,0.37,2026-05-04,0506,N,nominal,2.0NRT,305.03,2.62,D
-15.9128,126.21788,336.98,0.45,0.39,2026-05-04,0506,N,nominal,2.0NRT,303.64,3.24,D
-15.38681,129.73163,337.98,0.39,0.36,2026-05-04,0506,N,nominal,2.0NRT,304.11,6.28,D
-15.94811,125.94151,339.81,0.46,0.39,2026-05-04,0506,N,nominal,2.0NRT,300.4,6.02,D
-15.95657,125.88116,335.29,0.46,0.39,2026-05-04,0506,N,nominal,2.0NRT,300.49,8.48,D
-15.95718,125.87681,345.33,0.46,0.39,2026-05-04,0506,N,nominal,2.0NRT,298.83,8.48,D
-15.95779,125.87247,333.73,0.46,0.39,2026-05-04,0506,N,nominal,2.0NRT,297.89,4.3,D
-15.92825,126.0565,349.05,0.45,0.39,2026-05-04,0506,N,nominal,2.0NRT,298.49,16.43,D
-15.94326,125.94966,331.09,0.46,0.39,2026-05-04,0506,N,nominal,2.0NRT,298.02,5.74,D
-15.95415,125.87196,334.17,0.46,0.39,2026-05-04,0506,N,nominal,2.0NRT,297.4,4.42,D
-15.90089,126.22464,341.53,0.45,0.39,2026-05-04,0506,N,nominal,2.0NRT,300.91,11.85,D
-15.93903,125.95347,333.9,0.46,0.39,2026-05-04,0506,N,nominal,2.0NRT,299.01,2.25,D
-15.9505,125.87144,342.87,0.46,0.39,2026-05-04,0506,N,nominal,2.0NRT,299.19,4.42,D
-15.91867,126.07237,331.1,0.45,0.39,2026-05-04,0506,N,low,2.0NRT,303.2,4.2,D
-15.93602,125.94856,346.99,0.46,0.39,2026-05-04,0506,N,nominal,2.0NRT,300.48,5.99,D
-15.94626,125.87527,333.71,0.46,0.39,2026-05-04,0506,N,nominal,2.0NRT,298.57,6.38,D
-15.94686,125.87093,348.99,0.46,0.39,2026-05-04,0506,N,nominal,2.0NRT,300.23,27.59,D
-15.91328,126.08456,347.46,0.45,0.39,2026-05-04,0506,N,nominal,2.0NRT,301.35,5,D
-15.91387,126.08031,336.55,0.45,0.39,2026-05-04,0506,N,nominal,2.0NRT,301.31,5,D
-15.91447,126.07606,336.74,0.45,0.39,2026-05-04,0506,N,nominal,2.0NRT,302.47,4.2,D
-15.93239,125.94802,335.4,0.46,0.39,2026-05-04,0506,N,nominal,2.0NRT,297.44,5.99,D
-15.94322,125.87038,336.48,0.46,0.39,2026-05-04,0506,N,nominal,2.0NRT,303.63,27.59,D
-15.88897,126.23143,335.98,0.45,0.39,2026-05-04,0506,N,nominal,2.0NRT,300.57,4.77,D
-15.89015,126.22303,343.08,0.45,0.39,2026-05-04,0506,N,nominal,2.0NRT,308.43,70.26,D
-15.90908,126.08826,335.11,0.45,0.39,2026-05-04,0506,N,nominal,2.0NRT,300.42,5.83,D
-15.90968,126.08401,338.48,0.45,0.39,2026-05-04,0506,N,nominal,2.0NRT,302.43,5.74,D
-15.92514,125.97344,330.08,0.46,0.39,2026-05-04,0506,N,nominal,2.0NRT,297.62,3.12,D
-15.93838,125.87849,330.05,0.46,0.39,2026-05-04,0506,N,nominal,2.0NRT,299.55,5.75,D
-15.93959,125.86981,346.12,0.46,0.39,2026-05-04,0506,N,nominal,2.0NRT,301.46,36.02,D
-15.88599,126.22668,355.82,0.45,0.39,2026-05-04,0506,N,nominal,2.0NRT,304.6,70.26,D
-15.91142,126.04528,343.83,0.45,0.39,2026-05-04,0506,N,nominal,2.0NRT,301.87,16.01,D
-15.93595,125.86926,334.21,0.46,0.39,2026-05-04,0506,N,nominal,2.0NRT,306.95,36.02,D
-15.8707,126.3094,331.23,0.44,0.39,2026-05-04,0506,N,low,2.0NRT,302.49,6.2,D
-15.87129,126.30525,339.07,0.44,0.39,2026-05-04,0506,N,nominal,2.0NRT,308.45,6.2,D
-15.88241,126.22614,340.07,0.45,0.39,2026-05-04,0506,N,nominal,2.0NRT,300.82,33.43,D
-15.883,126.22194,335.73,0.45,0.39,2026-05-04,0506,N,nominal,2.0NRT,301.97,33.43,D
-15.9078,126.04476,345.8,0.45,0.39,2026-05-04,0506,N,nominal,2.0NRT,303.61,13.86,D
-15.91551,125.98949,342.71,0.46,0.39,2026-05-04,0506,N,nominal,2.0NRT,298.27,8.92,D
-15.93051,125.88171,333.53,0.46,0.39,2026-05-04,0506,N,nominal,2.0NRT,299.4,3.21,D
-15.93231,125.86869,344.5,0.46,0.39,2026-05-04,0506,N,nominal,2.0NRT,298.42,8.11,D
-15.86773,126.30472,338.89,0.44,0.39,2026-05-04,0506,N,nominal,2.0NRT,308.35,6.2,D
-15.86831,126.30058,336.82,0.44,0.39,2026-05-04,0506,N,nominal,2.0NRT,303.9,8.47,D
-15.89887,126.08241,342.01,0.45,0.39,2026-05-04,0506,N,nominal,2.0NRT,301.08,6.34,D
-15.90419,126.04424,335.13,0.45,0.39,2026-05-04,0506,N,nominal,2.0NRT,302,13.86,D
-15.9095,126.00614,334.73,0.46,0.39,2026-05-04,0506,N,nominal,2.0NRT,299.43,3.58,D
-15.91009,126.00189,334.51,0.46,0.39,2026-05-04,0506,N,nominal,2.0NRT,301.02,3.58,D
-15.91189,125.98896,341.48,0.46,0.39,2026-05-04,0506,N,nominal,2.0NRT,298.2,8.92,D
-15.92687,125.88116,333.89,0.46,0.39,2026-05-04,0506,N,nominal,2.0NRT,299.75,3.21,D
-15.92867,125.86815,337.44,0.46,0.39,2026-05-04,0506,N,nominal,2.0NRT,297.47,8.11,D
-15.86416,126.30418,352.8,0.44,0.39,2026-05-04,0506,N,nominal,2.0NRT,306.47,15.43,D
-15.86474,126.30005,331.3,0.44,0.39,2026-05-04,0506,N,nominal,2.0NRT,299.8,2.55,D
-15.89408,126.09035,333.56,0.45,0.39,2026-05-04,0506,N,nominal,2.0NRT,301.46,7.96,D
-15.89527,126.08189,349.76,0.45,0.39,2026-05-04,0506,N,nominal,2.0NRT,301.02,5.84,D
-15.90117,126.03947,337.43,0.45,0.39,2026-05-04,0506,N,nominal,2.0NRT,299.45,4.07,D
-15.90767,125.99274,335.71,0.46,0.39,2026-05-04,0506,N,nominal,2.0NRT,299.41,4.14,D
-15.86118,126.29951,331.2,0.44,0.39,2026-05-04,0506,N,nominal,2.0NRT,298.69,2.55,D
-15.88989,126.09406,343.49,0.45,0.39,2026-05-04,0506,N,nominal,2.0NRT,299.11,5.57,D
-15.89225,126.07715,334.69,0.45,0.39,2026-05-04,0506,N,nominal,2.0NRT,300.33,5.84,D
-15.89697,126.04324,335.72,0.45,0.39,2026-05-04,0506,N,nominal,2.0NRT,297.93,6.65,D
-15.89756,126.03894,339.25,0.45,0.39,2026-05-04,0506,N,nominal,2.0NRT,299.2,4.07,D
-15.89993,126.02195,346.05,0.45,0.39,2026-05-04,0506,N,nominal,2.0NRT,295.82,4.63,D
-15.90052,126.01772,333.09,0.46,0.39,2026-05-04,0506,N,nominal,2.0NRT,298.4,4.63,D
-15.90406,125.9922,330.95,0.46,0.39,2026-05-04,0506,N,nominal,2.0NRT,298.59,4.14,D
-15.88629,126.09353,336.96,0.45,0.39,2026-05-04,0506,N,nominal,2.0NRT,296.34,8.6,D
-15.88923,126.07243,340.76,0.45,0.39,2026-05-04,0506,N,nominal,2.0NRT,297.09,9.24,D
-15.89573,126.02563,345.7,0.45,0.39,2026-05-04,0506,N,nominal,2.0NRT,298.19,12.74,D
-15.86452,126.22351,346.01,0.45,0.39,2026-05-04,0506,N,nominal,2.0NRT,301.55,5.86,D
-15.86511,126.21928,344.04,0.45,0.39,2026-05-04,0506,N,nominal,2.0NRT,300.62,5.86,D
-15.91351,125.87033,334.92,0.46,0.39,2026-05-04,0506,N,nominal,2.0NRT,298.11,5.59,D
-15.86153,126.21876,330.96,0.45,0.39,2026-05-04,0506,N,nominal,2.0NRT,299.93,3.07,D
-15.86212,126.21455,341.84,0.45,0.39,2026-05-04,0506,N,nominal,2.0NRT,299.68,12.92,D
-15.88085,126.07983,348.94,0.45,0.39,2026-05-04,0506,N,nominal,2.0NRT,299.97,13.64,D
-15.88144,126.07558,346.84,0.45,0.39,2026-05-04,0506,N,nominal,2.0NRT,299.58,13.64,D
-15.91048,125.86542,334.53,0.46,0.39,2026-05-04,0506,N,nominal,2.0NRT,298.57,8.06,D
-15.85737,126.22243,331.4,0.45,0.39,2026-05-04,0506,N,low,2.0NRT,301.56,3.07,D
-15.87491,126.09615,339.48,0.45,0.39,2026-05-04,0506,N,nominal,2.0NRT,300.52,5.12,D
-15.87666,126.0835,348.14,0.45,0.39,2026-05-04,0506,N,nominal,2.0NRT,303.17,14.71,D
-15.87725,126.07929,350.14,0.45,0.39,2026-05-04,0506,N,nominal,2.0NRT,303.09,13.64,D
-15.90744,125.86051,352.61,0.46,0.39,2026-05-04,0506,N,nominal,2.0NRT,299.87,8.06,D
-15.87248,126.08717,340.86,0.45,0.39,2026-05-04,0506,N,nominal,2.0NRT,299.25,19.55,D
-15.87306,126.08295,351.75,0.45,0.39,2026-05-04,0506,N,nominal,2.0NRT,307.57,19.55,D
-15.9026,125.86869,341.24,0.46,0.39,2026-05-04,0506,N,nominal,2.0NRT,300.52,28.79,D
-15.9032,125.86433,348.98,0.46,0.39,2026-05-04,0506,N,nominal,2.0NRT,306.09,71.99,D
-15.84905,126.22974,339.91,0.45,0.39,2026-05-04,0506,N,nominal,2.0NRT,308.51,8.2,D
-15.86946,126.08241,344.51,0.45,0.39,2026-05-04,0506,N,nominal,2.0NRT,299.73,19.55,D
-15.89717,125.88118,333.26,0.46,0.39,2026-05-04,0506,N,nominal,2.0NRT,299.01,4.34,D
-15.84548,126.22918,335.5,0.45,0.39,2026-05-04,0506,N,nominal,2.0NRT,304.13,6.49,D
-15.84781,126.21237,335.31,0.45,0.39,2026-05-04,0506,N,nominal,2.0NRT,302.26,4.23,D
-15.86352,126.0988,344.02,0.45,0.39,2026-05-04,0506,N,nominal,2.0NRT,300.75,8.92,D
-15.86411,126.09455,341.26,0.45,0.39,2026-05-04,0506,N,nominal,2.0NRT,299.06,8.62,D
-15.86528,126.08608,336.63,0.45,0.39,2026-05-04,0506,N,nominal,2.0NRT,294.64,3.65,D
-15.86586,126.08186,331.55,0.45,0.39,2026-05-04,0506,N,nominal,2.0NRT,296.3,3.65,D
-15.84365,126.21601,340.95,0.45,0.39,2026-05-04,0506,N,nominal,2.0NRT,305.59,9.62,D
-15.84423,126.21183,339.74,0.45,0.39,2026-05-04,0506,N,nominal,2.0NRT,306.49,4.23,D
-15.85003,126.16988,336.46,0.45,0.39,2026-05-04,0506,N,nominal,2.0NRT,305.08,5.65,D
-15.89109,125.87137,331.03,0.46,0.39,2026-05-04,0506,N,nominal,2.0NRT,296.23,3.33,D
-15.84645,126.16933,330.69,0.45,0.39,2026-05-04,0506,N,low,2.0NRT,301.71,3.76,D
-15.88746,125.87081,332.78,0.46,0.39,2026-05-04,0506,N,nominal,2.0NRT,295.51,3.23,D
-15.82772,126.25201,331,0.44,0.39,2026-05-04,0506,N,nominal,2.0NRT,299.88,2.59,D
-15.84738,126.10936,344.36,0.45,0.39,2026-05-04,0506,N,nominal,2.0NRT,301.79,4.83,D
-15.84796,126.10517,331.79,0.45,0.39,2026-05-04,0506,N,nominal,2.0NRT,299.96,4.83,D
-15.87841,125.88275,341.35,0.46,0.39,2026-05-04,0506,N,nominal,2.0NRT,299.27,8.6,D
-15.879,125.87842,334.59,0.46,0.39,2026-05-04,0506,N,nominal,2.0NRT,297.38,2.18,D
-15.84205,126.12151,332.36,0.45,0.39,2026-05-04,0506,N,nominal,2.0NRT,299.35,1.41,D
-15.84321,126.11305,341.81,0.45,0.39,2026-05-04,0506,N,nominal,2.0NRT,300.61,8.81,D
-15.84379,126.10884,334.51,0.45,0.39,2026-05-04,0506,N,nominal,2.0NRT,301.69,4.83,D
-15.83788,126.12518,331.05,0.45,0.39,2026-05-04,0506,N,nominal,2.0NRT,299.89,4.92,D
-15.83903,126.11675,343.72,0.45,0.39,2026-05-04,0506,N,nominal,2.0NRT,300.26,6.57,D
-15.83961,126.11254,335.02,0.45,0.39,2026-05-04,0506,N,nominal,2.0NRT,299.45,6.57,D
-15.83256,126.13725,330.92,0.45,0.39,2026-05-04,0506,N,nominal,2.0NRT,299.37,3.11,D
-15.83486,126.12045,342.79,0.45,0.39,2026-05-04,0506,N,nominal,2.0NRT,301.19,4.92,D
-15.83544,126.11623,347.31,0.45,0.39,2026-05-04,0506,N,nominal,2.0NRT,302.69,6.57,D
-15.83127,126.11991,344.43,0.45,0.39,2026-05-04,0506,N,nominal,2.0NRT,300.18,6.47,D
-15.83184,126.11568,336.23,0.45,0.39,2026-05-04,0506,N,nominal,2.0NRT,299.1,2.87,D
-15.8271,126.12357,348.38,0.45,0.39,2026-05-04,0506,N,nominal,2.0NRT,300.5,6.47,D
-15.82767,126.11936,350.49,0.45,0.39,2026-05-04,0506,N,nominal,2.0NRT,299.53,6.47,D
-15.83132,126.13776,336.89,0.45,0.39,2026-05-04,0506,N,nominal,2.0NRT,299.03,3.86,D
-15.8337,126.121,343.08,0.45,0.39,2026-05-04,0506,N,nominal,2.0NRT,300.42,6.08,D
-15.8343,126.11679,342.18,0.45,0.39,2026-05-04,0506,N,nominal,2.0NRT,300.85,4.37,D
-15.83489,126.11259,331.96,0.45,0.39,2026-05-04,0506,N,nominal,2.0NRT,298.56,4.37,D
-15.83011,126.12045,349.97,0.45,0.39,2026-05-04,0506,N,nominal,2.0NRT,301.15,6.08,D
-15.82592,126.12413,345.25,0.45,0.39,2026-05-04,0506,N,nominal,2.0NRT,301.97,13.35,D
-15.82652,126.11993,344.97,0.45,0.39,2026-05-04,0506,N,nominal,2.0NRT,299.39,13.35,D
-15.81037,126.15626,347.13,0.45,0.39,2026-05-04,0506,N,nominal,2.0NRT,300.78,5.72,D
-15.81097,126.15204,336.9,0.45,0.39,2026-05-04,0506,N,nominal,2.0NRT,300.18,5.72,D
-15.81157,126.1478,341.28,0.45,0.39,2026-05-04,0506,N,nominal,2.0NRT,300.83,7.23,D
-15.81217,126.14357,354.8,0.45,0.39,2026-05-04,0506,N,nominal,2.0NRT,300.51,7.23,D
-15.79725,126.17143,334.99,0.45,0.39,2026-05-04,0506,N,nominal,2.0NRT,299.51,3.27,D
-15.79784,126.16724,335.21,0.45,0.39,2026-05-04,0506,N,nominal,2.0NRT,298.8,3.27,D
-15.79843,126.16306,339.09,0.45,0.39,2026-05-04,0506,N,nominal,2.0NRT,298.35,4.92,D
-15.79902,126.15887,352.65,0.45,0.39,2026-05-04,0506,N,nominal,2.0NRT,299.65,4.92,D
-15.79367,126.1709,330.5,0.45,0.39,2026-05-04,0506,N,nominal,2.0NRT,298.41,3.27,D
-15.78891,126.17873,335.11,0.45,0.39,2026-05-04,0506,N,nominal,2.0NRT,293.71,18.25,D
-15.7895,126.17454,349.68,0.45,0.39,2026-05-04,0506,N,nominal,2.0NRT,303.27,18.25,D
-15.79009,126.17036,340.34,0.45,0.39,2026-05-04,0506,N,nominal,2.0NRT,305.58,30.29,D
-15.76932,126.21411,350.69,0.45,0.39,2026-05-04,0506,N,nominal,2.0NRT,301.36,8.31,D
-15.76392,126.20055,333.1,0.45,0.39,2026-05-04,0506,N,nominal,2.0NRT,298.83,6.33,D
-15.75802,126.21667,331.45,0.44,0.39,2026-05-04,0506,N,nominal,2.0NRT,299.13,3.03,D
-15.76152,126.19164,330.13,0.45,0.39,2026-05-04,0506,N,nominal,2.0NRT,297.79,4.53,D
-15.76676,126.15403,342.64,0.45,0.39,2026-05-04,0506,N,nominal,2.0NRT,299.03,6.67,D
-15.75444,126.21612,341.96,0.44,0.39,2026-05-04,0506,N,nominal,2.0NRT,301.25,8.43,D
-15.76202,126.16183,339.91,0.45,0.39,2026-05-04,0506,N,nominal,2.0NRT,296.49,4.92,D
-15.76844,126.11572,344.02,0.45,0.39,2026-05-04,0506,N,nominal,2.0NRT,298.11,7.58,D
-15.76902,126.1115,350.97,0.45,0.39,2026-05-04,0506,N,nominal,2.0NRT,301.04,7.58,D
-15.77253,126.08622,348.8,0.45,0.39,2026-05-04,0506,N,nominal,2.0NRT,297.5,9.09,D
-15.77313,126.08199,331.08,0.45,0.39,2026-05-04,0506,N,nominal,2.0NRT,296.84,7.59,D
-15.75843,126.1613,336.3,0.45,0.39,2026-05-04,0506,N,nominal,2.0NRT,293.34,4.92,D
-15.76484,126.11518,331.23,0.45,0.39,2026-05-04,0506,N,nominal,2.0NRT,296.68,7.58,D
-15.76543,126.11098,346.88,0.45,0.39,2026-05-04,0506,N,nominal,2.0NRT,297.09,7.58,D
-15.76601,126.10678,341.17,0.45,0.39,2026-05-04,0506,N,nominal,2.0NRT,295.64,7.11,D
-15.76835,126.08994,348.73,0.45,0.39,2026-05-04,0506,N,nominal,2.0NRT,297.19,9.09,D
-15.77188,126.06446,333.21,0.45,0.39,2026-05-04,0506,N,nominal,2.0NRT,296.02,3.93,D
-15.763,126.10205,330.11,0.45,0.39,2026-05-04,0506,N,nominal,2.0NRT,295.45,3.69,D
-15.76358,126.09785,347.69,0.45,0.39,2026-05-04,0506,N,nominal,2.0NRT,296.18,7.09,D
-15.72169,126.3466,346.18,0.44,0.38,2026-05-04,0506,N,nominal,2.0NRT,302.02,38.84,D
-15.72226,126.34249,333.45,0.44,0.38,2026-05-04,0506,N,nominal,2.0NRT,300.84,38.84,D
-15.71813,126.34605,341.02,0.44,0.38,2026-05-04,0506,N,nominal,2.0NRT,302.23,38.84,D
-15.73022,126.25923,343.19,0.44,0.39,2026-05-04,0506,N,nominal,2.0NRT,302.04,6.69,D
-15.71458,126.34551,355.05,0.44,0.38,2026-05-04,0506,N,nominal,2.0NRT,302.13,13.92,D
-15.71516,126.34141,331.37,0.44,0.38,2026-05-04,0506,N,nominal,2.0NRT,300.54,13.92,D
-15.72665,126.25871,330.53,0.44,0.39,2026-05-04,0506,N,low,2.0NRT,300.77,4.42,D
-15.72078,126.27477,333.37,0.44,0.39,2026-05-04,0506,N,low,2.0NRT,304.82,3.82,D
-15.71836,126.26595,336.86,0.44,0.39,2026-05-04,0506,N,nominal,2.0NRT,301.15,2.32,D
-15.53071,127.54019,345.04,0.4,0.37,2026-05-04,0506,N,nominal,2.0NRT,303.12,4.45,D
-15.69923,126.35162,347.19,0.44,0.38,2026-05-04,0506,N,nominal,2.0NRT,302.17,23.62,D
-15.7141,126.24416,351.57,0.44,0.39,2026-05-04,0506,N,nominal,2.0NRT,301.99,8.19,D
-15.69511,126.35521,333.38,0.44,0.38,2026-05-04,0506,N,nominal,2.0NRT,298.12,5.95,D
-15.69568,126.35108,349.76,0.44,0.38,2026-05-04,0506,N,nominal,2.0NRT,306.42,23.62,D
-15.71053,126.24361,351.99,0.44,0.39,2026-05-04,0506,N,nominal,2.0NRT,299.23,8.19,D
-15.69457,126.28859,331.14,0.44,0.38,2026-05-04,0506,N,nominal,2.0NRT,301.76,14.21,D
-15.69101,126.28806,344.33,0.44,0.38,2026-05-04,0506,N,nominal,2.0NRT,307.23,14.21,D
-15.69159,126.28396,334.38,0.44,0.38,2026-05-04,0506,N,nominal,2.0NRT,305.22,7.84,D
-15.68744,126.28754,343.39,0.44,0.38,2026-05-04,0506,N,nominal,2.0NRT,304.5,13.85,D
-15.68803,126.28344,335.97,0.44,0.38,2026-05-04,0506,N,nominal,2.0NRT,304.33,6.77,D
-15.72483,126.02389,339.38,0.45,0.39,2026-05-04,0506,N,nominal,2.0NRT,295.65,7.82,D
-15.66692,126.40612,347.29,0.44,0.38,2026-05-04,0506,N,nominal,2.0NRT,306.98,6.18,D
-15.6675,126.40204,336.3,0.44,0.38,2026-05-04,0506,N,nominal,2.0NRT,302.71,6.18,D
-15.66338,126.40559,352.44,0.44,0.38,2026-05-04,0506,N,nominal,2.0NRT,303.89,34.3,D
-15.66396,126.4015,350.85,0.44,0.38,2026-05-04,0506,N,nominal,2.0NRT,308.66,34.3,D
-15.65926,126.40915,334.26,0.44,0.38,2026-05-04,0506,N,nominal,2.0NRT,302.11,21.24,D
-15.65984,126.40505,341.96,0.44,0.38,2026-05-04,0506,N,nominal,2.0NRT,316.28,34.3,D
-15.66042,126.40097,347.9,0.44,0.38,2026-05-04,0506,N,nominal,2.0NRT,306.87,34.3,D
-15.71165,126.03913,350.94,0.45,0.39,2026-05-04,0506,N,nominal,2.0NRT,298.11,13.5,D
-15.65746,126.39634,333.66,0.44,0.38,2026-05-04,0506,N,nominal,2.0NRT,300.49,6.51,D
-15.65862,126.38817,348.24,0.44,0.38,2026-05-04,0506,N,nominal,2.0NRT,299.99,8.69,D
-15.6592,126.38409,349.14,0.44,0.38,2026-05-04,0506,N,nominal,2.0NRT,301.19,8.69,D
-15.68731,126.18571,351.55,0.45,0.39,2026-05-04,0506,N,nominal,2.0NRT,299.15,11.29,D
-15.70803,126.03871,339.59,0.45,0.39,2026-05-04,0506,N,nominal,2.0NRT,301.61,13.37,D
-15.65392,126.39582,343.45,0.44,0.38,2026-05-04,0506,N,nominal,2.0NRT,301.99,6.51,D
-15.6545,126.39172,341.27,0.44,0.38,2026-05-04,0506,N,nominal,2.0NRT,304.15,6.51,D
-15.65508,126.38763,351.35,0.44,0.38,2026-05-04,0506,N,nominal,2.0NRT,301.66,8.69,D
-15.65566,126.38354,354.21,0.44,0.38,2026-05-04,0506,N,nominal,2.0NRT,293.87,8.69,D
-15.68255,126.19355,346.47,0.45,0.39,2026-05-04,0506,N,nominal,2.0NRT,300.32,7.87,D
-15.70441,126.0383,346.63,0.45,0.39,2026-05-04,0506,N,nominal,2.0NRT,296.6,13.37,D
-15.65037,126.3953,342.89,0.44,0.38,2026-05-04,0506,N,nominal,2.0NRT,301.83,4.91,D
-15.65096,126.3912,334.74,0.44,0.38,2026-05-04,0506,N,nominal,2.0NRT,301.08,4.91,D
-15.67838,126.19721,335.07,0.44,0.39,2026-05-04,0506,N,nominal,2.0NRT,300.8,8.54,D
-15.67897,126.19305,348.98,0.45,0.39,2026-05-04,0506,N,nominal,2.0NRT,304.49,8.54,D
-15.70021,126.04203,346.19,0.45,0.39,2026-05-04,0506,N,nominal,2.0NRT,299.75,11.29,D
-15.64625,126.39888,349.27,0.44,0.38,2026-05-04,0506,N,nominal,2.0NRT,302.1,9.49,D
-15.64741,126.39069,339.82,0.44,0.38,2026-05-04,0506,N,nominal,2.0NRT,303.51,4.91,D
-15.67481,126.19669,333.21,0.44,0.39,2026-05-04,0506,N,nominal,2.0NRT,300.32,8.54,D
-15.69602,126.04573,337.06,0.45,0.39,2026-05-04,0506,N,nominal,2.0NRT,298.13,11.29,D
-15.6966,126.0416,337.45,0.45,0.39,2026-05-04,0506,N,nominal,2.0NRT,298.94,11.29,D
-15.64213,126.40244,351.73,0.44,0.38,2026-05-04,0506,N,nominal,2.0NRT,303.9,12.17,D
-15.64329,126.39425,330.87,0.44,0.38,2026-05-04,0506,N,low,2.0NRT,303.08,6.05,D
-15.64387,126.39015,335.79,0.44,0.38,2026-05-04,0506,N,nominal,2.0NRT,300.54,6.05,D
-15.69242,126.04519,345.8,0.45,0.39,2026-05-04,0506,N,nominal,2.0NRT,300.73,10.6,D
-15.63511,126.42648,345.92,0.44,0.38,2026-05-04,0506,N,nominal,2.0NRT,298.99,5.03,D
-15.63569,126.4224,334.34,0.44,0.38,2026-05-04,0506,N,nominal,2.0NRT,300.09,5.03,D
-15.63742,126.41013,337.68,0.44,0.38,2026-05-04,0506,N,nominal,2.0NRT,301.63,6.15,D
-15.638,126.40604,343.02,0.44,0.38,2026-05-04,0506,N,nominal,2.0NRT,303.39,6.15,D
-15.63974,126.39373,349.71,0.44,0.38,2026-05-04,0506,N,nominal,2.0NRT,302.28,6.05,D
-15.68177,126.09505,346.16,0.45,0.39,2026-05-04,0506,N,nominal,2.0NRT,296.64,10.42,D
-15.68882,126.04461,347.38,0.45,0.39,2026-05-04,0506,N,nominal,2.0NRT,298.13,10.6,D
-15.63389,126.40959,339.72,0.44,0.38,2026-05-04,0506,N,nominal,2.0NRT,300.16,4.61,D
-15.63447,126.40549,330.56,0.44,0.38,2026-05-04,0506,N,nominal,2.0NRT,299.97,4.61,D
-15.63504,126.40139,348.2,0.44,0.38,2026-05-04,0506,N,nominal,2.0NRT,304.71,11.13,D
-15.63562,126.39728,354.39,0.44,0.38,2026-05-04,0506,N,nominal,2.0NRT,306.73,11.13,D
-15.67759,126.09869,339.01,0.45,0.39,2026-05-04,0506,N,nominal,2.0NRT,296.52,9.97,D
-15.68103,126.04778,338.59,0.45,0.39,2026-05-04,0506,N,nominal,2.0NRT,299.02,7.91,D
-15.65634,126.19832,350.22,0.44,0.39,2026-05-04,0506,N,nominal,2.0NRT,299.06,8.24,D
-15.67743,126.0473,352.05,0.45,0.39,2026-05-04,0506,N,nominal,2.0NRT,301.22,9.2,D
-15.67801,126.04311,331.78,0.45,0.39,2026-05-04,0506,N,nominal,2.0NRT,298.51,4.88,D
-15.65218,126.20197,335.71,0.44,0.39,2026-05-04,0506,N,nominal,2.0NRT,303.66,8.24,D
-15.65276,126.19781,354.88,0.44,0.39,2026-05-04,0506,N,nominal,2.0NRT,300.17,8.24,D
-15.65335,126.19363,343.5,0.44,0.39,2026-05-04,0506,N,nominal,2.0NRT,300.88,6.14,D
-15.67382,126.04685,337.62,0.45,0.39,2026-05-04,0506,N,nominal,2.0NRT,299.41,9.2,D
-15.61685,126.42791,337.05,0.44,0.38,2026-05-04,0506,N,nominal,2.0NRT,304.77,5.42,D
-15.64918,126.1973,346.51,0.44,0.39,2026-05-04,0506,N,nominal,2.0NRT,302.4,14.5,D
-15.66255,126.07505,333.93,0.45,0.39,2026-05-04,0506,N,nominal,2.0NRT,293.31,2.18,D
-15.66313,126.07087,332.29,0.45,0.39,2026-05-04,0506,N,nominal,2.0NRT,296.88,2.18,D
-15.66662,126.04578,334.52,0.45,0.39,2026-05-04,0506,N,nominal,2.0NRT,298.69,8.97,D
-15.65896,126.07452,351.38,0.45,0.39,2026-05-04,0506,N,nominal,2.0NRT,300.63,23.59,D
-15.65954,126.07035,350.88,0.45,0.39,2026-05-04,0506,N,nominal,2.0NRT,300.16,23.59,D
-15.66012,126.06617,334.44,0.45,0.39,2026-05-04,0506,N,nominal,2.0NRT,292.96,5.26,D
-15.66244,126.04939,331.36,0.45,0.39,2026-05-04,0506,N,nominal,2.0NRT,297.99,7.83,D
-15.66303,126.04517,352.41,0.45,0.39,2026-05-04,0506,N,nominal,2.0NRT,300.35,7.83,D
-15.65303,126.09081,335.99,0.45,0.39,2026-05-04,0506,N,nominal,2.0NRT,294.11,9.11,D
-15.65361,126.08662,354.85,0.45,0.39,2026-05-04,0506,N,nominal,2.0NRT,297.22,9.11,D
-15.6542,126.0824,331.03,0.45,0.39,2026-05-04,0506,N,nominal,2.0NRT,295.1,6.54,D
-15.65594,126.06982,348.4,0.45,0.39,2026-05-04,0506,N,nominal,2.0NRT,304.94,23.59,D
-15.65652,126.06562,341.41,0.45,0.39,2026-05-04,0506,N,nominal,2.0NRT,295.57,5.26,D
-15.65885,126.04884,337,0.45,0.39,2026-05-04,0506,N,nominal,2.0NRT,297.7,7.83,D
-15.65943,126.0446,337.55,0.45,0.39,2026-05-04,0506,N,nominal,2.0NRT,295.5,7.83,D
-15.65351,126.06091,334.02,0.45,0.39,2026-05-04,0506,N,nominal,2.0NRT,298.82,6.7,D
-15.65525,126.04827,346.21,0.45,0.39,2026-05-04,0506,N,nominal,2.0NRT,299.62,28.68,D
-15.65166,126.04771,345.59,0.45,0.39,2026-05-04,0506,N,nominal,2.0NRT,305.43,28.68,D
-15.58502,126.42314,346.42,0.44,0.38,2026-05-04,0506,N,nominal,2.0NRT,309.44,16.11,D
-15.59019,126.18987,344.77,0.44,0.39,2026-05-04,0506,N,nominal,2.0NRT,304.3,7.61,D
-15.59077,126.18572,343.82,0.44,0.39,2026-05-04,0506,N,nominal,2.0NRT,303.24,4.95,D
-15.58661,126.18933,341.2,0.44,0.39,2026-05-04,0506,N,nominal,2.0NRT,303.82,5.84,D
-15.5872,126.18517,342.63,0.44,0.39,2026-05-04,0506,N,nominal,2.0NRT,309.82,41.54,D
-15.58779,126.18105,330.71,0.44,0.39,2026-05-04,0506,N,low,2.0NRT,304.36,41.54,D
-15.58363,126.18463,340.4,0.44,0.39,2026-05-04,0506,N,nominal,2.0NRT,307.05,41.54,D
-15.58006,126.18408,336.5,0.44,0.39,2026-05-04,0506,N,nominal,2.0NRT,303.06,24.22,D
-15.58064,126.17995,335.67,0.44,0.39,2026-05-04,0506,N,low,2.0NRT,307.34,24.22,D
-15.5759,126.18769,338.9,0.44,0.39,2026-05-04,0506,N,nominal,2.0NRT,303.38,5.66,D
-15.56881,126.21207,340.53,0.44,0.39,2026-05-04,0506,N,nominal,2.0NRT,301.49,7.76,D
-15.67407,125.34798,336.16,0.49,0.4,2026-05-04,0506,N,nominal,2.0NRT,298.54,6.15,D
-15.67469,125.34348,338.1,0.49,0.4,2026-05-04,0506,N,nominal,2.0NRT,300.17,4.42,D
-15.54798,126.2048,342.6,0.44,0.39,2026-05-04,0506,N,nominal,2.0NRT,301.48,4.12,D
-15.5726,126.02872,348.44,0.45,0.39,2026-05-04,0506,N,nominal,2.0NRT,304.34,9.44,D
-15.54441,126.20428,340.01,0.44,0.39,2026-05-04,0506,N,nominal,2.0NRT,303.24,4.12,D
-15.545,126.2001,333.91,0.44,0.39,2026-05-04,0506,N,nominal,2.0NRT,298,4.12,D
-15.54084,126.20376,352.1,0.44,0.39,2026-05-04,0506,N,nominal,2.0NRT,304.33,7.01,D
-15.54142,126.19958,350.74,0.44,0.39,2026-05-04,0506,N,nominal,2.0NRT,304.13,7.01,D
-15.56422,126.03619,331.79,0.45,0.39,2026-05-04,0506,N,nominal,2.0NRT,301.7,7.43,D
-15.56481,126.03195,356.19,0.45,0.39,2026-05-04,0506,N,nominal,2.0NRT,305.08,7.43,D
-15.53727,126.20324,342.86,0.44,0.39,2026-05-04,0506,N,nominal,2.0NRT,303.49,7.01,D
-15.53785,126.19906,340.28,0.44,0.39,2026-05-04,0506,N,nominal,2.0NRT,303.77,7.01,D
-15.55828,126.05249,335.36,0.45,0.39,2026-05-04,0506,N,nominal,2.0NRT,302.28,3.8,D
-15.55886,126.0483,347.97,0.45,0.39,2026-05-04,0506,N,nominal,2.0NRT,304.08,3.8,D
-15.55945,126.04411,330.72,0.45,0.39,2026-05-04,0506,N,low,2.0NRT,303.22,3.52,D
-15.56003,126.0399,339.44,0.45,0.39,2026-05-04,0506,N,nominal,2.0NRT,303.28,3.52,D
-15.56121,126.03144,333.06,0.45,0.39,2026-05-04,0506,N,nominal,2.0NRT,300.48,7.43,D
-15.5337,126.20271,335.92,0.44,0.39,2026-05-04,0506,N,nominal,2.0NRT,304.27,9.45,D
-15.53428,126.19855,353.72,0.44,0.39,2026-05-04,0506,N,nominal,2.0NRT,304.86,9.45,D
-15.53486,126.19436,354.99,0.44,0.39,2026-05-04,0506,N,nominal,2.0NRT,306.09,8.06,D
-15.53544,126.19022,336.49,0.44,0.39,2026-05-04,0506,N,nominal,2.0NRT,302.49,8.06,D
-15.53071,126.19803,337.99,0.44,0.39,2026-05-04,0506,N,nominal,2.0NRT,301.92,9.45,D
-15.53187,126.1897,348.23,0.44,0.39,2026-05-04,0506,N,nominal,2.0NRT,303.43,8.06,D
-15.62145,125.53954,339.4,0.48,0.4,2026-05-04,0506,N,nominal,2.0NRT,301.8,7.88,D
-15.41245,127.00969,356.23,0.41,0.37,2026-05-04,0506,N,nominal,2.0NRT,312.05,18.45,D
-15.413,127.00584,336.52,0.41,0.37,2026-05-04,0506,N,low,2.0NRT,306.96,18.45,D
-15.52888,126.18501,348.61,0.44,0.39,2026-05-04,0506,N,nominal,2.0NRT,303.18,4.94,D
-15.52946,126.18087,336.2,0.44,0.39,2026-05-04,0506,N,nominal,2.0NRT,301.31,4.94,D
-15.61775,125.53902,332.16,0.48,0.4,2026-05-04,0506,N,nominal,2.0NRT,301.94,3.37,D
-15.52589,126.18033,338.37,0.44,0.39,2026-05-04,0506,N,nominal,2.0NRT,304.11,4.94,D
-15.54098,126.07148,334.08,0.45,0.39,2026-05-04,0506,N,nominal,2.0NRT,302.22,7.68,D
-15.52231,126.17979,332.58,0.44,0.39,2026-05-04,0506,N,nominal,2.0NRT,301.48,3.87,D
-15.52289,126.17564,337.47,0.44,0.39,2026-05-04,0506,N,nominal,2.0NRT,300.57,3.42,D
-15.52346,126.17152,330.43,0.44,0.39,2026-05-04,0506,N,nominal,2.0NRT,300.33,3.42,D
-15.49578,126.34436,345.39,0.44,0.38,2026-05-04,0506,N,nominal,2.0NRT,304.87,9.16,D
-15.51989,126.17098,338.17,0.44,0.39,2026-05-04,0506,N,nominal,2.0NRT,299.98,3.42,D
-15.51389,126.16165,367,0.45,0.39,2026-05-04,0506,N,high,2.0NRT,304.5,13.21,D
-15.41568,126.86299,336.39,0.42,0.38,2026-05-04,0506,N,nominal,2.0NRT,304.56,4.83,D
-15.51331,126.16581,344.49,0.44,0.39,2026-05-04,0506,N,nominal,2.0NRT,300.61,13.21,D
-15.51503,126.15334,353.64,0.45,0.39,2026-05-04,0506,N,nominal,2.0NRT,298.41,12.93,D
-15.51031,126.16112,346.67,0.45,0.39,2026-05-04,0506,N,nominal,2.0NRT,298.83,15.77,D
-15.51089,126.15695,348.96,0.45,0.39,2026-05-04,0506,N,nominal,2.0NRT,300.9,9.99,D
-15.51146,126.1528,344.13,0.45,0.39,2026-05-04,0506,N,nominal,2.0NRT,298.32,9.99,D
-15.51203,126.14864,341.85,0.45,0.39,2026-05-04,0506,N,nominal,2.0NRT,297.51,4.56,D
-15.50788,126.15227,343.42,0.45,0.39,2026-05-04,0506,N,nominal,2.0NRT,298.09,9.99,D
-15.50846,126.1481,339.7,0.45,0.39,2026-05-04,0506,N,nominal,2.0NRT,289.93,4.56,D
-15.51653,126.08942,338.02,0.45,0.39,2026-05-04,0506,N,nominal,2.0NRT,301.2,5.67,D
-15.51295,126.0889,335.65,0.45,0.39,2026-05-04,0506,N,nominal,2.0NRT,302.41,3.16,D
-15.47622,126.32884,339.95,0.44,0.38,2026-05-04,0506,N,nominal,2.0NRT,303.83,5.78,D
-15.47679,126.32476,332.65,0.44,0.38,2026-05-04,0506,N,nominal,2.0NRT,301.83,5.78,D
-15.50936,126.08839,335.32,0.45,0.39,2026-05-04,0506,N,nominal,2.0NRT,301.4,3.16,D
-15.51468,126.09004,331.16,0.45,0.39,2026-05-04,0506,N,low,2.0NRT,301.81,7.94,D
-15.47737,126.32555,337.46,0.44,0.38,2026-05-04,0506,N,nominal,2.0NRT,302.89,8.85,D
-15.47382,126.325,347.8,0.44,0.38,2026-05-04,0506,N,nominal,2.0NRT,302.96,6.87,D
-15.5075,126.08902,333.82,0.45,0.39,2026-05-04,0506,N,nominal,2.0NRT,301.4,6.17,D
-15.50391,126.0885,349.71,0.45,0.39,2026-05-04,0506,N,nominal,2.0NRT,302.63,6.17,D
-15.47025,126.29929,339.44,0.44,0.38,2026-05-04,0506,N,nominal,2.0NRT,299.21,4.83,D
-15.50033,126.08797,344.62,0.45,0.39,2026-05-04,0506,N,nominal,2.0NRT,305.71,25.86,D
-15.4667,126.29875,334.66,0.44,0.38,2026-05-04,0506,N,nominal,2.0NRT,299.67,4.83,D
-15.49555,126.09586,333.68,0.45,0.39,2026-05-04,0506,N,nominal,2.0NRT,300.24,16.16,D
-15.49615,126.09164,350.72,0.45,0.39,2026-05-04,0506,N,nominal,2.0NRT,303.89,16.16,D
-15.49675,126.08743,354.32,0.45,0.39,2026-05-04,0506,N,nominal,2.0NRT,301.17,25.86,D
-15.46841,126.26128,346.27,0.44,0.38,2026-05-04,0506,N,nominal,2.0NRT,302.48,68.01,D
-15.46899,126.25718,341.62,0.44,0.38,2026-05-04,0506,N,nominal,2.0NRT,309.91,68.01,D
-15.49197,126.09532,337.66,0.45,0.39,2026-05-04,0506,N,nominal,2.0NRT,298.82,3.47,D
-15.38212,126.83814,338.19,0.42,0.38,2026-05-04,0506,N,nominal,2.0NRT,305.12,12.12,D
-15.37865,126.83761,335.85,0.42,0.38,2026-05-04,0506,N,nominal,2.0NRT,300.73,15.76,D
-15.37921,126.83373,353.8,0.42,0.38,2026-05-04,0506,N,nominal,2.0NRT,311.61,15.76,D
-15.46537,126.23151,338.42,0.44,0.38,2026-05-04,0506,N,nominal,2.0NRT,298.02,6.49,D
-15.46831,126.21075,330.34,0.44,0.39,2026-05-04,0506,N,nominal,2.0NRT,292.84,4.52,D
-15.48125,126.11936,330.29,0.45,0.39,2026-05-04,0506,N,nominal,2.0NRT,299.48,5.01,D
-15.48302,126.10683,337.45,0.45,0.39,2026-05-04,0506,N,nominal,2.0NRT,301.25,8.06,D
-15.5021,125.97157,339.71,0.45,0.39,2026-05-04,0506,N,nominal,2.0NRT,302.95,5.36,D
-15.5027,125.96735,351,0.45,0.39,2026-05-04,0506,N,nominal,2.0NRT,303.54,9.5,D
-15.47708,126.12302,367,0.45,0.39,2026-05-04,0506,N,high,2.0NRT,303.83,9.29,D
-15.37574,126.8332,339.9,0.42,0.38,2026-05-04,0506,N,nominal,2.0NRT,299.39,15.76,D
-15.46534,126.20604,351.49,0.44,0.39,2026-05-04,0506,N,nominal,2.0NRT,299.04,4.52,D
-15.4759,126.13134,341.54,0.45,0.39,2026-05-04,0506,N,nominal,2.0NRT,302.58,5.92,D
-15.47649,126.12719,334.44,0.45,0.39,2026-05-04,0506,N,nominal,2.0NRT,302.13,9.29,D
-15.47767,126.11883,345.04,0.45,0.39,2026-05-04,0506,N,nominal,2.0NRT,300.25,5.01,D
-14.5373,132.20103,345.69,0.47,0.4,2026-05-04,0506,N,nominal,2.0NRT,305.24,5.33,D
-15.42237,126.48309,342.17,0.43,0.38,2026-05-04,0506,N,nominal,2.0NRT,305.94,4.96,D
-15.4606,126.21384,345.59,0.44,0.39,2026-05-04,0506,N,nominal,2.0NRT,298.65,6.38,D
-15.47292,126.12666,337.58,0.45,0.39,2026-05-04,0506,N,nominal,2.0NRT,302.76,13.79,D
-15.47351,126.12247,351.18,0.45,0.39,2026-05-04,0506,N,nominal,2.0NRT,308.9,13.79,D
-14.53292,132.20476,334.2,0.47,0.4,2026-05-04,0506,N,low,2.0NRT,304.35,5.33,D
-14.53365,132.20041,338.7,0.47,0.4,2026-05-04,0506,N,nominal,2.0NRT,306.43,5.33,D
-15.46993,126.12194,343.4,0.45,0.39,2026-05-04,0506,N,nominal,2.0NRT,299.58,13.79,D
-15.49006,125.95243,334.77,0.45,0.39,2026-05-04,0506,N,nominal,2.0NRT,301.09,18.95,D
-15.48586,125.95615,342.14,0.45,0.39,2026-05-04,0506,N,nominal,2.0NRT,300.72,18.95,D
-15.48646,125.95188,354.57,0.45,0.39,2026-05-04,0506,N,nominal,2.0NRT,303.72,18.95,D
-15.4787,125.98106,348.11,0.45,0.39,2026-05-04,0506,N,nominal,2.0NRT,302.49,8.64,D
-15.47929,125.9768,331.24,0.45,0.39,2026-05-04,0506,N,low,2.0NRT,301.64,8.64,D
-15.48166,125.95985,348.85,0.45,0.39,2026-05-04,0506,N,nominal,2.0NRT,306.03,112.86,D
-15.48226,125.9556,356.19,0.45,0.39,2026-05-04,0506,N,nominal,2.0NRT,297.07,19.89,D
-15.47509,125.98055,333.19,0.45,0.39,2026-05-04,0506,N,nominal,2.0NRT,297.54,8.64,D
-15.47569,125.97628,352.14,0.45,0.39,2026-05-04,0506,N,nominal,2.0NRT,301.92,8.64,D
-15.47628,125.97205,337.16,0.45,0.39,2026-05-04,0506,N,nominal,2.0NRT,300.78,4.39,D
-15.47687,125.9678,340.07,0.45,0.39,2026-05-04,0506,N,nominal,2.0NRT,300.85,4.39,D
-15.47327,125.96727,341.02,0.45,0.39,2026-05-04,0506,N,nominal,2.0NRT,298.65,10.45,D
-15.41768,126.3123,340.28,0.44,0.38,2026-05-04,0506,N,nominal,2.0NRT,299.05,5.11,D
-15.32685,126.77776,338.21,0.42,0.38,2026-05-04,0506,N,nominal,2.0NRT,302.15,3.4,D
-15.3743,126.14195,333.15,0.44,0.39,2026-05-04,0506,N,nominal,2.0NRT,302.71,6.01,D
-15.37073,126.1414,335.1,0.44,0.39,2026-05-04,0506,N,nominal,2.0NRT,302.49,5.81,D
-15.36658,126.14501,348.96,0.44,0.39,2026-05-04,0506,N,nominal,2.0NRT,304.98,5.81,D
-15.36716,126.14086,351.18,0.44,0.39,2026-05-04,0506,N,nominal,2.0NRT,302.71,5.81,D
-15.36301,126.14449,335.2,0.44,0.39,2026-05-04,0506,N,nominal,2.0NRT,291.22,2.56,D
-15.20563,127.11961,336.35,0.41,0.37,2026-05-04,0506,N,nominal,2.0NRT,304.36,4.36,D
-15.20674,127.11198,334.14,0.41,0.37,2026-05-04,0506,N,low,2.0NRT,304.5,5.15,D
-15.20275,127.11529,337.98,0.41,0.37,2026-05-04,0506,N,nominal,2.0NRT,303.89,4.83,D
-15.2033,127.11146,338.1,0.41,0.37,2026-05-04,0506,N,nominal,2.0NRT,302.82,3.42,D
-15.20385,127.10765,331.94,0.41,0.37,2026-05-04,0506,N,nominal,2.0NRT,300.81,3.42,D
-15.19932,127.11475,330.65,0.41,0.37,2026-05-04,0506,N,nominal,2.0NRT,300.42,4.83,D
-15.19987,127.11092,331.99,0.41,0.37,2026-05-04,0506,N,low,2.0NRT,302.52,3.42,D
-15.20042,127.10712,333.02,0.41,0.37,2026-05-04,0506,N,nominal,2.0NRT,300.71,3.42,D
-15.19643,127.1104,356.28,0.41,0.37,2026-05-04,0506,N,nominal,2.0NRT,301.46,10.89,D
-15.21553,126.80492,349.48,0.42,0.38,2026-05-04,0506,N,nominal,2.0NRT,303.86,8.98,D
-15.21608,126.80103,338.11,0.42,0.38,2026-05-04,0506,N,nominal,2.0NRT,300.08,8.98,D
-15.21261,126.80051,339.18,0.42,0.38,2026-05-04,0506,N,nominal,2.0NRT,301.15,7.71,D
-15.20969,126.7961,336.67,0.42,0.38,2026-05-04,0506,N,nominal,2.0NRT,302.34,5.96,D
-15.20594,126.74728,332.26,0.42,0.38,2026-05-04,0506,N,low,2.0NRT,303.49,4.75,D
-15.20246,126.74674,347.37,0.42,0.38,2026-05-04,0506,N,nominal,2.0NRT,304.04,4.75,D
-15.20462,126.74733,338.08,0.42,0.38,2026-05-04,0506,N,nominal,2.0NRT,303.12,4.81,D
-15.20114,126.74681,339.23,0.42,0.38,2026-05-04,0506,N,nominal,2.0NRT,300.39,4.81,D
-15.14042,127.04283,334.56,0.41,0.37,2026-05-04,0506,N,low,2.0NRT,305.56,4.72,D
-14.22064,132.81853,344.95,0.51,0.41,2026-05-04,0506,N,nominal,2.0NRT,306.15,8.94,D
-14.15342,132.69211,334.45,0.5,0.41,2026-05-04,0506,N,nominal,2.0NRT,303.75,3.36,D
-14.14966,132.69142,336.1,0.5,0.41,2026-05-04,0506,N,nominal,2.0NRT,303.22,3.36,D
-15.27502,125.37029,333.65,0.48,0.4,2026-05-04,0506,N,nominal,2.0NRT,300.38,5.08,D
-14.14669,132.68605,339.88,0.5,0.41,2026-05-04,0506,N,nominal,2.0NRT,303.92,3.6,D
-14.52959,130.34618,345.31,0.4,0.37,2026-05-04,0506,N,nominal,2.0NRT,303.96,12.59,D
-15.27133,125.36957,337.75,0.48,0.4,2026-05-04,0506,N,nominal,2.0NRT,299.74,5.99,D
-15.12896,126.19944,344.69,0.44,0.38,2026-05-04,0506,N,nominal,2.0NRT,301.76,7.84,D
-15.12482,126.20302,345.38,0.44,0.38,2026-05-04,0506,N,nominal,2.0NRT,302.05,22.15,D
-15.1254,126.19891,334.69,0.44,0.38,2026-05-04,0506,N,nominal,2.0NRT,302.64,22.15,D
-15.21091,125.47935,332.81,0.47,0.4,2026-05-04,0506,N,nominal,2.0NRT,300.55,9,D
-15.2072,125.47897,347.73,0.47,0.4,2026-05-04,0506,N,nominal,2.0NRT,303.88,9,D
-15.20843,125.47002,335.69,0.47,0.4,2026-05-04,0506,N,nominal,2.0NRT,302.59,5.94,D
-14.10601,132.60661,350.53,0.5,0.41,2026-05-04,0506,N,nominal,2.0NRT,303.63,17.97,D
-14.1068,132.60199,340.98,0.5,0.41,2026-05-04,0506,N,nominal,2.0NRT,309.94,20.89,D
-15.20476,125.46936,336.86,0.47,0.4,2026-05-04,0506,N,nominal,2.0NRT,302.37,6.62,D
-14.10227,132.60593,347.81,0.5,0.41,2026-05-04,0506,N,nominal,2.0NRT,302.72,17.97,D
-14.10306,132.60132,343.16,0.5,0.41,2026-05-04,0506,N,nominal,2.0NRT,303.72,20.89,D
-15.20158,125.43757,332.93,0.48,0.4,2026-05-04,0506,N,nominal,2.0NRT,301.65,3.83,D
-14.48742,130.15244,341.83,0.4,0.37,2026-05-04,0506,N,nominal,2.0NRT,303.33,2.8,D
-14.00004,132.99222,336.69,0.52,0.42,2026-05-04,0506,N,nominal,2.0NRT,305.02,4.03,D
-14.00089,132.98737,338.18,0.52,0.42,2026-05-04,0506,N,nominal,2.0NRT,304.8,4.03,D
-13.9962,132.99152,331.35,0.52,0.42,2026-05-04,0506,N,low,2.0NRT,303.39,4.03,D
-13.99706,132.98666,347.61,0.52,0.42,2026-05-04,0506,N,nominal,2.0NRT,304.24,4.03,D
-14.94927,127.01828,332.65,0.41,0.37,2026-05-04,0506,N,nominal,2.0NRT,302.47,2.25,D
-15.0208,126.50272,340.96,0.43,0.38,2026-05-04,0506,N,nominal,2.0NRT,302.67,4.43,D
-14.00251,132.99057,330.38,0.52,0.42,2026-05-04,0506,N,low,2.0NRT,304.03,6.39,D
-15.12619,125.74115,335.99,0.46,0.39,2026-05-04,0506,N,nominal,2.0NRT,297.92,4.49,D
-13.99868,132.98985,347.1,0.52,0.42,2026-05-04,0506,N,nominal,2.0NRT,304.88,6.39,D
-13.9995,132.985,342.77,0.52,0.42,2026-05-04,0506,N,nominal,2.0NRT,303.52,5.11,D
-15.12256,125.74062,338.3,0.46,0.39,2026-05-04,0506,N,nominal,2.0NRT,301.93,4.49,D
-13.99485,132.98915,335.94,0.52,0.42,2026-05-04,0506,N,nominal,2.0NRT,304.52,3.72,D
-13.99101,132.98843,333.66,0.52,0.42,2026-05-04,0506,N,low,2.0NRT,304.01,3.72,D
-13.99266,132.9787,338.59,0.52,0.42,2026-05-04,0506,N,nominal,2.0NRT,302.43,7.38,D
-13.98034,132.98149,336.65,0.52,0.42,2026-05-04,0506,N,nominal,2.0NRT,304.03,3.42,D
-13.98117,132.97661,330.29,0.52,0.42,2026-05-04,0506,N,low,2.0NRT,301.91,3.42,D
-14.92009,127.02563,341.01,0.41,0.37,2026-05-04,0506,N,nominal,2.0NRT,300.78,2.2,D
-13.97733,132.97591,331.27,0.52,0.42,2026-05-04,0506,N,low,2.0NRT,303.91,3.42,D
-13.97816,132.97105,338.9,0.52,0.42,2026-05-04,0506,N,nominal,2.0NRT,304.17,3.74,D
-13.97898,132.96625,333.09,0.52,0.42,2026-05-04,0506,N,nominal,2.0NRT,301.27,3.74,D
-13.97132,132.96484,340.96,0.52,0.42,2026-05-04,0506,N,nominal,2.0NRT,302.67,6.66,D
-13.97462,132.94554,334.61,0.52,0.42,2026-05-04,0506,N,nominal,2.0NRT,302.81,4.51,D
-13.96832,132.95927,331.51,0.52,0.42,2026-05-04,0506,N,low,2.0NRT,302.91,7.7,D
-13.97408,132.92566,337.12,0.52,0.41,2026-05-04,0506,N,nominal,2.0NRT,302.08,7.39,D
-13.97489,132.92085,330.15,0.52,0.41,2026-05-04,0506,N,nominal,2.0NRT,301.77,4.31,D
-13.97108,132.92014,342.06,0.52,0.41,2026-05-04,0506,N,nominal,2.0NRT,302.75,4.31,D
-13.97189,132.91537,333.43,0.52,0.41,2026-05-04,0506,N,nominal,2.0NRT,300.88,4.31,D
-13.95987,132.96249,336.53,0.52,0.42,2026-05-04,0506,N,nominal,2.0NRT,302.83,3.48,D
-13.96727,132.91937,340.89,0.52,0.41,2026-05-04,0506,N,nominal,2.0NRT,301.45,9.41,D
-13.99646,132.74866,337.97,0.51,0.41,2026-05-04,0506,N,nominal,2.0NRT,306.18,4.75,D
-13.96427,132.91389,354.48,0.52,0.41,2026-05-04,0506,N,nominal,2.0NRT,304.2,9.41,D
-13.97406,132.8568,341,0.51,0.41,2026-05-04,0506,N,nominal,2.0NRT,304.61,7.53,D
-13.99348,132.74327,334.86,0.51,0.41,2026-05-04,0506,N,nominal,2.0NRT,304.6,4.75,D
-13.99429,132.73857,342.36,0.51,0.41,2026-05-04,0506,N,nominal,2.0NRT,305.54,8.19,D
-13.98486,132.77086,333.73,0.51,0.41,2026-05-04,0506,N,low,2.0NRT,304.75,4.26,D
-13.99613,132.70496,331.37,0.5,0.41,2026-05-04,0506,N,low,2.0NRT,305.82,4.44,D
-13.99693,132.7003,336.52,0.5,0.41,2026-05-04,0506,N,nominal,2.0NRT,305.91,5.39,D
-13.96807,132.84598,350.53,0.51,0.41,2026-05-04,0506,N,nominal,2.0NRT,304.47,10.48,D
-13.97865,132.78435,332.15,0.51,0.41,2026-05-04,0506,N,low,2.0NRT,303.73,5.67,D
-13.98027,132.77489,341.44,0.51,0.41,2026-05-04,0506,N,nominal,2.0NRT,304.05,4.26,D
-13.97567,132.77893,330.47,0.51,0.41,2026-05-04,0506,N,low,2.0NRT,304.25,3.89,D
-13.98374,132.73189,330.45,0.51,0.41,2026-05-04,0506,N,low,2.0NRT,301.4,2.97,D
-13.98535,132.7225,331.77,0.51,0.41,2026-05-04,0506,N,low,2.0NRT,302.98,5.71,D
-13.98616,132.71776,331.33,0.51,0.41,2026-05-04,0506,N,low,2.0NRT,306.33,9.28,D
-13.98697,132.71304,335.43,0.5,0.41,2026-05-04,0506,N,nominal,2.0NRT,303.76,9.28,D
-13.98238,132.71712,331.06,0.51,0.41,2026-05-04,0506,N,nominal,2.0NRT,301.93,9.28,D
-13.98319,132.71239,350.29,0.5,0.41,2026-05-04,0506,N,nominal,2.0NRT,307.27,9.28,D
-13.97941,132.71175,347.66,0.5,0.41,2026-05-04,0506,N,nominal,2.0NRT,302.11,9.73,D
-14.97161,126.31865,336.6,0.43,0.38,2026-05-04,0506,N,nominal,2.0NRT,301.37,4.76,D
-14.96808,126.31812,343.06,0.43,0.38,2026-05-04,0506,N,nominal,2.0NRT,297.12,4.76,D
-14.9011,126.76581,337.79,0.42,0.37,2026-05-04,0506,N,nominal,2.0NRT,302.1,5.69,D
-14.89764,126.76528,341.99,0.42,0.37,2026-05-04,0506,N,nominal,2.0NRT,302.01,5.69,D
-13.93137,132.8539,332.43,0.51,0.41,2026-05-04,0506,N,low,2.0NRT,302.59,4.08,D
-13.94206,132.79237,339.22,0.51,0.41,2026-05-04,0506,N,nominal,2.0NRT,303.76,4.75,D
-14.42821,129.8647,335.48,0.39,0.36,2026-05-04,0506,N,nominal,2.0NRT,304.96,5.71,D
-13.9284,132.84839,335.81,0.51,0.41,2026-05-04,0506,N,nominal,2.0NRT,302.22,4.08,D
-13.93499,132.81055,346.99,0.51,0.41,2026-05-04,0506,N,nominal,2.0NRT,304.93,9.38,D
-13.93745,132.79637,332.81,0.51,0.41,2026-05-04,0506,N,nominal,2.0NRT,301.7,4.75,D
-13.9546,132.69763,336.27,0.5,0.41,2026-05-04,0506,N,nominal,2.0NRT,301.91,4.16,D
-13.92874,132.82396,347.68,0.51,0.41,2026-05-04,0506,N,nominal,2.0NRT,303.73,21.68,D
-13.92956,132.81923,352.91,0.51,0.41,2026-05-04,0506,N,nominal,2.0NRT,308.01,21.68,D
-13.93038,132.81453,354.35,0.51,0.41,2026-05-04,0506,N,nominal,2.0NRT,306.11,22.23,D
-13.93119,132.80988,356.65,0.51,0.41,2026-05-04,0506,N,nominal,2.0NRT,308.01,22.23,D
-13.93282,132.80049,336.42,0.51,0.41,2026-05-04,0506,N,nominal,2.0NRT,302.23,7.12,D
-13.95083,132.69693,338.82,0.5,0.41,2026-05-04,0506,N,nominal,2.0NRT,303.09,5.44,D
-13.94706,132.69623,340.63,0.5,0.41,2026-05-04,0506,N,nominal,2.0NRT,304,5.44,D
-13.94328,132.69556,337.93,0.5,0.41,2026-05-04,0506,N,nominal,2.0NRT,304.43,7.94,D
-14.08399,131.87694,332.93,0.46,0.39,2026-05-04,0506,N,nominal,2.0NRT,302.81,3.58,D
-13.90393,132.89839,330.47,0.52,0.41,2026-05-04,0506,N,low,2.0NRT,302.46,3.01,D
-14.07896,131.88469,332.12,0.46,0.39,2026-05-04,0506,N,nominal,2.0NRT,300.32,3.15,D
-14.07968,131.88046,336.23,0.46,0.39,2026-05-04,0506,N,nominal,2.0NRT,302.76,3.58,D
-13.93009,132.82559,338.55,0.51,0.41,2026-05-04,0506,N,nominal,2.0NRT,302.18,14.24,D
-13.93089,132.82086,355.35,0.51,0.41,2026-05-04,0506,N,nominal,2.0NRT,308.43,14.24,D
-13.93168,132.81616,349.17,0.51,0.41,2026-05-04,0506,N,nominal,2.0NRT,304.63,9.73,D
-13.93246,132.81146,346.15,0.51,0.41,2026-05-04,0506,N,nominal,2.0NRT,307,9.73,D
-13.93325,132.80679,334.9,0.51,0.41,2026-05-04,0506,N,nominal,2.0NRT,303.56,8.79,D
-13.93404,132.80208,332.02,0.51,0.41,2026-05-04,0506,N,nominal,2.0NRT,301,8.79,D
-13.95141,132.69829,334.88,0.5,0.41,2026-05-04,0506,N,nominal,2.0NRT,302.03,4.36,D
-13.92709,132.82016,342.43,0.51,0.41,2026-05-04,0506,N,nominal,2.0NRT,301.77,14.24,D
-13.92788,132.81546,336.52,0.51,0.41,2026-05-04,0506,N,nominal,2.0NRT,301.83,9.73,D
-13.92867,132.81078,349.04,0.51,0.41,2026-05-04,0506,N,nominal,2.0NRT,301.36,9.73,D
-13.94763,132.6976,340.67,0.5,0.41,2026-05-04,0506,N,nominal,2.0NRT,302.61,4.36,D
-14.08362,131.87733,333.71,0.46,0.39,2026-05-04,0506,N,nominal,2.0NRT,302.59,3.65,D
-14.40481,129.87517,333.26,0.39,0.36,2026-05-04,0506,N,nominal,2.0NRT,300.76,3.64,D
-14.82319,127.11944,331.18,0.41,0.37,2026-05-04,0506,N,low,2.0NRT,302.11,3.07,D
-13.94386,132.69691,337.93,0.5,0.41,2026-05-04,0506,N,nominal,2.0NRT,303.18,4.05,D
-14.07932,131.88086,341.06,0.46,0.39,2026-05-04,0506,N,nominal,2.0NRT,303.43,7.65,D
-14.81977,127.1189,334.42,0.41,0.37,2026-05-04,0506,N,low,2.0NRT,307.39,6.36,D
-13.94008,132.69624,331.86,0.5,0.41,2026-05-04,0508,N,low,2.0NRT,303.14,4.05,D
-13.9363,132.69557,330.12,0.5,0.41,2026-05-04,0508,N,low,2.0NRT,303.49,4.9,D
-14.07207,131.87971,337.04,0.46,0.39,2026-05-04,0508,N,nominal,2.0NRT,305.37,7.92,D
-14.81238,127.1216,332.07,0.41,0.37,2026-05-04,0508,N,low,2.0NRT,304.24,3.3,D
-14.81293,127.11784,348.9,0.41,0.37,2026-05-04,0508,N,nominal,2.0NRT,307.49,3.3,D
-13.94585,132.61566,339.87,0.5,0.41,2026-05-04,0508,N,nominal,2.0NRT,302.7,8.32,D
-14.8095,127.11731,336.55,0.41,0.37,2026-05-04,0508,N,nominal,2.0NRT,306.45,3.3,D
-13.93032,132.68494,335.93,0.5,0.41,2026-05-04,0508,N,nominal,2.0NRT,300.76,4.9,D
-13.94209,132.61499,340.58,0.5,0.41,2026-05-04,0508,N,nominal,2.0NRT,302.2,4.58,D
-14.06263,131.86938,335.08,0.46,0.39,2026-05-04,0508,N,nominal,2.0NRT,300.86,7.61,D
-13.88012,132.93524,338.65,0.52,0.42,2026-05-04,0508,N,nominal,2.0NRT,302.67,6.66,D
-13.87546,132.93942,331.68,0.52,0.42,2026-05-04,0508,N,low,2.0NRT,301.87,3.66,D
-13.94192,132.52425,341.23,0.49,0.41,2026-05-04,0508,N,nominal,2.0NRT,304.19,5.46,D
-13.93818,132.52359,332.98,0.49,0.41,2026-05-04,0508,N,nominal,2.0NRT,301.43,5.46,D
-13.93896,132.519,333.2,0.49,0.41,2026-05-04,0508,N,nominal,2.0NRT,302.2,4.47,D
-13.88363,132.82217,336.75,0.51,0.41,2026-05-04,0508,N,nominal,2.0NRT,302.35,4.87,D
-13.8752,132.82558,331.24,0.51,0.41,2026-05-04,0508,N,low,2.0NRT,303.35,7.31,D
-13.87601,132.82086,335.78,0.51,0.41,2026-05-04,0508,N,nominal,2.0NRT,303.74,7.31,D
-13.87809,132.69463,336.5,0.51,0.41,2026-05-04,0508,N,nominal,2.0NRT,302.17,4.82,D
-13.87431,132.69391,337.3,0.51,0.41,2026-05-04,0508,N,nominal,2.0NRT,302.66,6.85,D
-13.87511,132.68925,340.93,0.51,0.41,2026-05-04,0508,N,nominal,2.0NRT,301.38,5.2,D
-13.87214,132.68391,333.21,0.5,0.41,2026-05-04,0508,N,nominal,2.0NRT,301.36,5.2,D
-13.86836,132.68324,334.53,0.5,0.41,2026-05-04,0508,N,nominal,2.0NRT,301.91,18.27,D
-13.86459,132.68256,353.04,0.5,0.41,2026-05-04,0508,N,nominal,2.0NRT,308.31,18.27,D
-13.82234,132.83612,331.47,0.52,0.41,2026-05-04,0508,N,low,2.0NRT,302.94,3.49,D
-13.84703,132.69398,339.36,0.51,0.41,2026-05-04,0508,N,nominal,2.0NRT,303.96,3.65,D
-13.84785,132.68929,337.5,0.51,0.41,2026-05-04,0508,N,nominal,2.0NRT,302.45,3.65,D
-14.76436,126.89556,336.01,0.41,0.37,2026-05-04,0508,N,nominal,2.0NRT,298.89,3.44,D
-13.84407,132.6886,342.58,0.51,0.41,2026-05-04,0508,N,nominal,2.0NRT,305.31,13.49,D
-13.84488,132.68391,333.45,0.51,0.41,2026-05-04,0508,N,nominal,2.0NRT,301.43,3.82,D
-13.73059,133.29048,337.1,0.55,0.42,2026-05-04,0508,N,nominal,2.0NRT,300.63,6.54,D
-13.73148,133.28542,349.68,0.55,0.42,2026-05-04,0508,N,nominal,2.0NRT,302.24,11.3,D
-13.83571,132.69189,339.61,0.51,0.41,2026-05-04,0508,N,nominal,2.0NRT,305.41,6.29,D
-13.84345,132.69502,334.72,0.51,0.41,2026-05-04,0508,N,low,2.0NRT,304.72,3.91,D
-13.84424,132.69031,333.94,0.51,0.41,2026-05-04,0508,N,low,2.0NRT,304.16,3.91,D
-13.84503,132.68561,346.82,0.51,0.41,2026-05-04,0508,N,nominal,2.0NRT,303.92,8.3,D
-13.83968,132.69429,333.14,0.51,0.41,2026-05-04,0508,N,low,2.0NRT,304.86,3.91,D
-13.8359,132.6936,340.58,0.51,0.41,2026-05-04,0508,N,nominal,2.0NRT,304.4,8.61,D
-13.73158,133.28784,350.88,0.55,0.43,2026-05-04,0508,N,nominal,2.0NRT,301.83,5.88,D
-13.73244,133.28276,343.15,0.55,0.42,2026-05-04,0508,N,nominal,2.0NRT,300.75,5.88,D
-14.81234,126.3532,348.7,0.43,0.38,2026-05-04,0508,N,nominal,2.0NRT,304.71,17.43,D
-13.72328,133.26549,333.37,0.55,0.42,2026-05-04,0508,N,nominal,2.0NRT,300.85,3.27,D
-13.81996,132.69577,330.8,0.51,0.41,2026-05-04,0508,N,low,2.0NRT,302.68,2.65,D
-13.71284,133.2793,339.58,0.55,0.42,2026-05-04,0508,N,nominal,2.0NRT,300.72,6.69,D
-13.80645,132.59192,338.86,0.5,0.41,2026-05-04,0508,N,nominal,2.0NRT,300.53,35.65,D
-13.8019,132.59587,341.01,0.5,0.41,2026-05-04,0508,N,nominal,2.0NRT,301.81,8.71,D
-13.80269,132.59125,355.15,0.5,0.41,2026-05-04,0508,N,nominal,2.0NRT,308.67,35.65,D
-13.80426,132.58199,334.51,0.5,0.41,2026-05-04,0508,N,nominal,2.0NRT,301.3,3.84,D
-13.79972,132.58594,330.65,0.5,0.41,2026-05-04,0508,N,nominal,2.0NRT,300.39,5.09,D
-13.8005,132.58133,349.09,0.5,0.41,2026-05-04,0508,N,nominal,2.0NRT,302.78,10.56,D
-13.80365,132.56284,345.17,0.5,0.41,2026-05-04,0508,N,nominal,2.0NRT,300.81,7.12,D
-13.80556,132.50629,330.45,0.5,0.41,2026-05-04,0508,N,nominal,2.0NRT,300.21,6.45,D
-13.80181,132.50562,344.19,0.5,0.41,2026-05-04,0508,N,nominal,2.0NRT,301.51,6.45,D
-13.8026,132.50104,337.86,0.5,0.41,2026-05-04,0508,N,nominal,2.0NRT,300.07,6.45,D
-13.80338,132.49646,336.34,0.49,0.41,2026-05-04,0508,N,nominal,2.0NRT,300.36,3.45,D
-13.8051,132.46381,340.97,0.49,0.4,2026-05-04,0508,N,nominal,2.0NRT,299.11,18.11,D
-13.7502,132.76129,346.31,0.51,0.41,2026-05-04,0508,N,nominal,2.0NRT,304.03,7.82,D
-13.75102,132.75653,342.36,0.51,0.41,2026-05-04,0508,N,nominal,2.0NRT,301.71,8.49,D
-13.75266,132.74702,349.79,0.51,0.41,2026-05-04,0508,N,nominal,2.0NRT,304.21,5.71,D
-13.75347,132.74226,340.59,0.51,0.41,2026-05-04,0508,N,nominal,2.0NRT,304.25,5.71,D
-13.75429,132.73753,337.9,0.51,0.41,2026-05-04,0508,N,nominal,2.0NRT,304.17,3.46,D
-13.75511,132.7328,338.02,0.51,0.41,2026-05-04,0508,N,nominal,2.0NRT,302.56,3.46,D
-13.80136,132.46315,356.12,0.49,0.4,2026-05-04,0508,N,nominal,2.0NRT,304.58,18.11,D
-13.74887,132.74631,347.55,0.51,0.41,2026-05-04,0508,N,nominal,2.0NRT,303.86,26.65,D
-13.74968,132.74158,350.21,0.51,0.41,2026-05-04,0508,N,nominal,2.0NRT,312.93,26.65,D
-13.7505,132.73683,345.76,0.51,0.41,2026-05-04,0508,N,nominal,2.0NRT,304.29,28.41,D
-13.75132,132.73209,353.64,0.51,0.41,2026-05-04,0508,N,nominal,2.0NRT,312.39,28.41,D
-13.75295,132.72264,332.67,0.51,0.41,2026-05-04,0508,N,nominal,2.0NRT,300.96,7.85,D
-14.15566,130.30293,332.94,0.4,0.37,2026-05-04,0508,N,low,2.0NRT,304.51,5.48,D
-13.74096,132.76941,339.43,0.51,0.41,2026-05-04,0508,N,nominal,2.0NRT,301.65,7.37,D
-13.74753,132.73138,344.14,0.51,0.41,2026-05-04,0508,N,nominal,2.0NRT,306.18,28.41,D
-13.80784,132.38033,330.73,0.49,0.4,2026-05-04,0508,N,low,2.0NRT,302.74,3.07,D
-13.71808,132.8788,345.45,0.52,0.41,2026-05-04,0508,N,nominal,2.0NRT,304.08,5.98,D
-13.80411,132.3797,338.78,0.49,0.4,2026-05-04,0508,N,nominal,2.0NRT,301.95,6.06,D
-13.71341,132.88297,353.06,0.52,0.42,2026-05-04,0508,N,nominal,2.0NRT,304.66,14.22,D
-13.71425,132.87811,332.98,0.52,0.41,2026-05-04,0508,N,nominal,2.0NRT,301.65,5.98,D
-13.74403,132.70647,333.13,0.51,0.41,2026-05-04,0508,N,nominal,2.0NRT,302.67,2.49,D
-13.79963,132.38351,332.96,0.49,0.4,2026-05-04,0508,N,nominal,2.0NRT,300.73,6.06,D
-14.14485,130.30496,340.06,0.4,0.37,2026-05-04,0508,N,nominal,2.0NRT,302.27,5.9,D
-13.74024,132.7058,335.26,0.51,0.41,2026-05-04,0508,N,nominal,2.0NRT,304.4,6.43,D
-13.72412,132.77611,338.19,0.51,0.41,2026-05-04,0508,N,nominal,2.0NRT,302.22,7.29,D
-13.73725,132.70047,339.83,0.51,0.41,2026-05-04,0508,N,nominal,2.0NRT,302.82,6.43,D
-13.69686,132.9099,341.78,0.52,0.42,2026-05-04,0508,N,nominal,2.0NRT,304.29,7.58,D
-13.69134,132.91885,339.68,0.52,0.42,2026-05-04,0508,N,nominal,2.0NRT,304.77,10.39,D
-13.69303,132.90919,338.65,0.52,0.42,2026-05-04,0508,N,nominal,2.0NRT,302.12,7.58,D
-13.69388,132.90436,336.93,0.52,0.42,2026-05-04,0508,N,nominal,2.0NRT,302.53,5.99,D
-13.71652,132.77469,345.16,0.51,0.41,2026-05-04,0508,N,nominal,2.0NRT,303.1,7.38,D
-13.71736,132.76991,337.96,0.51,0.41,2026-05-04,0508,N,nominal,2.0NRT,304.19,4.65,D
-13.71819,132.76515,343.01,0.51,0.41,2026-05-04,0508,N,nominal,2.0NRT,303.52,4.65,D
-13.6875,132.91817,333.88,0.52,0.42,2026-05-04,0508,N,nominal,2.0NRT,301.34,4.8,D
-13.68835,132.91331,356.08,0.52,0.42,2026-05-04,0508,N,nominal,2.0NRT,304.28,9.38,D
-13.6892,132.90849,349.95,0.52,0.42,2026-05-04,0508,N,nominal,2.0NRT,304.61,9.38,D
-13.71355,132.76923,334.23,0.51,0.41,2026-05-04,0508,N,low,2.0NRT,304.5,16.55,D
-13.71438,132.76451,351.86,0.51,0.41,2026-05-04,0508,N,nominal,2.0NRT,308.45,16.55,D
-13.71521,132.75975,347,0.51,0.41,2026-05-04,0508,N,nominal,2.0NRT,302.71,11.57,D
-13.68111,132.93204,344.27,0.52,0.42,2026-05-04,0508,N,nominal,2.0NRT,304.97,9.84,D
-13.7114,132.75912,347.78,0.51,0.41,2026-05-04,0508,N,nominal,2.0NRT,304.45,11.57,D
-13.69282,132.9258,333.87,0.52,0.42,2026-05-04,0508,N,nominal,2.0NRT,302.66,4.25,D
-13.69526,132.91124,333.88,0.52,0.42,2026-05-04,0508,N,nominal,2.0NRT,302.95,7.95,D
-13.69608,132.90642,341.24,0.52,0.42,2026-05-04,0508,N,nominal,2.0NRT,304.76,7.37,D
-13.7179,132.77644,331.13,0.51,0.41,2026-05-04,0508,N,low,2.0NRT,302.18,3.07,D
-13.7187,132.77165,333.95,0.51,0.41,2026-05-04,0508,N,nominal,2.0NRT,303.2,4.93,D
-13.6898,132.92024,348.57,0.52,0.42,2026-05-04,0508,N,nominal,2.0NRT,303.72,8.98,D
-13.69143,132.91054,332.9,0.52,0.42,2026-05-04,0508,N,low,2.0NRT,303.72,7.06,D
-13.69225,132.90572,340.25,0.52,0.42,2026-05-04,0508,N,nominal,2.0NRT,301.67,4.76,D
-13.7149,132.77097,341.87,0.51,0.41,2026-05-04,0508,N,nominal,2.0NRT,304.14,11,D
-13.7157,132.7662,347.2,0.51,0.41,2026-05-04,0508,N,nominal,2.0NRT,307.09,11,D
-13.7165,132.76143,340.78,0.51,0.41,2026-05-04,0508,N,nominal,2.0NRT,303.99,16.09,D
-13.72678,132.70013,330.49,0.51,0.41,2026-05-04,0508,N,low,2.0NRT,300.6,2.48,D
-13.68678,132.91467,345.13,0.52,0.42,2026-05-04,0508,N,nominal,2.0NRT,301.62,7.06,D
-13.6876,132.90984,348.2,0.52,0.42,2026-05-04,0508,N,nominal,2.0NRT,302.94,7.06,D
-13.68842,132.90498,336.59,0.52,0.42,2026-05-04,0508,N,nominal,2.0NRT,301.28,4.76,D
-13.71269,132.76079,352.12,0.51,0.41,2026-05-04,0508,N,nominal,2.0NRT,306.76,16.09,D
-13.67966,132.93346,345.07,0.52,0.42,2026-05-04,0508,N,nominal,2.0NRT,304.89,4.81,D
-13.68048,132.92859,339.47,0.52,0.42,2026-05-04,0508,N,nominal,2.0NRT,303.75,4.81,D
-13.70807,132.76492,331.94,0.51,0.41,2026-05-04,0508,N,low,2.0NRT,303.79,3.34,D
-13.70887,132.76018,333.28,0.51,0.41,2026-05-04,0508,N,low,2.0NRT,303.94,5.29,D
-13.70967,132.75542,334.62,0.51,0.41,2026-05-04,0508,N,nominal,2.0NRT,302,5.29,D
-13.71047,132.75067,333.05,0.51,0.41,2026-05-04,0508,N,nominal,2.0NRT,302.06,4.95,D
-13.71127,132.74591,334.16,0.51,0.41,2026-05-04,0508,N,nominal,2.0NRT,301.5,4.95,D
-13.67582,132.93275,330.62,0.52,0.42,2026-05-04,0508,N,low,2.0NRT,301.51,4.81,D
-13.67664,132.9279,335.69,0.52,0.42,2026-05-04,0508,N,nominal,2.0NRT,301.36,4.81,D
-13.70747,132.74527,351.67,0.51,0.41,2026-05-04,0508,N,nominal,2.0NRT,301.68,4.95,D
-13.69584,132.76779,333.03,0.51,0.41,2026-05-04,0508,N,nominal,2.0NRT,302.13,4.64,D
-13.69907,132.74866,344.06,0.51,0.41,2026-05-04,0508,N,nominal,2.0NRT,304.85,4.28,D
-13.69987,132.74393,335.2,0.51,0.41,2026-05-04,0508,N,nominal,2.0NRT,300.46,4.28,D
-13.70385,132.72038,343.47,0.51,0.41,2026-05-04,0508,N,nominal,2.0NRT,300.18,9.13,D
-13.69607,132.74326,356.51,0.51,0.41,2026-05-04,0508,N,nominal,2.0NRT,305.95,26.87,D
-13.69845,132.72916,347.06,0.51,0.41,2026-05-04,0508,N,nominal,2.0NRT,300.46,12.19,D
-13.69925,132.72444,349.41,0.51,0.41,2026-05-04,0508,N,nominal,2.0NRT,301.44,12.19,D
-13.70005,132.71974,348.78,0.51,0.41,2026-05-04,0508,N,nominal,2.0NRT,306.69,32.76,D
-13.70323,132.70093,332.3,0.51,0.41,2026-05-04,0508,N,nominal,2.0NRT,300.2,13.93,D
-13.70482,132.69148,341.88,0.51,0.41,2026-05-04,0508,N,nominal,2.0NRT,302.4,5.5,D
-13.68742,132.77122,335.9,0.51,0.41,2026-05-04,0508,N,nominal,2.0NRT,302.92,5.26,D
-13.68823,132.76645,350.6,0.51,0.41,2026-05-04,0508,N,nominal,2.0NRT,306.66,8.42,D
-13.68904,132.76166,330.62,0.51,0.41,2026-05-04,0508,N,low,2.0NRT,304.19,8.42,D
-13.69307,132.73787,352.9,0.51,0.41,2026-05-04,0508,N,nominal,2.0NRT,301.67,24.6,D
-13.70024,132.69553,354.3,0.51,0.41,2026-05-04,0508,N,nominal,2.0NRT,302.63,13.93,D
-13.70103,132.69084,335.14,0.51,0.41,2026-05-04,0508,N,nominal,2.0NRT,299.41,5.5,D
-13.6828,132.77533,330.19,0.51,0.41,2026-05-04,0508,N,low,2.0NRT,302.49,3.76,D
-13.68605,132.7562,333.76,0.51,0.41,2026-05-04,0508,N,nominal,2.0NRT,302.14,5.55,D
-13.68766,132.74667,333.04,0.51,0.41,2026-05-04,0508,N,nominal,2.0NRT,302.73,6.07,D
-13.68847,132.74193,342.07,0.51,0.41,2026-05-04,0508,N,nominal,2.0NRT,303.59,6.07,D
-13.68927,132.7372,355.66,0.51,0.41,2026-05-04,0508,N,nominal,2.0NRT,302.73,31.88,D
-13.84528,131.80644,330.76,0.46,0.39,2026-05-04,0508,N,low,2.0NRT,304.14,7.99,D
-13.67899,132.77464,337.54,0.51,0.41,2026-05-04,0508,N,nominal,2.0NRT,302.95,3.76,D
-13.84168,131.80579,350.38,0.46,0.39,2026-05-04,0508,N,nominal,2.0NRT,305,7.99,D
-13.67437,132.77875,334.84,0.51,0.41,2026-05-04,0508,N,nominal,2.0NRT,302.41,7.74,D
-13.67519,132.77394,343.49,0.51,0.41,2026-05-04,0508,N,nominal,2.0NRT,302.8,6.12,D
-14.59333,126.95176,341.8,0.41,0.37,2026-05-04,0508,N,nominal,2.0NRT,300.12,6.07,D
-13.59022,133.22311,334.45,0.55,0.42,2026-05-04,0508,N,nominal,2.0NRT,301.15,3.15,D
-13.6272,132.93909,332.81,0.53,0.42,2026-05-04,0508,N,low,2.0NRT,303.76,6.36,D
-13.72875,132.34462,342.37,0.49,0.4,2026-05-04,0508,N,nominal,2.0NRT,301.92,9.33,D
-13.7258,132.33945,340.08,0.49,0.4,2026-05-04,0508,N,nominal,2.0NRT,303.34,7.98,D
-13.62119,132.92798,333.49,0.52,0.42,2026-05-04,0508,N,nominal,2.0NRT,302.51,5.11,D
-13.62287,132.91824,332.67,0.52,0.42,2026-05-04,0508,N,nominal,2.0NRT,301.5,2.55,D
-14.0559,130.3166,335.81,0.4,0.37,2026-05-04,0508,N,nominal,2.0NRT,302.95,4.13,D
-13.58772,133.0983,335.62,0.54,0.42,2026-05-04,0508,N,nominal,2.0NRT,302.62,5.46,D
-13.64061,132.79247,332.2,0.52,0.41,2026-05-04,0508,N,low,2.0NRT,303.65,4.72,D
-13.58384,133.0976,341.65,0.54,0.42,2026-05-04,0508,N,nominal,2.0NRT,303,5.46,D
-13.61939,132.89256,335.72,0.52,0.42,2026-05-04,0508,N,nominal,2.0NRT,302.31,5.7,D
-13.62023,132.88771,338.24,0.52,0.42,2026-05-04,0508,N,nominal,2.0NRT,302.02,5.7,D
-13.63679,132.79181,331.81,0.52,0.41,2026-05-04,0508,N,low,2.0NRT,304.66,4.72,D
-13.61507,132.87189,346.88,0.52,0.42,2026-05-04,0508,N,nominal,2.0NRT,301.19,4.61,D
-13.62751,132.8,331.51,0.52,0.41,2026-05-04,0508,N,low,2.0NRT,304.61,4.82,D
-13.62916,132.7905,335.65,0.52,0.41,2026-05-04,0508,N,nominal,2.0NRT,303.9,8.14,D
-13.61124,132.8712,349.88,0.52,0.42,2026-05-04,0508,N,nominal,2.0NRT,303.62,8.21,D
-13.61208,132.86636,350.87,0.52,0.42,2026-05-04,0508,N,nominal,2.0NRT,302.99,8.21,D
-13.61292,132.8615,346.14,0.52,0.42,2026-05-04,0508,N,nominal,2.0NRT,302.88,5.36,D
-13.61376,132.8567,330,0.52,0.42,2026-05-04,0508,N,low,2.0NRT,302.16,5.36,D
-13.61458,132.85191,338.96,0.52,0.41,2026-05-04,0508,N,nominal,2.0NRT,302.42,8.49,D
-13.61624,132.84236,330.09,0.52,0.41,2026-05-04,0508,N,low,2.0NRT,300.74,3.47,D
-13.62369,132.79939,337.49,0.52,0.41,2026-05-04,0508,N,nominal,2.0NRT,303.77,6.6,D
-13.62782,132.77554,335.2,0.51,0.41,2026-05-04,0508,N,nominal,2.0NRT,304.16,5.54,D
-13.6074,132.87054,339.76,0.52,0.42,2026-05-04,0508,N,nominal,2.0NRT,301.55,8.21,D
-13.61325,132.8369,333.69,0.52,0.41,2026-05-04,0508,N,nominal,2.0NRT,301.93,3.47,D
-13.624,132.77492,338.21,0.51,0.41,2026-05-04,0508,N,nominal,2.0NRT,304.48,5.54,D
-13.62483,132.77013,351.71,0.51,0.41,2026-05-04,0508,N,nominal,2.0NRT,305.37,5.54,D
-13.60693,132.85057,330.52,0.52,0.41,2026-05-04,0508,N,low,2.0NRT,303.13,6.32,D
-13.60942,132.83623,335.38,0.52,0.41,2026-05-04,0508,N,nominal,2.0NRT,301.73,5.3,D
-13.62018,132.77426,340.1,0.51,0.41,2026-05-04,0508,N,nominal,2.0NRT,301.8,16.47,D
-13.62102,132.76949,352.5,0.51,0.41,2026-05-04,0508,N,nominal,2.0NRT,308.11,16.47,D
-13.62185,132.76468,335.21,0.51,0.41,2026-05-04,0508,N,nominal,2.0NRT,302.62,12.9,D
-13.69606,132.33432,330.37,0.49,0.4,2026-05-04,0508,N,low,2.0NRT,301.86,2.38,D
-13.60143,132.8595,336.51,0.52,0.42,2026-05-04,0508,N,nominal,2.0NRT,303.7,10.86,D
-13.6031,132.84991,351.83,0.52,0.41,2026-05-04,0508,N,nominal,2.0NRT,306.22,6.32,D
-13.60393,132.84512,342.14,0.52,0.41,2026-05-04,0508,N,nominal,2.0NRT,301.56,6.32,D
-13.6056,132.83556,338.04,0.52,0.41,2026-05-04,0508,N,nominal,2.0NRT,300.59,5.3,D
-13.60726,132.826,333.46,0.52,0.41,2026-05-04,0508,N,nominal,2.0NRT,300.94,6.06,D
-13.6172,132.76881,347.23,0.51,0.41,2026-05-04,0508,N,nominal,2.0NRT,303.03,16.47,D
-13.59843,132.85403,356.71,0.52,0.42,2026-05-04,0508,N,nominal,2.0NRT,306.9,39.24,D
-13.59927,132.84923,348.81,0.52,0.41,2026-05-04,0508,N,nominal,2.0NRT,303.85,10.37,D
-13.60011,132.84445,330.07,0.52,0.41,2026-05-04,0508,N,nominal,2.0NRT,299.41,10.37,D
-13.60094,132.83965,351.23,0.52,0.41,2026-05-04,0508,N,nominal,2.0NRT,301.14,6.27,D
-13.60177,132.83487,339.67,0.52,0.41,2026-05-04,0508,N,nominal,2.0NRT,301,6.27,D
-13.63651,132.56789,351.3,0.5,0.41,2026-05-04,0508,N,nominal,2.0NRT,303.04,10.61,D
-13.63732,132.56322,344.18,0.5,0.41,2026-05-04,0508,N,nominal,2.0NRT,302.94,7.95,D
-13.59987,132.85698,343.37,0.52,0.42,2026-05-04,0508,N,nominal,2.0NRT,303.75,12.21,D
-13.60068,132.85217,356.15,0.52,0.42,2026-05-04,0508,N,nominal,2.0NRT,309.39,21.32,D
-13.60148,132.84737,349.71,0.52,0.42,2026-05-04,0508,N,nominal,2.0NRT,302.42,21.32,D
-13.60229,132.84258,351.96,0.52,0.41,2026-05-04,0508,N,nominal,2.0NRT,301.47,5.46,D
-13.60309,132.83778,341.17,0.52,0.41,2026-05-04,0508,N,nominal,2.0NRT,301.55,5.46,D
-13.6055,132.82344,335.01,0.52,0.41,2026-05-04,0508,N,nominal,2.0NRT,301.31,3.6,D
-13.59685,132.8515,350.57,0.52,0.42,2026-05-04,0508,N,nominal,2.0NRT,301.13,21.32,D
-13.59927,132.8371,330.31,0.52,0.41,2026-05-04,0508,N,nominal,2.0NRT,299.25,5.46,D
-13.60007,132.83232,334.26,0.52,0.41,2026-05-04,0508,N,nominal,2.0NRT,299.49,3.38,D
-13.60247,132.81801,333.27,0.52,0.41,2026-05-04,0508,N,nominal,2.0NRT,301.5,3.6,D
-13.68246,132.33864,332.4,0.49,0.4,2026-05-04,0508,N,low,2.0NRT,303.9,4.22,D
-13.63695,132.56551,355.8,0.5,0.41,2026-05-04,0508,N,nominal,2.0NRT,305.29,16.17,D
-13.6324,132.56952,339.49,0.5,0.41,2026-05-04,0508,N,nominal,2.0NRT,299.11,8.5,D
-13.63319,132.56483,347.95,0.5,0.41,2026-05-04,0508,N,nominal,2.0NRT,299.89,12.48,D
-13.66834,132.33147,336.21,0.49,0.4,2026-05-04,0508,N,nominal,2.0NRT,301.05,3.67,D
-13.66538,132.32632,334.21,0.49,0.4,2026-05-04,0508,N,nominal,2.0NRT,303.55,5.74,D
-13.61874,132.58157,353.46,0.5,0.41,2026-05-04,0508,N,nominal,2.0NRT,302.18,12.11,D
-13.58625,132.75104,330.35,0.51,0.41,2026-05-04,0508,N,low,2.0NRT,302.06,7.4,D
-13.61418,132.58559,332.54,0.5,0.41,2026-05-04,0508,N,nominal,2.0NRT,299.35,3.33,D
-13.61497,132.58092,352.04,0.5,0.41,2026-05-04,0508,N,nominal,2.0NRT,306.32,23.81,D
-13.61041,132.58492,335.59,0.5,0.41,2026-05-04,0508,N,nominal,2.0NRT,300.48,3.33,D
-13.6112,132.58028,344.04,0.5,0.41,2026-05-04,0508,N,nominal,2.0NRT,303.33,23.81,D
-13.60743,132.57961,351.28,0.5,0.41,2026-05-04,0508,N,nominal,2.0NRT,305.94,10.12,D
-13.65128,132.31917,331.57,0.49,0.4,2026-05-04,0508,N,nominal,2.0NRT,301.55,2.17,D
-13.57643,132.73959,339.4,0.51,0.41,2026-05-04,0508,N,nominal,2.0NRT,300.89,6.16,D
-13.57723,132.73485,347.12,0.51,0.41,2026-05-04,0508,N,nominal,2.0NRT,300.54,6.16,D
-13.60287,132.58362,341.21,0.5,0.41,2026-05-04,0508,N,nominal,2.0NRT,303.35,9.03,D
-13.60366,132.57895,341.48,0.5,0.41,2026-05-04,0508,N,nominal,2.0NRT,302.64,10.12,D
-13.64757,132.3185,330.46,0.49,0.4,2026-05-04,0508,N,low,2.0NRT,301.91,2.17,D
-13.59909,132.58301,335.5,0.5,0.41,2026-05-04,0508,N,nominal,2.0NRT,303.69,6.1,D
-13.64385,132.31787,345.26,0.49,0.4,2026-05-04,0508,N,nominal,2.0NRT,303.67,7.4,D
-13.57123,132.72408,335.59,0.51,0.41,2026-05-04,0508,N,nominal,2.0NRT,300.42,7.57,D
-13.59446,132.5874,334.2,0.5,0.41,2026-05-04,0508,N,nominal,2.0NRT,301.37,6.1,D
-13.5953,132.58243,352.17,0.5,0.41,2026-05-04,0508,N,nominal,2.0NRT,303.29,6.1,D
-13.64088,132.31277,335.56,0.49,0.4,2026-05-04,0508,N,nominal,2.0NRT,301.77,6.29,D
-13.56822,132.71877,336.65,0.51,0.41,2026-05-04,0508,N,nominal,2.0NRT,300.47,5.93,D
-13.5644,132.71817,347.21,0.51,0.41,2026-05-04,0508,N,nominal,2.0NRT,301.97,5.93,D
-13.63345,132.31148,343.82,0.49,0.4,2026-05-04,0508,N,nominal,2.0NRT,303.42,10.15,D
-13.63497,132.30246,342.57,0.49,0.4,2026-05-04,0508,N,nominal,2.0NRT,301.61,5.05,D
-13.56059,132.71754,338.64,0.51,0.41,2026-05-04,0508,N,nominal,2.0NRT,300.37,5.66,D
-13.56139,132.71289,341.88,0.51,0.41,2026-05-04,0508,N,nominal,2.0NRT,300.77,5.66,D
-13.56219,132.70821,336.87,0.51,0.41,2026-05-04,0508,N,nominal,2.0NRT,302.35,5.29,D
-13.56299,132.70349,331.69,0.51,0.41,2026-05-04,0508,N,nominal,2.0NRT,301.58,5.29,D
-13.56461,132.69402,335.76,0.51,0.41,2026-05-04,0508,N,nominal,2.0NRT,300.92,10.57,D
-13.57024,132.66106,331.45,0.51,0.41,2026-05-04,0508,N,nominal,2.0NRT,300.37,3.79,D
-13.57104,132.65636,331.94,0.51,0.41,2026-05-04,0508,N,nominal,2.0NRT,301.32,3.79,D
-13.57345,132.64229,331.73,0.51,0.41,2026-05-04,0508,N,low,2.0NRT,303.69,4.05,D
-13.57424,132.63762,335.73,0.51,0.41,2026-05-04,0508,N,nominal,2.0NRT,304.27,4.05,D
-13.57504,132.63292,332.15,0.51,0.41,2026-05-04,0508,N,low,2.0NRT,303.49,7.16,D
-13.57584,132.62823,346.34,0.51,0.41,2026-05-04,0508,N,nominal,2.0NRT,304.66,7.16,D
-13.57664,132.62354,341.82,0.51,0.41,2026-05-04,0508,N,nominal,2.0NRT,303.79,11.09,D
-13.58222,132.59082,335.38,0.5,0.41,2026-05-04,0508,N,nominal,2.0NRT,302.07,5.21,D
-13.6305,132.30629,349.49,0.49,0.4,2026-05-04,0508,N,nominal,2.0NRT,303.45,6.01,D
-13.63278,132.29283,340.39,0.49,0.4,2026-05-04,0508,N,nominal,2.0NRT,301.16,4.96,D
-13.63354,132.28835,336.93,0.49,0.4,2026-05-04,0508,N,nominal,2.0NRT,300.84,4.96,D
-13.63429,132.28386,332.15,0.49,0.4,2026-05-04,0508,N,low,2.0NRT,303.07,4.31,D
-13.63505,132.27939,336,0.48,0.4,2026-05-04,0508,N,nominal,2.0NRT,303.4,4.31,D
-13.63581,132.2749,339.57,0.48,0.4,2026-05-04,0508,N,nominal,2.0NRT,302.66,6.72,D
-13.55839,132.70755,344.74,0.51,0.41,2026-05-04,0508,N,nominal,2.0NRT,301.01,5.29,D
-13.55919,132.70285,345.25,0.51,0.41,2026-05-04,0508,N,nominal,2.0NRT,301.54,5.29,D
-13.56322,132.67928,331.49,0.51,0.41,2026-05-04,0508,N,low,2.0NRT,302.51,5.39,D
-13.57445,132.61354,339.88,0.51,0.41,2026-05-04,0508,N,nominal,2.0NRT,303.12,5.69,D
-13.57924,132.58546,352.99,0.5,0.41,2026-05-04,0508,N,nominal,2.0NRT,303.48,12.73,D
-13.62679,132.30563,333.87,0.49,0.4,2026-05-04,0508,N,nominal,2.0NRT,300.28,6.01,D
-13.62756,132.30112,342.91,0.49,0.4,2026-05-04,0508,N,nominal,2.0NRT,302.63,9.9,D
-13.62461,132.29597,367,0.49,0.4,2026-05-04,0508,N,high,2.0NRT,304.38,11.47,D
-13.55539,132.70216,331.97,0.51,0.41,2026-05-04,0508,N,nominal,2.0NRT,299.56,4.21,D
-13.55701,132.69275,349.91,0.51,0.41,2026-05-04,0508,N,nominal,2.0NRT,304.89,16.81,D
-13.55943,132.6786,343.73,0.51,0.41,2026-05-04,0508,N,nominal,2.0NRT,303.28,8.94,D
-13.56104,132.6692,332.76,0.51,0.41,2026-05-04,0508,N,nominal,2.0NRT,299.95,4,D
-13.56184,132.66452,337.79,0.51,0.41,2026-05-04,0508,N,nominal,2.0NRT,301.36,4,D
-13.57627,132.58009,346.58,0.5,0.41,2026-05-04,0508,N,nominal,2.0NRT,303.82,8.99,D
-13.62385,132.30045,333.87,0.49,0.4,2026-05-04,0508,N,nominal,2.0NRT,301.47,11.47,D
-13.62537,132.29149,345.22,0.49,0.4,2026-05-04,0508,N,nominal,2.0NRT,303.59,9.12,D
-13.55322,132.69205,342.66,0.51,0.41,2026-05-04,0508,N,nominal,2.0NRT,300.52,16.81,D
-13.55402,132.68735,346.39,0.51,0.41,2026-05-04,0508,N,nominal,2.0NRT,301.36,10.25,D
-13.55483,132.68266,347.17,0.51,0.41,2026-05-04,0508,N,nominal,2.0NRT,302.17,10.25,D
-13.55563,132.67795,349.17,0.51,0.41,2026-05-04,0508,N,nominal,2.0NRT,301.36,8.94,D
-13.55886,132.65913,331.64,0.51,0.41,2026-05-04,0508,N,nominal,2.0NRT,299.28,35.95,D
-13.55966,132.65443,347.97,0.51,0.41,2026-05-04,0508,N,nominal,2.0NRT,311.24,35.95,D
-13.56128,132.64502,336.26,0.51,0.41,2026-05-04,0508,N,nominal,2.0NRT,303.03,10.2,D
-13.56368,132.63097,331.04,0.51,0.41,2026-05-04,0508,N,low,2.0NRT,301.67,5.94,D
-13.56689,132.61223,342.56,0.51,0.41,2026-05-04,0508,N,nominal,2.0NRT,304.78,30.47,D
-13.56769,132.60753,347.12,0.5,0.41,2026-05-04,0508,N,nominal,2.0NRT,311.66,30.47,D
-13.55587,132.65376,347.18,0.51,0.41,2026-05-04,0508,N,nominal,2.0NRT,299.65,17.67,D
-13.55749,132.64436,342.78,0.51,0.41,2026-05-04,0508,N,nominal,2.0NRT,301.99,9.5,D
-13.55829,132.63968,338.13,0.51,0.41,2026-05-04,0508,N,nominal,2.0NRT,300.65,5.52,D
-13.55909,132.63499,343.01,0.51,0.41,2026-05-04,0508,N,nominal,2.0NRT,301.65,5.52,D
-13.5615,132.62094,335.76,0.51,0.41,2026-05-04,0508,N,nominal,2.0NRT,301.67,6.34,D
-13.5623,132.61626,344.66,0.51,0.41,2026-05-04,0508,N,nominal,2.0NRT,302.8,6.34,D
-13.56311,132.61157,349.02,0.51,0.41,2026-05-04,0508,N,nominal,2.0NRT,304.12,21.76,D
-13.56391,132.6069,346.06,0.5,0.41,2026-05-04,0508,N,nominal,2.0NRT,304.99,21.76,D
-13.60779,132.23773,331.41,0.48,0.4,2026-05-04,0508,N,nominal,2.0NRT,299.01,3.53,D
-14.01346,129.7276,341.39,0.39,0.36,2026-05-04,0508,N,nominal,2.0NRT,303.27,3.83,D
-13.44745,131.72824,331.67,0.46,0.39,2026-05-04,0508,N,nominal,2.0NRT,300.29,3.47,D
-13.4359,131.73064,348.01,0.46,0.39,2026-05-04,0508,N,nominal,2.0NRT,301.62,5.85,D
-13.43158,131.73425,339.75,0.46,0.39,2026-05-04,0508,N,nominal,2.0NRT,302.55,13.58,D
-13.41571,131.74026,338.43,0.46,0.39,2026-05-04,0508,N,nominal,2.0NRT,303.6,14.59,D
-13.41641,131.73601,332.31,0.46,0.39,2026-05-04,0508,N,nominal,2.0NRT,300.29,6.42,D
-13.41209,131.73964,350.1,0.46,0.39,2026-05-04,0508,N,nominal,2.0NRT,305.04,14.59,D
-13.40485,131.73837,334.68,0.46,0.39,2026-05-04,0508,N,nominal,2.0NRT,300.73,4.85,D
-13.40123,131.73778,356.59,0.46,0.39,2026-05-04,0508,N,nominal,2.0NRT,304.13,12.77,D
-13.39761,131.73715,335.22,0.46,0.39,2026-05-04,0508,N,nominal,2.0NRT,300.91,12.77,D
-13.39832,131.73289,347.5,0.46,0.39,2026-05-04,0508,N,nominal,2.0NRT,301.54,9.23,D
-13.39541,131.72804,367,0.46,0.39,2026-05-04,0508,N,high,2.0NRT,302.2,14.66,D
-13.39612,131.72379,340.39,0.46,0.39,2026-05-04,0508,N,nominal,2.0NRT,301.51,6.92,D
-13.3925,131.72316,345.81,0.46,0.39,2026-05-04,0508,N,nominal,2.0NRT,301.72,6.92,D
-13.89613,126.95789,336.61,0.41,0.37,2026-05-04,0508,N,nominal,2.0NRT,303.53,3.79,D
-13.87157,127.031,335.11,0.4,0.37,2026-05-04,0508,N,nominal,2.0NRT,302.72,2.88,D
-13.86816,127.03048,339.85,0.4,0.37,2026-05-04,0508,N,nominal,2.0NRT,303.73,2.88,D
-13.8687,127.02673,331.45,0.4,0.37,2026-05-04,0508,N,low,2.0NRT,302.83,2.88,D
-13.86819,127.03036,338.9,0.4,0.37,2026-05-04,0508,N,nominal,2.0NRT,303.44,3.01,D
-13.86874,127.02663,332.07,0.4,0.37,2026-05-04,0508,N,nominal,2.0NRT,302.89,3.01,D
-13.86478,127.02984,345.12,0.4,0.37,2026-05-04,0508,N,nominal,2.0NRT,303,3.01,D
-13.86533,127.02609,333.01,0.4,0.37,2026-05-04,0508,N,nominal,2.0NRT,301.46,3.01,D
-13.83287,127.00957,332.99,0.4,0.37,2026-05-04,0508,N,nominal,2.0NRT,301.27,4.3,D
-13.82483,126.993,340.3,0.4,0.37,2026-05-04,0508,N,nominal,2.0NRT,302.45,4.96,D
-13.82251,126.98499,349.9,0.4,0.37,2026-05-04,0508,N,nominal,2.0NRT,303.36,4.52,D
-13.82306,126.98123,335.53,0.4,0.37,2026-05-04,0508,N,nominal,2.0NRT,302.78,4.52,D
-13.96423,123.31553,340.61,0.4,0.44,2026-05-04,0508,N,nominal,2.0NRT,296.95,4.32,D
-12.74288,131.47783,333.34,0.46,0.39,2026-05-04,0508,N,nominal,2.0NRT,302,4.74,D
-12.73927,131.47725,349.14,0.46,0.39,2026-05-04,0508,N,nominal,2.0NRT,301.85,4.74,D
-12.73998,131.47302,334.31,0.45,0.39,2026-05-04,0508,N,nominal,2.0NRT,301.66,4.74,D
-12.74173,131.47827,334.93,0.46,0.39,2026-05-04,0508,N,nominal,2.0NRT,301.72,4.19,D
-12.74242,131.47404,335.65,0.46,0.39,2026-05-04,0508,N,nominal,2.0NRT,301.56,4.19,D
-12.73881,131.47345,339.02,0.46,0.39,2026-05-04,0508,N,nominal,2.0NRT,300.09,7.2,D
-12.4304,130.97081,348.71,0.44,0.38,2026-05-04,0508,N,nominal,2.0NRT,301.92,6.36,D
-12.42687,130.97021,342.99,0.44,0.38,2026-05-04,0508,N,nominal,2.0NRT,300.71,6.36,D
-34.17968,117.68708,367,0.55,0.51,2026-05-04,0642,N,high,2.0NRT,291.88,13.67,D
-34.17501,117.6855,332.23,0.55,0.51,2026-05-04,0642,N,nominal,2.0NRT,288.15,5.46,D
-34.1812,117.68481,337.97,0.56,0.51,2026-05-04,0642,N,nominal,2.0NRT,290.72,6.83,D
-34.17653,117.68322,338.42,0.56,0.51,2026-05-04,0642,N,nominal,2.0NRT,288.1,5.24,D
-33.97672,117.46464,367,0.55,0.51,2026-05-04,0642,N,high,2.0NRT,300.39,29.6,D
-34.05768,116.08582,335.26,0.46,0.47,2026-05-04,0642,N,nominal,2.0NRT,287.82,2.61,D
-33.46814,118.17696,340.58,0.61,0.54,2026-05-04,0642,N,nominal,2.0NRT,291.19,11.26,D
-33.99185,115.75806,335.56,0.44,0.46,2026-05-04,0642,N,nominal,2.0NRT,290.16,2.38,D
-33.34572,117.59045,330.52,0.57,0.52,2026-05-04,0642,N,nominal,2.0NRT,294.12,6.6,D
-33.34098,117.58885,341.6,0.57,0.52,2026-05-04,0642,N,nominal,2.0NRT,296.2,6.6,D
-33.33787,117.59203,329.78,0.57,0.52,2026-05-04,0642,N,nominal,2.0NRT,297.29,4.74,D
-33.83897,115.22796,327.61,0.42,0.45,2026-05-04,0642,N,nominal,2.0NRT,293.49,2.82,D
-33.33952,117.40858,341.94,0.56,0.52,2026-05-04,0642,N,nominal,2.0NRT,293.64,11.46,D
-33.52534,115.69473,334.25,0.45,0.47,2026-05-04,0642,N,nominal,2.0NRT,293.08,2.63,D
-33.52494,115.69604,342.52,0.45,0.47,2026-05-04,0642,N,nominal,2.0NRT,294.51,4.16,D
-33.47229,115.91925,342.04,0.46,0.47,2026-05-04,0642,N,nominal,2.0NRT,293.45,7.06,D
-33.50876,115.66534,325.31,0.45,0.47,2026-05-04,0642,N,nominal,2.0NRT,293.76,4.01,D
-32.99102,117.8692,347.97,0.6,0.53,2026-05-04,0642,N,nominal,2.0NRT,294.08,4.68,D
-32.98005,117.89331,333.67,0.61,0.53,2026-05-04,0642,N,nominal,2.0NRT,291.97,6.75,D
-32.98161,117.88676,337.62,0.61,0.53,2026-05-04,0642,N,nominal,2.0NRT,290.95,6.11,D
-32.98314,117.88035,338.6,0.61,0.53,2026-05-04,0642,N,nominal,2.0NRT,291.77,6.11,D
-32.98464,117.87399,326.88,0.6,0.53,2026-05-04,0642,N,nominal,2.0NRT,290.79,4.68,D
-32.98617,117.86755,326.79,0.6,0.53,2026-05-04,0642,N,nominal,2.0NRT,291.77,4.68,D
-32.97675,117.88515,367,0.61,0.53,2026-05-04,0642,N,high,2.0NRT,302.05,25.84,D
-32.97518,117.89174,346.76,0.61,0.53,2026-05-04,0642,N,nominal,2.0NRT,291.65,18.46,D
-32.97829,117.87867,343.01,0.61,0.53,2026-05-04,0642,N,nominal,2.0NRT,291.49,25.84,D
-32.9798,117.87231,335.42,0.6,0.53,2026-05-04,0642,N,nominal,2.0NRT,291.76,5.39,D
-32.97187,117.88359,350.55,0.61,0.53,2026-05-04,0642,N,nominal,2.0NRT,296.68,25.84,D
-32.75404,118.10954,340.41,0.63,0.54,2026-05-04,0642,N,nominal,2.0NRT,297.31,45.88,D
-32.75734,118.09595,328.04,0.63,0.54,2026-05-04,0642,N,nominal,2.0NRT,296.45,107.33,D
-32.75241,118.09428,367,0.63,0.54,2026-05-04,0642,N,high,2.0NRT,299.57,23.72,D
-32.74909,118.1079,340.36,0.63,0.54,2026-05-04,0642,N,nominal,2.0NRT,292.42,10.66,D
-32.75076,118.1011,350.88,0.63,0.54,2026-05-04,0642,N,nominal,2.0NRT,292.82,23.72,D
-32.75651,118.10818,340.46,0.63,0.54,2026-05-04,0642,N,nominal,2.0NRT,300.74,51.81,D
-32.75812,118.10137,345.11,0.63,0.54,2026-05-04,0642,N,nominal,2.0NRT,297.71,51.81,D
-32.75157,118.10651,349.63,0.63,0.54,2026-05-04,0642,N,nominal,2.0NRT,297.52,51.81,D
-32.75319,118.09971,344.35,0.63,0.54,2026-05-04,0642,N,nominal,2.0NRT,303.67,51.81,D
-32.7548,118.09289,341.96,0.63,0.54,2026-05-04,0642,N,nominal,2.0NRT,299.34,19.79,D
-32.72826,117.84884,340.88,0.61,0.53,2026-05-04,0642,N,nominal,2.0NRT,293.62,23.25,D
-32.72982,117.84233,356.27,0.61,0.53,2026-05-04,0642,N,nominal,2.0NRT,297.37,32.49,D
-32.7234,117.84721,341.41,0.61,0.53,2026-05-04,0642,N,nominal,2.0NRT,291.55,12.64,D
-32.72496,117.84071,349.26,0.61,0.53,2026-05-04,0642,N,nominal,2.0NRT,292.47,14.36,D
-32.72882,117.84721,349,0.61,0.54,2026-05-04,0642,N,nominal,2.0NRT,295.78,17.69,D
-32.73034,117.84069,354.04,0.61,0.53,2026-05-04,0642,N,nominal,2.0NRT,296.16,17.69,D
-32.72395,117.84557,345.7,0.61,0.54,2026-05-04,0642,N,nominal,2.0NRT,292,17.69,D
-32.72547,117.83907,341.03,0.61,0.53,2026-05-04,0642,N,nominal,2.0NRT,291.69,17.69,D
-32.70906,117.70801,330.63,0.6,0.53,2026-05-04,0642,N,nominal,2.0NRT,290.86,5.72,D
-32.81496,116.99312,328.37,0.55,0.51,2026-05-04,0642,N,nominal,2.0NRT,292.77,3.97,D
-33.06171,115.88634,326,0.47,0.48,2026-05-04,0642,N,nominal,2.0NRT,292.58,1.65,D
-32.6783,117.48729,332.7,0.59,0.52,2026-05-04,0642,N,nominal,2.0NRT,290.69,5.43,D
-32.675,117.4795,331.52,0.58,0.52,2026-05-04,0642,N,nominal,2.0NRT,291.67,5.43,D
-32.81535,116.99196,339.26,0.55,0.51,2026-05-04,0642,N,nominal,2.0NRT,293.02,5.35,D
-32.67709,117.48598,329.04,0.59,0.53,2026-05-04,0642,N,nominal,2.0NRT,290.52,8.21,D
-32.67375,117.47816,326.85,0.59,0.52,2026-05-04,0642,N,nominal,2.0NRT,291.44,5.81,D
-32.6675,117.48287,342.45,0.59,0.53,2026-05-04,0642,N,nominal,2.0NRT,289.97,14.31,D
-32.57324,117.30368,367,0.58,0.52,2026-05-04,0642,N,high,2.0NRT,295.65,12.17,D
-32.57182,117.30975,347.55,0.58,0.52,2026-05-04,0642,N,nominal,2.0NRT,292.33,17.39,D
-32.57464,117.29762,334.61,0.57,0.52,2026-05-04,0642,N,nominal,2.0NRT,292.81,12.17,D
-32.61356,116.78065,353.67,0.54,0.51,2026-05-04,0642,N,nominal,2.0NRT,297.79,9.56,D
-32.60895,116.77916,346.17,0.54,0.51,2026-05-04,0642,N,nominal,2.0NRT,296.84,9.56,D
-32.01691,119.24831,348.8,0.38,0.59,2026-05-04,0642,N,nominal,2.0NRT,295.55,3.7,D
-32.01792,119.24427,337.05,0.38,0.59,2026-05-04,0642,N,nominal,2.0NRT,294.33,3.7,D
-32.01892,119.24024,334.96,0.38,0.59,2026-05-04,0642,N,nominal,2.0NRT,293.91,3.84,D
-32.01993,119.23622,341.58,0.38,0.59,2026-05-04,0642,N,nominal,2.0NRT,294.01,3.84,D
-32.01156,119.24654,326.59,0.38,0.59,2026-05-04,0642,N,nominal,2.0NRT,293.34,3.7,D
-32.01257,119.24249,338.89,0.38,0.59,2026-05-04,0642,N,nominal,2.0NRT,293.46,3.7,D
-32.01358,119.23846,339.4,0.38,0.59,2026-05-04,0642,N,nominal,2.0NRT,293.19,3.84,D
-32.52227,117.1155,342.87,0.56,0.52,2026-05-04,0642,N,nominal,2.0NRT,298.32,10.08,D
-32.00622,119.24474,334.08,0.38,0.59,2026-05-04,0642,N,nominal,2.0NRT,293.5,3.52,D
-32.841,115.66674,339.68,0.46,0.47,2026-05-04,0642,N,nominal,2.0NRT,292.77,7.51,D
-32.45343,117.17162,352.16,0.57,0.52,2026-05-04,0642,N,nominal,2.0NRT,299.37,12.19,D
-32.58605,116.00538,330.53,0.49,0.48,2026-05-04,0642,N,nominal,2.0NRT,290.19,7.52,D
-32.58718,116.00033,340.67,0.49,0.48,2026-05-04,0642,N,nominal,2.0NRT,290.04,7.71,D
-32.58387,115.994,341.09,0.49,0.48,2026-05-04,0642,N,nominal,2.0NRT,291.23,7.8,D
-32.58497,115.98911,334.74,0.49,0.48,2026-05-04,0642,N,nominal,2.0NRT,290.78,3.87,D
-32.65823,115.63995,367,0.46,0.47,2026-05-04,0642,N,high,2.0NRT,296.18,14.4,D
-32.57943,115.99268,339.92,0.49,0.48,2026-05-04,0642,N,nominal,2.0NRT,290.52,7.8,D
-32.58051,115.98787,328.5,0.49,0.48,2026-05-04,0642,N,nominal,2.0NRT,290.47,3.87,D
-32.59135,115.9995,329.08,0.49,0.48,2026-05-04,0642,N,nominal,2.0NRT,290.34,5.22,D
-32.58469,116.0084,330.5,0.49,0.48,2026-05-04,0642,N,nominal,2.0NRT,290.63,5.01,D
-32.58689,115.99828,333.81,0.49,0.48,2026-05-04,0642,N,nominal,2.0NRT,289.58,6.85,D
-32.58354,115.99195,367,0.49,0.48,2026-05-04,0642,N,high,2.0NRT,294.8,14.56,D
-32.65906,115.64314,338.36,0.47,0.47,2026-05-04,0642,N,nominal,2.0NRT,292.96,4.7,D
-32.66012,115.63821,328.15,0.47,0.47,2026-05-04,0642,N,nominal,2.0NRT,292.71,3.38,D
-32.5791,115.99064,337.81,0.49,0.48,2026-05-04,0642,N,nominal,2.0NRT,289.95,4.05,D
-32.65471,115.64184,340.38,0.47,0.47,2026-05-04,0642,N,nominal,2.0NRT,292.42,8.76,D
-32.65578,115.63689,342.08,0.47,0.47,2026-05-04,0642,N,nominal,2.0NRT,294.91,8.32,D
-32.38332,116.674,340.15,0.54,0.51,2026-05-04,0642,N,nominal,2.0NRT,298.83,6.85,D
-32.38464,116.6682,340.84,0.54,0.51,2026-05-04,0642,N,nominal,2.0NRT,297.66,6.85,D
-32.35263,116.7433,336.23,0.54,0.51,2026-05-04,0642,N,nominal,2.0NRT,296.3,5.79,D
-32.15177,117.58346,332.61,0.61,0.53,2026-05-04,0642,N,nominal,2.0NRT,292.13,3.71,D
-32.1469,117.58187,343.8,0.61,0.53,2026-05-04,0642,N,nominal,2.0NRT,291.95,19.51,D
-32.14204,117.58023,347.65,0.61,0.53,2026-05-04,0642,N,nominal,2.0NRT,296.58,19.51,D
-32.13564,117.58509,344.7,0.61,0.53,2026-05-04,0642,N,nominal,2.0NRT,294.58,116.97,D
-32.23024,117.03856,333,0.57,0.52,2026-05-04,0642,N,nominal,2.0NRT,295.96,3.62,D
-32.01949,117.01421,338.69,0.57,0.52,2026-05-04,0644,N,nominal,2.0NRT,296.82,9.22,D
-32.01473,117.01279,355.46,0.57,0.52,2026-05-04,0644,N,nominal,2.0NRT,298.1,9.22,D
-32.01542,117.01729,339.43,0.57,0.52,2026-05-04,0644,N,nominal,2.0NRT,297.2,8.73,D
-32.0168,117.01126,349.39,0.57,0.52,2026-05-04,0644,N,nominal,2.0NRT,297.15,9.19,D
-31.99142,116.94482,339.84,0.57,0.52,2026-05-04,0644,N,nominal,2.0NRT,295.83,3.98,D
-32.0421,116.61475,326.51,0.54,0.51,2026-05-04,0644,N,nominal,2.0NRT,294.29,5.38,D
-31.99873,116.28043,329.1,0.52,0.5,2026-05-04,0644,N,nominal,2.0NRT,294.31,3.5,D
-32,116.27482,329.62,0.52,0.5,2026-05-04,0644,N,nominal,2.0NRT,292.76,3.5,D
-32.00609,116.24789,327.38,0.52,0.5,2026-05-04,0644,N,nominal,2.0NRT,292.5,2.6,D
-31.99075,116.27262,327.92,0.52,0.5,2026-05-04,0644,N,nominal,2.0NRT,295.02,3.69,D
-31.992,116.26709,326.52,0.52,0.5,2026-05-04,0644,N,nominal,2.0NRT,295.02,3.17,D
-31.84655,116.24093,328.53,0.52,0.5,2026-05-04,0644,N,nominal,2.0NRT,292.9,4.08,D
-31.64341,117.0257,330.01,0.58,0.52,2026-05-04,0644,N,nominal,2.0NRT,298.14,6.41,D
-31.64481,117.01966,350.88,0.58,0.52,2026-05-04,0644,N,nominal,2.0NRT,299.16,6.41,D
-31.63723,117.03021,337.6,0.58,0.52,2026-05-04,0644,N,nominal,2.0NRT,296.87,8.77,D
-31.64003,117.01814,348.03,0.58,0.52,2026-05-04,0644,N,nominal,2.0NRT,299.96,11.53,D
-31.59334,116.83183,339.4,0.57,0.52,2026-05-04,0644,N,nominal,2.0NRT,296.7,6.38,D
-31.63699,116.33479,335.94,0.53,0.5,2026-05-04,0644,N,nominal,2.0NRT,297.12,4.3,D
-31.62099,116.13811,332.22,0.52,0.5,2026-05-04,0644,N,nominal,2.0NRT,293.63,6.19,D
-31.59572,116.1421,348.13,0.52,0.5,2026-05-04,0644,N,nominal,2.0NRT,295.16,6.92,D
-31.59028,116.12299,343.46,0.52,0.5,2026-05-04,0644,N,nominal,2.0NRT,293.83,5.89,D
-31.58445,116.12724,339.05,0.52,0.5,2026-05-04,0644,N,nominal,2.0NRT,294.55,10.75,D
-31.58571,116.12166,347.88,0.52,0.5,2026-05-04,0644,N,nominal,2.0NRT,294.7,9.65,D
-31.58076,116.13123,331,0.52,0.5,2026-05-04,0644,N,nominal,2.0NRT,295.48,6.95,D
-31.58201,116.12553,338.45,0.52,0.5,2026-05-04,0644,N,nominal,2.0NRT,295.21,4.11,D
-31.58322,116.12002,330.04,0.52,0.5,2026-05-04,0644,N,nominal,2.0NRT,293.74,4.11,D
-31.40793,116.54995,348.66,0.55,0.51,2026-05-04,0644,N,nominal,2.0NRT,303.11,84.3,D
-31.40925,116.54419,345.2,0.55,0.51,2026-05-04,0644,N,nominal,2.0NRT,302.82,130.01,D
-31.40322,116.54864,345.87,0.55,0.51,2026-05-04,0644,N,low,2.0NRT,319.66,84.3,D
-31.39985,116.54144,346.95,0.55,0.51,2026-05-04,0644,N,nominal,2.0NRT,297.58,9.58,D
-31.20728,116.62183,367,0.57,0.52,2026-05-04,0644,N,high,2.0NRT,301.95,17.42,D
-31.27149,116.16166,352.85,0.53,0.5,2026-05-04,0644,N,nominal,2.0NRT,298.63,9.28,D
-31.26692,116.16016,350.88,0.53,0.5,2026-05-04,0644,N,nominal,2.0NRT,299.53,10.56,D
-31.26814,116.15473,328.42,0.53,0.5,2026-05-04,0644,N,nominal,2.0NRT,296.76,6.06,D
-31.25774,116.15723,340.55,0.53,0.5,2026-05-04,0644,N,nominal,2.0NRT,299.94,8.77,D
-31.25314,116.15585,341.62,0.53,0.5,2026-05-04,0644,N,nominal,2.0NRT,300.93,8.77,D
-31.24771,116.13645,331.43,0.53,0.5,2026-05-04,0644,N,nominal,2.0NRT,298.51,3.47,D
-31.15685,116.31629,339.3,0.54,0.51,2026-05-04,0644,N,nominal,2.0NRT,298.5,4.09,D
-30.94195,116.34064,340.14,0.55,0.51,2026-05-04,0644,N,nominal,2.0NRT,300.61,14.92,D
-30.94326,116.33482,340.79,0.55,0.51,2026-05-04,0644,N,nominal,2.0NRT,299.04,14.97,D
-30.87518,116.41384,331.93,0.56,0.51,2026-05-04,0644,N,nominal,2.0NRT,298.11,4.81,D
-30.87651,116.40804,329.23,0.56,0.51,2026-05-04,0644,N,nominal,2.0NRT,296.98,4.81,D
-30.9984,115.4164,328.46,0.49,0.49,2026-05-04,0644,N,nominal,2.0NRT,297.3,5.22,D
-30.96951,115.41872,335.29,0.49,0.49,2026-05-04,0644,N,nominal,2.0NRT,299.16,3.49,D
-30.96505,115.41748,339.2,0.49,0.49,2026-05-04,0644,N,nominal,2.0NRT,298.58,3.6,D
-30.96413,115.41914,337.74,0.49,0.49,2026-05-04,0644,N,nominal,2.0NRT,299.44,8.82,D
-30.33456,117.59419,367,0.34,0.56,2026-05-04,0644,N,high,2.0NRT,305.32,18.65,D
-30.33538,117.59072,329.95,0.33,0.56,2026-05-04,0644,N,nominal,2.0NRT,298.96,7.75,D
-30.61246,116.36456,351.88,0.56,0.52,2026-05-04,0644,N,nominal,2.0NRT,308.27,49.96,D
-30.61376,116.35877,299.57,0.56,0.52,2026-05-04,0644,N,low,2.0NRT,320.67,69.42,D
-30.6064,116.36905,340.85,0.56,0.52,2026-05-04,0644,N,nominal,2.0NRT,301.26,49.96,D
-30.60773,116.36316,352.41,0.56,0.52,2026-05-04,0644,N,nominal,2.0NRT,303.85,49.96,D
-30.60904,116.35733,332.78,0.56,0.52,2026-05-04,0644,N,nominal,2.0NRT,300.32,69.42,D
-30.6294,116.17787,350.71,0.55,0.51,2026-05-04,0644,N,nominal,2.0NRT,299.5,10.35,D
-30.62473,116.17646,349.84,0.55,0.51,2026-05-04,0644,N,nominal,2.0NRT,296.26,10.66,D
-30.64395,116.09102,338.4,0.54,0.51,2026-05-04,0644,N,nominal,2.0NRT,310.18,72.52,D
-30.54414,116.2884,338.85,0.56,0.51,2026-05-04,0644,N,nominal,2.0NRT,300.95,3.95,D
-30.54554,116.28718,331.74,0.56,0.51,2026-05-04,0644,N,nominal,2.0NRT,300.31,4,D
-30.59063,115.81784,357.5,0.53,0.5,2026-05-04,0644,N,nominal,2.0NRT,306.34,24.29,D
-30.58606,115.81644,338.01,0.53,0.5,2026-05-04,0644,N,nominal,2.0NRT,299.51,7.04,D
-30.4456,115.65834,340.82,0.52,0.5,2026-05-04,0644,N,nominal,2.0NRT,300.7,8.21,D
-30.39428,115.49704,339.83,0.51,0.49,2026-05-04,0644,N,nominal,2.0NRT,298.68,6.41,D
-30.38975,115.49581,340.55,0.51,0.49,2026-05-04,0644,N,nominal,2.0NRT,301.21,9.59,D
-30.38521,115.49458,340.08,0.51,0.49,2026-05-04,0644,N,nominal,2.0NRT,299.24,9.59,D
-30.3956,115.49447,340.1,0.51,0.49,2026-05-04,0644,N,nominal,2.0NRT,298.06,6.33,D
-30.39107,115.4932,340.3,0.51,0.49,2026-05-04,0644,N,nominal,2.0NRT,299,6.33,D
-30.38654,115.49196,342.42,0.51,0.49,2026-05-04,0644,N,nominal,2.0NRT,300.5,9.61,D
-30.38199,115.49077,349.94,0.51,0.49,2026-05-04,0644,N,nominal,2.0NRT,299.07,9.61,D
-30.37744,115.48955,349.02,0.51,0.49,2026-05-04,0644,N,nominal,2.0NRT,302.58,58.93,D
-30.37291,115.48832,345.91,0.51,0.49,2026-05-04,0644,N,nominal,2.0NRT,316.56,58.93,D
-30.36837,115.48707,353.99,0.51,0.49,2026-05-04,0644,N,nominal,2.0NRT,303.8,28.73,D
-30.13023,116.15589,339.04,0.56,0.52,2026-05-04,0644,N,nominal,2.0NRT,299.42,103.82,D
-30.12414,116.16048,335.8,0.56,0.52,2026-05-04,0644,N,nominal,2.0NRT,298.98,18.94,D
-30.12103,116.15812,344,0.56,0.52,2026-05-04,0644,N,nominal,2.0NRT,302.69,25.96,D
-30.06992,116.20606,340.44,0.57,0.52,2026-05-04,0644,N,nominal,2.0NRT,300.41,11.49,D
-29.84194,116.0219,350.81,0.56,0.51,2026-05-04,0644,N,nominal,2.0NRT,303.13,7.47,D
-29.84326,116.01609,348.72,0.56,0.51,2026-05-04,0644,N,nominal,2.0NRT,303.41,7.47,D
-29.83854,116.01476,335.48,0.56,0.51,2026-05-04,0644,N,nominal,2.0NRT,299.83,7.47,D
-29.84306,116.01975,344.39,0.56,0.51,2026-05-04,0644,N,nominal,2.0NRT,303.54,9.41,D
-29.84434,116.01395,349.02,0.56,0.51,2026-05-04,0644,N,nominal,2.0NRT,302.24,6.73,D
-29.83834,116.0184,333.11,0.56,0.51,2026-05-04,0644,N,nominal,2.0NRT,299.24,9.41,D
-29.83962,116.0126,339.79,0.56,0.51,2026-05-04,0644,N,nominal,2.0NRT,300.68,6.73,D
-29.69808,116.06769,356.85,0.57,0.52,2026-05-04,0644,N,nominal,2.0NRT,307.67,105.23,D
-29.69937,116.06185,333.24,0.57,0.52,2026-05-04,0644,N,nominal,2.0NRT,298.9,6.67,D
-29.70066,116.05609,348.24,0.57,0.52,2026-05-04,0644,N,nominal,2.0NRT,301.33,6.67,D
-29.69334,116.06628,367,0.57,0.52,2026-05-04,0644,N,high,2.0NRT,304.93,36.19,D
-29.69203,116.07214,349.91,0.57,0.52,2026-05-04,0644,N,nominal,2.0NRT,307.05,36.19,D
-29.69592,116.05471,345.77,0.57,0.52,2026-05-04,0644,N,nominal,2.0NRT,309,80.05,D
-29.33375,115.62418,331.57,0.54,0.51,2026-05-04,0644,N,low,2.0NRT,302.66,9.28,D
-29.33285,115.60586,349.61,0.54,0.51,2026-05-04,0644,N,nominal,2.0NRT,300.71,5.93,D
-28.90892,114.6902,341.14,0.49,0.49,2026-05-04,0644,N,nominal,2.0NRT,305.66,10.76,D
-28.88005,114.6927,349.51,0.49,0.49,2026-05-04,0644,N,nominal,2.0NRT,311.55,13.32,D
-28.66421,114.85258,339.39,0.51,0.49,2026-05-04,0644,N,nominal,2.0NRT,304.56,3.84,D
-28.66593,114.84955,339.94,0.51,0.49,2026-05-04,0644,N,nominal,2.0NRT,304.8,3.96,D
-28.10556,114.55614,342.71,0.5,0.49,2026-05-04,0644,N,nominal,2.0NRT,312.79,33.19,D
-28.10108,114.55486,344.68,0.5,0.49,2026-05-04,0644,N,nominal,2.0NRT,305.94,33.19,D
-28.10217,114.54981,338.54,0.5,0.49,2026-05-04,0644,N,nominal,2.0NRT,306.07,33.19,D
-27.71891,114.16743,338.32,0.48,0.48,2026-05-04,0644,N,nominal,2.0NRT,306.55,5.8,D
-27.72182,114.16966,336.7,0.49,0.48,2026-05-04,0644,N,low,2.0NRT,307.02,5.43,D
-27.689,114.19215,348.48,0.49,0.48,2026-05-04,0644,N,nominal,2.0NRT,307.3,5.81,D
-27.69001,114.18737,337.01,0.49,0.48,2026-05-04,0644,N,nominal,2.0NRT,305.31,5.81,D
-20.61557,116.77142,331.24,0.49,0.65,2026-05-04,0646,N,nominal,2.0NRT,298.63,2.95,D
-20.61496,116.77148,332.01,0.49,0.65,2026-05-04,0646,N,nominal,2.0NRT,298.4,1.82,D
-43.78925,171.62779,311.07,0.43,0.46,2026-05-04,1259,N,nominal,2.0NRT,274.45,1.78,N
-45.4882,167.72035,297.6,0.57,0.52,2026-05-04,1301,N,nominal,2.0NRT,279.08,1.15,N
-46.1308,168.10782,295.46,0.53,0.5,2026-05-04,1301,N,nominal,2.0NRT,276.52,1.93,N
-46.13255,168.1145,308.63,0.53,0.5,2026-05-04,1301,N,nominal,2.0NRT,276.52,1.72,N
-37.20236,174.72064,301.71,0.43,0.46,2026-05-04,1257,N,nominal,2.0NRT,277.36,1,N
-39.89573,176.60176,325.86,0.47,0.4,2026-05-04,1259,N,nominal,2.0NRT,277.12,3.98,N
-39.90041,176.60585,328.2,0.47,0.4,2026-05-04,1259,N,nominal,2.0NRT,276.74,3.12,N
-39.90298,176.59921,298.4,0.47,0.4,2026-05-04,1259,N,nominal,2.0NRT,276.21,0.64,N
-39.8977,176.6058,325.49,0.47,0.4,2026-05-04,1259,N,nominal,2.0NRT,277.51,1.47,N
-39.89663,176.60045,298.57,0.47,0.4,2026-05-04,1259,N,nominal,2.0NRT,276.27,1.47,N
-39.90025,176.5992,301.93,0.47,0.4,2026-05-04,1259,N,nominal,2.0NRT,276.77,1.47,N
-39.90132,176.60454,309.39,0.47,0.4,2026-05-04,1259,N,nominal,2.0NRT,275.88,1.47,N
-21.65564,147.98061,302.1,0.56,0.68,2026-05-04,1435,N,nominal,2.0NRT,287.25,0.79,N
-45.97122,169.65245,305.61,0.5,0.66,2026-05-04,1442,N,nominal,2.0NRT,277.15,1.09,N
-21.65057,147.98053,308.93,0.56,0.68,2026-05-04,1435,N,nominal,2.0NRT,287.31,1.12,N
-45.97749,169.65172,295.8,0.5,0.66,2026-05-04,1442,N,nominal,2.0NRT,276.77,0.64,N
-46.13316,168.11092,317.13,0.43,0.62,2026-05-04,1442,N,nominal,2.0NRT,275.37,1.1,N
-22.59406,148.97279,308.53,0.46,0.64,2026-05-04,1435,N,nominal,2.0NRT,287.83,0.96,N
-23.04733,148.59222,299.77,0.48,0.64,2026-05-04,1435,N,nominal,2.0NRT,287.3,0.8,N
-23.6372,151.1324,306.99,0.33,0.55,2026-05-04,1435,N,nominal,2.0NRT,290.41,0.65,N
-23.75337,151.18814,305.49,0.32,0.55,2026-05-04,1435,N,nominal,2.0NRT,292.17,0.63,N
-23.75908,151.18999,301.52,0.32,0.55,2026-05-04,1435,N,nominal,2.0NRT,291.4,0.63,N
-23.77119,151.19687,304.11,0.32,0.55,2026-05-04,1435,N,nominal,2.0NRT,291.48,0.76,N
-23.77402,151.20975,301.62,0.32,0.55,2026-05-04,1435,N,nominal,2.0NRT,291.12,0.56,N
-23.82691,151.149,307.36,0.32,0.55,2026-05-04,1435,N,nominal,2.0NRT,291.81,1,N
-23.82761,151.15211,310.22,0.32,0.55,2026-05-04,1435,N,nominal,2.0NRT,295.23,1,N
-23.29866,148.33098,297.77,0.49,0.65,2026-05-04,1435,N,nominal,2.0NRT,286.16,0.52,N
-23.3046,148.32922,306.38,0.49,0.65,2026-05-04,1435,N,nominal,2.0NRT,287.32,0.52,N
-23.87078,149.15588,302.05,0.42,0.61,2026-05-04,1435,N,nominal,2.0NRT,288.15,1.59,N
-23.87734,149.15829,305.98,0.42,0.61,2026-05-04,1435,N,nominal,2.0NRT,288.26,1.21,N
-24.45267,148.33748,299.99,0.46,0.64,2026-05-04,1435,N,nominal,2.0NRT,286.5,2.7,N
-24.45377,148.34207,313.13,0.46,0.64,2026-05-04,1435,N,nominal,2.0NRT,287.07,3.26,N
-24.45485,148.34663,296.56,0.46,0.64,2026-05-04,1435,N,nominal,2.0NRT,286.22,3.26,N
-24.45959,148.34042,346.98,0.46,0.64,2026-05-04,1435,N,nominal,2.0NRT,287.84,3.26,N
-24.46066,148.34491,334.6,0.46,0.64,2026-05-04,1435,N,nominal,2.0NRT,286.63,3.26,N
-24.45741,148.33125,304.69,0.46,0.64,2026-05-04,1435,N,nominal,2.0NRT,286.88,2.7,N
-24.4585,148.33586,316.6,0.46,0.64,2026-05-04,1435,N,nominal,2.0NRT,287.5,2.7,N
-24.46431,148.33412,306.32,0.46,0.64,2026-05-04,1435,N,nominal,2.0NRT,285.8,1.48,N
-24.4654,148.3387,296.39,0.46,0.64,2026-05-04,1435,N,nominal,2.0NRT,285.86,1.07,N
-24.4492,148.33684,298.21,0.46,0.64,2026-05-04,1435,N,nominal,2.0NRT,285.95,2.82,N
-24.45616,148.33983,333.7,0.46,0.64,2026-05-04,1435,N,nominal,2.0NRT,287.56,2.82,N
-24.45728,148.34436,339,0.46,0.63,2026-05-04,1435,N,nominal,2.0NRT,287.5,5.56,N
-24.45392,148.33072,308.27,0.46,0.64,2026-05-04,1435,N,nominal,2.0NRT,286.7,1.96,N
-24.45504,148.33525,302.61,0.46,0.64,2026-05-04,1435,N,nominal,2.0NRT,286.53,2.82,N
-24.462,148.33823,327.98,0.46,0.64,2026-05-04,1435,N,nominal,2.0NRT,287.53,3.2,N
-24.46309,148.34268,320.91,0.46,0.63,2026-05-04,1435,N,nominal,2.0NRT,286.36,3.13,N
-24.46086,148.33359,311.5,0.46,0.64,2026-05-04,1435,N,nominal,2.0NRT,286.71,3.2,N
-27.33677,151.59381,310.76,0.51,0.5,2026-05-04,1437,N,nominal,2.0NRT,285.44,1.55,N
-27.34014,151.58714,295.52,0.51,0.5,2026-05-04,1437,N,nominal,2.0NRT,284.53,2.72,N
-27.3413,151.59251,309.51,0.51,0.5,2026-05-04,1437,N,nominal,2.0NRT,283.77,1.55,N
-27.10093,149.4781,299.08,0.35,0.56,2026-05-04,1437,N,nominal,2.0NRT,274.77,0.8,N
-27.51308,150.34587,306.92,0.6,0.53,2026-05-04,1437,N,nominal,2.0NRT,264.53,2.8,N
-28.41242,152.30182,322.51,0.45,0.47,2026-05-04,1437,N,nominal,2.0NRT,285.49,1.44,N
-28.41335,152.3063,296.39,0.45,0.47,2026-05-04,1437,N,nominal,2.0NRT,285.29,1.44,N
-29.27404,152.98505,298.55,0.39,0.44,2026-05-04,1437,N,nominal,2.0NRT,286.17,0.66,N
-29.19044,151.21426,311.13,0.5,0.49,2026-05-04,1437,N,nominal,2.0NRT,285.01,1.85,N
-30.44149,152.85342,305.95,0.57,0.43,2026-05-04,1437,N,nominal,2.0NRT,286.46,0.98,N
-30.58907,152.10812,295.77,0.42,0.45,2026-05-04,1437,N,nominal,2.0NRT,281.69,1,N
-30.9598,152.65234,297.17,0.38,0.43,2026-05-04,1437,N,nominal,2.0NRT,286.04,0.67,N
-31.02552,152.83191,327.8,0.56,0.43,2026-05-04,1437,N,nominal,2.0NRT,286,3.65,N
-31.0267,152.83777,320.03,0.56,0.43,2026-05-04,1437,N,nominal,2.0NRT,286.08,3.65,N
-31.42127,151.67152,300.34,0.42,0.45,2026-05-04,1437,N,nominal,2.0NRT,282.29,0.35,N
-31.42544,151.67036,297.49,0.42,0.45,2026-05-04,1437,N,nominal,2.0NRT,281.59,0.35,N
-31.33977,148.66541,296.95,0.62,0.54,2026-05-04,1437,N,nominal,2.0NRT,281.83,1.25,N
-31.33877,148.66626,296.92,0.62,0.54,2026-05-04,1437,N,nominal,2.0NRT,281.72,1.34,N
-31.37894,147.68068,329.3,0.35,0.57,2026-05-04,1437,N,nominal,2.0NRT,284.29,1.61,N
-31.37803,147.67697,304.36,0.35,0.57,2026-05-04,1437,N,nominal,2.0NRT,283.52,1.61,N
-31.37985,147.68437,303.79,0.35,0.57,2026-05-04,1437,N,nominal,2.0NRT,283.87,1.89,N
-31.38411,147.67894,300.52,0.35,0.57,2026-05-04,1437,N,nominal,2.0NRT,283.16,1.61,N
-31.93392,147.76534,312.29,0.34,0.56,2026-05-04,1437,N,nominal,2.0NRT,282.29,1.25,N
-31.9348,147.76891,311.19,0.34,0.56,2026-05-04,1437,N,nominal,2.0NRT,283.04,1.25,N
-32.32162,148.85612,310.37,0.58,0.52,2026-05-04,1437,N,nominal,2.0NRT,284.14,2.19,N
-34.45517,150.87686,309.69,0.41,0.45,2026-05-04,1440,N,nominal,2.0NRT,279.42,1.41,N
-35.66762,150.05777,295.79,0.42,0.45,2026-05-04,1440,N,nominal,2.0NRT,283.46,0.47,N
-34.26397,140.64677,311.39,0.7,0.75,2026-05-04,1440,N,nominal,2.0NRT,280.33,1.92,N
-34.26202,140.65128,308.52,0.7,0.75,2026-05-04,1440,N,nominal,2.0NRT,280.51,2.13,N
-38.22803,147.1709,300.02,0.52,0.5,2026-05-04,1440,N,nominal,2.0NRT,281.05,1.01,N
-37.78452,144.72787,296.01,0.35,0.57,2026-05-04,1440,N,nominal,2.0NRT,280.32,0.56,N
-37.8288,144.78749,313.1,0.35,0.57,2026-05-04,1440,N,nominal,2.0NRT,282.52,1.24,N
-37.8339,144.78529,311.4,0.35,0.57,2026-05-04,1440,N,nominal,2.0NRT,281.09,1.24,N
-37.00562,139.81383,297.24,0.65,0.73,2026-05-04,1440,N,nominal,2.0NRT,279.98,0.59,N
-37.00788,139.82101,295.29,0.65,0.73,2026-05-04,1440,N,nominal,2.0NRT,280.39,0.59,N
-37.00657,139.81413,297.14,0.65,0.73,2026-05-04,1440,N,nominal,2.0NRT,280.39,1.98,N
-42.05607,147.78113,304.49,0.4,0.44,2026-05-04,1442,N,nominal,2.0NRT,268.84,1.62,N
-15.38795,167.82533,342.02,0.4,0.44,2026-05-04,1433,N,nominal,2.0NRT,299.03,20.64,N
-15.38848,167.82925,337.28,0.4,0.44,2026-05-04,1433,N,nominal,2.0NRT,295.69,20.64,N
-15.38899,167.83301,306.19,0.4,0.44,2026-05-04,1433,N,nominal,2.0NRT,289.12,1.34,N
-15.3895,167.83675,304.4,0.4,0.44,2026-05-04,1433,N,nominal,2.0NRT,288.74,1.34,N
-15.39205,167.82471,349.45,0.4,0.44,2026-05-04,1433,N,nominal,2.0NRT,296.11,8.68,N
-15.39258,167.82858,342.47,0.4,0.44,2026-05-04,1433,N,nominal,2.0NRT,290.33,8.68,N
-15.39152,167.82083,317.85,0.4,0.44,2026-05-04,1433,N,nominal,2.0NRT,293.06,3.88,N
-15.3931,167.83238,299.96,0.4,0.44,2026-05-04,1433,N,nominal,2.0NRT,288.09,1.35,N
-15.39362,167.83618,301.31,0.4,0.44,2026-05-04,1433,N,nominal,2.0NRT,289.04,1.35,N
-15.39616,167.82405,302.49,0.4,0.44,2026-05-04,1433,N,nominal,2.0NRT,288.2,8.68,N
-22.25313,166.44243,305.89,0.4,0.45,2026-05-04,1435,N,nominal,2.0NRT,292.18,0.85,N
-11.87223,142.02005,305.09,0.52,0.41,2026-05-04,1613,N,nominal,2.0NRT,291.54,1.1,N
-31.37945,147.67702,305.6,0.63,0.72,2026-05-04,1620,N,nominal,2.0NRT,282.77,2.43,N
-11.49464,130.52538,303.57,0.55,0.51,2026-05-04,1613,N,nominal,2.0NRT,290.78,1.29,N
-13.58125,132.73869,303.61,0.55,0.43,2026-05-04,1613,N,nominal,2.0NRT,292.96,1.13,N
-31.37976,147.68396,301.91,0.63,0.72,2026-05-04,1620,N,nominal,2.0NRT,282.12,1.87,N
-13.64248,132.31807,307.42,0.39,0.44,2026-05-04,1613,N,nominal,2.0NRT,294.08,1.22,N
-30.44298,136.85715,295.31,0.46,0.39,2026-05-04,1620,N,nominal,2.0NRT,284.76,0.69,N
-13.93774,132.79637,309.17,0.54,0.42,2026-05-04,1613,N,nominal,2.0NRT,294.35,2.11,N
-30.44663,136.85652,307.75,0.46,0.39,2026-05-04,1620,N,nominal,2.0NRT,285.51,1.39,N
-13.96494,132.92563,321.48,0.53,0.42,2026-05-04,1613,N,nominal,2.0NRT,294.87,3.62,N
-31.37999,147.6797,314.39,0.63,0.72,2026-05-04,1620,N,nominal,2.0NRT,282.56,2.92,N
-13.96582,132.93054,310.88,0.53,0.42,2026-05-04,1613,N,nominal,2.0NRT,294.46,1.25,N
-31.93375,147.76897,300.81,0.64,0.72,2026-05-04,1620,N,nominal,2.0NRT,281.94,1.75,N
-13.9766,132.85638,307.7,0.54,0.42,2026-05-04,1613,N,nominal,2.0NRT,294.5,1.38,N
-31.93401,147.76399,295.1,0.64,0.72,2026-05-04,1620,N,nominal,2.0NRT,281.2,1.26,N
-15.52821,141.65411,305.36,0.54,0.42,2026-05-04,1613,N,nominal,2.0NRT,291.45,0.85,N
-32.99456,137.58905,311.34,0.53,0.42,2026-05-04,1620,N,nominal,2.0NRT,283.51,0.51,N
-14.06399,131.87608,304.05,0.41,0.45,2026-05-04,1613,N,nominal,2.0NRT,292.05,0.76,N
-32.99846,137.58841,296.16,0.53,0.42,2026-05-04,1620,N,nominal,2.0NRT,282.79,0.51,N
-14.08184,131.88071,308.64,0.41,0.45,2026-05-04,1613,N,nominal,2.0NRT,294.12,1.5,N
-34.18292,140.70282,295.35,0.53,0.5,2026-05-04,1620,N,nominal,2.0NRT,280.31,0.36,N
-34.26522,140.64999,309.83,0.53,0.5,2026-05-04,1620,N,nominal,2.0NRT,281.29,1.63,N
-14.08525,131.87596,313.72,0.41,0.45,2026-05-04,1613,N,nominal,2.0NRT,294.44,1.5,N
-35.82204,139.95518,296.23,0.5,0.49,2026-05-04,1620,N,nominal,2.0NRT,280.03,0.83,N
-14.0797,131.8821,304.68,0.41,0.45,2026-05-04,1613,N,nominal,2.0NRT,294.15,1.07,N
-35.82665,139.95454,298.13,0.5,0.49,2026-05-04,1620,N,nominal,2.0NRT,279.82,0.83,N
-14.08308,131.87738,309.56,0.41,0.45,2026-05-04,1613,N,nominal,2.0NRT,294.74,1.07,N
-35.82549,139.95418,307.68,0.5,0.49,2026-05-04,1620,N,nominal,2.0NRT,280.22,1.05,N
-14.08716,131.87645,310.21,0.41,0.45,2026-05-04,1613,N,nominal,2.0NRT,293.58,1.11,N
-31.25515,116.1537,300.14,0.76,0.77,2026-05-04,1620,N,nominal,2.0NRT,282.33,1.46,N
-14.53157,132.20496,320.13,0.38,0.43,2026-05-04,1616,N,nominal,2.0NRT,292.73,1.37,N
-32.46961,117.37725,296.97,0.61,0.71,2026-05-04,1620,N,nominal,2.0NRT,279.84,0.9,N
-14.53558,132.20419,313.69,0.38,0.43,2026-05-04,1616,N,nominal,2.0NRT,292.35,1.37,N
-33.47553,116.87191,296,0.61,0.71,2026-05-04,1622,N,nominal,2.0NRT,277.4,0.7,N
-15.75412,135.56853,329.1,0.4,0.37,2026-05-04,1616,N,nominal,2.0NRT,281.18,5.57,N
-33.80306,117.3262,305.72,0.57,0.69,2026-05-04,1622,N,nominal,2.0NRT,277,1.24,N
-15.75351,135.56482,304.2,0.4,0.37,2026-05-04,1616,N,nominal,2.0NRT,282.17,5.57,N
-33.80279,117.32526,310.09,0.57,0.69,2026-05-04,1622,N,nominal,2.0NRT,277.07,1.78,N
-15.75689,135.56421,324.14,0.4,0.37,2026-05-04,1616,N,nominal,2.0NRT,288.6,5.57,N
-33.80892,117.32236,307.73,0.57,0.69,2026-05-04,1622,N,nominal,2.0NRT,276.85,2.46,N
-15.7575,135.56793,367,0.4,0.37,2026-05-04,1616,N,high,2.0NRT,292.74,5.57,N
-33.81069,117.32843,314.86,0.57,0.69,2026-05-04,1622,N,nominal,2.0NRT,277.8,1.99,N
-15.75812,135.57166,320.01,0.4,0.37,2026-05-04,1616,N,nominal,2.0NRT,289.22,2.73,N
-33.8125,117.33465,299.9,0.57,0.69,2026-05-04,1622,N,nominal,2.0NRT,277.41,1.99,N
-15.76089,135.56734,330.73,0.4,0.37,2026-05-04,1616,N,nominal,2.0NRT,293.23,5.02,N
-33.81431,117.34087,301.94,0.56,0.69,2026-05-04,1622,N,nominal,2.0NRT,277.18,1.41,N
-15.7615,135.57106,354.48,0.4,0.37,2026-05-04,1616,N,nominal,2.0NRT,293.75,3.94,N
-33.81865,117.33187,297.22,0.57,0.69,2026-05-04,1622,N,nominal,2.0NRT,276.64,1.99,N
-15.76211,135.57478,314.39,0.4,0.37,2026-05-04,1616,N,nominal,2.0NRT,291.26,3.94,N
-33.7662,116.58069,296.9,0.62,0.71,2026-05-04,1622,N,nominal,2.0NRT,277.73,1.91,N
-33.88581,116.55913,296.32,0.62,0.71,2026-05-04,1622,N,nominal,2.0NRT,279.14,0.8,N
-15.76427,135.56676,329.9,0.4,0.37,2026-05-04,1616,N,nominal,2.0NRT,292.06,5.02,N
-34.21875,116.88903,314.08,0.58,0.7,2026-05-04,1622,N,nominal,2.0NRT,281.09,2.66,N
-15.76488,135.57047,343.85,0.4,0.37,2026-05-04,1616,N,nominal,2.0NRT,292.68,3.94,N
-34.21749,116.8913,314.04,0.58,0.7,2026-05-04,1622,N,nominal,2.0NRT,281.27,1.94,N
-15.76549,135.5742,315.28,0.4,0.37,2026-05-04,1616,N,nominal,2.0NRT,291.72,3.94,N
-34.39049,117.21972,313.32,0.55,0.68,2026-05-04,1622,N,nominal,2.0NRT,280.62,2.02,N
-15.76826,135.56989,326,0.4,0.37,2026-05-04,1616,N,nominal,2.0NRT,290.42,2.21,N
-34.39128,117.21842,311.74,0.55,0.68,2026-05-04,1622,N,nominal,2.0NRT,280.47,2.44,N
-15.76887,135.57359,324.72,0.4,0.37,2026-05-04,1616,N,nominal,2.0NRT,291.75,2.21,N
-34.25712,116.06013,295.3,0.64,0.72,2026-05-04,1622,N,nominal,2.0NRT,281.71,0.68,N
-15.35575,131.27795,307.44,0.42,0.45,2026-05-04,1616,N,nominal,2.0NRT,290.49,0.89,N
-16.1093,132.07079,333.46,0.55,0.43,2026-05-04,1616,N,nominal,2.0NRT,290.75,3.01,N
-16.11025,132.07599,317.03,0.55,0.43,2026-05-04,1616,N,nominal,2.0NRT,289.92,1.89,N
-16.11324,132.07004,301.23,0.55,0.43,2026-05-04,1616,N,nominal,2.0NRT,289.73,3.01,N
-16.21688,132.46754,302.23,0.52,0.42,2026-05-04,1616,N,nominal,2.0NRT,289.83,0.44,N
-16.15111,132.0087,306.44,0.56,0.43,2026-05-04,1616,N,nominal,2.0NRT,290.41,1.14,N
-16.15599,132.01314,302.51,0.56,0.43,2026-05-04,1616,N,nominal,2.0NRT,290.24,0.75,N
-16.16179,132.02278,302.08,0.56,0.43,2026-05-04,1616,N,nominal,2.0NRT,290.06,0.54,N
-16.16475,132.0249,308.14,0.56,0.43,2026-05-04,1616,N,nominal,2.0NRT,289.93,1.11,N
-16.23187,131.99004,305.15,0.56,0.43,2026-05-04,1616,N,nominal,2.0NRT,289.81,0.79,N
-16.2292,131.95258,307.82,0.56,0.43,2026-05-04,1616,N,nominal,2.0NRT,290.39,1.4,N
-16.23015,131.95782,311.36,0.56,0.43,2026-05-04,1616,N,nominal,2.0NRT,290.4,2.25,N
-16.23109,131.96306,311.79,0.56,0.43,2026-05-04,1616,N,nominal,2.0NRT,290.5,2.25,N
-16.23204,131.96831,307.8,0.56,0.43,2026-05-04,1616,N,nominal,2.0NRT,290.19,0.96,N
-16.23582,131.98926,306.52,0.56,0.43,2026-05-04,1616,N,nominal,2.0NRT,290.03,1.66,N
-16.23505,131.9623,327.95,0.56,0.43,2026-05-04,1616,N,nominal,2.0NRT,290.84,2.25,N
-16.23788,131.97803,320.81,0.56,0.43,2026-05-04,1616,N,nominal,2.0NRT,290.2,1.7,N
-16.23221,131.94658,311.65,0.56,0.43,2026-05-04,1616,N,nominal,2.0NRT,290.45,1.4,N
-16.23315,131.95181,303.9,0.56,0.43,2026-05-04,1616,N,nominal,2.0NRT,290.5,1.4,N
-16.2341,131.95706,309.57,0.56,0.43,2026-05-04,1616,N,nominal,2.0NRT,290.1,2.25,N
-16.23599,131.96753,305.99,0.56,0.43,2026-05-04,1616,N,nominal,2.0NRT,290.1,0.96,N
-16.23693,131.97278,307.09,0.56,0.43,2026-05-04,1616,N,nominal,2.0NRT,289.7,0.96,N
-16.23882,131.98326,301.9,0.56,0.43,2026-05-04,1616,N,nominal,2.0NRT,289.9,1.7,N
-16.88093,135.72716,313.1,0.39,0.36,2026-05-04,1616,N,nominal,2.0NRT,290.84,1.17,N
-16.23994,131.96677,317.81,0.56,0.43,2026-05-04,1616,N,nominal,2.0NRT,290.19,2.54,N
-16.88488,135.73022,303.33,0.39,0.36,2026-05-04,1616,N,nominal,2.0NRT,290.18,0.42,N
-16.80196,132.81709,301.52,0.49,0.41,2026-05-04,1616,N,nominal,2.0NRT,289.67,0.72,N
-16.80278,132.82173,301.32,0.49,0.41,2026-05-04,1616,N,nominal,2.0NRT,289.46,0.72,N
-16.80157,132.79315,305.31,0.5,0.41,2026-05-04,1616,N,nominal,2.0NRT,289.66,1.2,N
-16.80569,132.81638,300.97,0.49,0.41,2026-05-04,1616,N,nominal,2.0NRT,289.49,0.72,N
-16.80651,132.821,309.38,0.49,0.41,2026-05-04,1616,N,nominal,2.0NRT,289.81,0.72,N
-16.802,132.77373,367,0.5,0.41,2026-05-04,1616,N,high,2.0NRT,293.13,16.94,N
-16.80283,132.7784,309.78,0.5,0.41,2026-05-04,1616,N,nominal,2.0NRT,289.74,2.14,N
-16.80531,132.79243,301.39,0.5,0.41,2026-05-04,1616,N,nominal,2.0NRT,289.53,1.14,N
-16.80739,132.78236,329.24,0.5,0.41,2026-05-04,1616,N,nominal,2.0NRT,290.65,2.14,N
-16.80657,132.77768,308.83,0.5,0.41,2026-05-04,1616,N,nominal,2.0NRT,289.94,2.14,N
-16.81113,132.78163,304.28,0.5,0.41,2026-05-04,1616,N,nominal,2.0NRT,289.81,0.88,N
-16.8177,132.81883,302.53,0.49,0.41,2026-05-04,1616,N,nominal,2.0NRT,289.55,0.69,N
-16.81487,132.78091,303.42,0.5,0.41,2026-05-04,1616,N,nominal,2.0NRT,289.6,0.88,N
-16.82679,132.82661,300.69,0.49,0.4,2026-05-04,1616,N,nominal,2.0NRT,289.27,0.55,N
-16.8276,132.83122,314.05,0.49,0.4,2026-05-04,1616,N,nominal,2.0NRT,289.36,1.58,N
-16.82841,132.83586,313.46,0.49,0.4,2026-05-04,1616,N,nominal,2.0NRT,289.59,1.58,N
-16.82923,132.84048,307.18,0.49,0.4,2026-05-04,1616,N,nominal,2.0NRT,289.42,1.32,N
-16.83004,132.84511,306.21,0.49,0.4,2026-05-04,1616,N,nominal,2.0NRT,289.59,1.32,N
-16.82317,132.78415,304.72,0.5,0.41,2026-05-04,1616,N,nominal,2.0NRT,289.75,1.07,N
-16.824,132.78882,305.51,0.5,0.41,2026-05-04,1616,N,nominal,2.0NRT,289.66,1.07,N
-16.82691,132.78342,300.48,0.5,0.41,2026-05-04,1616,N,nominal,2.0NRT,289.42,0.98,N
-16.82773,132.78807,307.73,0.5,0.41,2026-05-04,1616,N,nominal,2.0NRT,289.66,0.98,N
-15.63405,126.4281,310.69,0.43,0.62,2026-05-04,1616,N,nominal,2.0NRT,288.81,2.34,N
-16.85724,132.86856,300.84,0.49,0.4,2026-05-04,1616,N,nominal,2.0NRT,289.06,0.73,N
-16.85805,132.87317,303.27,0.49,0.4,2026-05-04,1616,N,nominal,2.0NRT,289.21,0.69,N
-16.85885,132.87778,300.47,0.49,0.4,2026-05-04,1616,N,nominal,2.0NRT,289.22,0.69,N
-16.85902,132.87471,300.87,0.49,0.4,2026-05-04,1616,N,nominal,2.0NRT,289,1.04,N
-16.84462,132.70938,323.53,0.5,0.41,2026-05-04,1616,N,nominal,2.0NRT,290.18,2.23,N
-16.84546,132.71407,326.34,0.5,0.41,2026-05-04,1616,N,nominal,2.0NRT,290.38,2.12,N
-16.84293,132.70001,301.99,0.5,0.41,2026-05-04,1616,N,nominal,2.0NRT,289.46,1.05,N
-16.84377,132.7047,316.27,0.5,0.41,2026-05-04,1616,N,nominal,2.0NRT,289.61,2.23,N
-16.85305,132.75607,310,0.5,0.41,2026-05-04,1616,N,nominal,2.0NRT,289.46,1.47,N
-16.85388,132.76074,302.39,0.5,0.41,2026-05-04,1616,N,nominal,2.0NRT,289.33,0.67,N
-16.84668,132.69931,308.53,0.5,0.41,2026-05-04,1616,N,nominal,2.0NRT,288.69,1.05,N
-16.84753,132.70399,309.71,0.5,0.41,2026-05-04,1616,N,nominal,2.0NRT,288.98,2.23,N
-16.84922,132.71333,314.08,0.5,0.41,2026-05-04,1616,N,nominal,2.0NRT,289.45,2.12,N
-16.85006,132.718,313.48,0.5,0.41,2026-05-04,1616,N,nominal,2.0NRT,289.99,2.12,N
-16.8509,132.72269,309.02,0.5,0.41,2026-05-04,1616,N,nominal,2.0NRT,289.4,1.03,N
-16.85427,132.74138,307.51,0.5,0.41,2026-05-04,1616,N,nominal,2.0NRT,289.14,0.82,N
-16.85763,132.76001,300.42,0.5,0.41,2026-05-04,1616,N,nominal,2.0NRT,289.04,0.67,N
-16.866,132.80653,300.95,0.49,0.41,2026-05-04,1616,N,nominal,2.0NRT,289.29,0.54,N
-16.85465,132.72197,323.27,0.5,0.41,2026-05-04,1616,N,nominal,2.0NRT,289.71,2.15,N
-16.85128,132.70328,301.87,0.5,0.41,2026-05-04,1616,N,nominal,2.0NRT,288.87,0.84,N
-16.85549,132.72665,306.66,0.5,0.41,2026-05-04,1616,N,nominal,2.0NRT,289.55,2.15,N
-16.85633,132.73131,301.12,0.5,0.41,2026-05-04,1616,N,nominal,2.0NRT,288.76,3.21,N
-16.86304,132.76862,308.58,0.5,0.41,2026-05-04,1616,N,nominal,2.0NRT,289.15,1.35,N
-16.86008,132.73061,351.09,0.5,0.41,2026-05-04,1616,N,nominal,2.0NRT,291.65,3.21,N
-16.86427,132.75395,324.57,0.5,0.41,2026-05-04,1616,N,nominal,2.0NRT,290.11,2.95,N
-16.85588,132.70723,302.19,0.5,0.41,2026-05-04,1616,N,nominal,2.0NRT,289.12,0.84,N
-16.85924,132.72594,312.51,0.5,0.41,2026-05-04,1616,N,nominal,2.0NRT,288.91,2.15,N
-16.86092,132.73528,312.63,0.5,0.41,2026-05-04,1616,N,nominal,2.0NRT,289.28,3.21,N
-16.86467,132.73456,321.66,0.5,0.41,2026-05-04,1616,N,nominal,2.0NRT,289.25,1.86,N
-16.86047,132.7112,311.72,0.5,0.41,2026-05-04,1616,N,nominal,2.0NRT,289.3,1.77,N
-16.86383,132.72989,313.05,0.5,0.41,2026-05-04,1616,N,nominal,2.0NRT,288.81,1.86,N
-16.86718,132.74858,303.48,0.5,0.41,2026-05-04,1616,N,nominal,2.0NRT,289.08,1.07,N
-16.86802,132.75322,305.71,0.5,0.41,2026-05-04,1616,N,nominal,2.0NRT,289.42,1.07,N
-16.86885,132.75789,305.04,0.5,0.41,2026-05-04,1616,N,nominal,2.0NRT,289.36,1.64,N
-16.87053,132.76721,311.62,0.5,0.41,2026-05-04,1616,N,nominal,2.0NRT,288.64,2.78,N
-16.87136,132.77187,319.75,0.5,0.41,2026-05-04,1616,N,nominal,2.0NRT,289.31,2.78,N
-16.87427,132.76649,321.99,0.5,0.41,2026-05-04,1616,N,nominal,2.0NRT,288.68,2.78,N
-16.8751,132.77115,334.86,0.5,0.41,2026-05-04,1616,N,nominal,2.0NRT,289.43,2.78,N
-16.88754,132.84064,324.05,0.49,0.4,2026-05-04,1616,N,nominal,2.0NRT,289.72,3.24,N
-15.6349,126.42767,310.85,0.43,0.62,2026-05-04,1616,N,nominal,2.0NRT,288.75,2.61,N
-16.8659,132.71985,301.15,0.5,0.41,2026-05-04,1616,N,nominal,2.0NRT,289.1,0.84,N
-16.86842,132.73386,310.58,0.5,0.41,2026-05-04,1616,N,nominal,2.0NRT,288.54,1.86,N
-16.87093,132.74786,311.26,0.5,0.41,2026-05-04,1616,N,nominal,2.0NRT,288.78,1.07,N
-16.87594,132.77582,302.2,0.49,0.41,2026-05-04,1616,N,nominal,2.0NRT,288.57,0.8,N
-16.88051,132.77974,326.14,0.49,0.41,2026-05-04,1616,N,nominal,2.0NRT,289.43,1.82,N
-16.87967,132.7751,307.42,0.49,0.41,2026-05-04,1616,N,nominal,2.0NRT,288.74,1.82,N
-16.87591,132.73245,300.25,0.5,0.41,2026-05-04,1616,N,nominal,2.0NRT,288.82,1.48,N
-16.88424,132.77904,307.27,0.49,0.41,2026-05-04,1616,N,nominal,2.0NRT,288.4,1.82,N
-16.88507,132.78369,313.5,0.49,0.41,2026-05-04,1616,N,nominal,2.0NRT,288.71,1.7,N
-16.89827,132.85762,317.8,0.49,0.4,2026-05-04,1616,N,nominal,2.0NRT,289.27,2.07,N
-16.87548,132.70833,323.93,0.5,0.41,2026-05-04,1616,N,nominal,2.0NRT,289.38,2.12,N
-16.87631,132.71301,318.5,0.5,0.41,2026-05-04,1616,N,nominal,2.0NRT,289.25,2.12,N
-16.87715,132.7177,299.91,0.5,0.41,2026-05-04,1616,N,nominal,2.0NRT,288.99,0.78,N
-16.90199,132.8569,311.17,0.49,0.4,2026-05-04,1616,N,nominal,2.0NRT,289.59,1.07,N
-16.9028,132.8615,303.58,0.49,0.4,2026-05-04,1616,N,nominal,2.0NRT,289.52,1.07,N
-16.90933,132.89819,301.45,0.49,0.4,2026-05-04,1616,N,nominal,2.0NRT,289.3,0.82,N
-16.87923,132.7076,306.95,0.5,0.41,2026-05-04,1616,N,nominal,2.0NRT,288.48,2.12,N
-16.9057,132.8562,300.08,0.49,0.4,2026-05-04,1616,N,nominal,2.0NRT,289.25,1.07,N
-16.90734,132.86537,300.76,0.49,0.4,2026-05-04,1616,N,nominal,2.0NRT,289.1,0.83,N
-15.65724,126.39256,302.72,0.43,0.62,2026-05-04,1616,N,nominal,2.0NRT,288.55,1.45,N
-16.88465,132.71625,300.9,0.5,0.41,2026-05-04,1616,N,nominal,2.0NRT,288.94,1.53,N
-16.90942,132.85547,300.08,0.49,0.4,2026-05-04,1616,N,nominal,2.0NRT,289.1,0.6,N
-16.91513,132.8876,302.95,0.49,0.4,2026-05-04,1616,N,nominal,2.0NRT,289.29,1.62,N
-15.66291,126.39127,327.28,0.43,0.62,2026-05-04,1616,N,nominal,2.0NRT,289.01,1.45,N
-16.88923,132.7202,323.07,0.5,0.41,2026-05-04,1616,N,nominal,2.0NRT,289.21,1.53,N
-15.65955,126.37521,309.84,0.43,0.62,2026-05-04,1616,N,nominal,2.0NRT,288.8,1.62,N
-15.66124,126.38326,309.18,0.43,0.62,2026-05-04,1616,N,nominal,2.0NRT,288.69,2.08,N
-16.8884,132.71552,309.4,0.5,0.41,2026-05-04,1616,N,nominal,2.0NRT,288.88,1.53,N
-16.89006,132.72488,308.01,0.5,0.41,2026-05-04,1616,N,nominal,2.0NRT,289.24,1.7,N
-16.89173,132.73425,304.4,0.5,0.41,2026-05-04,1616,N,nominal,2.0NRT,288.87,0.72,N
-16.91396,132.85934,300.86,0.49,0.4,2026-05-04,1616,N,nominal,2.0NRT,289.1,0.6,N
-15.66694,126.38205,332.38,0.43,0.62,2026-05-04,1616,N,nominal,2.0NRT,289.93,5,N
-15.6686,126.39,322.98,0.43,0.62,2026-05-04,1616,N,nominal,2.0NRT,289.36,2.71,N
-15.66525,126.374,311.88,0.43,0.62,2026-05-04,1616,N,nominal,2.0NRT,289.19,3.45,N
-16.89548,132.73354,301.09,0.5,0.41,2026-05-04,1616,N,nominal,2.0NRT,288.7,0.79,N
-16.92174,132.88158,303.3,0.49,0.4,2026-05-04,1616,N,nominal,2.0NRT,289.14,0.71,N
-16.92058,132.85332,316.42,0.49,0.4,2026-05-04,1616,N,nominal,2.0NRT,289.6,1.52,N
-16.92546,132.88086,300.47,0.49,0.4,2026-05-04,1616,N,nominal,2.0NRT,289.18,0.71,N
-16.9287,132.8992,300.76,0.49,0.4,2026-05-04,1616,N,nominal,2.0NRT,289.18,0.53,N
-16.93402,132.90764,316.74,0.49,0.4,2026-05-04,1616,N,nominal,2.0NRT,289.64,1.68,N
-16.92721,132.84727,301.68,0.49,0.4,2026-05-04,1616,N,nominal,2.0NRT,289.14,1.52,N
-15.66159,126.06709,301.73,0.45,0.63,2026-05-04,1616,N,nominal,2.0NRT,288.5,1.13,N
-15.69644,126.0358,299.28,0.45,0.63,2026-05-04,1616,N,nominal,2.0NRT,286.83,1.26,N
-15.70209,126.03375,303.47,0.45,0.63,2026-05-04,1616,N,nominal,2.0NRT,287.25,1.22,N
-15.75233,126.24406,301.7,0.44,0.62,2026-05-04,1616,N,nominal,2.0NRT,288.95,0.51,N
-15.75721,126.23877,327.89,0.44,0.62,2026-05-04,1616,N,nominal,2.0NRT,289.64,3.7,N
-15.79427,126.27303,330.45,0.43,0.62,2026-05-04,1616,N,nominal,2.0NRT,289.96,3.96,N
-17.05758,132.79581,303.79,0.49,0.4,2026-05-04,1616,N,nominal,2.0NRT,288.4,1.5,N
-15.79493,126.27515,326.87,0.43,0.62,2026-05-04,1616,N,nominal,2.0NRT,289.64,4.22,N
-15.73329,125.98844,303.25,0.45,0.63,2026-05-04,1616,N,nominal,2.0NRT,289.24,0.89,N
-15.78408,126.19652,303.75,0.44,0.62,2026-05-04,1616,N,nominal,2.0NRT,288.41,1.26,N
-16.0998,127.48429,301.5,0.36,0.57,2026-05-04,1616,N,nominal,2.0NRT,289.26,0.86,N
-16.1044,127.47987,308.94,0.36,0.57,2026-05-04,1616,N,nominal,2.0NRT,289.79,1.43,N
-15.66896,125.34151,305,0.5,0.66,2026-05-04,1616,N,nominal,2.0NRT,290.98,1.7,N
-15.80065,125.9323,302.86,0.46,0.63,2026-05-04,1616,N,nominal,2.0NRT,288.67,0.75,N
-15.84063,126.12241,307.52,0.44,0.62,2026-05-04,1616,N,nominal,2.0NRT,289.08,6.7,N
-15.86325,126.23038,305.54,0.43,0.62,2026-05-04,1616,N,nominal,2.0NRT,281.45,1.46,N
-15.84637,126.12103,367,0.44,0.62,2026-05-04,1616,N,high,2.0NRT,290.44,6.7,N
-15.84727,126.12532,317.2,0.44,0.62,2026-05-04,1616,N,nominal,2.0NRT,289.46,6.7,N
-15.68811,125.34202,313.54,0.5,0.66,2026-05-04,1616,N,nominal,2.0NRT,291.75,2.31,N
-15.87741,126.09626,304.22,0.44,0.63,2026-05-04,1616,N,nominal,2.0NRT,288.54,0.38,N
-15.90233,126.21674,311.21,0.43,0.62,2026-05-04,1616,N,nominal,2.0NRT,288.07,2.41,N
-15.90318,126.22089,313.66,0.43,0.62,2026-05-04,1616,N,nominal,2.0NRT,288.69,2.09,N
-15.90406,126.22514,310.8,0.43,0.62,2026-05-04,1616,N,nominal,2.0NRT,288.81,2.09,N
-15.87891,126.07435,302.71,0.44,0.63,2026-05-04,1616,N,nominal,2.0NRT,289.34,0.8,N
-15.88317,126.09496,314.01,0.44,0.63,2026-05-04,1616,N,nominal,2.0NRT,288.88,1.29,N
-15.90315,126.21773,312.98,0.43,0.62,2026-05-04,1616,N,nominal,2.0NRT,288.82,2.08,N
-15.90404,126.22189,312.4,0.43,0.62,2026-05-04,1616,N,nominal,2.0NRT,289.42,1.67,N
-15.90495,126.22613,312.51,0.43,0.62,2026-05-04,1616,N,nominal,2.0NRT,289.14,1.67,N
-15.88229,126.09215,312.56,0.44,0.63,2026-05-04,1616,N,nominal,2.0NRT,288.76,1.74,N
-15.88318,126.09628,303.69,0.44,0.63,2026-05-04,1616,N,nominal,2.0NRT,288.95,0.93,N
-15.90276,126.01778,303.8,0.45,0.63,2026-05-04,1616,N,nominal,2.0NRT,288.93,1.61,N
-15.91507,126.07585,302.14,0.44,0.63,2026-05-04,1616,N,nominal,2.0NRT,289.31,1.07,N
-15.90772,126.01254,330.01,0.45,0.63,2026-05-04,1616,N,nominal,2.0NRT,288.59,1.61,N
-15.91997,126.07046,321.27,0.44,0.63,2026-05-04,1616,N,nominal,2.0NRT,289.73,1.07,N
-15.90686,126.00851,317.97,0.45,0.63,2026-05-04,1616,N,nominal,2.0NRT,289.31,4.6,N
-15.90858,126.01659,305.04,0.45,0.63,2026-05-04,1616,N,nominal,2.0NRT,288.68,1.61,N
-15.92086,126.07465,302.11,0.44,0.63,2026-05-04,1616,N,nominal,2.0NRT,289.36,1.07,N
-15.90721,125.98143,334.21,0.45,0.63,2026-05-04,1616,N,nominal,2.0NRT,289.68,5.11,N
-15.90813,125.98579,303,0.45,0.63,2026-05-04,1616,N,nominal,2.0NRT,289.18,2.7,N
-15.91092,125.999,307.13,0.45,0.63,2026-05-04,1616,N,nominal,2.0NRT,288.84,1.45,N
-15.92397,126.06077,302.27,0.44,0.63,2026-05-04,1616,N,nominal,2.0NRT,289.51,1.78,N
-15.88749,125.85939,301.83,0.46,0.63,2026-05-04,1616,N,nominal,2.0NRT,287.8,0.72,N
-15.93382,126.05013,345.44,0.44,0.63,2026-05-04,1616,N,nominal,2.0NRT,290.18,6.26,N
-15.89333,125.85804,317.35,0.46,0.63,2026-05-04,1616,N,nominal,2.0NRT,287.83,2.17,N
-15.93299,126.04616,305.65,0.45,0.63,2026-05-04,1616,N,nominal,2.0NRT,289.43,5.01,N
-15.92495,125.95018,316.02,0.45,0.63,2026-05-04,1616,N,nominal,2.0NRT,290.11,2.88,N
-15.94778,125.85499,326.76,0.46,0.63,2026-05-04,1616,N,nominal,2.0NRT,289.32,4.55,N
-15.9487,125.85943,324.43,0.46,0.63,2026-05-04,1616,N,nominal,2.0NRT,289.85,3.97,N
-15.94644,125.86053,307,0.46,0.63,2026-05-04,1616,N,nominal,2.0NRT,289.64,1.79,N
-15.96296,125.93739,301.22,0.45,0.63,2026-05-04,1616,N,nominal,2.0NRT,288.62,0.52,N
-15.95131,125.85472,343.37,0.46,0.63,2026-05-04,1616,N,nominal,2.0NRT,289.98,8.29,N
-15.95226,125.85912,331.27,0.46,0.63,2026-05-04,1616,N,nominal,2.0NRT,289.48,2.39,N
-15.95807,125.85767,304.17,0.46,0.63,2026-05-04,1616,N,nominal,2.0NRT,288.16,2.39,N
-15.959,125.86201,309.95,0.46,0.63,2026-05-04,1616,N,nominal,2.0NRT,288.68,2.39,N
-16.1106,124.06132,336.17,0.59,0.7,2026-05-04,1616,N,nominal,2.0NRT,291.18,13.91,N
-16.11189,124.06704,339.95,0.59,0.7,2026-05-04,1616,N,nominal,2.0NRT,291.75,11.78,N
-16.11704,124.05969,328.35,0.59,0.7,2026-05-04,1616,N,nominal,2.0NRT,290.27,13.91,N
-16.1183,124.06532,347.9,0.59,0.7,2026-05-04,1616,N,nominal,2.0NRT,291.04,11.78,N
-16.74004,126.88694,315.3,0.38,0.59,2026-05-04,1616,N,nominal,2.0NRT,290.8,1.03,N
-17.32022,128.49455,301.59,0.58,0.52,2026-05-04,1616,N,nominal,2.0NRT,289.39,1.77,N
-16.9006,126.27464,302.27,0.41,0.61,2026-05-04,1616,N,nominal,2.0NRT,290.33,0.96,N
-17.14484,125.00454,307.51,0.49,0.65,2026-05-04,1616,N,nominal,2.0NRT,290.35,0.79,N
-17.15187,125.00787,315.76,0.49,0.65,2026-05-04,1616,N,nominal,2.0NRT,290.47,2.06,N
-17.15793,125.0067,324.52,0.49,0.65,2026-05-04,1616,N,nominal,2.0NRT,291.36,2.06,N
-17.00543,124.27396,319.84,0.55,0.68,2026-05-04,1616,N,nominal,2.0NRT,288.81,2.08,N
-17.15567,124.96684,311.28,0.49,0.65,2026-05-04,1616,N,nominal,2.0NRT,290.57,0.97,N
-17.16397,125.00547,319.28,0.49,0.65,2026-05-04,1616,N,nominal,2.0NRT,291.69,1.83,N
-17.0117,124.27244,300.63,0.55,0.68,2026-05-04,1616,N,nominal,2.0NRT,287.52,2.08,N
-17.01283,124.2776,299.01,0.55,0.68,2026-05-04,1616,N,nominal,2.0NRT,287.61,1.68,N
-17.16992,125.00378,316.01,0.49,0.65,2026-05-04,1616,N,nominal,2.0NRT,290.78,1.83,N
-17.14633,125.00693,312.61,0.49,0.65,2026-05-04,1616,N,nominal,2.0NRT,290.4,2.7,N
-17.15339,125.01028,316.28,0.49,0.65,2026-05-04,1616,N,nominal,2.0NRT,290.11,1.39,N
-17.15841,125.00443,305.97,0.49,0.65,2026-05-04,1616,N,nominal,2.0NRT,290.68,1.93,N
-17.15945,125.00912,316.61,0.49,0.65,2026-05-04,1616,N,nominal,2.0NRT,291.15,1.76,N
-17.1559,124.96469,306.79,0.49,0.65,2026-05-04,1616,N,nominal,2.0NRT,290.6,1.26,N
-17.16444,125.00314,304.53,0.49,0.65,2026-05-04,1616,N,nominal,2.0NRT,290.71,1.93,N
-17.16547,125.00777,317.85,0.49,0.65,2026-05-04,1616,N,nominal,2.0NRT,291.23,1.76,N
-17.00733,124.27207,317.9,0.55,0.68,2026-05-04,1616,N,nominal,2.0NRT,288.38,1.83,N
-17.0085,124.27722,308.91,0.55,0.68,2026-05-04,1616,N,nominal,2.0NRT,288.22,1.83,N
-17.17142,125.00612,307.35,0.49,0.65,2026-05-04,1616,N,nominal,2.0NRT,290.13,0.57,N
-17.1774,125.00461,303.15,0.49,0.65,2026-05-04,1616,N,nominal,2.0NRT,290.17,0.57,N
-17.02963,124.283,298.43,0.55,0.68,2026-05-04,1616,N,nominal,2.0NRT,287.18,0.55,N
-17.21894,124.96358,302.18,0.49,0.65,2026-05-04,1616,N,nominal,2.0NRT,289.46,1.02,N
-17.11397,124.20808,300.48,0.55,0.68,2026-05-04,1616,N,nominal,2.0NRT,288.74,1.76,N
-17.12027,124.20663,318.44,0.55,0.68,2026-05-04,1616,N,nominal,2.0NRT,289.07,1.76,N
-17.12147,124.21195,299.75,0.55,0.68,2026-05-04,1616,N,nominal,2.0NRT,288.45,1.33,N
-17.12925,124.18752,301.66,0.55,0.68,2026-05-04,1616,N,nominal,2.0NRT,289.05,1.84,N
-17.13045,124.19289,317.78,0.55,0.68,2026-05-04,1616,N,nominal,2.0NRT,289.46,1.84,N
-17.13673,124.19129,320.73,0.55,0.68,2026-05-04,1616,N,nominal,2.0NRT,289.74,9.31,N
-17.13792,124.19663,342.64,0.55,0.68,2026-05-04,1616,N,nominal,2.0NRT,290.8,4.63,N
-17.1442,124.19507,333.82,0.55,0.68,2026-05-04,1616,N,nominal,2.0NRT,289.77,4.63,N
-17.14538,124.20036,322,0.55,0.68,2026-05-04,1616,N,nominal,2.0NRT,289.79,4.63,N
-17.16654,124.29527,311.48,0.54,0.68,2026-05-04,1616,N,nominal,2.0NRT,289.57,2.46,N
-17.15164,124.19872,310.96,0.55,0.68,2026-05-04,1616,N,nominal,2.0NRT,288.75,2.9,N
-17.15282,124.20399,317.06,0.55,0.68,2026-05-04,1616,N,nominal,2.0NRT,289.73,1.6,N
-17.15401,124.20935,302.51,0.55,0.68,2026-05-04,1616,N,nominal,2.0NRT,289.02,1.6,N
-17.16026,124.20766,308.47,0.55,0.68,2026-05-04,1616,N,nominal,2.0NRT,288.56,1.6,N
-17.16888,124.21666,324.23,0.55,0.68,2026-05-04,1616,N,nominal,2.0NRT,289.61,4.07,N
-17.17747,124.22558,304,0.55,0.68,2026-05-04,1616,N,nominal,2.0NRT,288.17,2.97,N
-17.17982,124.23621,303.31,0.55,0.68,2026-05-04,1616,N,nominal,2.0NRT,288.43,2.1,N
-17.22437,124.31882,300.17,0.54,0.68,2026-05-04,1616,N,nominal,2.0NRT,288.44,0.79,N
-17.17085,124.21478,306.53,0.55,0.68,2026-05-04,1616,N,nominal,2.0NRT,288.35,1.83,N
-17.17206,124.22008,309.87,0.55,0.68,2026-05-04,1616,N,nominal,2.0NRT,288.62,1.83,N
-17.17326,124.22531,301.55,0.55,0.68,2026-05-04,1616,N,nominal,2.0NRT,288.8,2.71,N
-17.18192,124.23427,311.61,0.55,0.68,2026-05-04,1616,N,nominal,2.0NRT,288.38,1.91,N
-17.24294,124.32896,307.99,0.54,0.68,2026-05-04,1616,N,nominal,2.0NRT,288.84,0.93,N
-17.24409,124.33408,299.7,0.54,0.68,2026-05-04,1616,N,nominal,2.0NRT,288.74,0.93,N
-17.26979,124.41931,314.42,0.53,0.67,2026-05-04,1616,N,nominal,2.0NRT,288.13,4.08,N
-17.27825,124.42795,325.92,0.53,0.67,2026-05-04,1616,N,nominal,2.0NRT,288.51,3.54,N
-17.28445,124.42646,302.27,0.53,0.67,2026-05-04,1616,N,nominal,2.0NRT,287.51,1.28,N
-17.28559,124.43158,311.05,0.53,0.67,2026-05-04,1616,N,nominal,2.0NRT,288.06,1.28,N
-17.34951,124.71873,298.24,0.51,0.66,2026-05-04,1616,N,nominal,2.0NRT,287.72,1.15,N
-17.35059,124.72359,304.67,0.51,0.66,2026-05-04,1616,N,nominal,2.0NRT,289.23,0.76,N
-17.35666,124.72212,296.97,0.51,0.66,2026-05-04,1616,N,nominal,2.0NRT,286.37,0.76,N
-17.30184,124.41669,302.41,0.53,0.67,2026-05-04,1616,N,nominal,2.0NRT,286.88,0.89,N
-17.30238,124.38969,305.71,0.53,0.67,2026-05-04,1616,N,nominal,2.0NRT,288.13,1.43,N
-17.30969,124.39322,308,0.53,0.67,2026-05-04,1616,N,nominal,2.0NRT,286.54,1.43,N
-17.31082,124.39832,305,0.53,0.67,2026-05-04,1616,N,nominal,2.0NRT,286.52,1.29,N
-17.42318,124.62286,298.86,0.51,0.66,2026-05-04,1616,N,nominal,2.0NRT,288.46,0.87,N
-17.38202,124.14477,304.17,0.55,0.68,2026-05-04,1616,N,nominal,2.0NRT,289.85,1.83,N
-17.38946,124.14845,325.96,0.55,0.68,2026-05-04,1616,N,nominal,2.0NRT,290.24,1.83,N
-17.38829,124.1432,310.95,0.55,0.68,2026-05-04,1616,N,nominal,2.0NRT,290.17,1.83,N
-17.3918,124.15903,311.79,0.55,0.68,2026-05-04,1616,N,nominal,2.0NRT,290.48,1.83,N
-17.38495,124.14772,321.46,0.55,0.68,2026-05-04,1616,N,nominal,2.0NRT,290.2,2.47,N
-17.38375,124.14247,303.51,0.55,0.68,2026-05-04,1616,N,nominal,2.0NRT,290.41,3.2,N
-17.39122,124.14616,322.02,0.55,0.68,2026-05-04,1616,N,nominal,2.0NRT,289.78,2.47,N
-17.39362,124.15668,314.99,0.55,0.68,2026-05-04,1616,N,nominal,2.0NRT,290.09,1.77,N
-17.55968,123.82364,316.13,0.57,0.69,2026-05-04,1616,N,nominal,2.0NRT,290.92,1.66,N
-17.56091,123.82915,306.78,0.57,0.69,2026-05-04,1616,N,nominal,2.0NRT,290.4,1.66,N
-17.55964,123.82172,309.82,0.57,0.69,2026-05-04,1616,N,nominal,2.0NRT,290.52,2.86,N
-17.5609,123.82723,310.74,0.57,0.69,2026-05-04,1616,N,nominal,2.0NRT,290.49,2.36,N
-17.63709,123.80731,306.96,0.57,0.69,2026-05-04,1616,N,nominal,2.0NRT,289.51,0.91,N
-17.63832,123.81281,302.46,0.57,0.69,2026-05-04,1616,N,nominal,2.0NRT,289.11,0.91,N
-17.64448,123.84035,302.91,0.57,0.69,2026-05-04,1616,N,nominal,2.0NRT,289.61,0.74,N
-17.63605,123.77259,303.93,0.57,0.69,2026-05-04,1616,N,nominal,2.0NRT,290.09,1.12,N
-17.64467,123.81113,314.22,0.57,0.69,2026-05-04,1616,N,nominal,2.0NRT,289.98,2.19,N
-17.6459,123.81664,302.21,0.57,0.69,2026-05-04,1616,N,nominal,2.0NRT,289.26,0.98,N
-17.65082,123.83868,300.7,0.57,0.69,2026-05-04,1616,N,nominal,2.0NRT,289.47,0.49,N
-17.64241,123.77091,309.13,0.57,0.69,2026-05-04,1616,N,nominal,2.0NRT,290.34,1.12,N
-17.47578,123.17372,301.98,0.63,0.72,2026-05-04,1616,N,nominal,2.0NRT,289.76,1.26,N
-17.63707,123.80708,305.31,0.57,0.69,2026-05-04,1616,N,nominal,2.0NRT,289.4,1.86,N
-17.63834,123.81256,304.12,0.57,0.69,2026-05-04,1616,N,nominal,2.0NRT,289.24,0.78,N
-17.64467,123.84003,302.25,0.57,0.69,2026-05-04,1616,N,nominal,2.0NRT,289.19,0.78,N
-17.64469,123.81092,311.92,0.57,0.69,2026-05-04,1616,N,nominal,2.0NRT,289.71,1.28,N
-17.64595,123.81643,305.28,0.57,0.69,2026-05-04,1616,N,nominal,2.0NRT,289.35,1.28,N
-17.64218,123.7708,309.38,0.57,0.69,2026-05-04,1616,N,nominal,2.0NRT,290.19,2.11,N
-17.66633,123.78799,322.16,0.57,0.69,2026-05-04,1616,N,nominal,2.0NRT,291.71,8.27,N
-17.66759,123.79348,355.84,0.57,0.69,2026-05-04,1616,N,nominal,2.0NRT,294.34,9.19,N
-17.66885,123.799,309.02,0.57,0.69,2026-05-04,1616,N,nominal,2.0NRT,291.28,9.19,N
-17.6727,123.78638,321.76,0.57,0.69,2026-05-04,1616,N,nominal,2.0NRT,290.73,8.27,N
-17.67395,123.79188,352.78,0.57,0.69,2026-05-04,1616,N,nominal,2.0NRT,292.88,9.19,N
-17.67521,123.79739,367,0.57,0.69,2026-05-04,1616,N,high,2.0NRT,293.96,9.19,N
-17.67648,123.80293,321.74,0.57,0.69,2026-05-04,1616,N,nominal,2.0NRT,291.12,5.6,N
-17.68158,123.79584,343.9,0.57,0.69,2026-05-04,1616,N,nominal,2.0NRT,292.15,6.04,N
-17.68284,123.80137,354.5,0.57,0.69,2026-05-04,1616,N,nominal,2.0NRT,292.76,8.2,N
-17.68411,123.80691,353.53,0.57,0.69,2026-05-04,1616,N,nominal,2.0NRT,292.96,8.2,N
-17.68032,123.79029,312.02,0.57,0.69,2026-05-04,1616,N,nominal,2.0NRT,290.59,6.04,N
-17.68922,123.79986,326.33,0.57,0.69,2026-05-04,1616,N,nominal,2.0NRT,291.01,8.2,N
-17.69048,123.8054,329.21,0.57,0.69,2026-05-04,1616,N,nominal,2.0NRT,291.22,8.2,N
-17.68796,123.7943,315.89,0.57,0.69,2026-05-04,1616,N,nominal,2.0NRT,290.44,6.04,N
-17.69174,123.81092,319.85,0.57,0.69,2026-05-04,1616,N,nominal,2.0NRT,290.9,6.27,N
-17.6956,123.79837,312.56,0.57,0.69,2026-05-04,1616,N,nominal,2.0NRT,290.77,1.52,N
-17.69687,123.80392,308.45,0.57,0.69,2026-05-04,1616,N,nominal,2.0NRT,290.73,1.52,N
-17.69812,123.80946,306.85,0.57,0.69,2026-05-04,1616,N,nominal,2.0NRT,290.66,1.3,N
-17.77957,123.90388,304.02,0.56,0.69,2026-05-04,1616,N,nominal,2.0NRT,290.5,1.25,N
-17.78077,123.90928,308.24,0.56,0.69,2026-05-04,1616,N,nominal,2.0NRT,290.91,1.25,N
-17.78945,123.91834,310.51,0.56,0.69,2026-05-04,1616,N,nominal,2.0NRT,291.09,3.26,N
-17.79691,123.92198,304.36,0.56,0.68,2026-05-04,1616,N,nominal,2.0NRT,290.56,1.51,N
-17.79808,123.92724,306.15,0.56,0.68,2026-05-04,1616,N,nominal,2.0NRT,290.4,1.51,N
-17.78172,123.9069,305.17,0.56,0.69,2026-05-04,1616,N,nominal,2.0NRT,290.68,1.34,N
-17.78295,123.91225,303.97,0.56,0.69,2026-05-04,1616,N,nominal,2.0NRT,290.34,1.34,N
-17.79047,123.91597,311.91,0.56,0.68,2026-05-04,1616,N,nominal,2.0NRT,290.87,1.68,N
-17.79168,123.92126,304.65,0.56,0.68,2026-05-04,1616,N,nominal,2.0NRT,290.61,1.68,N
-17.79288,123.92649,304.76,0.55,0.68,2026-05-04,1616,N,nominal,2.0NRT,290.7,2.26,N
-17.47759,122.29387,327.9,0.71,0.75,2026-05-04,1616,N,nominal,2.0NRT,290.84,3.52,N
-17.48456,122.29226,332.71,0.71,0.75,2026-05-04,1616,N,nominal,2.0NRT,290.49,4.35,N
-17.48616,122.29909,315.01,0.71,0.75,2026-05-04,1616,N,nominal,2.0NRT,289.93,4.35,N
-17.50713,122.38886,307.77,0.7,0.75,2026-05-04,1616,N,nominal,2.0NRT,289.46,1.52,N
-17.50873,122.39574,303.89,0.7,0.75,2026-05-04,1616,N,nominal,2.0NRT,289.66,1.52,N
-17.48138,122.29121,347.45,0.71,0.75,2026-05-04,1616,N,nominal,2.0NRT,291.45,11.51,N
-17.48302,122.29803,317.21,0.71,0.75,2026-05-04,1616,N,nominal,2.0NRT,290.1,5.7,N
-17.50457,122.38769,307.26,0.7,0.75,2026-05-04,1616,N,nominal,2.0NRT,289.55,2.42,N
-17.50622,122.39456,304.52,0.7,0.75,2026-05-04,1616,N,nominal,2.0NRT,289.52,1.81,N
-17.48998,122.29643,306.23,0.71,0.75,2026-05-04,1616,N,nominal,2.0NRT,289.52,1.93,N
-21.65146,147.98203,303.26,0.54,0.68,2026-05-04,1616,N,nominal,2.0NRT,282.3,1.24,N
-17.74512,123.04362,320.15,0.63,0.72,2026-05-04,1616,N,nominal,2.0NRT,290.35,3.42,N
-17.74651,123.04961,307.33,0.63,0.72,2026-05-04,1616,N,nominal,2.0NRT,289.7,1.68,N
-17.7418,122.99886,300.76,0.63,0.72,2026-05-04,1616,N,nominal,2.0NRT,289.54,1.11,N
-17.74896,123.02986,301.89,0.63,0.72,2026-05-04,1616,N,nominal,2.0NRT,289.59,1.58,N
-17.75175,123.04192,301.58,0.63,0.72,2026-05-04,1616,N,nominal,2.0NRT,289.36,1.78,N
-17.74845,122.99722,303.53,0.63,0.72,2026-05-04,1616,N,nominal,2.0NRT,289.7,1.11,N
-17.76115,123.05231,300.49,0.63,0.72,2026-05-04,1616,N,nominal,2.0NRT,288.97,3.68,N
-17.76254,123.05834,319.24,0.63,0.72,2026-05-04,1616,N,nominal,2.0NRT,290.21,2.76,N
-17.77056,123.06278,304.47,0.63,0.72,2026-05-04,1616,N,nominal,2.0NRT,289.12,1.64,N
-17.77161,123.03686,307.16,0.63,0.72,2026-05-04,1616,N,nominal,2.0NRT,289.78,1.94,N
-17.77717,123.06105,301.31,0.63,0.72,2026-05-04,1616,N,nominal,2.0NRT,288.4,1.64,N
-17.77851,123.06689,307.3,0.63,0.72,2026-05-04,1616,N,nominal,2.0NRT,288.88,1.63,N
-17.75086,122.9958,301.63,0.63,0.72,2026-05-04,1616,N,nominal,2.0NRT,289.43,1.42,N
-17.76534,123.05688,306.62,0.63,0.72,2026-05-04,1616,N,nominal,2.0NRT,289.37,2.52,N
-17.76677,123.06288,303.51,0.63,0.72,2026-05-04,1616,N,nominal,2.0NRT,289.31,1.01,N
-17.76767,123.03709,304.64,0.63,0.72,2026-05-04,1616,N,nominal,2.0NRT,289.54,1.51,N
-17.7734,123.06128,299.93,0.63,0.72,2026-05-04,1616,N,nominal,2.0NRT,289.01,1.01,N
-17.77478,123.06712,304.21,0.63,0.72,2026-05-04,1616,N,nominal,2.0NRT,288.9,1.01,N
-17.78138,123.06543,304.45,0.63,0.72,2026-05-04,1616,N,nominal,2.0NRT,288.98,1.1,N
-17.80215,123.03453,301.57,0.63,0.72,2026-05-04,1616,N,nominal,2.0NRT,288.94,0.98,N
-19.29591,129.67807,311.39,0.45,0.47,2026-05-04,1616,N,nominal,2.0NRT,289.58,1.57,N
-19.3095,129.70222,304.92,0.45,0.47,2026-05-04,1616,N,nominal,2.0NRT,289.32,1.14,N
-19.31116,129.71086,301.44,0.45,0.47,2026-05-04,1616,N,nominal,2.0NRT,289.07,0.35,N
-19.31727,129.69595,301.05,0.45,0.47,2026-05-04,1616,N,nominal,2.0NRT,289.48,0.6,N
-22.03911,146.35873,297.17,0.43,0.62,2026-05-04,1616,N,nominal,2.0NRT,286.71,0.98,N
-22.03881,146.35442,298.28,0.43,0.62,2026-05-04,1616,N,nominal,2.0NRT,287.97,1.4,N
-22.59255,148.97116,297.86,0.64,0.72,2026-05-04,1616,N,nominal,2.0NRT,284.15,0.3,N
-22.59327,148.97166,299.05,0.64,0.72,2026-05-04,1616,N,nominal,2.0NRT,284.47,0.83,N
-18.66962,121.77776,306.52,0.72,0.76,2026-05-04,1616,N,nominal,2.0NRT,290,1.34,N
-20.53503,130.31216,299.9,0.4,0.44,2026-05-04,1616,N,nominal,2.0NRT,289.07,0.36,N
-18.66678,121.78061,306.51,0.72,0.76,2026-05-04,1616,N,nominal,2.0NRT,290.01,2.63,N
-18.67898,121.7699,301.45,0.72,0.76,2026-05-04,1616,N,nominal,2.0NRT,289.73,0.77,N
-23.30157,148.32954,300.57,0.59,0.7,2026-05-04,1616,N,nominal,2.0NRT,286.17,1.07,N
-22.6257,135.84,303.33,0.39,0.36,2026-05-04,1616,N,nominal,2.0NRT,285.26,0.5,N
-24.45915,148.3365,296.76,0.61,0.71,2026-05-04,1618,N,nominal,2.0NRT,282.57,2.44,N
-24.45959,148.34285,310.24,0.61,0.71,2026-05-04,1618,N,nominal,2.0NRT,283.33,2.87,N
-21.61091,122.268,305.09,0.58,0.7,2026-05-04,1618,N,nominal,2.0NRT,285.95,1.46,N
-21.61227,122.27367,304.15,0.58,0.7,2026-05-04,1618,N,nominal,2.0NRT,285.6,1.46,N
-21.61867,122.27184,312.71,0.58,0.7,2026-05-04,1618,N,nominal,2.0NRT,286,1.46,N
-21.62642,122.27569,322.73,0.58,0.7,2026-05-04,1618,N,nominal,2.0NRT,286.7,2.3,N
-21.60961,122.26812,301.76,0.58,0.7,2026-05-04,1618,N,nominal,2.0NRT,285.86,2.83,N
-21.61101,122.2738,299.03,0.58,0.7,2026-05-04,1618,N,nominal,2.0NRT,285.42,1.59,N
-21.6174,122.27198,318,0.58,0.7,2026-05-04,1618,N,nominal,2.0NRT,286.1,1.59,N
-21.6252,122.27583,323.15,0.58,0.7,2026-05-04,1618,N,nominal,2.0NRT,286.44,1.9,N
-21.6316,122.27406,302.54,0.58,0.7,2026-05-04,1618,N,nominal,2.0NRT,285.68,1.9,N
-21.62625,122.19643,298.74,0.59,0.7,2026-05-04,1618,N,nominal,2.0NRT,285.58,0.23,N
-22.25614,124.22938,305.45,0.43,0.62,2026-05-04,1618,N,nominal,2.0NRT,285.32,0.57,N
-22.26181,124.22785,309.48,0.43,0.62,2026-05-04,1618,N,nominal,2.0NRT,285.66,0.9,N
-24.00212,131.5524,310.07,0.46,0.39,2026-05-04,1618,N,nominal,2.0NRT,283.93,1.17,N
-28.43461,114.74662,295.32,0.42,0.45,2026-05-04,1800,N,nominal,2.0NRT,282.05,1.64,N
-30.23517,115.18034,352.52,0.47,0.48,2026-05-04,1800,N,nominal,2.0NRT,290.73,4.01,N
-30.23567,115.1851,324.71,0.47,0.48,2026-05-04,1800,N,nominal,2.0NRT,285.7,3.46,N
-30.23468,115.1755,307,0.47,0.48,2026-05-04,1800,N,nominal,2.0NRT,285.25,4.01,N
-30.23965,115.17987,296.42,0.47,0.48,2026-05-04,1800,N,nominal,2.0NRT,284.42,4.01,N
-30.90296,115.63216,347.5,0.51,0.49,2026-05-04,1800,N,nominal,2.0NRT,289.01,8.74,N
-30.90347,115.63759,328.67,0.51,0.49,2026-05-04,1800,N,nominal,2.0NRT,285.8,3.79,N
-30.90757,115.63158,313.64,0.51,0.49,2026-05-04,1800,N,nominal,2.0NRT,282.73,2.7,N
-30.9081,115.63699,297.89,0.51,0.49,2026-05-04,1800,N,nominal,2.0NRT,283.26,1.13,N
-31.25538,116.15569,302.86,0.55,0.51,2026-05-04,1800,N,nominal,2.0NRT,281.55,1.17,N
-31.84969,116.23763,301.36,0.56,0.52,2026-05-04,1802,N,nominal,2.0NRT,282.72,1.2,N
-31.8479,116.23787,299.87,0.56,0.52,2026-05-04,1802,N,nominal,2.0NRT,282.81,1.8,N
-32.05025,117.80773,298.04,0.35,0.57,2026-05-04,1802,N,nominal,2.0NRT,279.07,0.75,N
-32.58213,115.99063,297.36,0.56,0.51,2026-05-04,1802,N,nominal,2.0NRT,282.21,0.92,N
-32.56647,115.99817,296.71,0.56,0.51,2026-05-04,1802,N,nominal,2.0NRT,282.96,1.3,N
-32.80489,117.29653,298.29,0.33,0.55,2026-05-04,1802,N,nominal,2.0NRT,277.87,0.47,N
-33.14688,117.59988,299.74,0.35,0.57,2026-05-04,1802,N,nominal,2.0NRT,279.16,0.5,N
-33.4812,116.86738,297.93,0.32,0.54,2026-05-04,1802,N,nominal,2.0NRT,278.04,0.82,N
-33.78242,117.60629,295.2,0.35,0.57,2026-05-04,1802,N,nominal,2.0NRT,277.11,0.41,N
-33.80014,117.32683,299.45,0.34,0.56,2026-05-04,1802,N,nominal,2.0NRT,277.01,0.54,N
-33.80543,117.32634,315.78,0.34,0.56,2026-05-04,1802,N,nominal,2.0NRT,277.74,1.52,N
-33.81128,117.33348,322.44,0.34,0.56,2026-05-04,1802,N,nominal,2.0NRT,278.25,1.47,N
-33.81072,117.32596,313.62,0.34,0.56,2026-05-04,1802,N,nominal,2.0NRT,276.87,1.52,N
-33.811,117.32974,296.65,0.34,0.56,2026-05-04,1802,N,nominal,2.0NRT,277.74,1.47,N
-33.81628,117.32924,301.65,0.34,0.56,2026-05-04,1802,N,nominal,2.0NRT,278.04,1.11,N
-33.81712,117.34058,305.42,0.34,0.56,2026-05-04,1802,N,nominal,2.0NRT,277.05,1.47,N
-33.76864,116.57902,297.12,0.62,0.54,2026-05-04,1802,N,nominal,2.0NRT,277.63,0.7,N
-33.85509,117.14227,297.22,0.33,0.56,2026-05-04,1802,N,nominal,2.0NRT,279.2,0.39,N
-33.9156,117.46613,300.26,0.35,0.57,2026-05-04,1802,N,nominal,2.0NRT,277.3,0.32,N
-34.21974,116.89246,295.42,0.32,0.55,2026-05-04,1802,N,nominal,2.0NRT,281.64,0.37,N
-15.69977,126.03249,300.14,0.78,0.78,2026-05-04,1756,N,nominal,2.0NRT,287.13,1.71,N
-15.84843,126.12036,316.72,0.79,0.78,2026-05-04,1756,N,nominal,2.0NRT,287.46,4.82,N
-15.84915,126.12782,314.42,0.79,0.78,2026-05-04,1756,N,nominal,2.0NRT,287.5,4.82,N
-15.84807,126.12283,332.75,0.79,0.78,2026-05-04,1756,N,nominal,2.0NRT,287.83,4.32,N
-15.85542,126.12206,307.93,0.79,0.78,2026-05-04,1756,N,nominal,2.0NRT,286.99,4.32,N
-15.9003,126.04625,310.82,0.78,0.78,2026-05-04,1756,N,nominal,2.0NRT,287.33,2.63,N
-15.89707,125.85612,322.45,0.76,0.77,2026-05-04,1756,N,nominal,2.0NRT,286.96,3.53,N
-15.92451,126.06763,302.29,0.78,0.78,2026-05-04,1756,N,nominal,2.0NRT,287.72,2.49,N
-15.9377,126.0507,311.22,0.78,0.78,2026-05-04,1756,N,nominal,2.0NRT,287.46,2.98,N
-15.90063,126.04141,308.44,0.78,0.78,2026-05-04,1756,N,nominal,2.0NRT,287.26,1.91,N
-15.90124,126.04838,304.32,0.78,0.78,2026-05-04,1756,N,nominal,2.0NRT,287.68,1.91,N
-15.89191,125.85886,309.58,0.76,0.77,2026-05-04,1756,N,nominal,2.0NRT,286.52,1.59,N
-15.89915,125.85801,312.88,0.76,0.77,2026-05-04,1756,N,nominal,2.0NRT,287,1.46,N
-15.92531,126.06983,304.91,0.79,0.78,2026-05-04,1756,N,nominal,2.0NRT,287.59,2.4,N
-15.93863,126.05309,308.22,0.78,0.78,2026-05-04,1756,N,nominal,2.0NRT,287.53,2.33,N
-16.11121,124.06239,325.25,0.58,0.7,2026-05-04,1756,N,nominal,2.0NRT,291.2,6.8,N
-16.11176,124.06789,326.14,0.59,0.7,2026-05-04,1756,N,nominal,2.0NRT,290.68,6.8,N
-16.11777,124.0617,343.15,0.58,0.7,2026-05-04,1756,N,nominal,2.0NRT,291.04,6.8,N
-16.11833,124.06728,345.53,0.59,0.7,2026-05-04,1756,N,nominal,2.0NRT,291.62,6.8,N
-17.00286,124.2788,306.13,0.62,0.71,2026-05-04,1756,N,nominal,2.0NRT,287.08,1.16,N
-17.00956,124.27814,325.2,0.62,0.71,2026-05-04,1756,N,nominal,2.0NRT,287.41,1.9,N
-17.00896,124.27203,298.49,0.62,0.71,2026-05-04,1756,N,nominal,2.0NRT,286.63,3.15,N
-17.01626,124.27744,299.02,0.62,0.71,2026-05-04,1756,N,nominal,2.0NRT,286.46,1.9,N
-17.01686,124.28355,298.99,0.62,0.71,2026-05-04,1756,N,nominal,2.0NRT,286.53,1.9,N
-17.03027,124.28211,307.81,0.62,0.71,2026-05-04,1756,N,nominal,2.0NRT,286.51,1.8,N
-17.00628,124.27878,325.82,0.62,0.71,2026-05-04,1756,N,nominal,2.0NRT,287.97,3.65,N
-17.01299,124.27805,306.26,0.62,0.71,2026-05-04,1756,N,nominal,2.0NRT,286.9,3.65,N
-17.01354,124.28416,304.5,0.62,0.71,2026-05-04,1756,N,nominal,2.0NRT,286.7,2.89,N
-17.03365,124.28191,305.34,0.62,0.71,2026-05-04,1756,N,nominal,2.0NRT,286.7,0.94,N
-17.1561,125.00821,306.86,0.69,0.74,2026-05-04,1756,N,nominal,2.0NRT,287.83,3.24,N
-17.12104,124.20606,299.77,0.61,0.71,2026-05-04,1756,N,nominal,2.0NRT,288.22,1.57,N
-17.12338,124.2298,301.1,0.61,0.71,2026-05-04,1756,N,nominal,2.0NRT,288.01,1.14,N
-17.1283,124.21123,298.97,0.61,0.71,2026-05-04,1756,N,nominal,2.0NRT,287.63,1.04,N
-17.13734,124.23428,307.19,0.62,0.71,2026-05-04,1756,N,nominal,2.0NRT,288.23,1.04,N
-17.1399,124.19212,300.33,0.61,0.71,2026-05-04,1756,N,nominal,2.0NRT,287.96,1.31,N
-17.14404,124.23361,300.12,0.62,0.71,2026-05-04,1756,N,nominal,2.0NRT,287.84,1.04,N
-17.1172,124.2075,300.08,0.61,0.71,2026-05-04,1756,N,nominal,2.0NRT,288.11,1.65,N
-17.14001,124.23495,309.51,0.62,0.71,2026-05-04,1756,N,nominal,2.0NRT,288.02,1.88,N
-17.14281,124.19263,302.23,0.61,0.71,2026-05-04,1756,N,nominal,2.0NRT,288.33,1.13,N
-17.14337,124.19855,303.67,0.61,0.71,2026-05-04,1756,N,nominal,2.0NRT,288.15,1.13,N
-17.14839,124.25237,301.12,0.62,0.71,2026-05-04,1756,N,nominal,2.0NRT,287.73,0.88,N
-17.15005,124.19792,300.48,0.61,0.71,2026-05-04,1756,N,nominal,2.0NRT,287.73,1.13,N
-17.15786,124.20912,300.04,0.61,0.71,2026-05-04,1756,N,nominal,2.0NRT,287.65,1.63,N
-17.16572,124.29283,312.44,0.62,0.72,2026-05-04,1756,N,nominal,2.0NRT,288.36,2.46,N
-17.22536,124.31815,301.85,0.63,0.72,2026-05-04,1756,N,nominal,2.0NRT,287.88,1.27,N
-17.24671,124.3286,298.13,0.63,0.72,2026-05-04,1756,N,nominal,2.0NRT,287.24,1,N
-17.2687,124.41962,301.73,0.63,0.72,2026-05-04,1756,N,nominal,2.0NRT,286.61,0.91,N
-17.27604,124.4251,298.32,0.64,0.72,2026-05-04,1756,N,nominal,2.0NRT,286.47,0.91,N
-17.28282,124.42434,308.98,0.64,0.72,2026-05-04,1756,N,nominal,2.0NRT,286.44,2.67,N
-17.28339,124.4305,308.53,0.64,0.72,2026-05-04,1756,N,nominal,2.0NRT,286.67,2.55,N
-17.30702,124.39064,303.82,0.63,0.72,2026-05-04,1756,N,nominal,2.0NRT,286.56,1.72,N
-17.31495,124.40229,296.16,0.63,0.72,2026-05-04,1756,N,nominal,2.0NRT,285.17,0.46,N
-17.35163,124.71884,297.18,0.66,0.73,2026-05-04,1756,N,nominal,2.0NRT,286.13,0.89,N
-17.42566,124.62337,299.13,0.66,0.73,2026-05-04,1756,N,nominal,2.0NRT,287.24,0.88,N
-17.38783,124.14635,314.18,0.61,0.71,2026-05-04,1756,N,nominal,2.0NRT,287.48,2.44,N
-17.39564,124.15758,306.72,0.61,0.71,2026-05-04,1756,N,nominal,2.0NRT,287.83,1.75,N
-17.39925,124.15781,298.92,0.61,0.71,2026-05-04,1756,N,nominal,2.0NRT,287.12,0.33,N
-17.49055,123.18047,299.55,0.53,0.67,2026-05-04,1756,N,nominal,2.0NRT,288.82,0.92,N
-17.5591,123.82072,302.83,0.59,0.7,2026-05-04,1756,N,nominal,2.0NRT,288.83,2.26,N
-17.55964,123.82641,315.91,0.59,0.7,2026-05-04,1756,N,nominal,2.0NRT,289.26,1.41,N
-17.56018,123.83209,305.46,0.59,0.7,2026-05-04,1756,N,nominal,2.0NRT,288.99,1.41,N
-17.47599,122.28672,338.65,0.47,0.64,2026-05-04,1756,N,nominal,2.0NRT,292.11,8.68,N
-17.47644,122.29124,346.01,0.47,0.64,2026-05-04,1756,N,nominal,2.0NRT,292.64,7.49,N
-17.4824,122.29038,346.95,0.47,0.64,2026-05-04,1756,N,nominal,2.0NRT,292.55,4.36,N
-17.48287,122.29499,332.36,0.47,0.64,2026-05-04,1756,N,nominal,2.0NRT,292.16,4.36,N
-17.48195,122.28587,313.8,0.47,0.64,2026-05-04,1756,N,nominal,2.0NRT,290.73,5.49,N
-17.48332,122.29948,301.27,0.47,0.64,2026-05-04,1756,N,nominal,2.0NRT,290.26,1.35,N
-17.48929,122.29869,320.6,0.47,0.64,2026-05-04,1756,N,nominal,2.0NRT,290.97,1.35,N
-17.63633,123.80727,326.53,0.59,0.7,2026-05-04,1756,N,nominal,2.0NRT,288.58,3.79,N
-17.48883,122.29414,307.62,0.47,0.64,2026-05-04,1756,N,nominal,2.0NRT,290.53,4.36,N
-17.48975,122.30322,303.05,0.47,0.64,2026-05-04,1756,N,nominal,2.0NRT,290.18,1.35,N
-17.64343,123.8123,321.43,0.59,0.7,2026-05-04,1756,N,nominal,2.0NRT,288.55,3.64,N
-17.49571,122.30234,300.76,0.47,0.64,2026-05-04,1756,N,nominal,2.0NRT,290.27,0.78,N
-17.49617,122.30685,300.56,0.47,0.64,2026-05-04,1756,N,nominal,2.0NRT,290.11,0.99,N
-17.63969,123.77249,306.69,0.58,0.7,2026-05-04,1756,N,nominal,2.0NRT,288.72,1.15,N
-17.6461,123.84074,300.4,0.59,0.7,2026-05-04,1756,N,nominal,2.0NRT,287.91,0.65,N
-17.51091,122.39206,346.42,0.47,0.64,2026-05-04,1756,N,nominal,2.0NRT,291.88,4.67,N
-17.51044,122.38752,308.52,0.47,0.64,2026-05-04,1756,N,nominal,2.0NRT,289.96,4.67,N
-17.51137,122.39659,316.4,0.47,0.64,2026-05-04,1756,N,nominal,2.0NRT,290.11,3.34,N
-17.64893,123.80026,299.19,0.58,0.7,2026-05-04,1756,N,nominal,2.0NRT,287.87,2.74,N
-17.65268,123.84007,302.04,0.59,0.7,2026-05-04,1756,N,nominal,2.0NRT,287.82,0.65,N
-17.51739,122.39598,305.56,0.47,0.64,2026-05-04,1756,N,nominal,2.0NRT,289.51,1.14,N
-17.66806,123.79243,330.79,0.58,0.7,2026-05-04,1756,N,nominal,2.0NRT,290.97,11.07,N
-17.67462,123.79173,367,0.58,0.7,2026-05-04,1756,N,high,2.0NRT,292.94,11.07,N
-17.67516,123.79739,332.04,0.58,0.7,2026-05-04,1756,N,nominal,2.0NRT,290.55,10.11,N
-17.68171,123.79663,348.56,0.58,0.7,2026-05-04,1756,N,nominal,2.0NRT,291.34,5.73,N
-17.68117,123.79098,319.67,0.58,0.7,2026-05-04,1756,N,nominal,2.0NRT,289.1,8.6,N
-17.68881,123.80148,329.02,0.59,0.7,2026-05-04,1756,N,nominal,2.0NRT,289.88,5.73,N
-17.68826,123.79584,319.42,0.58,0.7,2026-05-04,1756,N,nominal,2.0NRT,289.11,5.73,N
-17.68936,123.80714,310.16,0.59,0.7,2026-05-04,1756,N,nominal,2.0NRT,289.36,2.41,N
-17.69536,123.80064,314.41,0.59,0.7,2026-05-04,1756,N,nominal,2.0NRT,289.4,2.72,N
-17.69591,123.80629,301.03,0.59,0.7,2026-05-04,1756,N,nominal,2.0NRT,289.04,1.54,N
-17.69646,123.81196,312.71,0.59,0.7,2026-05-04,1756,N,nominal,2.0NRT,289.19,1.54,N
-17.67962,123.79488,367,0.59,0.7,2026-05-04,1756,N,high,2.0NRT,292.15,6.4,N
-17.67911,123.78922,306.86,0.58,0.7,2026-05-04,1756,N,nominal,2.0NRT,288.64,6.4,N
-17.68012,123.80055,317.7,0.59,0.7,2026-05-04,1756,N,nominal,2.0NRT,289.73,5.46,N
-17.68668,123.79974,333.83,0.59,0.7,2026-05-04,1756,N,nominal,2.0NRT,290.19,5.46,N
-17.68617,123.79408,301.1,0.59,0.7,2026-05-04,1756,N,nominal,2.0NRT,288.71,6.4,N
-17.69323,123.79887,325.8,0.59,0.7,2026-05-04,1756,N,nominal,2.0NRT,289.51,2.69,N
-17.69374,123.80453,305.53,0.59,0.7,2026-05-04,1756,N,nominal,2.0NRT,288.95,2.69,N
-17.69425,123.8102,312.5,0.59,0.7,2026-05-04,1756,N,nominal,2.0NRT,289.73,2.72,N
-17.7983,123.92706,300.62,0.6,0.7,2026-05-04,1756,N,nominal,2.0NRT,288.33,0.69,N
-17.72689,123.00043,307.33,0.52,0.67,2026-05-04,1756,N,nominal,2.0NRT,290.24,1.07,N
-17.73315,122.99974,307.27,0.52,0.67,2026-05-04,1756,N,nominal,2.0NRT,290.47,1.24,N
-17.73992,123.00404,308.07,0.52,0.67,2026-05-04,1756,N,nominal,2.0NRT,290.06,1.24,N
-17.74617,123.00332,315.26,0.52,0.67,2026-05-04,1756,N,nominal,2.0NRT,290.37,1.02,N
-17.74874,123.02846,306.03,0.52,0.67,2026-05-04,1756,N,nominal,2.0NRT,289.72,0.94,N
-17.75031,123.04382,302.67,0.52,0.67,2026-05-04,1756,N,nominal,2.0NRT,289.93,1.62,N
-17.75084,123.049,300.04,0.52,0.67,2026-05-04,1756,N,nominal,2.0NRT,289.62,1.9,N
-17.75191,122.99753,302.45,0.52,0.67,2026-05-04,1756,N,nominal,2.0NRT,289.82,1.02,N
-17.75243,123.00258,308.81,0.52,0.67,2026-05-04,1756,N,nominal,2.0NRT,289.91,1.02,N
-17.75553,123.03283,302.25,0.52,0.67,2026-05-04,1756,N,nominal,2.0NRT,289.87,0.94,N
-17.75816,123.05853,300.64,0.53,0.67,2026-05-04,1756,N,nominal,2.0NRT,289.11,0.57,N
-17.79586,123.92178,299.75,0.6,0.7,2026-05-04,1756,N,nominal,2.0NRT,288.65,0.74,N
-17.79639,123.92773,300.2,0.6,0.7,2026-05-04,1756,N,nominal,2.0NRT,288.31,0.74,N
-17.72469,122.99997,305.14,0.52,0.67,2026-05-04,1756,N,nominal,2.0NRT,290.41,0.93,N
-17.89221,124.87912,300.79,0.69,0.74,2026-05-04,1756,N,nominal,2.0NRT,287.95,0.74,N
-17.73095,122.99926,301.71,0.52,0.67,2026-05-04,1756,N,nominal,2.0NRT,290.08,0.93,N
-17.7372,122.99855,300.84,0.52,0.67,2026-05-04,1756,N,nominal,2.0NRT,289.86,1.78,N
-17.73768,123.00359,301.66,0.52,0.67,2026-05-04,1756,N,nominal,2.0NRT,289.89,1.23,N
-17.74394,123.00284,314.56,0.52,0.67,2026-05-04,1756,N,nominal,2.0NRT,290.29,1.23,N
-17.74634,123.02799,309.17,0.52,0.67,2026-05-04,1756,N,nominal,2.0NRT,289.83,1.3,N
-17.74829,123.04858,302.22,0.52,0.67,2026-05-04,1756,N,nominal,2.0NRT,289.62,1.09,N
-17.75019,123.00208,313.93,0.52,0.67,2026-05-04,1756,N,nominal,2.0NRT,290.3,1.93,N
-17.75457,123.04787,301.77,0.52,0.67,2026-05-04,1756,N,nominal,2.0NRT,289.82,1.23,N
-17.75936,123.03164,301.68,0.52,0.67,2026-05-04,1756,N,nominal,2.0NRT,289.77,1.31,N
-17.76183,123.05737,309.15,0.53,0.67,2026-05-04,1756,N,nominal,2.0NRT,289.6,2.28,N
-17.76232,123.06252,304.97,0.53,0.67,2026-05-04,1756,N,nominal,2.0NRT,288.7,1,N
-17.7686,123.06173,308.33,0.53,0.67,2026-05-04,1756,N,nominal,2.0NRT,289.66,0.99,N
-17.7729,123.04047,300.89,0.52,0.67,2026-05-04,1756,N,nominal,2.0NRT,289.78,0.73,N
-17.77539,123.06628,301.86,0.53,0.67,2026-05-04,1756,N,nominal,2.0NRT,289.05,0.99,N
-18.66545,121.77764,301.34,0.44,0.63,2026-05-04,1758,N,nominal,2.0NRT,289.81,0.32,N
-18.67175,121.78118,303.57,0.44,0.63,2026-05-04,1758,N,nominal,2.0NRT,290.74,0.72,N
-18.67068,121.7802,306.27,0.44,0.63,2026-05-04,1758,N,nominal,2.0NRT,290.43,1.39,N
-18.73579,121.72002,311.88,0.44,0.62,2026-05-04,1758,N,nominal,2.0NRT,290.47,1.59,N
-19.65275,115.93011,317.81,0.39,0.44,2026-05-04,1758,N,nominal,2.0NRT,296,0.91,N
-20.60776,116.76099,307.34,0.45,0.47,2026-05-04,1758,N,nominal,2.0NRT,293.8,0.95,N
-20.61209,116.76035,308.12,0.45,0.47,2026-05-04,1758,N,nominal,2.0NRT,293.87,0.93,N
-20.79297,115.44554,317.18,0.56,0.43,2026-05-04,1758,N,nominal,2.0NRT,293.93,2.36,N
-21.60256,122.26328,309.24,0.51,0.66,2026-05-04,1758,N,nominal,2.0NRT,285.81,1.04,N
-21.60925,122.26779,298.79,0.51,0.66,2026-05-04,1758,N,nominal,2.0NRT,285.76,3.27,N
-21.6097,122.27298,298.2,0.51,0.66,2026-05-04,1758,N,nominal,2.0NRT,285.17,2.15,N
-21.61594,122.27234,338.17,0.51,0.66,2026-05-04,1758,N,nominal,2.0NRT,286.52,2.15,N
-21.62264,122.27692,308.61,0.52,0.66,2026-05-04,1758,N,nominal,2.0NRT,285.8,3.21,N
-21.62889,122.27626,341.16,0.52,0.66,2026-05-04,1758,N,nominal,2.0NRT,286.85,3.21,N
-21.62074,122.18356,304.42,0.51,0.66,2026-05-04,1758,N,nominal,2.0NRT,285.99,0.63,N
-21.62828,122.19798,300.37,0.51,0.66,2026-05-04,1758,N,nominal,2.0NRT,284.76,0.3,N
-21.63451,122.19743,298.92,0.51,0.66,2026-05-04,1758,N,nominal,2.0NRT,285.63,0.3,N
-21.62705,122.27668,340.2,0.52,0.66,2026-05-04,1758,N,nominal,2.0NRT,286.93,2.69,N
-21.61952,122.18376,298.43,0.51,0.66,2026-05-04,1758,N,nominal,2.0NRT,286.04,0.82,N
-21.6333,122.27602,306.89,0.52,0.66,2026-05-04,1758,N,nominal,2.0NRT,285.31,2.69,N
-21.63318,122.19758,311.82,0.51,0.66,2026-05-04,1758,N,nominal,2.0NRT,286.12,1.49,N
-22.25836,124.23069,295.17,0.69,0.74,2026-05-04,1758,N,nominal,2.0NRT,284.61,1.61,N
-21.69663,115.00395,307.81,0.55,0.42,2026-05-04,1758,N,nominal,2.0NRT,292.61,0.96,N
-40.03537,175.98532,334.06,0.55,0.68,2026-05-05,0117,N,nominal,2.0NRT,288.26,7.09,D
-40.0289,175.98526,334.4,0.55,0.68,2026-05-05,0117,N,nominal,2.0NRT,288.87,7.09,D
-40.03516,175.98804,340.38,0.55,0.68,2026-05-05,0117,N,nominal,2.0NRT,288,6.94,D
-40.02869,175.9882,330.23,0.55,0.68,2026-05-05,0117,N,nominal,2.0NRT,288.55,6.94,D
-41.13237,175.33328,328.04,0.6,0.7,2026-05-05,0117,N,nominal,2.0NRT,289.16,2.6,D
-41.13079,175.33261,327.59,0.6,0.7,2026-05-05,0117,N,nominal,2.0NRT,288.66,4.25,D
-46.41613,169.0219,351.1,0.39,0.36,2026-05-05,0258,N,nominal,2.0NRT,293.78,12.91,D
-46.41281,169.02078,335.51,0.39,0.36,2026-05-05,0258,N,nominal,2.0NRT,286.84,3.17,D
-45.71054,168.75722,333.4,0.39,0.36,2026-05-05,0258,N,nominal,2.0NRT,283.41,3.18,D
-43.88943,170.96959,328.86,0.44,0.38,2026-05-05,0258,N,nominal,2.0NRT,289.17,5.43,D
-41.1648,176.00356,326.73,0.53,0.5,2026-05-05,0258,N,nominal,2.0NRT,289.33,3.37,D
-41.28066,175.26282,336.24,0.48,0.48,2026-05-05,0258,N,nominal,2.0NRT,289.44,4.34,D
-41.04669,175.82617,344.06,0.52,0.5,2026-05-05,0258,N,nominal,2.0NRT,290.23,12.19,D
-41.13159,175.338,333.31,0.49,0.49,2026-05-05,0258,N,nominal,2.0NRT,289.44,4.16,D
-41.13245,175.33543,330.21,0.49,0.49,2026-05-05,0258,N,nominal,2.0NRT,288.99,4.36,D
-40.53446,175.74519,331.06,0.53,0.5,2026-05-05,0258,N,nominal,2.0NRT,286.97,3.93,D
-39.9407,176.73425,339.46,0.61,0.54,2026-05-05,0258,N,nominal,2.0NRT,289.32,8.38,D
-40.0337,175.98901,335.29,0.56,0.52,2026-05-05,0258,N,nominal,2.0NRT,289.27,8.36,D
-40.02901,175.98718,326.99,0.56,0.52,2026-05-05,0258,N,nominal,2.0NRT,289.66,8.36,D
-40.03049,175.98128,352.11,0.56,0.52,2026-05-05,0258,N,nominal,2.0NRT,291.32,8.36,D
-39.99594,175.17319,346.52,0.51,0.5,2026-05-05,0258,N,nominal,2.0NRT,290.88,9.36,D
-39.9915,175.17117,346.85,0.51,0.5,2026-05-05,0258,N,nominal,2.0NRT,295.72,18.3,D
-39.99295,175.16519,329.83,0.51,0.5,2026-05-05,0258,N,nominal,2.0NRT,289.53,13.88,D
-39.98705,175.1692,340.35,0.51,0.5,2026-05-05,0258,N,nominal,2.0NRT,291.77,18.3,D
-42.05399,147.78119,329.24,0.77,0.77,2026-05-05,0258,N,nominal,2.0NRT,282.53,4.83,D
-42.05627,147.78288,334.52,0.77,0.77,2026-05-05,0258,N,nominal,2.0NRT,284.28,7.22,D
-10.0708,149.53169,331.58,0.32,0.55,2026-05-05,0308,N,nominal,2.0NRT,290.74,3.09,D
-34.46292,150.88393,328.7,0.49,0.65,2026-05-05,0302,N,nominal,2.0NRT,298.29,4.21,D
-31.38043,147.68346,333.04,0.7,0.75,2026-05-05,0302,N,nominal,2.0NRT,291.79,6.39,D
-31.38473,147.68355,328.68,0.7,0.75,2026-05-05,0302,N,nominal,2.0NRT,289.24,5.59,D
-30.63955,147.74773,329.76,0.69,0.74,2026-05-05,0302,N,nominal,2.0NRT,293.9,4.95,D
-30.63251,147.74739,348.46,0.69,0.74,2026-05-05,0302,N,nominal,2.0NRT,293.58,16.08,D
-30.6328,147.73981,349.07,0.69,0.74,2026-05-05,0302,N,nominal,2.0NRT,292.82,11.53,D
-30.60035,146.74586,328.18,0.78,0.78,2026-05-05,0302,N,nominal,2.0NRT,297,4.38,D
-30.60059,146.7372,326.5,0.78,0.78,2026-05-05,0302,N,nominal,2.0NRT,295.77,4.38,D
-30.59294,146.74556,332.13,0.78,0.78,2026-05-05,0302,N,nominal,2.0NRT,296.4,7.28,D
-30.58366,146.81436,326.86,0.78,0.78,2026-05-05,0302,N,nominal,2.0NRT,292.61,3.15,D
-30.59468,146.74617,343.81,0.78,0.78,2026-05-05,0302,N,nominal,2.0NRT,297.01,14.08,D
-30.59496,146.73752,335.11,0.78,0.78,2026-05-05,0302,N,nominal,2.0NRT,296.44,6.53,D
-30.58502,146.81493,327.76,0.78,0.78,2026-05-05,0302,N,nominal,2.0NRT,292.42,3.89,D
-30.58014,146.737,329.1,0.78,0.78,2026-05-05,0302,N,nominal,2.0NRT,295.59,4.17,D
-22.14527,149.4894,347.23,0.46,0.63,2026-05-05,0304,N,nominal,2.0NRT,292.74,9.29,D
-22.14564,149.48485,335.38,0.46,0.63,2026-05-05,0304,N,nominal,2.0NRT,289.63,6.5,D
-22.1488,149.48634,367,0.45,0.63,2026-05-05,0304,N,high,2.0NRT,291.88,8.55,D
-20.64178,148.4615,328.62,0.51,0.66,2026-05-05,0304,N,nominal,2.0NRT,292.25,2.72,D
-19.6008,146.19902,349.16,0.69,0.74,2026-05-05,0306,N,nominal,2.0NRT,294.38,12.47,D
-19.59376,146.19868,330.41,0.69,0.74,2026-05-05,0306,N,nominal,2.0NRT,294.1,12.47,D
-19.5948,146.18483,328.24,0.69,0.75,2026-05-05,0306,N,nominal,2.0NRT,295.96,11.77,D
-19.59546,146.19783,367,0.69,0.74,2026-05-05,0306,N,high,2.0NRT,295.08,9.14,D
-19.5949,146.2048,331.04,0.69,0.74,2026-05-05,0306,N,nominal,2.0NRT,294.69,13.67,D
-19.59603,146.1909,327.99,0.69,0.74,2026-05-05,0306,N,nominal,2.0NRT,294.43,9.14,D
-15.89062,126.09868,340.89,0.57,0.52,2026-05-05,0449,N,nominal,2.0NRT,294.01,15.38,D
-15.89958,125.9846,330.02,0.58,0.52,2026-05-05,0449,N,nominal,2.0NRT,296.11,10.57,D
-42.37999,147.03264,325.35,0.52,0.41,2026-05-05,0440,N,nominal,2.0NRT,283.71,2.94,D
-31.76275,148.90125,333.46,0.36,0.57,2026-05-05,0442,N,nominal,2.0NRT,293.38,2.14,D
-15.86315,126.20374,330.44,0.56,0.52,2026-05-05,0449,N,nominal,2.0NRT,297.82,8.95,D
-42.34604,146.56287,331,0.5,0.41,2026-05-05,0440,N,nominal,2.0NRT,286.3,8.86,D
-15.86508,126.1879,334.19,0.56,0.52,2026-05-05,0449,N,nominal,2.0NRT,292.9,8.09,D
-31.7575,148.89952,349.68,0.36,0.57,2026-05-05,0442,N,nominal,2.0NRT,291.88,6.06,D
-15.85839,126.12204,349.04,0.57,0.52,2026-05-05,0449,N,nominal,2.0NRT,299.03,22.41,D
-42.33494,146.55873,327.26,0.5,0.41,2026-05-05,0440,N,nominal,2.0NRT,291.32,64.24,D
-32.23719,145.9846,350.58,0.49,0.48,2026-05-05,0442,N,nominal,2.0NRT,294.95,9.81,D
-15.85904,126.11663,335.16,0.57,0.52,2026-05-05,0449,N,nominal,2.0NRT,296.35,9.56,D
-42.33619,146.5526,335.37,0.5,0.41,2026-05-05,0440,N,nominal,2.0NRT,280.72,13.25,D
-32.2316,145.98849,339.77,0.49,0.48,2026-05-05,0442,N,nominal,2.0NRT,294.58,11.79,D
-15.85421,126.11606,352.97,0.57,0.52,2026-05-05,0449,N,nominal,2.0NRT,296.96,9.56,D
-42.05716,147.78046,327.94,0.56,0.43,2026-05-05,0440,N,nominal,2.0NRT,284.71,7.43,D
-31.33852,148.6754,347.32,0.36,0.57,2026-05-05,0442,N,nominal,2.0NRT,294.67,6.77,D
-15.83925,125.99358,336.98,0.58,0.52,2026-05-05,0449,N,nominal,2.0NRT,296.76,10.94,D
-42.28019,146.42148,332.66,0.49,0.4,2026-05-05,0440,N,nominal,2.0NRT,275.52,4.1,D
-31.34085,148.67882,355.43,0.36,0.57,2026-05-05,0442,N,nominal,2.0NRT,294.73,7.49,D
-15.83988,125.9882,342.43,0.58,0.52,2026-05-05,0449,N,nominal,2.0NRT,297.23,10.94,D
-42.28141,146.41544,329.98,0.49,0.4,2026-05-05,0440,N,nominal,2.0NRT,277.11,4.1,D
-31.38237,147.68263,329.58,0.63,0.54,2026-05-05,0442,N,nominal,2.0NRT,294.14,3.48,D
-15.83439,125.99296,339.2,0.58,0.52,2026-05-05,0449,N,nominal,2.0NRT,296.44,7.7,D
-42.27527,146.42628,335.46,0.49,0.4,2026-05-05,0440,N,nominal,2.0NRT,276.33,5.79,D
-31.81431,145.69107,325.94,0.48,0.48,2026-05-05,0442,N,nominal,2.0NRT,293.07,4.87,D
-15.83502,125.98756,335.91,0.58,0.52,2026-05-05,0449,N,nominal,2.0NRT,294.53,7.7,D
-42.27773,146.41406,325.6,0.49,0.4,2026-05-05,0440,N,nominal,2.0NRT,276.76,7.46,D
-31.80548,145.66689,325.11,0.48,0.48,2026-05-05,0442,N,nominal,2.0NRT,292.23,1.18,D
-15.82172,125.97459,341.46,0.58,0.52,2026-05-05,0449,N,nominal,2.0NRT,297.23,6.95,D
-42.27156,146.425,343.61,0.49,0.4,2026-05-05,0440,N,nominal,2.0NRT,275.71,5.79,D
-30.6948,147.75363,352.61,0.33,0.55,2026-05-05,0442,N,nominal,2.0NRT,297.2,7.06,D
-15.81812,125.96295,367,0.58,0.52,2026-05-05,0449,N,high,2.0NRT,298.53,21.55,D
-42.27405,146.41267,336.77,0.49,0.4,2026-05-05,0440,N,nominal,2.0NRT,277.22,7.46,D
-30.69395,147.75307,352.86,0.33,0.55,2026-05-05,0442,N,nominal,2.0NRT,297.08,7.15,D
-15.81748,125.96851,341.7,0.58,0.52,2026-05-05,0449,N,nominal,2.0NRT,297.2,21.55,D
-42.27282,146.41881,356.69,0.49,0.4,2026-05-05,0440,N,low,2.0NRT,279.18,7.46,D
-30.63589,147.74605,367,0.33,0.55,2026-05-05,0442,N,high,2.0NRT,300.44,5.78,D
-15.81325,125.96233,345.79,0.58,0.52,2026-05-05,0449,N,nominal,2.0NRT,300.47,21.55,D
-42.26914,146.4174,326.23,0.49,0.4,2026-05-05,0440,N,nominal,2.0NRT,274.94,3.81,D
-30.63672,147.74257,343.63,0.33,0.55,2026-05-05,0442,N,nominal,2.0NRT,296.64,5.78,D
-15.8139,125.95673,350.88,0.58,0.52,2026-05-05,0449,N,nominal,2.0NRT,298.19,17.76,D
-41.804,147.29897,335.85,0.54,0.42,2026-05-05,0440,N,nominal,2.0NRT,289.39,9.29,D
-30.5974,146.74948,344.82,0.58,0.52,2026-05-05,0442,N,nominal,2.0NRT,299.67,10.68,D
-15.78407,126.1725,335.89,0.56,0.52,2026-05-05,0449,N,nominal,2.0NRT,288.79,11.1,D
-41.18721,147.27908,329.32,0.56,0.43,2026-05-05,0440,N,nominal,2.0NRT,288.09,11.82,D
-30.60023,146.73732,342.01,0.58,0.52,2026-05-05,0442,N,nominal,2.0NRT,298.55,5.62,D
-15.78468,126.1672,339.97,0.56,0.52,2026-05-05,0449,N,nominal,2.0NRT,287.83,11.1,D
-41.18861,147.27257,343.5,0.56,0.43,2026-05-05,0440,N,nominal,2.0NRT,306.36,76.95,D
-30.59544,146.73587,348.12,0.58,0.52,2026-05-05,0442,N,nominal,2.0NRT,301.33,21.18,D
-15.76237,126.23404,333.27,0.56,0.51,2026-05-05,0449,N,nominal,2.0NRT,298.5,7.23,D
-41.18743,147.25845,338.38,0.55,0.43,2026-05-05,0440,N,nominal,2.0NRT,297.04,29.37,D
-30.58924,146.74052,353.34,0.58,0.52,2026-05-05,0442,N,nominal,2.0NRT,300.3,15.48,D
-41.18353,147.25699,330.63,0.55,0.43,2026-05-05,0440,N,nominal,2.0NRT,288.05,29.37,D
-15.76299,126.2287,334.24,0.56,0.51,2026-05-05,0449,N,nominal,2.0NRT,295.52,7.23,D
-30.59065,146.73444,354.06,0.58,0.52,2026-05-05,0442,N,nominal,2.0NRT,299.94,21.18,D
-41.03528,147.82922,332.07,0.39,0.44,2026-05-05,0440,N,nominal,2.0NRT,287.3,2.61,D
-30.58444,146.73909,367,0.58,0.52,2026-05-05,0442,N,high,2.0NRT,302.59,35.2,D
-15.77028,126.16531,355.43,0.56,0.52,2026-05-05,0449,N,nominal,2.0NRT,292.2,23.44,D
-38.36665,143.68565,331.75,0.45,0.39,2026-05-05,0440,N,nominal,2.0NRT,285.95,7.37,D
-30.58586,146.733,341.89,0.58,0.52,2026-05-05,0442,N,nominal,2.0NRT,297.05,12.88,D
-15.77088,126.16003,349.06,0.56,0.52,2026-05-05,0449,N,nominal,2.0NRT,295.03,22.66,D
-30.57965,146.73766,367,0.58,0.52,2026-05-05,0442,N,high,2.0NRT,300.58,35.2,D
-37.29547,148.23518,326.3,0.5,0.49,2026-05-05,0440,N,nominal,2.0NRT,288.66,5.2,D
-15.79689,125.9324,338.23,0.58,0.52,2026-05-05,0449,N,nominal,2.0NRT,298.5,7.13,D
-30.59555,146.7467,345.91,0.58,0.52,2026-05-05,0442,N,nominal,2.0NRT,300.15,11.31,D
-36.42717,149.48618,334.68,0.6,0.53,2026-05-05,0440,N,nominal,2.0NRT,285.36,11.34,D
-15.79752,125.92691,340.6,0.58,0.52,2026-05-05,0449,N,nominal,2.0NRT,297.27,7.13,D
-30.59692,146.7406,338.96,0.58,0.52,2026-05-05,0442,N,nominal,2.0NRT,299.53,15.56,D
-36.42883,149.47951,336.44,0.6,0.53,2026-05-05,0440,N,nominal,2.0NRT,284.51,11.34,D
-15.81897,125.97196,330.15,0.58,0.52,2026-05-05,0449,N,nominal,2.0NRT,296.1,7.75,D
-30.5983,146.7345,347.23,0.58,0.52,2026-05-05,0442,N,nominal,2.0NRT,298.61,15.56,D
-36.4277,149.48409,338.76,0.6,0.53,2026-05-05,0440,N,nominal,2.0NRT,289.14,16.87,D
-15.81965,125.96645,339.79,0.58,0.52,2026-05-05,0449,N,nominal,2.0NRT,296.88,7.75,D
-30.59351,146.73305,353.93,0.58,0.52,2026-05-05,0442,N,nominal,2.0NRT,299.7,15.56,D
-15.82033,125.96095,343.9,0.58,0.52,2026-05-05,0449,N,nominal,2.0NRT,297.61,8.36,D
-38.00598,141.20157,346.91,0.39,0.36,2026-05-05,0440,N,nominal,2.0NRT,285.09,5.4,D
-30.58597,146.7438,341.17,0.58,0.52,2026-05-05,0442,N,nominal,2.0NRT,299.89,13.33,D
-15.81478,125.96589,345.13,0.58,0.52,2026-05-05,0449,N,nominal,2.0NRT,297.31,7.75,D
-38.00187,141.20515,339.98,0.39,0.36,2026-05-05,0440,N,nominal,2.0NRT,282.21,6.31,D
-30.58734,146.7377,355.96,0.58,0.52,2026-05-05,0442,N,nominal,2.0NRT,302.74,23.61,D
-15.81546,125.96031,341,0.58,0.52,2026-05-05,0449,N,nominal,2.0NRT,298.23,8.36,D
-38.00262,141.20068,347.93,0.39,0.36,2026-05-05,0440,N,nominal,2.0NRT,282.86,5.4,D
-30.58872,146.73161,340.35,0.58,0.52,2026-05-05,0442,N,nominal,2.0NRT,296.71,23.61,D
-15.81614,125.95477,341.12,0.58,0.52,2026-05-05,0449,N,nominal,2.0NRT,297.01,8.36,D
-37.99852,141.20427,342.53,0.39,0.36,2026-05-05,0440,N,nominal,2.0NRT,287.56,22.72,D
-30.58255,146.73627,367,0.58,0.52,2026-05-05,0442,N,high,2.0NRT,300.79,23.61,D
-30.58117,146.74236,340.18,0.58,0.52,2026-05-05,0442,N,nominal,2.0NRT,298.22,13.33,D
-15.78471,126.17015,343.92,0.56,0.52,2026-05-05,0449,N,nominal,2.0NRT,291.66,13.15,D
-37.99926,141.19978,342.19,0.39,0.36,2026-05-05,0440,N,nominal,2.0NRT,289.61,21.75,D
-30.57776,146.73482,345.75,0.58,0.52,2026-05-05,0442,N,nominal,2.0NRT,296.92,7.36,D
-15.8106,125.95967,352.81,0.58,0.52,2026-05-05,0449,N,nominal,2.0NRT,299.95,21.31,D
-35.7384,147.76041,340.8,0.51,0.49,2026-05-05,0442,N,nominal,2.0NRT,287.29,14.14,D
-22.15229,149.48701,338.58,0.64,0.72,2026-05-05,0444,N,nominal,2.0NRT,288.54,6.28,D
-15.77096,126.16302,367,0.56,0.52,2026-05-05,0449,N,high,2.0NRT,297.71,18.16,D
-35.73967,147.75499,337.37,0.51,0.49,2026-05-05,0442,N,nominal,2.0NRT,289.28,13.22,D
-22.18977,148.16835,340.01,0.54,0.68,2026-05-05,0446,N,nominal,2.0NRT,295.51,4,D
-15.76256,126.23158,336.98,0.56,0.51,2026-05-05,0449,N,nominal,2.0NRT,297.18,13.47,D
-35.74221,147.74419,327.4,0.51,0.49,2026-05-05,0442,N,nominal,2.0NRT,281.25,5.5,D
-22.18659,148.16936,340.2,0.54,0.68,2026-05-05,0446,N,nominal,2.0NRT,293.63,7.45,D
-15.76903,126.17881,334.47,0.56,0.52,2026-05-05,0449,N,nominal,2.0NRT,293.36,5.41,D
-35.74347,147.73882,347.51,0.51,0.49,2026-05-05,0442,N,nominal,2.0NRT,285.56,5.5,D
-20.64781,148.46144,327.79,0.6,0.71,2026-05-05,0446,N,nominal,2.0NRT,293.31,5.99,D
-15.7716,126.15776,341.9,0.56,0.52,2026-05-05,0449,N,nominal,2.0NRT,293.66,18.16,D
-35.74059,147.75818,357.03,0.51,0.49,2026-05-05,0442,N,nominal,2.0NRT,289.48,12.61,D
-15.79997,125.92497,339.52,0.58,0.52,2026-05-05,0449,N,nominal,2.0NRT,296.84,2.36,D
-19.6125,146.19417,331.98,0.46,0.64,2026-05-05,0446,N,nominal,2.0NRT,294.89,5.58,D
-35.73611,147.75659,346.46,0.51,0.49,2026-05-05,0442,N,nominal,2.0NRT,287.15,12.61,D
-15.76552,126.16765,330.98,0.56,0.52,2026-05-05,0449,N,nominal,2.0NRT,298.13,10.43,D
-19.60666,146.19267,328.18,0.46,0.64,2026-05-05,0446,N,nominal,2.0NRT,294.9,5.14,D
-35.73981,147.74039,343.81,0.51,0.49,2026-05-05,0442,N,nominal,2.0NRT,285.9,18.4,D
-15.79375,125.93544,341.65,0.58,0.52,2026-05-05,0449,N,nominal,2.0NRT,296.82,5.91,D
-19.60082,146.19113,339.42,0.46,0.64,2026-05-05,0446,N,nominal,2.0NRT,294.83,5.14,D
-35.74104,147.735,343.24,0.51,0.49,2026-05-05,0442,N,nominal,2.0NRT,281.47,11.96,D
-15.79441,125.93003,334.96,0.58,0.52,2026-05-05,0449,N,nominal,2.0NRT,297.47,5.91,D
-19.59321,146.1702,327.78,0.46,0.64,2026-05-05,0446,N,nominal,2.0NRT,294.48,6.83,D
-15.75109,126.24606,331.77,0.55,0.51,2026-05-05,0449,N,nominal,2.0NRT,299.79,10.89,D
-35.73408,147.74425,345.63,0.51,0.49,2026-05-05,0442,N,nominal,2.0NRT,283.98,6.5,D
-19.5942,146.16582,339.1,0.46,0.64,2026-05-05,0446,N,nominal,2.0NRT,293.88,4.25,D
-15.76493,126.09215,333.98,0.57,0.52,2026-05-05,0449,N,nominal,2.0NRT,296.72,7.75,D
-35.73531,147.73885,334.51,0.51,0.49,2026-05-05,0442,N,nominal,2.0NRT,280.75,6.5,D
-19.60882,146.19403,335.66,0.46,0.64,2026-05-05,0446,N,nominal,2.0NRT,294.87,9.21,D
-15.71402,126.02513,331.99,0.57,0.52,2026-05-05,0449,N,nominal,2.0NRT,285.32,22.05,D
-35.72958,147.74271,340.8,0.51,0.49,2026-05-05,0442,N,nominal,2.0NRT,285.44,6.5,D
-19.59715,146.19092,340.18,0.46,0.64,2026-05-05,0446,N,nominal,2.0NRT,285.6,1.63,D
-15.70788,126.0356,341.29,0.57,0.52,2026-05-05,0449,N,nominal,2.0NRT,298.32,29.45,D
-35.78786,145.98282,340.95,0.41,0.45,2026-05-05,0442,N,nominal,2.0NRT,290.07,4.29,D
-19.59038,146.16557,367,0.46,0.64,2026-05-05,0446,N,high,2.0NRT,290.26,10.75,D
-15.70852,126.03014,353.93,0.57,0.52,2026-05-05,0449,N,nominal,2.0NRT,301.1,29.45,D
-34.45966,150.88562,341.79,0.4,0.6,2026-05-05,0442,N,nominal,2.0NRT,297.67,5.83,D
-19.58942,146.16994,326.62,0.46,0.64,2026-05-05,0446,N,nominal,2.0NRT,286.32,7.18,D
-15.70914,126.02478,355.72,0.57,0.52,2026-05-05,0449,N,nominal,2.0NRT,301.41,22.05,D
-19.46754,144.45923,332.88,0.36,0.58,2026-05-05,0446,N,nominal,2.0NRT,289.82,10.27,D
-34.64825,147.35591,367,0.51,0.5,2026-05-05,0442,N,high,2.0NRT,299.92,24.78,D
-15.70976,126.01945,332.44,0.57,0.52,2026-05-05,0449,N,nominal,2.0NRT,294.88,22.05,D
-15.69871,126.02998,337.59,0.57,0.52,2026-05-05,0449,N,nominal,2.0NRT,295.62,9.57,D
-34.64953,147.35039,335.53,0.51,0.49,2026-05-05,0442,N,nominal,2.0NRT,294.59,24.78,D
-19.46909,144.45197,345.19,0.36,0.58,2026-05-05,0446,N,nominal,2.0NRT,294.75,3.31,D
-15.6375,126.43135,337.22,0.54,0.51,2026-05-05,0449,N,nominal,2.0NRT,300.79,7.49,D
-34.64371,147.35449,343.43,0.51,0.5,2026-05-05,0442,N,nominal,2.0NRT,289.1,11.59,D
-19.46376,144.45088,330.87,0.36,0.58,2026-05-05,0446,N,nominal,2.0NRT,292.34,3.31,D
-15.70499,126.03452,341.7,0.57,0.52,2026-05-05,0449,N,nominal,2.0NRT,297.34,16.79,D
-21.6228,122.27783,343.45,0.59,0.7,2026-05-05,0446,N,nominal,2.0NRT,306.1,6.11,D
-15.70633,126.0237,331.62,0.57,0.52,2026-05-05,0449,N,nominal,2.0NRT,295.55,7.95,D
-21.61621,122.27726,345.74,0.59,0.7,2026-05-05,0446,N,nominal,2.0NRT,306.3,6.11,D
-15.70075,126.029,336.56,0.57,0.52,2026-05-05,0449,N,nominal,2.0NRT,295.32,7.95,D
-21.60962,122.27675,332.91,0.59,0.7,2026-05-05,0446,N,nominal,2.0NRT,305.06,3.57,D
-15.69584,126.02895,333.69,0.57,0.52,2026-05-05,0449,N,nominal,2.0NRT,293.08,4.8,D
-15.63593,126.43494,333.43,0.54,0.51,2026-05-05,0449,N,nominal,2.0NRT,299.31,7.6,D
-17.45993,144.89742,326.36,0.42,0.61,2026-05-05,0446,N,nominal,2.0NRT,292.59,1.44,D
-15.6328,126.06335,336.09,0.57,0.52,2026-05-05,0449,N,nominal,2.0NRT,298.41,5.93,D
-18.73,134.31224,353.11,0.38,0.36,2026-05-05,0446,N,nominal,2.0NRT,304.02,5.22,D
-15.63345,126.05791,330.81,0.57,0.52,2026-05-05,0449,N,nominal,2.0NRT,293.89,5.93,D
-18.85194,121.8623,367,0.58,0.7,2026-05-05,0446,N,high,2.0NRT,305.57,23.3,D
-15.66562,125.34748,342.27,0.64,0.54,2026-05-05,0449,N,nominal,2.0NRT,297.46,13.8,D
-18.85242,121.85649,339.98,0.58,0.7,2026-05-05,0446,N,nominal,2.0NRT,300.25,23.3,D
-15.66628,125.34164,353.04,0.64,0.54,2026-05-05,0449,N,nominal,2.0NRT,293.97,13.8,D
-18.84587,121.8558,367,0.58,0.7,2026-05-05,0446,N,high,2.0NRT,303.8,23.3,D
-15.66711,125.34617,349.11,0.63,0.54,2026-05-05,0449,N,nominal,2.0NRT,297.5,16.06,D
-18.84635,121.84999,352.53,0.58,0.7,2026-05-05,0446,N,nominal,2.0NRT,300.97,23.69,D
-15.66781,125.34039,342.49,0.64,0.54,2026-05-05,0449,N,nominal,2.0NRT,294.54,10.67,D
-18.85385,121.86292,367,0.58,0.7,2026-05-05,0446,N,high,2.0NRT,305.71,38.38,D
-15.53638,126.17895,342.79,0.56,0.51,2026-05-05,0449,N,nominal,2.0NRT,298.16,14.61,D
-18.85437,121.85713,334.16,0.58,0.7,2026-05-05,0446,N,nominal,2.0NRT,300.72,20.49,D
-15.53702,126.17377,340.91,0.56,0.51,2026-05-05,0449,N,nominal,2.0NRT,296.65,7.89,D
-18.84781,121.85645,367,0.58,0.7,2026-05-05,0446,N,high,2.0NRT,301.28,20.49,D
-15.51813,126.12881,331.91,0.56,0.52,2026-05-05,0449,N,nominal,2.0NRT,297.11,11.46,D
-18.84833,121.85064,348.82,0.58,0.7,2026-05-05,0446,N,nominal,2.0NRT,304.18,20.49,D
-15.5127,126.13346,337.02,0.56,0.52,2026-05-05,0449,N,nominal,2.0NRT,298.07,9.86,D
-18.33912,125.66692,367,0.33,0.55,2026-05-05,0446,N,high,2.0NRT,303.2,32.25,D
-15.51334,126.12819,345.32,0.56,0.52,2026-05-05,0449,N,nominal,2.0NRT,300.44,11.46,D
-18.33877,125.6701,343.84,0.33,0.55,2026-05-05,0446,N,nominal,2.0NRT,299.08,11.72,D
-15.51397,126.1229,339.86,0.56,0.52,2026-05-05,0449,N,nominal,2.0NRT,296.68,11.46,D
-18.33946,125.66372,346.74,0.33,0.55,2026-05-05,0446,N,nominal,2.0NRT,304.7,32.25,D
-15.50855,126.12752,350.09,0.56,0.52,2026-05-05,0449,N,nominal,2.0NRT,297.07,9.9,D
-18.33982,125.66052,352.37,0.33,0.55,2026-05-05,0446,N,nominal,2.0NRT,299.43,10.22,D
-15.50376,126.12685,340.45,0.56,0.52,2026-05-05,0449,N,nominal,2.0NRT,295.13,9.9,D
-18.33398,125.6663,367,0.33,0.55,2026-05-05,0446,N,high,2.0NRT,299.93,8.03,D
-15.50755,126.09491,339.29,0.56,0.52,2026-05-05,0449,N,nominal,2.0NRT,299.64,8.18,D
-18.33467,125.65992,367,0.33,0.55,2026-05-05,0446,N,high,2.0NRT,301.84,8.79,D
-15.50529,126.07277,334.42,0.57,0.52,2026-05-05,0449,N,nominal,2.0NRT,298.16,6.2,D
-18.33502,125.65672,367,0.33,0.55,2026-05-05,0446,N,high,2.0NRT,301.11,8.79,D
-15.50112,126.06674,340.91,0.57,0.52,2026-05-05,0449,N,nominal,2.0NRT,296.82,6.2,D
-18.33537,125.65353,367,0.33,0.55,2026-05-05,0446,N,high,2.0NRT,302.98,10.04,D
-15.4963,126.0661,331.39,0.57,0.52,2026-05-05,0449,N,nominal,2.0NRT,297.58,3.61,D
-18.33571,125.65032,367,0.33,0.55,2026-05-05,0446,N,high,2.0NRT,302.5,10.04,D
-15.4896,126.0816,349.82,0.57,0.52,2026-05-05,0449,N,nominal,2.0NRT,300.54,19.81,D
-18.33363,125.66949,334.28,0.33,0.55,2026-05-05,0446,N,nominal,2.0NRT,298.39,5.91,D
-15.4859,125.98729,334.82,0.57,0.52,2026-05-05,0449,N,nominal,2.0NRT,299.12,5.13,D
-18.33432,125.6631,345.12,0.33,0.55,2026-05-05,0446,N,nominal,2.0NRT,300.91,8.03,D
-15.48822,125.98511,341.82,0.57,0.52,2026-05-05,0449,N,nominal,2.0NRT,299.94,8.95,D
-18.33056,125.64973,367,0.33,0.55,2026-05-05,0449,N,high,2.0NRT,300.67,10.04,D
-15.36798,126.83286,337.74,0.5,0.49,2026-05-05,0449,N,nominal,2.0NRT,300.13,9.19,D
-18.32987,125.65612,332.37,0.33,0.55,2026-05-05,0449,N,nominal,2.0NRT,300.01,8.79,D
-15.36917,126.82343,348.6,0.5,0.49,2026-05-05,0449,N,nominal,2.0NRT,299.99,10.84,D
-18.33022,125.65293,348.84,0.33,0.55,2026-05-05,0449,N,nominal,2.0NRT,300.39,10.04,D
-15.36461,126.82276,330.28,0.5,0.49,2026-05-05,0449,N,nominal,2.0NRT,297.68,5.3,D
-18.0456,127.87054,343.48,0.47,0.48,2026-05-05,0449,N,nominal,2.0NRT,300.02,4.68,D
-14.54012,132.20445,338.73,0.4,0.37,2026-05-05,0449,N,nominal,2.0NRT,305.3,4.78,D
-18.67977,121.77189,333.58,0.59,0.7,2026-05-05,0449,N,nominal,2.0NRT,300.12,4.02,D
-14.53564,132.21133,330.01,0.4,0.37,2026-05-05,0449,N,nominal,2.0NRT,298.06,1.38,D
-16.88076,135.72025,345.62,0.4,0.37,2026-05-05,0449,N,nominal,2.0NRT,303.74,6.48,D
-17.31242,132.76938,333.77,0.4,0.37,2026-05-05,0449,N,nominal,2.0NRT,303.47,2.59,D
-14.53225,132.21082,339.32,0.4,0.37,2026-05-05,0449,N,nominal,2.0NRT,302.75,5.71,D
-17.31297,132.76561,346.86,0.4,0.37,2026-05-05,0449,N,nominal,2.0NRT,305.75,5.38,D
-14.52887,132.21027,340.96,0.4,0.37,2026-05-05,0449,N,nominal,2.0NRT,302.23,5.71,D
-17.31012,132.76129,333.45,0.4,0.37,2026-05-05,0449,N,low,2.0NRT,304.19,4.1,D
-14.52942,132.20657,334.2,0.4,0.37,2026-05-05,0449,N,low,2.0NRT,304.31,5.36,D
-16.69818,135.59581,340.96,0.4,0.37,2026-05-05,0449,N,nominal,2.0NRT,301.47,3.43,D
-14.52603,132.20604,347.65,0.4,0.37,2026-05-05,0449,N,nominal,2.0NRT,302.75,5.3,D
-16.69419,135.599,334.88,0.4,0.37,2026-05-05,0449,N,nominal,2.0NRT,300.77,4.17,D
-14.45044,132.29626,341.45,0.4,0.37,2026-05-05,0449,N,nominal,2.0NRT,304.03,4.54,D
-16.69479,135.59523,344.58,0.4,0.37,2026-05-05,0449,N,nominal,2.0NRT,301.41,5.87,D
-15.26896,125.37128,341.01,0.63,0.54,2026-05-05,0449,N,nominal,2.0NRT,295.36,11.12,D
-17.14159,132.60374,339.13,0.4,0.37,2026-05-05,0449,N,nominal,2.0NRT,303.88,6.16,D
-15.20567,125.47672,342.15,0.61,0.54,2026-05-05,0449,N,nominal,2.0NRT,295.79,14.91,D
-17.14214,132.59996,335.26,0.4,0.37,2026-05-05,0449,N,nominal,2.0NRT,303.73,2.58,D
-15.20641,125.47057,341.64,0.61,0.54,2026-05-05,0449,N,nominal,2.0NRT,294.8,9.42,D
-17.13127,132.57887,333.88,0.4,0.37,2026-05-05,0449,N,nominal,2.0NRT,303.76,2.38,D
-14.8723,127.08472,351.02,0.48,0.48,2026-05-05,0449,N,nominal,2.0NRT,299.47,8.3,D
-17.1284,132.57454,345.82,0.4,0.37,2026-05-05,0449,N,nominal,2.0NRT,306.95,17.45,D
-14.86785,127.08411,367,0.48,0.48,2026-05-05,0449,N,high,2.0NRT,299.75,15.87,D
-17.12896,132.57074,338.33,0.4,0.37,2026-05-05,0449,N,nominal,2.0NRT,302.72,17.45,D
-14.17526,132.1552,343.69,0.4,0.37,2026-05-05,0449,N,nominal,2.0NRT,304.22,6.26,D
-17.125,132.57401,355.05,0.4,0.37,2026-05-05,0449,N,nominal,2.0NRT,307.76,17.45,D
-14.86728,127.08863,355.44,0.48,0.48,2026-05-05,0449,N,nominal,2.0NRT,298.38,13.66,D
-17.12555,132.57021,353.85,0.4,0.37,2026-05-05,0449,N,nominal,2.0NRT,316.9,17.45,D
-13.97819,132.88904,330.2,0.39,0.36,2026-05-05,0449,N,low,2.0NRT,304.93,2.65,D
-17.674,128.47881,340.71,0.42,0.45,2026-05-05,0449,N,nominal,2.0NRT,300.4,2.51,D
-14.9281,125.92653,333.98,0.57,0.52,2026-05-05,0449,N,nominal,2.0NRT,296.76,10.9,D
-17.12214,132.56967,346.21,0.4,0.37,2026-05-05,0449,N,nominal,2.0NRT,303.41,6.14,D
-13.96774,132.91306,333.32,0.39,0.36,2026-05-05,0449,N,nominal,2.0NRT,302.31,1.59,D
-17.65729,128.43968,332.74,0.43,0.46,2026-05-05,0449,N,nominal,2.0NRT,299.64,2.21,D
-14.94254,125.60282,355.73,0.6,0.53,2026-05-05,0449,N,nominal,2.0NRT,296.89,25.55,D
-17.62252,128.54942,342.84,0.42,0.45,2026-05-05,0449,N,nominal,2.0NRT,301.65,8.7,D
-14.94321,125.59724,332.61,0.6,0.53,2026-05-05,0449,N,nominal,2.0NRT,295.59,11.37,D
-17.623,128.54543,341.66,0.42,0.45,2026-05-05,0449,N,nominal,2.0NRT,300.92,5.59,D
-14.92878,125.54977,342.23,0.6,0.53,2026-05-05,0449,N,nominal,2.0NRT,299.89,53.44,D
-17.05482,132.79454,340.69,0.4,0.37,2026-05-05,0449,N,nominal,2.0NRT,302.76,7.36,D
-14.09014,131.87987,335.98,0.4,0.37,2026-05-05,0449,N,nominal,2.0NRT,303.27,2.38,D
-14.09068,131.87611,334.54,0.4,0.37,2026-05-05,0449,N,nominal,2.0NRT,302.99,2.38,D
-17.05143,132.79401,346.01,0.4,0.37,2026-05-05,0449,N,nominal,2.0NRT,305.49,7.36,D
-14.92383,125.54913,349.84,0.6,0.53,2026-05-05,0449,N,nominal,2.0NRT,301.5,53.44,D
-17.05198,132.79025,337.47,0.4,0.37,2026-05-05,0449,N,nominal,2.0NRT,304.1,7.36,D
-14.08618,131.88313,337.33,0.4,0.37,2026-05-05,0449,N,nominal,2.0NRT,304.65,3.31,D
-17.05078,132.79387,345.87,0.4,0.37,2026-05-05,0449,N,nominal,2.0NRT,304.2,24.55,D
-14.08673,131.87936,334.49,0.4,0.37,2026-05-05,0449,N,low,2.0NRT,305.69,4.73,D
-17.05133,132.79013,347.37,0.4,0.37,2026-05-05,0449,N,nominal,2.0NRT,305.48,24.55,D
-14.91889,125.54847,332.02,0.6,0.53,2026-05-05,0449,N,nominal,2.0NRT,296.8,5.12,D
-14.08222,131.88638,335.34,0.4,0.37,2026-05-05,0449,N,nominal,2.0NRT,303.24,3.31,D
-17.05244,132.78264,330.53,0.4,0.37,2026-05-05,0449,N,low,2.0NRT,301.82,15.71,D
-14.07882,131.88588,335.7,0.4,0.37,2026-05-05,0449,N,nominal,2.0NRT,304.38,3.67,D
-17.04795,132.7896,354,0.4,0.37,2026-05-05,0449,N,nominal,2.0NRT,307.41,24.55,D
-14.92166,125.43828,332.95,0.61,0.54,2026-05-05,0449,N,nominal,2.0NRT,294.72,8.79,D
-17.0485,132.78584,341.34,0.4,0.37,2026-05-05,0449,N,nominal,2.0NRT,312.42,15.71,D
-14.92232,125.43259,353.1,0.61,0.54,2026-05-05,0449,N,nominal,2.0NRT,298.62,10.13,D
-17.04905,132.7821,343.61,0.4,0.37,2026-05-05,0449,N,nominal,2.0NRT,305.29,15.71,D
-13.9405,132.79863,330.29,0.39,0.36,2026-05-05,0449,N,low,2.0NRT,303.68,3.8,D
-17.04511,132.78531,367,0.4,0.37,2026-05-05,0449,N,high,2.0NRT,301.29,34,D
-14.91733,125.432,337.92,0.61,0.54,2026-05-05,0449,N,nominal,2.0NRT,297.83,10.13,D
-17.04566,132.78156,345.11,0.4,0.37,2026-05-05,0449,N,nominal,2.0NRT,310.64,34,D
-13.95168,132.70108,337.1,0.39,0.36,2026-05-05,0449,N,nominal,2.0NRT,300.34,2.64,D
-14.07147,131.88852,336.41,0.4,0.37,2026-05-05,0449,N,nominal,2.0NRT,304.39,5.94,D
-17.62209,128.5499,335.77,0.42,0.45,2026-05-05,0449,N,nominal,2.0NRT,300.59,6.14,D
-14.07201,131.88478,332.9,0.4,0.37,2026-05-05,0449,N,low,2.0NRT,307.07,3.95,D
-17.6226,128.54593,342.66,0.42,0.45,2026-05-05,0449,N,nominal,2.0NRT,301.03,5.24,D
-14.06861,131.88425,348.13,0.4,0.37,2026-05-05,0449,N,nominal,2.0NRT,305.86,3.95,D
-17.59264,128.54619,355.64,0.42,0.45,2026-05-05,0449,N,nominal,2.0NRT,303.85,19.53,D
-13.92617,132.82581,348.49,0.39,0.36,2026-05-05,0449,N,nominal,2.0NRT,301.55,6.24,D
-17.00555,132.77139,332.08,0.4,0.37,2026-05-05,0449,N,nominal,2.0NRT,303.47,2.77,D
-14.90505,125.40674,331.29,0.62,0.54,2026-05-05,0449,N,nominal,2.0NRT,296.71,5.48,D
-17.0061,132.76764,332.89,0.4,0.37,2026-05-05,0449,N,nominal,2.0NRT,303.22,2.77,D
-13.92445,132.8145,343.02,0.39,0.36,2026-05-05,0449,N,nominal,2.0NRT,303.06,2.77,D
-14.86811,125.68417,332.49,0.59,0.53,2026-05-05,0449,N,nominal,2.0NRT,296.12,8.29,D
-17.00665,132.76389,330.41,0.4,0.37,2026-05-05,0449,N,low,2.0NRT,302.7,2.95,D
-14.86874,125.67876,355.07,0.59,0.53,2026-05-05,0449,N,nominal,2.0NRT,298.99,29.66,D
-17.00719,132.76015,338.55,0.4,0.37,2026-05-05,0449,N,nominal,2.0NRT,302.26,2.95,D
-14.90005,125.40604,340.43,0.62,0.54,2026-05-05,0449,N,nominal,2.0NRT,295.59,5.48,D
-17.00435,132.75586,341.97,0.4,0.37,2026-05-05,0449,N,nominal,2.0NRT,302.96,4.22,D
-14.90819,125.33467,343.92,0.62,0.54,2026-05-05,0449,N,nominal,2.0NRT,297.06,25.32,D
-17.57582,128.54405,334.3,0.42,0.45,2026-05-05,0449,N,nominal,2.0NRT,297.86,3.18,D
-13.9211,132.81396,334.83,0.39,0.36,2026-05-05,0449,N,nominal,2.0NRT,301.8,2.09,D
-17.5526,128.59335,353.46,0.42,0.45,2026-05-05,0449,N,nominal,2.0NRT,301.65,5.25,D
-13.9383,132.69896,330.85,0.39,0.36,2026-05-05,0449,N,low,2.0NRT,304.7,3.1,D
-17.55309,128.58943,337.09,0.42,0.45,2026-05-05,0449,N,nominal,2.0NRT,299.79,5.25,D
-13.95119,132.61249,337.31,0.39,0.36,2026-05-05,0449,N,nominal,2.0NRT,304.34,5.29,D
-17.55185,128.56505,367,0.42,0.45,2026-05-05,0449,N,high,2.0NRT,304.43,11.55,D
-13.93285,132.70119,337.58,0.39,0.36,2026-05-05,0449,N,nominal,2.0NRT,303.94,2.98,D
-13.94533,132.61835,331.44,0.39,0.36,2026-05-05,0449,N,low,2.0NRT,303.87,2.78,D
-17.55136,128.56902,341.08,0.42,0.45,2026-05-05,0449,N,nominal,2.0NRT,300.48,11.55,D
-13.92951,132.70065,335.75,0.39,0.36,2026-05-05,0449,N,nominal,2.0NRT,303.21,2.98,D
-17.55234,128.56108,333.09,0.42,0.45,2026-05-05,0449,N,nominal,2.0NRT,299.17,4.22,D
-14.93721,125.35482,333.76,0.62,0.54,2026-05-05,0449,N,nominal,2.0NRT,292.16,7.65,D
-17.55625,128.5295,334.76,0.42,0.45,2026-05-05,0449,N,nominal,2.0NRT,299.36,7.26,D
-14.92207,125.43616,334.99,0.61,0.54,2026-05-05,0449,N,nominal,2.0NRT,297.19,9.57,D
-17.5413,128.61583,335.63,0.41,0.45,2026-05-05,0449,N,nominal,2.0NRT,299.99,3.37,D
-14.92277,125.43047,341.6,0.61,0.54,2026-05-05,0449,N,nominal,2.0NRT,298.17,9.57,D
-17.54814,128.56055,340.9,0.42,0.45,2026-05-05,0449,N,nominal,2.0NRT,299.53,4.22,D
-14.91778,125.42991,332.82,0.61,0.54,2026-05-05,0449,N,nominal,2.0NRT,297.34,9.08,D
-17.54345,128.56395,347.07,0.42,0.45,2026-05-05,0449,N,nominal,2.0NRT,302.16,14.29,D
-14.87227,125.67689,342.51,0.59,0.53,2026-05-05,0449,N,nominal,2.0NRT,298.41,11.72,D
-17.54394,128.56001,354.67,0.42,0.45,2026-05-05,0449,N,nominal,2.0NRT,310.02,33.03,D
-14.90568,125.40465,331.7,0.61,0.54,2026-05-05,0449,N,nominal,2.0NRT,295.5,8.08,D
-17.54443,128.55605,330.66,0.42,0.45,2026-05-05,0449,N,low,2.0NRT,301.5,33.03,D
-14.91006,125.36874,339.32,0.62,0.54,2026-05-05,0449,N,nominal,2.0NRT,292.98,10.46,D
-17.53053,128.6342,333.82,0.41,0.45,2026-05-05,0449,N,nominal,2.0NRT,300.05,4.88,D
-14.90936,125.33269,367,0.62,0.54,2026-05-05,0449,N,high,2.0NRT,297.3,24,D
-17.53101,128.63031,335.99,0.41,0.45,2026-05-05,0449,N,nominal,2.0NRT,300.76,2.58,D
-14.86671,125.68166,344.44,0.59,0.53,2026-05-05,0449,N,nominal,2.0NRT,297.1,13.57,D
-17.53827,128.57137,332.55,0.42,0.45,2026-05-05,0449,N,nominal,2.0NRT,298.88,3.46,D
-14.86738,125.67621,343.39,0.59,0.53,2026-05-05,0449,N,nominal,2.0NRT,296.8,13.57,D
-17.53876,128.56741,341.98,0.42,0.45,2026-05-05,0449,N,nominal,2.0NRT,299.51,14.29,D
-14.90069,125.40395,340.09,0.61,0.54,2026-05-05,0449,N,nominal,2.0NRT,293.24,11.59,D
-17.53925,128.56345,347.34,0.42,0.45,2026-05-05,0449,N,nominal,2.0NRT,300.18,14.29,D
-14.28248,130.08321,343.47,0.47,0.4,2026-05-05,0449,N,nominal,2.0NRT,301.77,4.61,D
-17.53974,128.55949,353.75,0.42,0.45,2026-05-05,0449,N,nominal,2.0NRT,301.25,33.03,D
-14.28311,130.07866,356.48,0.47,0.4,2026-05-05,0449,N,nominal,2.0NRT,303.28,10.86,D
-17.00445,132.53967,330.23,0.4,0.37,2026-05-05,0449,N,low,2.0NRT,302.73,5.39,D
-14.86781,125.59118,342.04,0.6,0.53,2026-05-05,0449,N,nominal,2.0NRT,297.76,14.03,D
-17.52683,128.62978,332.37,0.41,0.45,2026-05-05,0449,N,nominal,2.0NRT,299.41,2.83,D
-14.26721,130.05826,340.94,0.47,0.4,2026-05-05,0449,N,nominal,2.0NRT,302.59,7.94,D
-17.55175,128.42645,337.2,0.43,0.46,2026-05-05,0449,N,nominal,2.0NRT,299.97,7.32,D
-14.26292,130.06215,348.97,0.47,0.4,2026-05-05,0449,N,nominal,2.0NRT,313.5,60.64,D
-17.55225,128.42241,346.81,0.43,0.46,2026-05-05,0449,N,nominal,2.0NRT,301.58,8.5,D
-14.26353,130.05777,348.66,0.47,0.4,2026-05-05,0449,N,nominal,2.0NRT,304.08,7.94,D
-17.00269,132.52773,338.06,0.4,0.37,2026-05-05,0449,N,nominal,2.0NRT,301.44,4.62,D
-14.26414,130.05336,347.8,0.47,0.4,2026-05-05,0449,N,nominal,2.0NRT,301.99,7.94,D
-16.99928,132.52719,341.16,0.4,0.37,2026-05-05,0449,N,nominal,2.0NRT,304.79,11.68,D
-14.86436,125.41109,335.64,0.61,0.54,2026-05-05,0449,N,nominal,2.0NRT,296.78,9.98,D
-14.86505,125.40527,340.16,0.61,0.54,2026-05-05,0449,N,nominal,2.0NRT,295.68,8.45,D
-17.52005,128.58099,352.81,0.42,0.45,2026-05-05,0449,N,nominal,2.0NRT,298.47,10.38,D
-17.50153,128.69778,367,0.41,0.45,2026-05-05,0449,N,high,2.0NRT,302.38,10.74,D
-14.25924,130.06163,340.56,0.47,0.4,2026-05-05,0449,N,nominal,2.0NRT,300.34,6.7,D
-17.51538,128.5844,341.48,0.42,0.45,2026-05-05,0449,N,nominal,2.0NRT,297.87,6.65,D
-14.25985,130.05724,339.05,0.47,0.4,2026-05-05,0449,N,nominal,2.0NRT,299.95,4.78,D
-17.51585,128.58047,338.6,0.42,0.45,2026-05-05,0449,N,nominal,2.0NRT,297.63,3.05,D
-14.26046,130.05283,333.83,0.47,0.4,2026-05-05,0449,N,nominal,2.0NRT,297.69,4.78,D
-16.93569,132.89413,350.77,0.4,0.37,2026-05-05,0449,N,nominal,2.0NRT,304.28,6.24,D
-14.26108,130.04839,336.86,0.47,0.4,2026-05-05,0449,N,nominal,2.0NRT,296.93,4.45,D
-14.25128,130.065,344.1,0.47,0.4,2026-05-05,0449,N,nominal,2.0NRT,302.61,6.92,D
-17.52032,128.50856,334.72,0.42,0.45,2026-05-05,0449,N,nominal,2.0NRT,300.28,3.37,D
-14.25189,130.06059,334.29,0.47,0.4,2026-05-05,0449,N,nominal,2.0NRT,298.8,6.92,D
-17.52081,128.50455,342.95,0.42,0.45,2026-05-05,0449,N,nominal,2.0NRT,301.61,3.37,D
-14.24699,130.06891,333.88,0.47,0.4,2026-05-05,0449,N,nominal,2.0NRT,301.99,3.76,D
-16.9245,132.89583,344.03,0.39,0.37,2026-05-05,0449,N,nominal,2.0NRT,305.26,11.83,D
-14.24269,130.07283,340.13,0.47,0.4,2026-05-05,0449,N,nominal,2.0NRT,303.12,8.59,D
-16.92168,132.89157,335.99,0.39,0.37,2026-05-05,0449,N,nominal,2.0NRT,302.99,3.1,D
-14.23841,130.07675,339.27,0.47,0.4,2026-05-05,0449,N,nominal,2.0NRT,302.71,6.95,D
-16.92223,132.88785,338.43,0.4,0.37,2026-05-05,0449,N,nominal,2.0NRT,304.37,3.69,D
-14.23901,130.07237,354.83,0.47,0.4,2026-05-05,0449,N,nominal,2.0NRT,305.34,8.59,D
-16.92884,132.84315,338.34,0.4,0.37,2026-05-05,0449,N,nominal,2.0NRT,304.32,3.82,D
-14.23473,130.07623,337.67,0.47,0.4,2026-05-05,0449,N,nominal,2.0NRT,302.28,5.64,D
-16.92939,132.83942,336.24,0.4,0.37,2026-05-05,0449,N,nominal,2.0NRT,301.59,3.82,D
-14.23534,130.07182,333.22,0.47,0.4,2026-05-05,0449,N,low,2.0NRT,304.12,6.3,D
-17.51982,128.58104,347.84,0.42,0.45,2026-05-05,0449,N,nominal,2.0NRT,299.04,6.95,D
-14.22681,130.10654,344.97,0.47,0.4,2026-05-05,0449,N,nominal,2.0NRT,302.74,5.36,D
-17.5005,128.69762,367,0.41,0.45,2026-05-05,0449,N,high,2.0NRT,301.75,11.47,D
-14.22743,130.10205,342.88,0.47,0.4,2026-05-05,0449,N,nominal,2.0NRT,301.27,5.36,D
-16.92656,132.83514,342.45,0.4,0.37,2026-05-05,0449,N,nominal,2.0NRT,303.36,3.11,D
-14.80903,125.53781,337.58,0.6,0.53,2026-05-05,0449,N,nominal,2.0NRT,296.36,5.86,D
-16.92711,132.83142,336.48,0.4,0.37,2026-05-05,0449,N,nominal,2.0NRT,301.58,3.11,D
-14.22253,130.11049,341.91,0.47,0.4,2026-05-05,0449,N,nominal,2.0NRT,303.28,5.62,D
-17.51512,128.58444,341.74,0.42,0.45,2026-05-05,0449,N,nominal,2.0NRT,297.94,6.78,D
-14.22315,130.10597,353.21,0.47,0.4,2026-05-05,0449,N,nominal,2.0NRT,302.62,5.04,D
-17.51562,128.58054,335.74,0.42,0.45,2026-05-05,0449,N,nominal,2.0NRT,297.25,6.95,D
-14.22377,130.10147,336.52,0.47,0.4,2026-05-05,0449,N,nominal,2.0NRT,302.65,5.04,D
-16.91878,132.86443,334.13,0.4,0.37,2026-05-05,0449,N,nominal,2.0NRT,303.49,4.44,D
-16.92042,132.85324,346.38,0.4,0.37,2026-05-05,0449,N,nominal,2.0NRT,303.87,4.75,D
-14.22559,130.08823,337.66,0.47,0.4,2026-05-05,0449,N,nominal,2.0NRT,303.21,6.21,D
-16.92097,132.84953,343.62,0.4,0.37,2026-05-05,0449,N,nominal,2.0NRT,303.39,5.21,D
-14.22618,130.08391,352.78,0.47,0.4,2026-05-05,0449,N,nominal,2.0NRT,304.09,6.21,D
-14.22678,130.07956,347.08,0.47,0.4,2026-05-05,0449,N,nominal,2.0NRT,302.99,6.73,D
-16.92373,132.83089,345.93,0.4,0.37,2026-05-05,0449,N,nominal,2.0NRT,303.77,5.61,D
-14.80408,125.53721,341.45,0.6,0.53,2026-05-05,0449,N,nominal,2.0NRT,293.64,8.62,D
-17.49934,128.67381,338.31,0.41,0.45,2026-05-05,0449,N,nominal,2.0NRT,300.39,7.03,D
-14.21826,130.11436,332.93,0.47,0.4,2026-05-05,0449,N,low,2.0NRT,303.71,5.62,D
-17.49984,128.66995,339.68,0.41,0.45,2026-05-05,0449,N,nominal,2.0NRT,300.09,7.03,D
-14.21887,130.10988,350.93,0.47,0.4,2026-05-05,0449,N,nominal,2.0NRT,305.64,5.62,D
-17.52058,128.5088,334.87,0.42,0.45,2026-05-05,0449,N,nominal,2.0NRT,300.14,3.49,D
-14.21949,130.10539,333.61,0.47,0.4,2026-05-05,0449,N,nominal,2.0NRT,301.87,5.04,D
-17.5211,128.50478,340.02,0.42,0.45,2026-05-05,0449,N,nominal,2.0NRT,301.38,3.49,D
-14.22192,130.08768,351.53,0.47,0.4,2026-05-05,0449,N,nominal,2.0NRT,301.7,6.21,D
-16.91649,132.85645,339.54,0.4,0.37,2026-05-05,0449,N,nominal,2.0NRT,303.88,4.75,D
-13.95555,131.89705,344.68,0.4,0.37,2026-05-05,0449,N,nominal,2.0NRT,300.58,16.33,D
-16.91704,132.85271,351.36,0.4,0.37,2026-05-05,0449,N,nominal,2.0NRT,303.8,4.75,D
-14.79156,125.47175,330.72,0.61,0.53,2026-05-05,0449,N,nominal,2.0NRT,297.57,4.47,D
-16.91759,132.84898,350.88,0.4,0.37,2026-05-05,0449,N,nominal,2.0NRT,306.65,5.21,D
-14.19877,130.12019,331.58,0.47,0.4,2026-05-05,0449,N,low,2.0NRT,303.92,4.17,D
-16.91814,132.84526,330.03,0.4,0.37,2026-05-05,0449,N,low,2.0NRT,303.38,5.21,D
-14.19452,130.12395,347.55,0.47,0.4,2026-05-05,0449,N,nominal,2.0NRT,304.56,7.23,D
-16.92089,132.82661,333.49,0.4,0.37,2026-05-05,0449,N,low,2.0NRT,303.74,2.93,D
-14.19899,130.12216,336.25,0.47,0.4,2026-05-05,0449,N,nominal,2.0NRT,303.46,4.34,D
-16.92144,132.82289,338.07,0.4,0.37,2026-05-05,0449,N,nominal,2.0NRT,301.67,2.93,D
-14.19472,130.1259,339.18,0.47,0.4,2026-05-05,0449,N,nominal,2.0NRT,303.06,5.71,D
-17.49418,128.68098,339.47,0.41,0.45,2026-05-05,0449,N,nominal,2.0NRT,299.85,10.41,D
-14.19533,130.12158,334.38,0.47,0.4,2026-05-05,0449,N,low,2.0NRT,304.6,5.92,D
-17.49518,128.67325,356.09,0.41,0.45,2026-05-05,0449,N,nominal,2.0NRT,303.01,7.03,D
-14.80774,125.537,350.32,0.6,0.53,2026-05-05,0449,N,nominal,2.0NRT,296.14,14.59,D
-16.91421,132.84846,330.31,0.4,0.37,2026-05-05,0449,N,low,2.0NRT,303.44,2.89,D
-14.1923,130.11658,350.36,0.47,0.4,2026-05-05,0449,N,nominal,2.0NRT,306.17,5.92,D
-16.91476,132.84473,336.98,0.4,0.37,2026-05-05,0449,N,nominal,2.0NRT,302.51,2.89,D
-14.19611,130.06331,346.63,0.47,0.4,2026-05-05,0449,N,nominal,2.0NRT,302.31,5.64,D
-16.91531,132.841,337.45,0.4,0.37,2026-05-05,0449,N,nominal,2.0NRT,303.19,3.35,D
-14.19673,130.0589,349.97,0.47,0.4,2026-05-05,0449,N,nominal,2.0NRT,301.75,7.48,D
-16.91806,132.82236,339.55,0.4,0.37,2026-05-05,0449,N,nominal,2.0NRT,303.6,4.28,D
-14.19181,130.06717,339.44,0.47,0.4,2026-05-05,0449,N,nominal,2.0NRT,301.69,5.64,D
-14.15262,130.31772,337.65,0.46,0.39,2026-05-05,0449,N,nominal,2.0NRT,302.15,3.03,D
-16.91861,132.81862,341.81,0.4,0.37,2026-05-05,0449,N,nominal,2.0NRT,301.6,6.25,D
-14.79074,125.47111,331.27,0.61,0.53,2026-05-05,0449,N,nominal,2.0NRT,297.36,5.86,D
-17.49052,128.67657,334.94,0.41,0.45,2026-05-05,0449,N,nominal,2.0NRT,300.47,4.26,D
-13.70944,133.28044,353.66,0.38,0.36,2026-05-05,0449,N,nominal,2.0NRT,306.63,11.34,D
-17.49101,128.6727,330.66,0.41,0.45,2026-05-05,0449,N,nominal,2.0NRT,299.26,3.62,D
-13.70665,133.27635,343.78,0.38,0.36,2026-05-05,0449,N,nominal,2.0NRT,304.26,11.34,D
-16.90479,132.8889,334.58,0.39,0.37,2026-05-05,0449,N,nominal,2.0NRT,303.57,3.24,D
-13.70719,133.2728,347.11,0.38,0.36,2026-05-05,0449,N,nominal,2.0NRT,304.68,9.85,D
-16.91578,132.81435,349.44,0.4,0.37,2026-05-05,0449,N,nominal,2.0NRT,302.08,6.25,D
-14.1636,130.16122,334.93,0.47,0.39,2026-05-05,0449,N,nominal,2.0NRT,302.82,6.51,D
-17.48635,128.67607,341.84,0.41,0.45,2026-05-05,0449,N,nominal,2.0NRT,299.7,4.26,D
-14.16484,130.15242,341.39,0.47,0.39,2026-05-05,0449,N,nominal,2.0NRT,301.18,5.3,D
-17.48685,128.67218,343.72,0.41,0.45,2026-05-05,0449,N,nominal,2.0NRT,301.35,3.62,D
-14.16545,130.14807,330.71,0.47,0.39,2026-05-05,0449,N,low,2.0NRT,300.8,5.3,D
-16.89977,132.89952,330.07,0.39,0.37,2026-05-05,0449,N,low,2.0NRT,302.17,2.35,D
-14.16729,130.13501,339.23,0.47,0.4,2026-05-05,0449,N,nominal,2.0NRT,301.51,6.02,D
-16.90306,132.8772,332.41,0.4,0.37,2026-05-05,0449,N,low,2.0NRT,303.25,4.7,D
-14.16852,130.12628,335.83,0.47,0.4,2026-05-05,0449,N,nominal,2.0NRT,300.85,2.85,D
-16.90471,132.86603,337.02,0.4,0.37,2026-05-05,0449,N,nominal,2.0NRT,303.48,4.37,D
-14.17712,130.06502,347.6,0.47,0.4,2026-05-05,0449,N,nominal,2.0NRT,301.79,8.19,D
-17.48416,128.66006,332.57,0.41,0.45,2026-05-05,0449,N,nominal,2.0NRT,301.07,2.8,D
-13.91588,131.85718,330.1,0.4,0.37,2026-05-05,0449,N,low,2.0NRT,300.92,3.22,D
-16.89419,132.91385,337.3,0.39,0.37,2026-05-05,0449,N,nominal,2.0NRT,303.23,4.48,D
-14.15994,130.16069,349.32,0.47,0.39,2026-05-05,0449,N,nominal,2.0NRT,304.35,4.85,D
-16.89693,132.89528,337.03,0.39,0.37,2026-05-05,0449,N,nominal,2.0NRT,303.01,2.35,D
-14.16057,130.15628,341.98,0.47,0.39,2026-05-05,0449,N,nominal,2.0NRT,302.62,4.85,D
-16.89913,132.88037,346.14,0.4,0.37,2026-05-05,0449,N,nominal,2.0NRT,304.95,7.37,D
-14.16118,130.15189,331.98,0.47,0.39,2026-05-05,0449,N,nominal,2.0NRT,300.25,2.38,D
-16.90023,132.87292,346.38,0.4,0.37,2026-05-05,0449,N,nominal,2.0NRT,304.26,4.7,D
-14.16363,130.13446,334.84,0.47,0.4,2026-05-05,0449,N,nominal,2.0NRT,300.15,3.81,D
-16.90133,132.86548,337.2,0.4,0.37,2026-05-05,0449,N,nominal,2.0NRT,301.93,4.37,D
-14.16486,130.12575,330.03,0.47,0.4,2026-05-05,0449,N,nominal,2.0NRT,299.07,1.96,D
-16.90352,132.8506,336.7,0.4,0.37,2026-05-05,0449,N,nominal,2.0NRT,305.59,5.55,D
-14.17345,130.0645,341.53,0.47,0.4,2026-05-05,0449,N,nominal,2.0NRT,300.89,8.3,D
-16.89246,132.90218,334.74,0.39,0.37,2026-05-05,0449,N,nominal,2.0NRT,303.55,3.95,D
-14.15568,130.16451,332.48,0.47,0.39,2026-05-05,0449,N,low,2.0NRT,303.16,4.38,D
-14.15629,130.16013,334.01,0.47,0.39,2026-05-05,0449,N,nominal,2.0NRT,303.16,4.85,D
-16.89411,132.89102,346.3,0.39,0.37,2026-05-05,0449,N,nominal,2.0NRT,302.62,4.7,D
-16.89685,132.87241,343.31,0.4,0.37,2026-05-05,0449,N,nominal,2.0NRT,302.45,6.33,D
-14.16855,130.07272,334.27,0.47,0.4,2026-05-05,0449,N,nominal,2.0NRT,301.15,6.15,D
-16.89849,132.86122,354.67,0.4,0.37,2026-05-05,0449,N,nominal,2.0NRT,310.05,15.83,D
-14.15203,130.16397,339.99,0.47,0.39,2026-05-05,0449,N,nominal,2.0NRT,303.5,14.05,D
-14.15264,130.15959,350.44,0.47,0.39,2026-05-05,0449,N,nominal,2.0NRT,305.66,13.41,D
-16.90014,132.85005,351.53,0.4,0.37,2026-05-05,0449,N,nominal,2.0NRT,303.22,6.25,D
-14.15326,130.15521,338.93,0.47,0.39,2026-05-05,0449,N,nominal,2.0NRT,299.08,13.41,D
-16.90288,132.83142,334.45,0.4,0.37,2026-05-05,0449,N,nominal,2.0NRT,302.18,3.39,D
-14.16427,130.0766,346.5,0.47,0.4,2026-05-05,0449,N,nominal,2.0NRT,301.7,6.45,D
-16.90343,132.82768,330.82,0.4,0.37,2026-05-05,0449,N,low,2.0NRT,302.25,3.39,D
-14.16488,130.0722,335.05,0.47,0.4,2026-05-05,0449,N,nominal,2.0NRT,300.72,6.03,D
-16.90398,132.82396,346.86,0.4,0.37,2026-05-05,0449,N,nominal,2.0NRT,303.58,5.58,D
-13.79867,132.57721,335.07,0.39,0.36,2026-05-05,0449,N,nominal,2.0NRT,302.98,5.09,D
-16.90673,132.80528,337.75,0.4,0.37,2026-05-05,0449,N,nominal,2.0NRT,300.69,3.44,D
-13.90786,131.84067,349.5,0.4,0.37,2026-05-05,0449,N,nominal,2.0NRT,303.1,82.42,D
-14.14837,130.16345,350.73,0.47,0.39,2026-05-05,0449,N,nominal,2.0NRT,306.92,14.05,D
-16.89511,132.86069,342.97,0.4,0.37,2026-05-05,0449,N,nominal,2.0NRT,301.96,15.83,D
-14.14898,130.15907,347.47,0.47,0.39,2026-05-05,0449,N,nominal,2.0NRT,303.46,13.41,D
-16.89566,132.85696,334.4,0.4,0.37,2026-05-05,0449,N,nominal,2.0NRT,303.26,15.83,D
-14.1606,130.07607,332.28,0.47,0.4,2026-05-05,0449,N,nominal,2.0NRT,301.29,6.45,D
-14.1624,130.06314,332.13,0.47,0.4,2026-05-05,0449,N,low,2.0NRT,302.17,3.46,D
-16.89676,132.84952,335.58,0.4,0.37,2026-05-05,0449,N,nominal,2.0NRT,303.63,6.25,D
-13.90445,131.84016,346.93,0.4,0.37,2026-05-05,0449,N,nominal,2.0NRT,309.77,31.45,D
-16.8995,132.83089,338.02,0.4,0.37,2026-05-05,0449,N,nominal,2.0NRT,303.51,3.39,D
-14.1435,130.17165,344.66,0.47,0.39,2026-05-05,0449,N,nominal,2.0NRT,302.82,8.09,D
-16.90005,132.82715,343.45,0.4,0.37,2026-05-05,0449,N,nominal,2.0NRT,300.14,3.39,D
-14.14411,130.16728,340.2,0.47,0.39,2026-05-05,0449,N,nominal,2.0NRT,304.3,5.58,D
-14.14472,130.16293,345.89,0.47,0.39,2026-05-05,0449,N,nominal,2.0NRT,305.63,5.58,D
-16.90115,132.81969,337.14,0.4,0.37,2026-05-05,0449,N,nominal,2.0NRT,302.35,5.58,D
-14.14533,130.15857,346.03,0.47,0.39,2026-05-05,0449,N,nominal,2.0NRT,305.53,5.58,D
-16.90334,132.80475,336.66,0.4,0.37,2026-05-05,0449,N,nominal,2.0NRT,299.06,3.44,D
-14.14594,130.15421,331.07,0.47,0.39,2026-05-05,0449,N,nominal,2.0NRT,301.86,5.58,D
-17.45837,128.76271,330.93,0.4,0.45,2026-05-05,0449,N,nominal,2.0NRT,299.89,1.45,D
-14.15814,130.06685,343.26,0.47,0.4,2026-05-05,0449,N,nominal,2.0NRT,302,4.83,D
-17.47315,128.64671,343.36,0.41,0.45,2026-05-05,0449,N,nominal,2.0NRT,302.15,10.26,D
-14.15874,130.06256,341.4,0.47,0.4,2026-05-05,0449,N,nominal,2.0NRT,301.94,5.39,D
-14.15935,130.05817,338.49,0.47,0.4,2026-05-05,0449,N,nominal,2.0NRT,303.3,5.39,D
-17.46997,128.63834,367,0.41,0.45,2026-05-05,0449,N,high,2.0NRT,303.55,8.69,D
-14.71015,125.84524,345.6,0.57,0.52,2026-05-05,0449,N,nominal,2.0NRT,297.99,20.76,D
-16.88626,132.89738,347.14,0.39,0.37,2026-05-05,0449,N,nominal,2.0NRT,308.03,20.12,D
-14.71082,125.83973,335.62,0.57,0.52,2026-05-05,0449,N,nominal,2.0NRT,298.68,20.76,D
-16.8868,132.89366,333.41,0.39,0.37,2026-05-05,0449,N,low,2.0NRT,305.43,20.12,D
-13.90159,131.83591,342.56,0.4,0.37,2026-05-05,0449,N,nominal,2.0NRT,301.34,7.9,D
-16.8879,132.88622,351.46,0.39,0.37,2026-05-05,0449,N,nominal,2.0NRT,303.89,6.1,D
-14.13742,130.18849,338.61,0.46,0.39,2026-05-05,0449,N,nominal,2.0NRT,300.8,3.53,D
-16.89776,132.81915,346.68,0.4,0.37,2026-05-05,0449,N,nominal,2.0NRT,301.54,6.87,D
-14.13864,130.17978,333.85,0.46,0.39,2026-05-05,0449,N,nominal,2.0NRT,299.26,7.37,D
-16.89831,132.81541,335.72,0.4,0.37,2026-05-05,0449,N,nominal,2.0NRT,302.52,3.52,D
-14.14107,130.1624,339.61,0.47,0.39,2026-05-05,0449,N,nominal,2.0NRT,300.52,5.58,D
-17.45423,128.76218,339.81,0.4,0.45,2026-05-05,0449,N,nominal,2.0NRT,301.06,4.81,D
-14.14168,130.15802,347.21,0.47,0.39,2026-05-05,0449,N,nominal,2.0NRT,302.95,5.58,D
-17.45521,128.7545,335.22,0.4,0.45,2026-05-05,0449,N,nominal,2.0NRT,300.91,5.22,D
-14.15447,130.06627,335.07,0.47,0.4,2026-05-05,0449,N,nominal,2.0NRT,303.14,4.83,D
-17.46947,128.64226,335.3,0.41,0.45,2026-05-05,0449,N,nominal,2.0NRT,302.19,7.42,D
-14.15569,130.05753,341.39,0.47,0.4,2026-05-05,0449,N,nominal,2.0NRT,303.42,5.39,D
-17.47046,128.63445,355.55,0.41,0.45,2026-05-05,0449,N,nominal,2.0NRT,302.14,8.69,D
-14.15753,130.04428,338.67,0.47,0.4,2026-05-05,0449,N,nominal,2.0NRT,302.49,4.12,D
-17.47144,128.62669,343.96,0.41,0.45,2026-05-05,0449,N,nominal,2.0NRT,301.21,6.96,D
-13.89818,131.83539,340.8,0.4,0.37,2026-05-05,0449,N,nominal,2.0NRT,301.66,6.13,D
-17.47242,128.61899,348.61,0.41,0.45,2026-05-05,0449,N,nominal,2.0NRT,300.07,8.43,D
-14.64039,126.33539,342.87,0.53,0.5,2026-05-05,0449,N,nominal,2.0NRT,298.56,8.56,D
-17.47291,128.61514,332.36,0.41,0.45,2026-05-05,0449,N,nominal,2.0NRT,298.97,6.55,D
-13.89533,131.83112,346.17,0.4,0.37,2026-05-05,0449,N,nominal,2.0NRT,301.03,6.13,D
-17.90586,124.87964,367,0.36,0.58,2026-05-05,0449,N,high,2.0NRT,299.76,9.53,D
-14.12829,130.20058,338.66,0.46,0.39,2026-05-05,0449,N,nominal,2.0NRT,302.04,5.88,D
-16.88288,132.89685,334.06,0.39,0.37,2026-05-05,0449,N,nominal,2.0NRT,300.72,20.12,D
-13.79918,132.45897,346.03,0.39,0.36,2026-05-05,0449,N,nominal,2.0NRT,306.01,5.91,D
-16.88343,132.89313,345.02,0.39,0.37,2026-05-05,0449,N,nominal,2.0NRT,312.96,20.12,D
-13.79971,132.45535,334.62,0.39,0.36,2026-05-05,0449,N,nominal,2.0NRT,303.79,5.91,D
-16.88397,132.8894,337.01,0.39,0.37,2026-05-05,0449,N,nominal,2.0NRT,305.12,6.1,D
-13.88632,131.84503,346.37,0.4,0.37,2026-05-05,0449,N,nominal,2.0NRT,305.74,7.25,D
-16.88507,132.88196,350.7,0.4,0.37,2026-05-05,0449,N,nominal,2.0NRT,303.89,5.41,D
-14.1198,130.20815,332.62,0.46,0.39,2026-05-05,0449,N,nominal,2.0NRT,302.57,4.54,D
-16.89493,132.81488,346.63,0.4,0.37,2026-05-05,0449,N,nominal,2.0NRT,300.77,3.52,D
-14.16426,129.88692,344.13,0.48,0.4,2026-05-05,0449,N,nominal,2.0NRT,302.5,7.42,D
-16.89548,132.81116,343.17,0.4,0.37,2026-05-05,0449,N,nominal,2.0NRT,300.17,3.52,D
-14.16488,129.88242,343.28,0.48,0.4,2026-05-05,0449,N,nominal,2.0NRT,303.19,7.08,D
-17.46579,128.6378,339.47,0.41,0.45,2026-05-05,0449,N,nominal,2.0NRT,300.45,8.69,D
-13.74831,132.75322,338.75,0.39,0.36,2026-05-05,0449,N,nominal,2.0NRT,302.09,4.59,D
-17.46629,128.63391,345.43,0.41,0.45,2026-05-05,0449,N,nominal,2.0NRT,302.37,8.69,D
-13.88346,131.84077,344.89,0.4,0.37,2026-05-05,0449,N,nominal,2.0NRT,304.23,5.01,D
-17.46678,128.63002,342.06,0.41,0.45,2026-05-05,0449,N,nominal,2.0NRT,303.43,6.96,D
-13.88401,131.83704,341.86,0.4,0.37,2026-05-05,0449,N,nominal,2.0NRT,302.23,5.01,D
-17.46726,128.62617,350.52,0.41,0.45,2026-05-05,0449,N,nominal,2.0NRT,303.11,6.96,D
-14.19039,129.66859,337.68,0.49,0.41,2026-05-05,0449,N,nominal,2.0NRT,299.96,5.25,D
-17.46775,128.62234,344.05,0.41,0.45,2026-05-05,0449,N,nominal,2.0NRT,303.71,8.43,D
-14.1923,129.62656,367,0.5,0.41,2026-05-05,0449,N,high,2.0NRT,302.36,16.27,D
-17.46824,128.61848,353.74,0.41,0.45,2026-05-05,0449,N,nominal,2.0NRT,303.98,8.43,D
-14.19293,129.62193,367,0.5,0.41,2026-05-05,0449,N,high,2.0NRT,303.15,16.27,D
-17.90548,124.88316,332.43,0.36,0.58,2026-05-05,0449,N,nominal,2.0NRT,296.93,7.24,D
-14.19356,129.61728,367,0.5,0.41,2026-05-05,0449,N,high,2.0NRT,301.78,11.04,D
-17.90086,124.87546,367,0.36,0.58,2026-05-05,0449,N,high,2.0NRT,303.35,11.05,D
-14.11017,130.224,336.05,0.46,0.39,2026-05-05,0449,N,nominal,2.0NRT,300.81,3.63,D
-16.88005,132.89259,336.01,0.39,0.37,2026-05-05,0449,N,nominal,2.0NRT,302.87,8.96,D
-14.18665,129.66803,342.57,0.49,0.41,2026-05-05,0449,N,nominal,2.0NRT,299.83,5.25,D
-16.8806,132.88887,355.4,0.39,0.37,2026-05-05,0449,N,nominal,2.0NRT,306.53,12.83,D
-14.19167,129.63116,334.86,0.5,0.41,2026-05-05,0449,N,nominal,2.0NRT,299.56,4.83,D
-16.88114,132.88516,331.27,0.39,0.37,2026-05-05,0449,N,nominal,2.0NRT,304.07,12.83,D
-14.19798,129.58479,330.19,0.5,0.41,2026-05-05,0449,N,nominal,2.0NRT,300.06,3.92,D
-13.87611,131.84348,343.34,0.4,0.37,2026-05-05,0449,N,nominal,2.0NRT,303.63,4.15,D
-16.88169,132.88142,341.77,0.4,0.37,2026-05-05,0449,N,nominal,2.0NRT,308.95,36.08,D
-13.87774,131.83226,335.35,0.4,0.37,2026-05-05,0449,N,nominal,2.0NRT,300.31,7.19,D
-14.10534,130.23206,336.67,0.46,0.39,2026-05-05,0449,N,nominal,2.0NRT,302.59,4.6,D
-16.89977,132.75827,334.75,0.4,0.37,2026-05-05,0449,N,nominal,2.0NRT,301.6,3.74,D
-14.10593,130.22777,332.92,0.46,0.39,2026-05-05,0449,N,nominal,2.0NRT,302.13,4.6,D
-14.10711,130.21922,337.05,0.46,0.39,2026-05-05,0449,N,nominal,2.0NRT,302.79,6.15,D
-16.90031,132.75452,338.73,0.4,0.37,2026-05-05,0449,N,nominal,2.0NRT,300.8,4.52,D
-14.11791,130.14122,346.86,0.47,0.39,2026-05-05,0449,N,nominal,2.0NRT,303.96,12.92,D
-17.46309,128.62566,343.25,0.41,0.45,2026-05-05,0449,N,nominal,2.0NRT,301.46,5.17,D
-14.11851,130.13687,342.52,0.47,0.39,2026-05-05,0449,N,nominal,2.0NRT,302.82,5.13,D
-14.11912,130.13248,344.41,0.47,0.4,2026-05-05,0449,N,nominal,2.0NRT,303.54,5.13,D
-17.46357,128.62183,345.12,0.41,0.45,2026-05-05,0449,N,nominal,2.0NRT,302.72,8.13,D
-14.12153,130.11502,340.75,0.47,0.4,2026-05-05,0449,N,nominal,2.0NRT,302.46,6.85,D
-17.9001,124.88255,332.34,0.36,0.58,2026-05-05,0449,N,nominal,2.0NRT,299.37,4.8,D
-13.74098,132.73373,332.25,0.39,0.36,2026-05-05,0449,N,nominal,2.0NRT,301.21,2.79,D
-17.90048,124.879,348.9,0.36,0.58,2026-05-05,0449,N,nominal,2.0NRT,301.76,11.05,D
-13.74205,132.72656,339.75,0.39,0.36,2026-05-05,0449,N,nominal,2.0NRT,303.06,4.12,D
-17.90124,124.87193,352.97,0.36,0.58,2026-05-05,0449,N,nominal,2.0NRT,298.21,3.84,D
-13.87434,131.83174,354.91,0.4,0.37,2026-05-05,0449,N,nominal,2.0NRT,305.88,7.19,D
-14.10289,130.22295,346.51,0.46,0.39,2026-05-05,0449,N,nominal,2.0NRT,301.27,6.15,D
-16.87777,132.88461,367,0.39,0.37,2026-05-05,0449,N,high,2.0NRT,303.11,12.83,D
-14.10347,130.21869,353.11,0.46,0.39,2026-05-05,0449,N,nominal,2.0NRT,301.67,6.15,D
-16.87831,132.88089,354.52,0.4,0.37,2026-05-05,0449,N,nominal,2.0NRT,311.62,36.08,D
-14.10406,130.21449,337.12,0.46,0.39,2026-05-05,0449,N,nominal,2.0NRT,302.54,7.51,D
-16.88433,132.83992,336.34,0.4,0.37,2026-05-05,0449,N,nominal,2.0NRT,302.97,5.01,D
-13.73817,132.7296,340.07,0.39,0.36,2026-05-05,0449,N,nominal,2.0NRT,302.85,8.39,D
-17.44571,128.72974,331.11,0.41,0.45,2026-05-05,0449,N,nominal,2.0NRT,297.79,3.68,D
-13.73871,132.72603,345.73,0.39,0.36,2026-05-05,0449,N,nominal,2.0NRT,304.6,8.39,D
-17.45842,128.629,333.22,0.41,0.45,2026-05-05,0449,N,nominal,2.0NRT,299.72,5.17,D
-13.73925,132.72244,353.39,0.39,0.36,2026-05-05,0449,N,nominal,2.0NRT,307.47,62.87,D
-17.89586,124.87127,338.14,0.36,0.58,2026-05-05,0449,N,nominal,2.0NRT,299.95,3.84,D
-14.09865,130.22672,332.87,0.46,0.39,2026-05-05,0449,N,low,2.0NRT,302.94,7.08,D
-17.89623,124.86774,335.32,0.36,0.58,2026-05-05,0449,N,nominal,2.0NRT,297.63,3.84,D
-14.09924,130.22241,356.77,0.46,0.39,2026-05-05,0449,N,nominal,2.0NRT,303.59,14.43,D
-16.87494,132.88037,330.4,0.4,0.37,2026-05-05,0449,N,nominal,2.0NRT,300.05,3.53,D
-14.10818,130.1577,337.92,0.47,0.39,2026-05-05,0449,N,nominal,2.0NRT,301.8,4.96,D
-16.88095,132.8394,343.08,0.4,0.37,2026-05-05,0449,N,nominal,2.0NRT,301.83,6.8,D
-14.10879,130.15329,341.4,0.47,0.39,2026-05-05,0449,N,nominal,2.0NRT,301.77,6.49,D
-16.8815,132.83566,334.69,0.4,0.37,2026-05-05,0449,N,nominal,2.0NRT,303.15,4.81,D
-13.72838,132.77211,334.84,0.39,0.36,2026-05-05,0449,N,nominal,2.0NRT,304.23,4.47,D
-16.89628,132.73471,331.66,0.4,0.37,2026-05-05,0449,N,low,2.0NRT,303.46,4.56,D
-13.73537,132.72549,349.02,0.39,0.36,2026-05-05,0449,N,nominal,2.0NRT,304.96,8.39,D
-16.89682,132.73097,344.47,0.4,0.37,2026-05-05,0449,N,nominal,2.0NRT,303.2,6.21,D
-14.09442,130.23047,343.38,0.46,0.39,2026-05-05,0449,N,nominal,2.0NRT,302.36,7.08,D
-14.09501,130.22618,351.88,0.46,0.39,2026-05-05,0449,N,nominal,2.0NRT,302.62,7.08,D
-16.89737,132.72722,349.08,0.4,0.37,2026-05-05,0449,N,nominal,2.0NRT,302.22,6.21,D
-14.0956,130.22189,356.57,0.46,0.39,2026-05-05,0449,N,nominal,2.0NRT,304.06,14.43,D
-16.89792,132.72345,345.8,0.4,0.37,2026-05-05,0449,N,nominal,2.0NRT,301.85,6.09,D
-14.10453,130.15715,335.45,0.47,0.39,2026-05-05,0449,N,nominal,2.0NRT,300.38,4.96,D
-17.89085,124.8671,341.79,0.36,0.58,2026-05-05,0449,N,nominal,2.0NRT,300.49,8.19,D
-13.73591,132.72191,367,0.39,0.36,2026-05-05,0449,N,low,2.0NRT,335.8,62.87,D
-17.89123,124.86358,335.13,0.36,0.58,2026-05-05,0449,N,nominal,2.0NRT,297.41,4.04,D
-13.70836,132.88249,334.13,0.39,0.36,2026-05-05,0449,N,low,2.0NRT,305.2,2.95,D
-16.87811,132.83513,349.14,0.4,0.37,2026-05-05,0449,N,nominal,2.0NRT,301.32,4.81,D
-13.72504,132.77159,336.99,0.39,0.36,2026-05-05,0449,N,nominal,2.0NRT,306.37,7.6,D
-16.87975,132.82394,339.34,0.4,0.37,2026-05-05,0449,N,nominal,2.0NRT,303.5,7.39,D
-14.09019,130.23422,354.24,0.46,0.39,2026-05-05,0449,N,nominal,2.0NRT,306.42,22.36,D
-16.8803,132.82022,333.74,0.4,0.37,2026-05-05,0449,N,nominal,2.0NRT,302.02,4.12,D
-14.09078,130.22993,338.67,0.46,0.39,2026-05-05,0449,N,nominal,2.0NRT,300.85,4.86,D
-16.88523,132.78659,331.33,0.4,0.37,2026-05-05,0449,N,nominal,2.0NRT,301.88,2.03,D
-13.70503,132.88197,332.31,0.39,0.36,2026-05-05,0449,N,low,2.0NRT,303.19,2.95,D
-16.89453,132.72293,345.24,0.4,0.37,2026-05-05,0449,N,nominal,2.0NRT,304.1,6.09,D
-14.0836,130.25511,343.5,0.46,0.39,2026-05-05,0449,N,nominal,2.0NRT,303.6,5.85,D
-16.89508,132.71916,351.79,0.4,0.37,2026-05-05,0449,N,nominal,2.0NRT,302.94,6.09,D
-14.08419,130.25084,352.36,0.46,0.39,2026-05-05,0449,N,nominal,2.0NRT,302.6,5.85,D
-16.87528,132.83087,333.09,0.4,0.37,2026-05-05,0449,N,nominal,2.0NRT,300.93,4.27,D
-14.08655,130.23369,340.21,0.46,0.39,2026-05-05,0449,N,nominal,2.0NRT,301.87,22.36,D
-16.87582,132.82713,354.49,0.4,0.37,2026-05-05,0449,N,nominal,2.0NRT,307.33,16.37,D
-14.08714,130.2294,344.02,0.46,0.39,2026-05-05,0449,N,nominal,2.0NRT,303.04,4.86,D
-16.88184,132.78604,333.04,0.4,0.37,2026-05-05,0449,N,nominal,2.0NRT,302.74,1.78,D
-14.08891,130.2166,330.1,0.46,0.39,2026-05-05,0449,N,nominal,2.0NRT,299.96,4.34,D
-16.89224,132.71487,352.39,0.4,0.37,2026-05-05,0449,N,nominal,2.0NRT,302.48,4.09,D
-14.09126,130.19952,338.7,0.46,0.39,2026-05-05,0449,N,nominal,2.0NRT,301.09,4.12,D
-16.89278,132.71114,332.67,0.4,0.37,2026-05-05,0449,N,nominal,2.0NRT,299.98,4.09,D
-14.09543,130.16916,336.06,0.47,0.39,2026-05-05,0449,N,nominal,2.0NRT,300.38,8.81,D
-17.88045,124.86232,345.04,0.36,0.58,2026-05-05,0449,N,nominal,2.0NRT,299.36,3.63,D
-14.09603,130.16478,355.86,0.47,0.39,2026-05-05,0449,N,nominal,2.0NRT,301.78,8.81,D
-16.87244,132.82661,349.47,0.4,0.37,2026-05-05,0449,N,nominal,2.0NRT,299.4,16.37,D
-14.08114,130.24602,337.93,0.46,0.39,2026-05-05,0449,N,nominal,2.0NRT,300.97,4.1,D
-16.87846,132.78551,332.58,0.4,0.37,2026-05-05,0449,N,nominal,2.0NRT,300.59,1.78,D
-14.09464,130.09319,341.53,0.47,0.4,2026-05-05,0449,N,nominal,2.0NRT,301.32,7.75,D
-16.88939,132.7106,346.73,0.4,0.37,2026-05-05,0449,N,nominal,2.0NRT,301.91,4.09,D
-13.68845,132.90131,341.17,0.39,0.36,2026-05-05,0449,N,nominal,2.0NRT,301.24,3.57,D
-16.86142,132.87823,330.55,0.4,0.37,2026-05-05,0449,N,low,2.0NRT,302.28,3,D
-13.68664,132.90034,332.72,0.39,0.36,2026-05-05,0449,N,nominal,2.0NRT,299.26,2.39,D
-16.86197,132.8745,333.36,0.4,0.37,2026-05-05,0449,N,nominal,2.0NRT,302.54,3,D
-13.8484,131.79694,333.65,0.4,0.37,2026-05-05,0449,N,nominal,2.0NRT,300.13,3.63,D
-16.87562,132.78122,339.15,0.4,0.37,2026-05-05,0449,N,nominal,2.0NRT,301.41,5.81,D
-14.0955,130.09433,340.47,0.47,0.4,2026-05-05,0449,N,nominal,2.0NRT,301.49,6.32,D
-16.85968,132.86653,331.46,0.4,0.37,2026-05-05,0449,N,low,2.0NRT,302.52,4.67,D
-14.09184,130.09378,332.04,0.47,0.4,2026-05-05,0449,N,nominal,2.0NRT,299.89,3.1,D
-16.86023,132.86281,331.22,0.4,0.37,2026-05-05,0449,N,nominal,2.0NRT,299.7,2.04,D
-13.69644,132.72237,333.7,0.39,0.36,2026-05-05,0449,N,low,2.0NRT,305.24,4.39,D
-16.88425,132.69826,335.83,0.4,0.37,2026-05-05,0449,N,nominal,2.0NRT,299.74,2.28,D
-14.08522,130.03476,338.8,0.47,0.4,2026-05-05,0449,N,nominal,2.0NRT,302.66,12.94,D
-17.42999,128.65291,340.03,0.41,0.45,2026-05-05,0449,N,nominal,2.0NRT,296.67,6.79,D
-14.08584,130.03035,336.49,0.47,0.4,2026-05-05,0449,N,nominal,2.0NRT,301.06,12.94,D
-17.86575,124.84644,344.2,0.36,0.58,2026-05-05,0449,N,nominal,2.0NRT,299.4,4.47,D
-14.08155,130.03424,348.03,0.47,0.4,2026-05-05,0449,N,nominal,2.0NRT,305.07,12.94,D
-16.85685,132.86227,347.33,0.4,0.37,2026-05-05,0449,N,nominal,2.0NRT,306.01,23.66,D
-14.08217,130.02983,345.17,0.47,0.4,2026-05-05,0449,N,nominal,2.0NRT,303.48,12.94,D
-16.86939,132.77641,356.76,0.4,0.37,2026-05-05,0449,N,nominal,2.0NRT,305.12,9.05,D
-14.08341,130.02104,332.3,0.47,0.4,2026-05-05,0449,N,nominal,2.0NRT,299.96,2.63,D
-16.87976,132.70523,347.24,0.4,0.37,2026-05-05,0449,N,nominal,2.0NRT,302.45,11.31,D
-14.08402,130.01665,333.78,0.47,0.4,2026-05-05,0449,N,nominal,2.0NRT,302.11,4.57,D
-17.40443,128.79051,367,0.4,0.44,2026-05-05,0449,N,high,2.0NRT,302.62,29.15,D
-14.07849,130.0293,347.7,0.47,0.4,2026-05-05,0449,N,nominal,2.0NRT,301.13,8.23,D
-17.4049,128.7867,367,0.4,0.44,2026-05-05,0449,N,high,2.0NRT,304.93,21.06,D
-14.07911,130.02492,330.42,0.47,0.4,2026-05-05,0449,N,nominal,2.0NRT,298.22,3.43,D
-16.76152,133.48303,349.82,0.39,0.36,2026-05-05,0449,N,nominal,2.0NRT,304.1,6.99,D
-14.08035,130.01613,331.05,0.47,0.4,2026-05-05,0449,N,low,2.0NRT,301.59,4.47,D
-16.86546,132.77962,332.59,0.4,0.37,2026-05-05,0449,N,nominal,2.0NRT,300.2,9.05,D
-14.07481,130.02879,344.48,0.47,0.4,2026-05-05,0449,N,nominal,2.0NRT,301.03,8.23,D
-16.87364,132.72345,338.76,0.4,0.37,2026-05-05,0449,N,nominal,2.0NRT,301.69,4.06,D
-14.07175,130.02388,335.85,0.47,0.4,2026-05-05,0449,N,nominal,2.0NRT,300.47,3.49,D
-16.87637,132.7047,345.74,0.4,0.37,2026-05-05,0449,N,nominal,2.0NRT,301.67,11.31,D
-13.67315,132.74075,332.02,0.39,0.36,2026-05-05,0449,N,low,2.0NRT,302.77,5.13,D
-16.87692,132.70094,338.34,0.4,0.37,2026-05-05,0449,N,nominal,2.0NRT,303.32,11.31,D
-13.67035,132.73663,344.59,0.39,0.36,2026-05-05,0449,N,nominal,2.0NRT,306,8.2,D
-17.40395,128.79434,349.13,0.4,0.44,2026-05-05,0449,N,nominal,2.0NRT,304.89,29.15,D
-13.67089,132.73305,351.84,0.39,0.36,2026-05-05,0449,N,nominal,2.0NRT,299.37,7.52,D
-17.40538,128.78288,334.98,0.4,0.44,2026-05-05,0449,N,nominal,2.0NRT,302.01,21.06,D
-14.06748,130.00079,341.67,0.47,0.4,2026-05-05,0449,N,nominal,2.0NRT,302.87,16.66,D
-14.0681,129.99637,335.01,0.47,0.4,2026-05-05,0449,N,nominal,2.0NRT,307.61,37.76,D
-17.39745,128.81287,344.32,0.4,0.44,2026-05-05,0449,N,nominal,2.0NRT,300.96,9.86,D
-14.04056,130.11308,335.23,0.47,0.4,2026-05-05,0449,N,nominal,2.0NRT,302.87,3.19,D
-17.39792,128.80905,342.58,0.4,0.44,2026-05-05,0449,N,nominal,2.0NRT,301.06,7.49,D
-14.0369,130.11256,341.72,0.47,0.4,2026-05-05,0449,N,nominal,2.0NRT,303.78,8.13,D
-17.39935,128.79761,346.02,0.4,0.44,2026-05-05,0449,N,nominal,2.0NRT,302.88,13.76,D
-14.03751,130.1082,340.68,0.47,0.4,2026-05-05,0449,N,nominal,2.0NRT,304.2,4.24,D
-17.39982,128.79378,356.3,0.4,0.44,2026-05-05,0449,N,nominal,2.0NRT,303.52,18.2,D
-14.03812,130.10385,333.57,0.47,0.4,2026-05-05,0449,N,nominal,2.0NRT,302.04,4.24,D
-17.4003,128.78996,350.37,0.4,0.44,2026-05-05,0449,N,nominal,2.0NRT,303.02,18.2,D
-13.64276,132.7836,343.37,0.39,0.36,2026-05-05,0449,N,nominal,2.0NRT,305.25,6.32,D
-13.6433,132.78003,367,0.39,0.36,2026-05-05,0449,N,low,2.0NRT,328.67,53.01,D
-17.40077,128.78615,348.28,0.4,0.44,2026-05-05,0449,N,nominal,2.0NRT,310.57,38.19,D
-13.63996,132.77951,348.08,0.39,0.36,2026-05-05,0449,N,nominal,2.0NRT,302.51,53.01,D
-17.40125,128.78233,339.69,0.4,0.44,2026-05-05,0449,N,nominal,2.0NRT,302.43,38.19,D
-13.7049,132.29874,336.24,0.39,0.36,2026-05-05,0449,N,nominal,2.0NRT,304.23,3.11,D
-16.85869,132.77853,331.04,0.4,0.37,2026-05-05,0449,N,nominal,2.0NRT,299.14,3.38,D
-13.58196,133.09557,337.83,0.38,0.36,2026-05-05,0449,N,nominal,2.0NRT,303.1,3.33,D
-16.86359,132.74486,335.73,0.4,0.37,2026-05-05,0449,N,nominal,2.0NRT,300.03,1.91,D
-13.63048,132.77434,332.38,0.39,0.36,2026-05-05,0449,N,low,2.0NRT,306.78,4.25,D
-17.39569,128.79323,349.65,0.4,0.44,2026-05-05,0449,N,nominal,2.0NRT,303.27,18.2,D
-13.63102,132.77077,335.13,0.39,0.36,2026-05-05,0449,N,low,2.0NRT,305.99,3.18,D
-17.39617,128.78943,350.35,0.4,0.44,2026-05-05,0449,N,nominal,2.0NRT,301.52,18.2,D
-13.63156,132.76718,330.45,0.39,0.36,2026-05-05,0449,N,low,2.0NRT,303.45,3.18,D
-16.86129,132.73685,333.12,0.4,0.37,2026-05-05,0449,N,nominal,2.0NRT,301.01,2.49,D
-13.70207,132.29459,337.65,0.39,0.36,2026-05-05,0449,N,nominal,2.0NRT,305.59,3.66,D
-13.6987,132.29405,335.83,0.39,0.36,2026-05-05,0449,N,nominal,2.0NRT,301.73,3.66,D
-17.39062,128.80032,351.51,0.4,0.44,2026-05-05,0449,N,nominal,2.0NRT,301.94,6.2,D
-13.60088,132.85756,340.96,0.39,0.36,2026-05-05,0449,N,nominal,2.0NRT,305.83,5.52,D
-17.39109,128.79651,332.78,0.4,0.44,2026-05-05,0449,N,nominal,2.0NRT,301.04,6.2,D
-13.6718,132.38283,337.67,0.39,0.36,2026-05-05,0449,N,nominal,2.0NRT,304.75,6.03,D
-17.39157,128.79269,343.06,0.4,0.44,2026-05-05,0449,N,nominal,2.0NRT,301.13,4.55,D
-13.67341,132.37193,330.49,0.39,0.36,2026-05-05,0449,N,low,2.0NRT,302.7,3.44,D
-16.85682,132.74379,338.43,0.4,0.37,2026-05-05,0449,N,nominal,2.0NRT,301.87,5.15,D
-13.67395,132.3683,347.63,0.39,0.36,2026-05-05,0449,N,nominal,2.0NRT,305.88,3.44,D
-16.85791,132.73628,336.41,0.4,0.37,2026-05-05,0449,N,nominal,2.0NRT,300,2.49,D
-13.67448,132.3647,335.07,0.39,0.36,2026-05-05,0449,N,nominal,2.0NRT,304.2,2.56,D
-16.86172,132.71007,338.5,0.4,0.37,2026-05-05,0449,N,nominal,2.0NRT,300.78,2.72,D
-13.59754,132.85704,348.89,0.39,0.36,2026-05-05,0449,N,nominal,2.0NRT,305.96,5.24,D
-16.86226,132.70631,340.68,0.4,0.37,2026-05-05,0449,N,nominal,2.0NRT,300.61,2.72,D
-13.67059,132.36778,331.55,0.39,0.36,2026-05-05,0449,N,nominal,2.0NRT,301.53,2.93,D
-16.8628,132.70256,333.08,0.4,0.37,2026-05-05,0449,N,nominal,2.0NRT,299.95,1.8,D
-13.67112,132.36415,352.12,0.39,0.36,2026-05-05,0449,N,nominal,2.0NRT,304.91,9.7,D
-17.38743,128.79216,332.24,0.4,0.44,2026-05-05,0449,N,nominal,2.0NRT,301.08,4.55,D
-13.6722,132.3569,335.4,0.39,0.36,2026-05-05,0449,N,low,2.0NRT,306.55,5.62,D
-16.83766,132.85161,348.88,0.4,0.37,2026-05-05,0449,N,nominal,2.0NRT,304.87,7,D
-13.67274,132.35327,344.71,0.39,0.36,2026-05-05,0449,N,nominal,2.0NRT,306.37,5.62,D
-16.85941,132.70203,339.17,0.4,0.37,2026-05-05,0449,N,nominal,2.0NRT,302.02,5.82,D
-13.92799,130.57651,342.87,0.44,0.39,2026-05-05,0449,N,nominal,2.0NRT,306.12,6.7,D
-16.85995,132.69827,336.31,0.4,0.37,2026-05-05,0449,N,nominal,2.0NRT,300.19,5.82,D
-13.92856,130.57237,334.75,0.44,0.39,2026-05-05,0449,N,nominal,2.0NRT,303.82,6.7,D
-13.59366,132.86011,342.25,0.39,0.36,2026-05-05,0449,N,nominal,2.0NRT,304.82,5.24,D
-16.83483,132.84734,339.62,0.4,0.37,2026-05-05,0449,N,nominal,2.0NRT,303.71,7,D
-13.63608,132.57698,332.84,0.39,0.36,2026-05-05,0449,N,nominal,2.0NRT,301.73,1.98,D
-16.83537,132.8436,331.28,0.4,0.37,2026-05-05,0449,N,low,2.0NRT,302.89,3.6,D
-13.66991,132.34911,340.99,0.39,0.36,2026-05-05,0449,N,nominal,2.0NRT,301.26,6.18,D
-16.83645,132.83614,349.81,0.4,0.37,2026-05-05,0449,N,nominal,2.0NRT,302.21,4.25,D
-13.6322,132.58003,350.03,0.39,0.36,2026-05-05,0449,N,nominal,2.0NRT,299.68,5.82,D
-16.8495,132.74644,341.37,0.4,0.37,2026-05-05,0449,N,nominal,2.0NRT,301.13,5.22,D
-13.63327,132.57285,338.12,0.39,0.36,2026-05-05,0449,N,nominal,2.0NRT,300.94,3.36,D
-16.85167,132.73148,333.8,0.4,0.37,2026-05-05,0449,N,nominal,2.0NRT,299.31,5.28,D
-13.63595,132.55487,339.59,0.39,0.36,2026-05-05,0449,N,nominal,2.0NRT,303.48,5.18,D
-16.85656,132.69774,345.46,0.4,0.37,2026-05-05,0449,N,nominal,2.0NRT,302.08,5.82,D
-13.63649,132.55125,336.34,0.39,0.36,2026-05-05,0449,N,nominal,2.0NRT,301.91,7.39,D
-13.66548,132.35585,344.35,0.39,0.36,2026-05-05,0449,N,nominal,2.0NRT,306.08,8.49,D
-16.83361,132.83188,348.87,0.4,0.37,2026-05-05,0449,N,nominal,2.0NRT,303.05,6.55,D
-13.63475,132.53993,335.84,0.39,0.36,2026-05-05,0449,N,nominal,2.0NRT,300.52,3.98,D
-16.83416,132.82817,340.07,0.4,0.37,2026-05-05,0449,N,nominal,2.0NRT,300.83,2.9,D
-13.63528,132.53633,330.81,0.39,0.36,2026-05-05,0449,N,nominal,2.0NRT,299.02,2.36,D
-16.84611,132.74591,331.99,0.4,0.37,2026-05-05,0449,N,nominal,2.0NRT,297.78,2.71,D
-13.63582,132.53271,333.38,0.39,0.36,2026-05-05,0449,N,nominal,2.0NRT,300.44,2.36,D
-16.84883,132.72719,341.91,0.4,0.37,2026-05-05,0449,N,nominal,2.0NRT,299.44,6.82,D
-13.63636,132.52911,349.35,0.39,0.36,2026-05-05,0449,N,nominal,2.0NRT,303.14,4.34,D
-16.84937,132.72345,333.29,0.4,0.37,2026-05-05,0449,N,nominal,2.0NRT,299.2,1.7,D
-13.63689,132.52551,332.07,0.39,0.36,2026-05-05,0449,N,nominal,2.0NRT,301.54,4.34,D
-16.85372,132.69345,330.24,0.4,0.37,2026-05-05,0449,N,low,2.0NRT,301.06,3.26,D
-13.66265,132.35168,342.83,0.39,0.36,2026-05-05,0449,N,nominal,2.0NRT,302.72,8.49,D
-16.85426,132.68968,339.51,0.4,0.37,2026-05-05,0449,N,nominal,2.0NRT,299.49,3.26,D
-13.66319,132.34805,355.01,0.39,0.36,2026-05-05,0449,N,nominal,2.0NRT,307.08,11.95,D
-13.66373,132.34442,339.79,0.39,0.36,2026-05-05,0449,N,nominal,2.0NRT,301.03,11.95,D
-16.83078,132.82762,332.6,0.4,0.37,2026-05-05,0449,N,nominal,2.0NRT,301.39,2.9,D
-13.63448,132.52847,352.99,0.39,0.36,2026-05-05,0449,N,nominal,2.0NRT,302.22,6,D
-16.83132,132.8239,345.43,0.4,0.37,2026-05-05,0449,N,nominal,2.0NRT,300.77,2.9,D
-13.63503,132.52486,343.63,0.39,0.36,2026-05-05,0449,N,nominal,2.0NRT,302.9,6,D
-16.85087,132.68916,340.82,0.4,0.37,2026-05-05,0449,N,nominal,2.0NRT,301.4,3.26,D
-13.63557,132.52126,339.22,0.39,0.36,2026-05-05,0449,N,nominal,2.0NRT,302.63,5.65,D
-16.83042,132.82359,344.27,0.4,0.37,2026-05-05,0449,N,nominal,2.0NRT,300.76,4.21,D
-13.63611,132.51767,348.96,0.39,0.36,2026-05-05,0449,N,nominal,2.0NRT,303.15,5.65,D
-16.85031,132.68895,335.43,0.4,0.37,2026-05-05,0449,N,nominal,2.0NRT,300.85,5.71,D
-13.66112,132.35115,333.03,0.39,0.36,2026-05-05,0449,N,nominal,2.0NRT,300.55,4.63,D
-16.82814,132.8156,335.23,0.4,0.37,2026-05-05,0449,N,nominal,2.0NRT,300.96,3.88,D
-13.66166,132.3475,345.06,0.39,0.36,2026-05-05,0449,N,nominal,2.0NRT,307.25,8.08,D
-16.84581,132.69592,337.23,0.4,0.37,2026-05-05,0449,N,nominal,2.0NRT,301.36,8.71,D
-13.66221,132.34389,349.19,0.39,0.36,2026-05-05,0449,N,nominal,2.0NRT,302.79,8.08,D
-16.84636,132.69215,347.45,0.4,0.37,2026-05-05,0449,N,nominal,2.0NRT,299.79,5.71,D
-13.66275,132.34027,339.75,0.39,0.36,2026-05-05,0449,N,nominal,2.0NRT,301.35,10.62,D
-16.84691,132.6884,349.62,0.4,0.37,2026-05-05,0449,N,nominal,2.0NRT,301.6,5.71,D
-13.65939,132.33974,367,0.39,0.36,2026-05-05,0449,N,high,2.0NRT,306.43,10.62,D
-16.82366,132.82251,331.11,0.4,0.37,2026-05-05,0449,N,low,2.0NRT,302.88,2.69,D
-13.6333,132.51353,346.65,0.39,0.36,2026-05-05,0449,N,nominal,2.0NRT,303.12,5.68,D
-16.82531,132.81136,333.45,0.4,0.37,2026-05-05,0449,N,nominal,2.0NRT,300.58,1.78,D
-13.6583,132.34698,338.99,0.39,0.36,2026-05-05,0449,N,nominal,2.0NRT,304.34,8.08,D
-17.37721,128.78712,348.37,0.4,0.44,2026-05-05,0449,N,nominal,2.0NRT,299.81,7.61,D
-13.65885,132.34335,337.69,0.39,0.36,2026-05-05,0449,N,nominal,2.0NRT,303.74,8.08,D
-17.3777,128.78331,345.73,0.4,0.44,2026-05-05,0449,N,nominal,2.0NRT,299.37,5.53,D
-13.65993,132.33611,338.62,0.39,0.36,2026-05-05,0449,N,nominal,2.0NRT,302.99,10.62,D
-17.37407,128.77896,348.59,0.4,0.44,2026-05-05,0449,N,nominal,2.0NRT,299,5.53,D
-13.65495,132.34645,333.86,0.39,0.36,2026-05-05,0449,N,nominal,2.0NRT,302.07,2.45,D
-16.81005,132.7975,339.06,0.4,0.37,2026-05-05,0449,N,nominal,2.0NRT,302.29,2.69,D
-13.65549,132.34282,330.91,0.39,0.36,2026-05-05,0449,N,nominal,2.0NRT,305.35,2.45,D
-17.35896,128.8309,332.47,0.4,0.44,2026-05-05,0449,N,nominal,2.0NRT,302.18,6.06,D
-13.65657,132.33559,334.33,0.39,0.36,2026-05-05,0449,N,nominal,2.0NRT,304.86,5.61,D
-17.35994,128.82333,330.7,0.4,0.44,2026-05-05,0449,N,nominal,2.0NRT,300.49,6.01,D
-13.64005,132.39992,331.12,0.39,0.36,2026-05-05,0449,N,nominal,2.0NRT,300.36,2.05,D
-17.36042,128.81956,330.2,0.4,0.44,2026-05-05,0449,N,low,2.0NRT,301.34,2.51,D
-13.64114,132.39265,343.73,0.39,0.36,2026-05-05,0449,N,nominal,2.0NRT,302.43,5.63,D
-17.36188,128.80827,341.11,0.4,0.44,2026-05-05,0449,N,nominal,2.0NRT,300.3,5.85,D
-13.64169,132.38902,343.02,0.39,0.36,2026-05-05,0449,N,nominal,2.0NRT,302.23,4.47,D
-16.80831,132.78575,347.8,0.4,0.37,2026-05-05,0449,N,nominal,2.0NRT,303.92,9.58,D
-13.64223,132.38541,333.82,0.39,0.36,2026-05-05,0449,N,nominal,2.0NRT,302.82,4.47,D
-17.35533,128.8266,335.76,0.4,0.44,2026-05-05,0449,N,nominal,2.0NRT,300.99,2.95,D
-13.65148,132.32364,330.62,0.39,0.36,2026-05-05,0449,N,nominal,2.0NRT,299.09,4.23,D
-17.35581,128.82283,335.76,0.4,0.44,2026-05-05,0449,N,nominal,2.0NRT,301.34,2.95,D
-13.60855,132.58702,336.65,0.39,0.36,2026-05-05,0449,N,nominal,2.0NRT,300.86,5.77,D
-17.35679,128.81529,331.15,0.4,0.44,2026-05-05,0449,N,nominal,2.0NRT,300.6,3.71,D
-13.89778,130.61902,332.47,0.44,0.39,2026-05-05,0449,N,nominal,2.0NRT,301.96,4.82,D
-17.36315,128.76587,349.6,0.4,0.44,2026-05-05,0449,N,nominal,2.0NRT,298.41,7.07,D
-13.64475,132.32259,347.13,0.39,0.36,2026-05-05,0449,N,nominal,2.0NRT,306.08,5.5,D
-17.35218,128.81856,341.31,0.4,0.44,2026-05-05,0449,N,nominal,2.0NRT,300.69,3.71,D
-13.57757,132.74725,339.82,0.39,0.36,2026-05-05,0449,N,nominal,2.0NRT,302.15,2.33,D
-17.35266,128.81477,339.09,0.4,0.44,2026-05-05,0449,N,nominal,2.0NRT,300.22,3.71,D
-13.61527,132.47372,349.9,0.39,0.36,2026-05-05,0449,N,nominal,2.0NRT,306.47,10.71,D
-17.34805,128.81807,341.83,0.4,0.44,2026-05-05,0449,N,nominal,2.0NRT,301.51,18.14,D
-13.62607,132.40152,339.93,0.39,0.36,2026-05-05,0449,N,nominal,2.0NRT,304.75,4.73,D
-17.34854,128.81425,349.53,0.4,0.44,2026-05-05,0449,N,nominal,2.0NRT,307.2,18.14,D
-13.57251,132.73546,331.42,0.39,0.36,2026-05-05,0449,N,low,2.0NRT,302.97,3.81,D
-16.79597,132.79909,332.38,0.4,0.37,2026-05-05,0449,N,nominal,2.0NRT,300.99,3.47,D
-13.61084,132.48039,331.56,0.39,0.36,2026-05-05,0449,N,low,2.0NRT,301.68,6.26,D
-16.79652,132.79536,345.87,0.4,0.37,2026-05-05,0449,N,nominal,2.0NRT,302.71,3.47,D
-13.61192,132.47318,354.43,0.39,0.36,2026-05-05,0449,N,nominal,2.0NRT,305.47,10.71,D
-17.34393,128.81755,344.74,0.4,0.44,2026-05-05,0449,N,nominal,2.0NRT,301.75,18.14,D
-13.6184,132.42986,332.28,0.39,0.36,2026-05-05,0449,N,low,2.0NRT,303.35,3.79,D
-13.57133,132.7206,336.08,0.39,0.36,2026-05-05,0449,N,nominal,2.0NRT,302.07,3.31,D
-17.34442,128.81372,355.94,0.4,0.44,2026-05-05,0449,N,nominal,2.0NRT,303.75,18.14,D
-13.61505,132.42931,341.61,0.39,0.36,2026-05-05,0449,N,nominal,2.0NRT,302.81,3.73,D
-17.34491,128.80991,354.52,0.4,0.44,2026-05-05,0449,N,nominal,2.0NRT,303.12,19.35,D
-13.61882,132.4041,351.67,0.39,0.36,2026-05-05,0449,N,nominal,2.0NRT,305.45,6.72,D
-13.58203,132.62677,345.13,0.39,0.36,2026-05-05,0449,N,nominal,2.0NRT,304.91,3.63,D
-17.3547,128.73338,346.22,0.4,0.45,2026-05-05,0449,N,nominal,2.0NRT,297.42,5.87,D
-13.58257,132.62317,333.03,0.39,0.36,2026-05-05,0449,N,low,2.0NRT,305.05,2.91,D
-17.33981,128.817,351.77,0.4,0.44,2026-05-05,0449,N,nominal,2.0NRT,303.53,17.55,D
-13.61224,132.42516,336.93,0.39,0.36,2026-05-05,0449,N,nominal,2.0NRT,303.23,3.73,D
-13.61439,132.41075,332.95,0.39,0.36,2026-05-05,0449,N,low,2.0NRT,303.82,5.26,D
-17.3403,128.8132,354.51,0.4,0.44,2026-05-05,0449,N,nominal,2.0NRT,309.17,17.55,D
-13.56735,132.70161,332.18,0.39,0.36,2026-05-05,0449,N,low,2.0NRT,302.39,4.27,D
-17.34127,128.80557,208,0.4,0.44,2026-05-05,0449,N,low,2.0NRT,317.78,86.76,D
-13.57329,132.66214,343.71,0.39,0.36,2026-05-05,0449,N,nominal,2.0NRT,301.28,5.64,D
-17.34224,128.79799,272.15,0.4,0.44,2026-05-05,0449,N,low,2.0NRT,322.82,110.71,D
-13.57599,132.6442,333.62,0.39,0.36,2026-05-05,0449,N,low,2.0NRT,304.42,2.3,D
-13.57653,132.64061,335.46,0.39,0.36,2026-05-05,0449,N,nominal,2.0NRT,304.82,2.3,D
-17.33715,128.80504,367,0.4,0.44,2026-05-05,0449,N,high,2.0NRT,304.69,86.76,D
-13.57707,132.63701,339.96,0.39,0.36,2026-05-05,0449,N,nominal,2.0NRT,305.19,3.69,D
-17.33764,128.80122,367,0.4,0.44,2026-05-05,0449,N,high,2.0NRT,301.66,110.71,D
-13.57868,132.62624,342.74,0.39,0.36,2026-05-05,0449,N,nominal,2.0NRT,306.21,4.63,D
-17.33569,128.81645,344.65,0.4,0.44,2026-05-05,0449,N,nominal,2.0NRT,303.87,17.55,D
-13.60348,132.46075,334.51,0.39,0.36,2026-05-05,0449,N,nominal,2.0NRT,303.18,3.11,D
-13.60511,132.44992,337.83,0.39,0.36,2026-05-05,0449,N,nominal,2.0NRT,302.28,4.2,D
-17.33618,128.81265,344.44,0.4,0.44,2026-05-05,0449,N,nominal,2.0NRT,304.56,17.55,D
-13.60943,132.42101,330.67,0.39,0.36,2026-05-05,0449,N,low,2.0NRT,301.15,1.85,D
-17.33666,128.80884,356.47,0.4,0.44,2026-05-05,0449,N,nominal,2.0NRT,305.28,86.76,D
-13.86752,130.62717,334.71,0.44,0.38,2026-05-05,0449,N,low,2.0NRT,305.66,6.94,D
-17.33812,128.79741,348.55,0.4,0.44,2026-05-05,0449,N,nominal,2.0NRT,302.95,110.71,D
-13.56337,132.68262,330.76,0.39,0.36,2026-05-05,0449,N,low,2.0NRT,301.36,2.06,D
-13.86512,130.61842,339.99,0.44,0.39,2026-05-05,0449,N,nominal,2.0NRT,302.31,4.93,D
-17.33158,128.81587,338.79,0.4,0.44,2026-05-05,0449,N,nominal,2.0NRT,303.99,3.42,D
-13.59828,132.42665,332.79,0.39,0.36,2026-05-05,0449,N,nominal,2.0NRT,298.43,5.28,D
-17.33206,128.81209,337.55,0.4,0.44,2026-05-05,0449,N,nominal,2.0NRT,305.46,3.42,D
-13.59936,132.41942,330.02,0.39,0.36,2026-05-05,0449,N,nominal,2.0NRT,299.75,3.59,D
-17.33255,128.80829,336.52,0.4,0.44,2026-05-05,0449,N,nominal,2.0NRT,305.18,8.64,D
-13.61665,132.30336,338.05,0.39,0.36,2026-05-05,0449,N,nominal,2.0NRT,300.26,5.15,D
-17.33303,128.80447,331.3,0.4,0.44,2026-05-05,0449,N,nominal,2.0NRT,303.32,8.64,D
-13.86156,130.61792,338.53,0.44,0.39,2026-05-05,0449,N,nominal,2.0NRT,305.02,4.93,D
-13.5405,132.78909,335.64,0.39,0.36,2026-05-05,0449,N,nominal,2.0NRT,292.88,4.57,D
-17.33352,128.80066,348.91,0.4,0.44,2026-05-05,0449,N,nominal,2.0NRT,299.19,7.86,D
-13.61329,132.30284,347.69,0.39,0.36,2026-05-05,0449,N,nominal,2.0NRT,301.95,11.47,D
-17.32747,128.81529,344,0.4,0.44,2026-05-05,0449,N,nominal,2.0NRT,304.51,3.42,D
-13.61491,132.29193,337.27,0.39,0.36,2026-05-05,0449,N,nominal,2.0NRT,303.65,3.95,D
-17.32795,128.81151,331.65,0.4,0.44,2026-05-05,0449,N,nominal,2.0NRT,304.83,3.42,D
-13.61545,132.2883,349.86,0.39,0.36,2026-05-05,0449,N,nominal,2.0NRT,303.58,10.22,D
-13.85858,130.61324,345.29,0.44,0.39,2026-05-05,0449,N,nominal,2.0NRT,304.57,8.05,D
-17.32843,128.80771,350.32,0.4,0.44,2026-05-05,0449,N,nominal,2.0NRT,307.45,8.64,D
-13.611,132.29504,335.72,0.39,0.36,2026-05-05,0449,N,nominal,2.0NRT,303.95,3.95,D
-17.32891,128.80391,354.45,0.4,0.44,2026-05-05,0449,N,nominal,2.0NRT,306.48,8.64,D
-13.61208,132.28778,353.99,0.39,0.36,2026-05-05,0449,N,nominal,2.0NRT,306.58,10.22,D
-17.3294,128.80009,354.01,0.4,0.44,2026-05-05,0449,N,nominal,2.0NRT,302.74,7.86,D
-13.61262,132.28413,343.6,0.39,0.36,2026-05-05,0449,N,nominal,2.0NRT,300.44,10.22,D
-17.32432,128.80711,367,0.4,0.44,2026-05-05,0449,N,high,2.0NRT,306.76,42.81,D
-13.85385,130.62094,333.81,0.44,0.38,2026-05-05,0449,N,low,2.0NRT,305.1,7.4,D
-13.85443,130.61684,352.32,0.44,0.39,2026-05-05,0449,N,nominal,2.0NRT,306.03,8.05,D
-17.32335,128.8147,338.6,0.4,0.44,2026-05-05,0449,N,nominal,2.0NRT,304,13.69,D
-13.85502,130.61272,350.16,0.44,0.39,2026-05-05,0449,N,nominal,2.0NRT,304.56,8.05,D
-17.32384,128.81091,346.88,0.4,0.44,2026-05-05,0449,N,nominal,2.0NRT,304.92,13.69,D
-13.8556,130.60861,335.37,0.44,0.39,2026-05-05,0449,N,nominal,2.0NRT,303.76,6.46,D
-13.53329,132.79161,335.34,0.39,0.36,2026-05-05,0449,N,nominal,2.0NRT,300.45,3.02,D
-17.3248,128.80331,354.96,0.4,0.44,2026-05-05,0449,N,nominal,2.0NRT,304.92,42.81,D
-13.60764,132.29454,348.52,0.39,0.36,2026-05-05,0449,N,nominal,2.0NRT,303.32,11.68,D
-17.31924,128.8141,338.91,0.4,0.44,2026-05-05,0449,N,nominal,2.0NRT,303.38,13.69,D
-13.52995,132.79109,345.85,0.39,0.36,2026-05-05,0449,N,nominal,2.0NRT,304.19,3.02,D
-13.52446,132.80486,352.36,0.39,0.36,2026-05-05,0449,N,nominal,2.0NRT,304.22,4.17,D
-17.31972,128.8103,353.1,0.4,0.44,2026-05-05,0449,N,nominal,2.0NRT,305.34,13.69,D
-13.60253,132.28258,350.35,0.39,0.36,2026-05-05,0449,N,nominal,2.0NRT,314.37,80.18,D
-17.3202,128.8065,341.22,0.4,0.44,2026-05-05,0449,N,nominal,2.0NRT,314.84,42.81,D
-13.60307,132.27893,305.33,0.39,0.36,2026-05-05,0449,N,low,2.0NRT,314.41,51.45,D
-17.31609,128.80594,367,0.4,0.44,2026-05-05,0449,N,high,2.0NRT,303.44,14.3,D
-13.52112,132.80432,341.22,0.39,0.36,2026-05-05,0449,N,nominal,2.0NRT,303.84,4.17,D
-13.51778,132.8038,347.1,0.39,0.36,2026-05-05,0449,N,nominal,2.0NRT,305.32,6.44,D
-17.31465,128.81731,334.12,0.4,0.44,2026-05-05,0449,N,nominal,2.0NRT,302.71,6.78,D
-13.57627,132.38995,346.19,0.39,0.36,2026-05-05,0449,N,nominal,2.0NRT,302.88,7.15,D
-17.31561,128.80972,353.11,0.4,0.44,2026-05-05,0449,N,nominal,2.0NRT,302.27,9.59,D
-13.57292,132.38936,334.41,0.39,0.36,2026-05-05,0449,N,nominal,2.0NRT,302.12,3.6,D
-17.31054,128.81673,352.72,0.4,0.44,2026-05-05,0449,N,nominal,2.0NRT,303.74,6.78,D
-13.50616,132.81294,341.79,0.39,0.36,2026-05-05,0449,N,nominal,2.0NRT,304.62,5.04,D
-17.31102,128.81293,344.26,0.4,0.44,2026-05-05,0449,N,nominal,2.0NRT,303.3,9.59,D
-13.50228,132.81599,331.16,0.39,0.36,2026-05-05,0449,N,low,2.0NRT,301.67,4.2,D
-17.30595,128.81993,330.71,0.4,0.44,2026-05-05,0449,N,low,2.0NRT,301.45,3.55,D
-13.50497,132.79814,350.32,0.39,0.36,2026-05-05,0449,N,nominal,2.0NRT,304.48,7.67,D
-17.3069,128.81236,337.45,0.4,0.44,2026-05-05,0449,N,nominal,2.0NRT,302.41,4.47,D
-13.49668,132.8078,346.02,0.39,0.36,2026-05-05,0449,N,nominal,2.0NRT,306.84,18.57,D
-17.30737,128.80858,349.59,0.4,0.44,2026-05-05,0449,N,nominal,2.0NRT,305.38,4.47,D
-13.49722,132.80421,342.3,0.39,0.36,2026-05-05,0449,N,nominal,2.0NRT,300.87,18.57,D
-13.49776,132.80064,335.38,0.39,0.36,2026-05-05,0449,N,nominal,2.0NRT,304.58,3.88,D
-17.30785,128.80481,353.2,0.4,0.44,2026-05-05,0449,N,nominal,2.0NRT,305.47,23.4,D
-13.55735,132.4017,342.42,0.39,0.36,2026-05-05,0449,N,nominal,2.0NRT,305.49,5.39,D
-17.30832,128.80101,344.41,0.4,0.44,2026-05-05,0449,N,nominal,2.0NRT,313.57,23.4,D
-13.56487,132.351,336.45,0.39,0.36,2026-05-05,0449,N,nominal,2.0NRT,302.81,7.01,D
-17.3088,128.79724,355.09,0.4,0.44,2026-05-05,0449,N,nominal,2.0NRT,310.1,28.24,D
-13.56702,132.3365,332.27,0.39,0.36,2026-05-05,0449,N,nominal,2.0NRT,301.72,4.37,D
-17.30928,128.79344,293.92,0.4,0.44,2026-05-05,0449,N,low,2.0NRT,301.4,28.24,D
-13.59176,132.16893,331.54,0.39,0.37,2026-05-05,0449,N,low,2.0NRT,301.98,2.34,D
-17.30183,128.81938,342.35,0.4,0.44,2026-05-05,0449,N,nominal,2.0NRT,301.45,3.55,D
-13.49281,132.81084,345.93,0.39,0.36,2026-05-05,0449,N,nominal,2.0NRT,299.83,10.9,D
-17.30231,128.8156,334.24,0.4,0.44,2026-05-05,0449,N,nominal,2.0NRT,302.74,3.55,D
-13.49335,132.80728,355.61,0.39,0.36,2026-05-05,0449,N,nominal,2.0NRT,304.71,18.57,D
-17.30278,128.81181,332.53,0.4,0.44,2026-05-05,0449,N,low,2.0NRT,304.14,4.47,D
-13.49496,132.79654,334.84,0.39,0.36,2026-05-05,0449,N,nominal,2.0NRT,300.53,3.88,D
-17.30326,128.80804,332.27,0.4,0.44,2026-05-05,0449,N,low,2.0NRT,304.67,4.47,D
-13.55399,132.40118,348.84,0.39,0.36,2026-05-05,0449,N,nominal,2.0NRT,303.6,5.39,D
-17.30373,128.80426,356.01,0.4,0.44,2026-05-05,0449,N,nominal,2.0NRT,306.36,23.4,D
-13.55936,132.36496,337.85,0.39,0.36,2026-05-05,0449,N,nominal,2.0NRT,303,3.43,D
-17.3042,128.80048,351.24,0.4,0.44,2026-05-05,0449,N,nominal,2.0NRT,305.54,23.4,D
-13.5599,132.36133,331.76,0.39,0.36,2026-05-05,0449,N,low,2.0NRT,303.13,3.02,D
-17.30468,128.79668,349.95,0.4,0.44,2026-05-05,0449,N,nominal,2.0NRT,302.51,28.24,D
-13.56044,132.3577,342.85,0.39,0.36,2026-05-05,0449,N,nominal,2.0NRT,303.59,3.02,D
-17.30516,128.79286,339.79,0.4,0.44,2026-05-05,0449,N,nominal,2.0NRT,300.19,28.24,D
-13.56205,132.34685,349.74,0.39,0.36,2026-05-05,0449,N,nominal,2.0NRT,303.17,5.24,D
-17.29866,128.81126,342.72,0.4,0.44,2026-05-05,0449,N,nominal,2.0NRT,303.25,3.96,D
-13.56258,132.3432,337.12,0.39,0.36,2026-05-05,0449,N,nominal,2.0NRT,301.67,5.24,D
-17.29455,128.81071,339.54,0.4,0.44,2026-05-05,0449,N,nominal,2.0NRT,302.26,3.96,D
-13.56741,132.31064,337.14,0.39,0.36,2026-05-05,0449,N,nominal,2.0NRT,300.68,3.25,D
-17.29502,128.80693,331.85,0.4,0.44,2026-05-05,0449,N,low,2.0NRT,304.74,3.96,D
-13.56794,132.30704,346.22,0.39,0.36,2026-05-05,0449,N,nominal,2.0NRT,301.8,3.25,D
-17.29043,128.81015,338.94,0.4,0.44,2026-05-05,0449,N,nominal,2.0NRT,302.39,6.44,D
-13.59269,132.13913,338.29,0.39,0.37,2026-05-05,0449,N,nominal,2.0NRT,301.45,3.67,D
-17.32939,128.4955,336.98,0.42,0.45,2026-05-05,0449,N,nominal,2.0NRT,300.47,1.95,D
-13.48947,132.81032,335.41,0.39,0.36,2026-05-05,0449,N,nominal,2.0NRT,304.15,4.75,D
-17.28631,128.8096,344.43,0.4,0.44,2026-05-05,0449,N,nominal,2.0NRT,302.72,6.44,D
-13.49001,132.80675,347.43,0.39,0.36,2026-05-05,0449,N,nominal,2.0NRT,302.29,4.79,D
-13.54957,132.40787,330.61,0.39,0.36,2026-05-05,0449,N,low,2.0NRT,302.18,3.85,D
-17.28679,128.80579,349.51,0.4,0.44,2026-05-05,0449,N,nominal,2.0NRT,303.99,6.44,D
-13.55708,132.35718,344.15,0.39,0.36,2026-05-05,0449,N,nominal,2.0NRT,300.56,5.29,D
-17.32469,128.49892,333.18,0.42,0.45,2026-05-05,0449,N,nominal,2.0NRT,299.35,1.95,D
-13.56458,132.30649,347.73,0.39,0.36,2026-05-05,0449,N,nominal,2.0NRT,303.59,3.89,D
-17.32518,128.49496,330.04,0.42,0.45,2026-05-05,0449,N,nominal,2.0NRT,299.22,1.95,D
-13.48452,132.82053,330.35,0.39,0.36,2026-05-05,0449,N,low,2.0NRT,302.84,2.84,D
-17.2822,128.80899,343.15,0.4,0.44,2026-05-05,0449,N,nominal,2.0NRT,301.5,5.4,D
-13.48506,132.81696,332.19,0.39,0.36,2026-05-05,0449,N,low,2.0NRT,303.1,2.84,D
-13.48613,132.80978,338.38,0.39,0.36,2026-05-05,0449,N,nominal,2.0NRT,303.43,4.75,D
-17.28267,128.80521,347.58,0.4,0.44,2026-05-05,0449,N,nominal,2.0NRT,300.78,5.4,D
-13.48667,132.80623,338.56,0.39,0.36,2026-05-05,0449,N,nominal,2.0NRT,302.37,4.79,D
-17.32098,128.4944,334.05,0.42,0.45,2026-05-05,0449,N,nominal,2.0NRT,302.98,3.46,D
-13.56122,132.30594,331.87,0.39,0.36,2026-05-05,0449,N,low,2.0NRT,302.2,3.89,D
-17.27809,128.80843,336.34,0.4,0.44,2026-05-05,0449,N,nominal,2.0NRT,300.26,5.4,D
-13.56283,132.29507,331.92,0.39,0.36,2026-05-05,0449,N,nominal,2.0NRT,301.17,1.59,D
-17.27856,128.80461,350.45,0.4,0.44,2026-05-05,0449,N,nominal,2.0NRT,301.17,5.4,D
-13.48268,132.81963,339.47,0.39,0.36,2026-05-05,0449,N,nominal,2.0NRT,303.14,3.18,D
-17.27903,128.80078,353.51,0.4,0.44,2026-05-05,0449,N,nominal,2.0NRT,300.83,5.59,D
-13.48322,132.81606,342.44,0.39,0.36,2026-05-05,0449,N,nominal,2.0NRT,303.11,3.18,D
-17.27586,128.79253,367,0.4,0.44,2026-05-05,0449,N,high,2.0NRT,303.17,12.5,D
-13.56179,132.29443,350.7,0.39,0.36,2026-05-05,0449,N,nominal,2.0NRT,301.94,4.79,D
-17.27444,128.80402,335.86,0.4,0.44,2026-05-05,0449,N,nominal,2.0NRT,300.21,3.9,D
-13.47934,132.81911,333.6,0.39,0.36,2026-05-05,0449,N,nominal,2.0NRT,302.82,3.18,D
-13.47989,132.81552,334.47,0.39,0.36,2026-05-05,0449,N,nominal,2.0NRT,303.76,3.18,D
-17.27492,128.80019,336.9,0.4,0.44,2026-05-05,0449,N,nominal,2.0NRT,301.5,3.48,D
-13.55896,132.2903,332.22,0.39,0.36,2026-05-05,0449,N,nominal,2.0NRT,302.2,4.79,D
-17.27539,128.79637,346.35,0.4,0.44,2026-05-05,0449,N,nominal,2.0NRT,301.73,3.48,D
-13.5595,132.2867,343.09,0.39,0.36,2026-05-05,0449,N,nominal,2.0NRT,302.39,3.09,D
-17.2708,128.79961,331.34,0.4,0.44,2026-05-05,0449,N,nominal,2.0NRT,300.66,3.48,D
-13.47601,132.81857,336.22,0.39,0.36,2026-05-05,0449,N,nominal,2.0NRT,303.04,6.89,D
-17.27127,128.79578,332.55,0.4,0.44,2026-05-05,0449,N,nominal,2.0NRT,301.73,3.48,D
-13.47655,132.815,348.11,0.39,0.36,2026-05-05,0449,N,nominal,2.0NRT,305.59,6.89,D
-17.27174,128.79196,356.53,0.4,0.44,2026-05-05,0449,N,nominal,2.0NRT,299.66,12.5,D
-13.47709,132.81142,345.46,0.39,0.36,2026-05-05,0449,N,nominal,2.0NRT,305.58,15.42,D
-17.27699,128.80035,367,0.4,0.44,2026-05-05,0449,N,high,2.0NRT,301.69,4.69,D
-13.55614,132.28616,344.77,0.39,0.36,2026-05-05,0449,N,nominal,2.0NRT,302.86,6.15,D
-13.55224,132.28923,332.12,0.39,0.36,2026-05-05,0449,N,low,2.0NRT,302.82,5.32,D
-17.27649,128.80417,348.13,0.4,0.44,2026-05-05,0449,N,nominal,2.0NRT,301.03,5.37,D
-13.55332,132.282,340,0.39,0.36,2026-05-05,0449,N,nominal,2.0NRT,302.2,6.15,D
-17.27749,128.79654,336.53,0.4,0.44,2026-05-05,0449,N,nominal,2.0NRT,299.66,4.69,D
-13.56076,132.18613,332.01,0.39,0.36,2026-05-05,0449,N,nominal,2.0NRT,301.62,1.98,D
-17.27238,128.80359,330.32,0.4,0.44,2026-05-05,0449,N,nominal,2.0NRT,299.18,5.37,D
-13.57056,132.12033,333.46,0.39,0.37,2026-05-05,0449,N,nominal,2.0NRT,301.57,3.35,D
-17.27287,128.79977,335.09,0.4,0.44,2026-05-05,0449,N,nominal,2.0NRT,301.73,4.69,D
-13.57111,132.11667,345.74,0.4,0.37,2026-05-05,0449,N,nominal,2.0NRT,303.11,6.51,D
-17.27337,128.79596,336.7,0.4,0.44,2026-05-05,0449,N,nominal,2.0NRT,301.73,4.69,D
-13.52483,132.40347,332.34,0.39,0.36,2026-05-05,0449,N,nominal,2.0NRT,302.23,1.84,D
-17.27387,128.79213,357.01,0.4,0.44,2026-05-05,0449,N,nominal,2.0NRT,304.69,35.26,D
-13.49606,132.57233,332.3,0.39,0.36,2026-05-05,0449,N,nominal,2.0NRT,300.43,2.51,D
-17.26926,128.79538,332.6,0.4,0.44,2026-05-05,0449,N,nominal,2.0NRT,301.35,4.44,D
-13.56544,132.10832,334.49,0.4,0.37,2026-05-05,0449,N,nominal,2.0NRT,302.1,2.31,D
-13.5153,132.39832,336.23,0.39,0.36,2026-05-05,0449,N,nominal,2.0NRT,301.25,4.28,D
-17.26514,128.7948,333.11,0.4,0.44,2026-05-05,0449,N,nominal,2.0NRT,300.73,4.44,D
-13.44608,132.83577,338.02,0.39,0.36,2026-05-05,0449,N,nominal,2.0NRT,300.51,2.79,D
-17.26564,128.79097,347.88,0.4,0.44,2026-05-05,0449,N,nominal,2.0NRT,303.74,26.28,D
-13.5114,132.40143,330.24,0.39,0.36,2026-05-05,0449,N,low,2.0NRT,301.84,1.82,D
-17.26614,128.78717,341.28,0.4,0.44,2026-05-05,0449,N,nominal,2.0NRT,305.83,26.28,D
-13.54173,132.19815,337.6,0.39,0.36,2026-05-05,0449,N,nominal,2.0NRT,301.93,5.33,D
-17.26152,128.79041,342.1,0.4,0.44,2026-05-05,0449,N,nominal,2.0NRT,299.69,3.65,D
-13.54825,132.1543,331.85,0.39,0.37,2026-05-05,0449,N,low,2.0NRT,301.97,5.82,D
-17.26202,128.78659,332.42,0.4,0.44,2026-05-05,0449,N,nominal,2.0NRT,299.59,3.65,D
-13.5564,132.09941,333.43,0.4,0.37,2026-05-05,0449,N,nominal,2.0NRT,301.85,3.14,D
-17.2477,128.80011,344.3,0.4,0.44,2026-05-05,0449,N,nominal,2.0NRT,304.18,6.3,D
-13.53836,132.19763,339,0.39,0.36,2026-05-05,0449,N,nominal,2.0NRT,301.65,5.33,D
-17.24819,128.7963,333.75,0.4,0.44,2026-05-05,0449,N,nominal,2.0NRT,302.57,8.17,D
-13.5389,132.19397,332,0.39,0.36,2026-05-05,0449,N,nominal,2.0NRT,300.81,5.04,D
-17.24868,128.7925,343.63,0.4,0.44,2026-05-05,0449,N,nominal,2.0NRT,302.19,8.17,D
-13.54379,132.16109,335.08,0.39,0.36,2026-05-05,0449,N,nominal,2.0NRT,302.01,7.08,D
-13.54433,132.15742,355.59,0.39,0.36,2026-05-05,0449,N,nominal,2.0NRT,303.05,5.82,D
-17.2431,128.80334,350.04,0.4,0.44,2026-05-05,0449,N,nominal,2.0NRT,302.9,6.39,D
-13.53553,132.19345,332.95,0.39,0.36,2026-05-05,0449,N,nominal,2.0NRT,299.9,5.23,D
-17.2385,128.80658,337.33,0.4,0.44,2026-05-05,0449,N,nominal,2.0NRT,300.97,4.05,D
-11.87601,142.02214,329.99,0.35,0.57,2026-05-05,0449,N,nominal,2.0NRT,297.48,2.95,D
-17.23899,128.80276,350,0.4,0.44,2026-05-05,0449,N,nominal,2.0NRT,304.02,6.39,D
-11.87663,142.01889,331.6,0.35,0.57,2026-05-05,0449,N,nominal,2.0NRT,296.52,2.48,D
-17.79068,123.91341,331.77,0.42,0.61,2026-05-05,0449,N,nominal,2.0NRT,299.1,3.82,D
-13.435,132.84134,330.61,0.39,0.36,2026-05-05,0449,N,low,2.0NRT,303.6,3.65,D
-17.78824,123.07269,330.24,0.47,0.64,2026-05-05,0449,N,nominal,2.0NRT,299.33,3.79,D
-13.52132,132.26584,341.29,0.39,0.36,2026-05-05,0449,N,nominal,2.0NRT,305.48,6.24,D
-17.77617,123.07153,331.94,0.47,0.64,2026-05-05,0449,N,nominal,2.0NRT,299.7,4.42,D
-13.4292,132.78925,332.74,0.39,0.36,2026-05-05,0449,N,nominal,2.0NRT,298.27,4.32,D
-17.23861,127.84952,338.41,0.46,0.47,2026-05-05,0449,N,nominal,2.0NRT,295.7,7.99,D
-13.43512,132.74997,347.51,0.39,0.36,2026-05-05,0449,N,nominal,2.0NRT,303.12,6.93,D
-17.6929,123.83488,331.8,0.42,0.61,2026-05-05,0449,N,nominal,2.0NRT,298.62,4.09,D
-13.39621,132.98483,341.55,0.38,0.36,2026-05-05,0449,N,nominal,2.0NRT,303.3,9.57,D
-17.23423,127.84895,331.47,0.46,0.47,2026-05-05,0449,N,nominal,2.0NRT,295.74,7.99,D
-13.40862,132.90289,331.57,0.39,0.36,2026-05-05,0449,N,nominal,2.0NRT,297.33,3.19,D
-17.22932,127.85274,346.71,0.46,0.47,2026-05-05,0449,N,nominal,2.0NRT,297.87,6.88,D
-13.40916,132.89934,348.81,0.39,0.36,2026-05-05,0449,N,nominal,2.0NRT,304.75,3.19,D
-17.22985,127.84838,345.67,0.46,0.47,2026-05-05,0449,N,nominal,2.0NRT,300.06,10.08,D
-13.4097,132.89575,343.46,0.39,0.36,2026-05-05,0449,N,nominal,2.0NRT,302.52,4.76,D
-17.23039,127.84397,346.69,0.46,0.47,2026-05-05,0449,N,nominal,2.0NRT,294.86,10.08,D
-13.42586,132.78873,333.26,0.39,0.36,2026-05-05,0449,N,nominal,2.0NRT,301.58,5.12,D
-17.22442,127.85645,349.23,0.46,0.47,2026-05-05,0449,N,nominal,2.0NRT,300.06,6.88,D
-13.42694,132.78157,331.88,0.39,0.36,2026-05-05,0449,N,low,2.0NRT,302.61,2.8,D
-17.22494,127.85217,332.15,0.46,0.47,2026-05-05,0449,N,nominal,2.0NRT,298.02,6.88,D
-13.42748,132.778,334.06,0.39,0.36,2026-05-05,0449,N,nominal,2.0NRT,301.03,2.8,D
-17.22548,127.84779,349.47,0.46,0.47,2026-05-05,0449,N,nominal,2.0NRT,295.55,10.08,D
-13.51153,132.21584,336.03,0.39,0.36,2026-05-05,0449,N,nominal,2.0NRT,302.14,4.48,D
-17.75607,123.02779,330.22,0.48,0.65,2026-05-05,0449,N,nominal,2.0NRT,298.82,2.01,D
-13.39342,132.98074,341.38,0.38,0.36,2026-05-05,0449,N,nominal,2.0NRT,304.42,3.23,D
-17.22754,127.79437,367,0.46,0.47,2026-05-05,0449,N,high,2.0NRT,300.68,20.2,D
-13.39396,132.9772,334.82,0.38,0.36,2026-05-05,0449,N,nominal,2.0NRT,302.49,3.23,D
-17.21901,127.86436,337.71,0.46,0.47,2026-05-05,0449,N,nominal,2.0NRT,300.28,21.49,D
-13.40151,132.92732,336.52,0.39,0.36,2026-05-05,0449,N,nominal,2.0NRT,303.03,4.12,D
-17.21952,127.86013,346.6,0.46,0.47,2026-05-05,0449,N,nominal,2.0NRT,301.51,21.49,D
-13.40313,132.91664,335.02,0.39,0.36,2026-05-05,0449,N,nominal,2.0NRT,301.23,1.59,D
-17.22004,127.8559,354.65,0.46,0.47,2026-05-05,0449,N,nominal,2.0NRT,308.19,66.08,D
-13.40367,132.91307,330.69,0.39,0.36,2026-05-05,0449,N,nominal,2.0NRT,299.85,1.59,D
-17.22057,127.85159,343.42,0.46,0.47,2026-05-05,0449,N,nominal,2.0NRT,294.94,66.08,D
-13.40421,132.90952,338.54,0.39,0.36,2026-05-05,0449,N,nominal,2.0NRT,299.03,2.61,D
-17.22699,127.7989,353.35,0.46,0.47,2026-05-05,0449,N,nominal,2.0NRT,301.41,10.73,D
-13.40583,132.89882,330.91,0.39,0.36,2026-05-05,0449,N,low,2.0NRT,300.99,3.19,D
-17.21515,127.85956,367,0.46,0.47,2026-05-05,0449,N,high,2.0NRT,305.27,21.49,D
-13.52601,132.09473,335.16,0.4,0.37,2026-05-05,0449,N,nominal,2.0NRT,298.9,3.6,D
-17.22313,127.79388,367,0.46,0.47,2026-05-05,0449,N,high,2.0NRT,301.81,20.2,D
-13.52655,132.09105,343.78,0.4,0.37,2026-05-05,0449,N,nominal,2.0NRT,301.58,3.6,D
-17.21411,127.86806,337.78,0.46,0.47,2026-05-05,0449,N,nominal,2.0NRT,301.54,6.27,D
-13.39009,132.98022,335.5,0.38,0.36,2026-05-05,0449,N,nominal,2.0NRT,302.61,3.74,D
-17.21464,127.86379,348.56,0.46,0.47,2026-05-05,0449,N,nominal,2.0NRT,302.79,21.49,D
-13.39063,132.97667,342.3,0.38,0.36,2026-05-05,0449,N,nominal,2.0NRT,301.96,3.74,D
-17.22259,127.7984,341.83,0.46,0.47,2026-05-05,0449,N,nominal,2.0NRT,299.31,10.73,D
-13.39602,132.94107,351.97,0.38,0.36,2026-05-05,0449,N,nominal,2.0NRT,301.72,7.73,D
-17.21874,127.79332,346.62,0.46,0.47,2026-05-05,0449,N,nominal,2.0NRT,300.68,6.24,D
-13.39656,132.93748,345.37,0.38,0.36,2026-05-05,0449,N,nominal,2.0NRT,302.89,5.75,D
-17.21543,127.78381,367,0.46,0.47,2026-05-05,0449,N,high,2.0NRT,305.86,43.97,D
-13.39926,132.91968,330.73,0.39,0.36,2026-05-05,0449,N,low,2.0NRT,302.49,2.65,D
-17.2149,127.78815,331.32,0.46,0.47,2026-05-05,0449,N,nominal,2.0NRT,299.39,6.24,D
-13.3998,132.91611,334.63,0.39,0.36,2026-05-05,0449,N,nominal,2.0NRT,302.31,7.63,D
-17.21595,127.7795,331.6,0.46,0.47,2026-05-05,0449,N,nominal,2.0NRT,304.51,43.97,D
-13.40033,132.91255,353.45,0.39,0.36,2026-05-05,0449,N,nominal,2.0NRT,304.29,7.63,D
-17.2105,127.78762,367,0.46,0.47,2026-05-05,0449,N,high,2.0NRT,303.38,26.57,D
-13.40087,132.90898,334.93,0.39,0.36,2026-05-05,0449,N,nominal,2.0NRT,301.01,4.44,D
-17.20611,127.78705,330.67,0.46,0.47,2026-05-05,0449,N,nominal,2.0NRT,297.81,26.57,D
-13.5048,132.21478,344.91,0.39,0.36,2026-05-05,0449,N,nominal,2.0NRT,302.54,8.48,D
-17.20171,127.7865,348.54,0.46,0.47,2026-05-05,0449,N,nominal,2.0NRT,296.03,7.7,D
-13.52317,132.09055,341.22,0.4,0.37,2026-05-05,0449,N,nominal,2.0NRT,300.13,4.9,D
-17.13172,127.92419,355.58,0.45,0.47,2026-05-05,0449,N,nominal,2.0NRT,301.34,8.35,D
-13.52371,132.08687,345.15,0.4,0.37,2026-05-05,0449,N,nominal,2.0NRT,301.79,7.82,D
-13.52479,132.07953,335.36,0.4,0.37,2026-05-05,0449,N,nominal,2.0NRT,300.29,3.85,D
-17.13225,127.91992,342.7,0.45,0.47,2026-05-05,0449,N,nominal,2.0NRT,302.17,8.35,D
-13.52534,132.07587,331.23,0.4,0.37,2026-05-05,0449,N,nominal,2.0NRT,298.57,3.85,D
-17.15058,127.77219,330.82,0.46,0.47,2026-05-05,0449,N,low,2.0NRT,301.24,3.66,D
-13.52588,132.0722,335.75,0.4,0.37,2026-05-05,0449,N,nominal,2.0NRT,300,5.88,D
-13.38999,132.95834,340.78,0.38,0.36,2026-05-05,0449,N,nominal,2.0NRT,303.2,6.59,D
-17.15112,127.7678,346.25,0.46,0.47,2026-05-05,0449,N,nominal,2.0NRT,301.39,19.56,D
-13.39646,132.91559,348.64,0.39,0.36,2026-05-05,0449,N,nominal,2.0NRT,304.47,7.63,D
-17.11584,128.01637,367,0.44,0.46,2026-05-05,0449,N,high,2.0NRT,301.19,14.42,D
-13.42715,132.71208,336.99,0.39,0.36,2026-05-05,0449,N,nominal,2.0NRT,303.17,5.63,D
-13.49806,132.21373,332.46,0.39,0.36,2026-05-05,0449,N,nominal,2.0NRT,300.12,2.89,D
-17.11636,128.01219,367,0.45,0.47,2026-05-05,0449,N,high,2.0NRT,301.09,14.42,D
-13.43272,132.60655,336.43,0.39,0.36,2026-05-05,0449,N,nominal,2.0NRT,300.84,3.65,D
-13.43325,132.60297,333.75,0.39,0.36,2026-05-05,0449,N,nominal,2.0NRT,301.6,3.65,D
-17.11218,128.0457,337.65,0.44,0.46,2026-05-05,0449,N,nominal,2.0NRT,298.02,2.65,D
-13.42602,132.60551,333.92,0.39,0.36,2026-05-05,0449,N,nominal,2.0NRT,301.16,4.17,D
-17.11791,127.99976,346.22,0.45,0.47,2026-05-05,0449,N,nominal,2.0NRT,300.81,10.42,D
-13.60725,131.34558,337.12,0.41,0.37,2026-05-05,0449,N,nominal,2.0NRT,303.13,5.71,D
-17.12737,127.92362,336.09,0.45,0.47,2026-05-05,0449,N,nominal,2.0NRT,299.97,8.35,D
-13.42041,132.59731,335.89,0.39,0.36,2026-05-05,0449,N,nominal,2.0NRT,302.11,3.05,D
-17.14618,127.77161,330.77,0.46,0.47,2026-05-05,0449,N,nominal,2.0NRT,295.4,3.66,D
-13.47731,132.21429,346.32,0.39,0.36,2026-05-05,0449,N,nominal,2.0NRT,305.69,24.66,D
-17.11305,128.00345,342.98,0.45,0.47,2026-05-05,0449,N,nominal,2.0NRT,300.82,9.55,D
-13.60379,131.34508,341.54,0.41,0.37,2026-05-05,0449,N,nominal,2.0NRT,304.27,6.78,D
-17.11411,127.99493,342.25,0.45,0.47,2026-05-05,0449,N,nominal,2.0NRT,301.16,10.5,D
-13.47058,132.21323,331,0.39,0.36,2026-05-05,0449,N,low,2.0NRT,302.13,3.24,D
-17.12145,127.93578,355.91,0.45,0.47,2026-05-05,0449,N,nominal,2.0NRT,299.74,15.85,D
-13.46668,132.21631,333.34,0.39,0.36,2026-05-05,0449,N,nominal,2.0NRT,302.61,4.77,D
-17.10667,128.01944,335.69,0.44,0.46,2026-05-05,0449,N,nominal,2.0NRT,300.06,4.89,D
-13.46721,132.21268,346.5,0.39,0.36,2026-05-05,0449,N,nominal,2.0NRT,303.59,3.24,D
-13.46533,132.21579,331.9,0.39,0.36,2026-05-05,0449,N,nominal,2.0NRT,302.01,2.44,D
-17.10719,128.01529,341.02,0.44,0.46,2026-05-05,0449,N,nominal,2.0NRT,300.66,7.13,D
-13.46587,132.21219,347.44,0.39,0.36,2026-05-05,0449,N,nominal,2.0NRT,302.67,9.01,D
-17.1077,128.01114,353.04,0.45,0.47,2026-05-05,0449,N,nominal,2.0NRT,300.38,7.13,D
-13.46197,132.21527,332.41,0.39,0.36,2026-05-05,0449,N,nominal,2.0NRT,301.82,2.44,D
-17.11603,127.94391,343.07,0.45,0.47,2026-05-05,0449,N,nominal,2.0NRT,299.02,7.02,D
-13.46251,132.21164,346.65,0.39,0.36,2026-05-05,0449,N,nominal,2.0NRT,305.31,9.01,D
-17.1256,127.86632,340.87,0.45,0.47,2026-05-05,0449,N,nominal,2.0NRT,299.59,7.84,D
-13.42169,132.46095,345.89,0.39,0.36,2026-05-05,0449,N,nominal,2.0NRT,303.1,6.17,D
-17.10596,127.98972,330.93,0.45,0.47,2026-05-05,0449,N,nominal,2.0NRT,297.98,5.4,D
-13.42223,132.45734,337.89,0.39,0.36,2026-05-05,0449,N,nominal,2.0NRT,302.08,4,D
-17.10647,127.98559,345.96,0.45,0.47,2026-05-05,0449,N,nominal,2.0NRT,301.48,5.4,D
-13.42277,132.45374,341.47,0.39,0.36,2026-05-05,0449,N,nominal,2.0NRT,302.8,4,D
-17.10698,127.98141,343.4,0.45,0.47,2026-05-05,0449,N,nominal,2.0NRT,300.28,5.84,D
-13.42385,132.44653,339.13,0.39,0.36,2026-05-05,0449,N,nominal,2.0NRT,303.75,7.14,D
-17.1075,127.97719,338.18,0.45,0.47,2026-05-05,0449,N,nominal,2.0NRT,300.02,5.84,D
-13.42439,132.44293,342.49,0.39,0.36,2026-05-05,0449,N,nominal,2.0NRT,303.83,4.53,D
-17.10319,127.97649,343.77,0.45,0.47,2026-05-05,0449,N,nominal,2.0NRT,300.19,5.84,D
-13.42764,132.42131,334.58,0.39,0.36,2026-05-05,0449,N,nominal,2.0NRT,300.15,6.29,D
-17.56524,123.82946,330.44,0.42,0.61,2026-05-05,0449,N,nominal,2.0NRT,297.97,5.14,D
-13.45578,132.21059,331.66,0.39,0.36,2026-05-05,0449,N,nominal,2.0NRT,301.13,3.04,D
-17.131,127.67606,344.91,0.47,0.48,2026-05-05,0449,N,nominal,2.0NRT,298.18,7.62,D
-13.3887,132.56635,350.14,0.39,0.36,2026-05-05,0449,N,nominal,2.0NRT,301.1,8.26,D
-17.12605,127.67982,344.97,0.47,0.48,2026-05-05,0449,N,nominal,2.0NRT,298.7,8.37,D
-13.41469,132.39326,339.99,0.39,0.36,2026-05-05,0449,N,nominal,2.0NRT,303.56,1.86,D
-17.1266,127.67533,334.13,0.47,0.48,2026-05-05,0449,N,nominal,2.0NRT,299.92,10.5,D
-13.38535,132.56584,333.15,0.39,0.36,2026-05-05,0449,N,nominal,2.0NRT,299.23,3.82,D
-17.12714,127.67078,345.49,0.47,0.48,2026-05-05,0449,N,nominal,2.0NRT,300.74,10.5,D
-13.38589,132.56226,352.31,0.39,0.36,2026-05-05,0449,N,nominal,2.0NRT,300.94,10.48,D
-17.12769,127.66624,340.52,0.47,0.48,2026-05-05,0449,N,nominal,2.0NRT,298.46,7.6,D
-13.38643,132.55865,339.15,0.39,0.36,2026-05-05,0449,N,nominal,2.0NRT,300.03,10.48,D
-17.55461,123.81992,344.79,0.42,0.61,2026-05-05,0449,N,nominal,2.0NRT,297.86,6.34,D
-13.41133,132.39275,346.15,0.39,0.36,2026-05-05,0449,N,nominal,2.0NRT,303.49,5.42,D
-17.12112,127.68349,344.32,0.47,0.48,2026-05-05,0449,N,nominal,2.0NRT,298.16,8.37,D
-13.38363,132.55455,349,0.39,0.36,2026-05-05,0449,N,nominal,2.0NRT,299.74,4.77,D
-17.12166,127.67903,349.5,0.47,0.48,2026-05-05,0449,N,nominal,2.0NRT,299.89,8.37,D
-13.38417,132.55093,334.75,0.39,0.36,2026-05-05,0449,N,nominal,2.0NRT,299.97,4.77,D
-17.54969,123.81109,340.19,0.42,0.61,2026-05-05,0449,N,nominal,2.0NRT,296.7,5.29,D
-13.38741,132.52937,345.43,0.39,0.36,2026-05-05,0449,N,nominal,2.0NRT,301.67,6.9,D
-17.11015,127.70013,340.02,0.47,0.47,2026-05-05,0449,N,nominal,2.0NRT,297.67,4.66,D
-13.3819,132.54323,332.4,0.39,0.36,2026-05-05,0449,N,nominal,2.0NRT,299.6,6.91,D
-17.10468,127.70832,338.13,0.47,0.47,2026-05-05,0449,N,nominal,2.0NRT,297.4,6.5,D
-13.38244,132.53963,331.55,0.39,0.36,2026-05-05,0449,N,nominal,2.0NRT,300.69,4.8,D
-17.10027,127.70778,367,0.47,0.47,2026-05-05,0449,N,high,2.0NRT,300.09,6.5,D
-13.38298,132.53604,348.11,0.39,0.36,2026-05-05,0449,N,nominal,2.0NRT,302.67,4.8,D
-17.10079,127.70345,339.07,0.47,0.47,2026-05-05,0449,N,nominal,2.0NRT,296.6,6.5,D
-13.38352,132.53242,343.47,0.39,0.36,2026-05-05,0449,N,nominal,2.0NRT,301.13,4,D
-17.09534,127.71155,348.7,0.47,0.47,2026-05-05,0449,N,nominal,2.0NRT,298.27,14.73,D
-13.38406,132.52882,339.8,0.39,0.36,2026-05-05,0449,N,nominal,2.0NRT,300.1,4,D
-17.09586,127.70723,340.54,0.47,0.47,2026-05-05,0449,N,nominal,2.0NRT,295.56,6.65,D
-13.3791,132.53909,340.14,0.39,0.36,2026-05-05,0449,N,nominal,2.0NRT,300.61,4.8,D
-17.5271,123.74587,342.65,0.43,0.62,2026-05-05,0449,N,nominal,2.0NRT,296.97,4.64,D
-13.37964,132.53551,335.13,0.39,0.36,2026-05-05,0449,N,nominal,2.0NRT,300.89,4.8,D
-17.52134,123.7452,353.02,0.43,0.62,2026-05-05,0449,N,nominal,2.0NRT,296.68,4.64,D
-13.38126,132.52472,348.46,0.39,0.36,2026-05-05,0449,N,nominal,2.0NRT,301.11,7.5,D
-17.52175,123.74104,331.96,0.43,0.62,2026-05-05,0449,N,nominal,2.0NRT,296.18,4.64,D
-13.38234,132.51752,342.05,0.39,0.36,2026-05-05,0449,N,nominal,2.0NRT,302.81,4.99,D
-17.03199,128.1655,341.73,0.43,0.46,2026-05-05,0449,N,nominal,2.0NRT,300.16,5.37,D
-13.38504,132.4995,346.95,0.39,0.36,2026-05-05,0449,N,nominal,2.0NRT,305.26,7.78,D
-17.09559,127.71281,342.04,0.46,0.47,2026-05-05,0449,N,nominal,2.0NRT,298.03,10.26,D
-13.37953,132.51338,356.08,0.39,0.36,2026-05-05,0449,N,nominal,2.0NRT,306.78,7.9,D
-17.09613,127.7085,355.93,0.46,0.47,2026-05-05,0449,N,nominal,2.0NRT,297.88,13.8,D
-13.38169,132.49898,330.7,0.39,0.36,2026-05-05,0449,N,low,2.0NRT,302.21,4.65,D
-17.07193,127.72292,342.14,0.46,0.47,2026-05-05,0449,N,nominal,2.0NRT,297.93,10.43,D
-13.42602,132.20222,338.25,0.39,0.36,2026-05-05,0449,N,nominal,2.0NRT,303.03,5.21,D
-17.06424,127.74862,331.6,0.46,0.47,2026-05-05,0449,N,nominal,2.0NRT,299.59,4.34,D
-13.42656,132.19858,333.95,0.39,0.36,2026-05-05,0449,N,nominal,2.0NRT,301.4,4.41,D
-17.52625,123.74632,338.58,0.43,0.62,2026-05-05,0449,N,nominal,2.0NRT,296.5,3.95,D
-13.37618,132.51285,330.19,0.39,0.36,2026-05-05,0449,N,nominal,2.0NRT,300.05,7.9,D
-17.52669,123.74216,334.69,0.43,0.62,2026-05-05,0449,N,nominal,2.0NRT,297.15,3.95,D
-13.42265,132.20171,336.44,0.39,0.36,2026-05-05,0449,N,nominal,2.0NRT,302.05,5.21,D
-17.52049,123.74567,341.5,0.43,0.62,2026-05-05,0449,N,nominal,2.0NRT,295.91,3.95,D
-13.42319,132.19806,344.93,0.39,0.36,2026-05-05,0449,N,nominal,2.0NRT,303.76,4.41,D
-17.52093,123.74152,340.53,0.43,0.62,2026-05-05,0449,N,nominal,2.0NRT,296.81,3.95,D
-13.42373,132.19441,342,0.39,0.36,2026-05-05,0449,N,nominal,2.0NRT,301.77,4.41,D
-17.51516,123.74087,345.98,0.43,0.62,2026-05-05,0449,N,nominal,2.0NRT,296.34,6.63,D
-13.42037,132.19389,331.47,0.39,0.36,2026-05-05,0449,N,low,2.0NRT,302.4,4.61,D
-17.50897,123.74434,367,0.43,0.62,2026-05-05,0449,N,high,2.0NRT,298.19,6.63,D
-13.42091,132.19026,355.56,0.39,0.36,2026-05-05,0449,N,nominal,2.0NRT,307.5,13.73,D
-17.5094,123.7402,350.32,0.43,0.62,2026-05-05,0449,N,nominal,2.0NRT,296.64,6.63,D
-13.42145,132.18663,351.93,0.39,0.36,2026-05-05,0449,N,nominal,2.0NRT,309.46,13.73,D
-17.00532,128.07803,367,0.44,0.46,2026-05-05,0449,N,high,2.0NRT,300.89,10.02,D
-13.38135,132.43254,337.19,0.39,0.36,2026-05-05,0449,N,nominal,2.0NRT,301.11,5.23,D
-17.50321,123.74364,351.28,0.43,0.62,2026-05-05,0449,N,nominal,2.0NRT,296.7,8.69,D
-13.41754,132.18973,337.1,0.39,0.36,2026-05-05,0449,N,nominal,2.0NRT,303.16,13.73,D
-17.38942,124.60669,346.47,0.37,0.58,2026-05-05,0449,N,nominal,2.0NRT,297.89,5.83,D
-13.41808,132.1861,339.68,0.39,0.36,2026-05-05,0449,N,nominal,2.0NRT,304.54,13.73,D
-17.3898,124.6031,336.61,0.37,0.58,2026-05-05,0449,N,nominal,2.0NRT,298.69,4.44,D
-13.41862,132.18245,354.71,0.39,0.36,2026-05-05,0449,N,nominal,2.0NRT,307.21,47.32,D
-17.01286,127.80369,330.51,0.46,0.47,2026-05-05,0449,N,nominal,2.0NRT,296.44,10.63,D
-13.378,132.43201,335.07,0.39,0.36,2026-05-05,0449,N,nominal,2.0NRT,299.27,1.77,D
-17.36059,124.72243,330.79,0.37,0.58,2026-05-05,0449,N,nominal,2.0NRT,298.3,2.21,D
-13.41471,132.18558,339.88,0.39,0.36,2026-05-05,0449,N,nominal,2.0NRT,303.06,4.12,D
-16.99604,127.83234,331.54,0.46,0.47,2026-05-05,0449,N,nominal,2.0NRT,299.57,5.89,D
-13.41525,132.18193,341.33,0.39,0.36,2026-05-05,0449,N,nominal,2.0NRT,304.31,5.9,D
-16.99657,127.82797,343.76,0.46,0.47,2026-05-05,0449,N,nominal,2.0NRT,299.48,8.28,D
-13.37572,132.4243,334.51,0.39,0.36,2026-05-05,0449,N,nominal,2.0NRT,300.93,4.65,D
-16.9971,127.82365,356.34,0.46,0.47,2026-05-05,0449,N,nominal,2.0NRT,301.37,8.28,D
-13.38221,132.38086,333.93,0.39,0.36,2026-05-05,0449,N,nominal,2.0NRT,302.05,2.48,D
-16.99762,127.81933,342.45,0.46,0.47,2026-05-05,0449,N,nominal,2.0NRT,300.87,9.88,D
-13.37291,132.42015,341.19,0.39,0.36,2026-05-05,0449,N,nominal,2.0NRT,301.28,3.17,D
-17.506,123.18793,330.85,0.46,0.64,2026-05-05,0449,N,nominal,2.0NRT,296.26,5.23,D
-13.36956,132.41962,333.41,0.39,0.36,2026-05-05,0449,N,nominal,2.0NRT,300.94,3.17,D
-17.50644,123.18345,332.59,0.46,0.64,2026-05-05,0449,N,nominal,2.0NRT,298.29,5.23,D
-13.3701,132.41602,337.94,0.39,0.36,2026-05-05,0449,N,nominal,2.0NRT,300.7,3.17,D
-16.99062,127.84043,348.08,0.45,0.47,2026-05-05,0449,N,nominal,2.0NRT,301.84,8.8,D
-13.36728,132.4119,340.97,0.39,0.36,2026-05-05,0449,N,nominal,2.0NRT,300.32,4.7,D
-16.99115,127.83611,350.51,0.46,0.47,2026-05-05,0449,N,nominal,2.0NRT,301.37,10.97,D
-13.36393,132.41135,346.98,0.39,0.36,2026-05-05,0449,N,nominal,2.0NRT,301.33,4.7,D
-17.4027,124.15978,331.21,0.4,0.6,2026-05-05,0449,N,nominal,2.0NRT,298.69,5.73,D
-13.36111,132.40723,332.41,0.39,0.36,2026-05-05,0449,N,nominal,2.0NRT,300.72,1.83,D
-17.50046,123.1828,338.46,0.46,0.64,2026-05-05,0449,N,nominal,2.0NRT,298.35,6.32,D
-13.38519,132.1288,339.03,0.39,0.36,2026-05-05,0449,N,nominal,2.0NRT,303.26,4.9,D
-16.96864,127.98497,337.83,0.45,0.47,2026-05-05,0449,N,nominal,2.0NRT,300.43,5.51,D
-13.471,131.49258,335.73,0.41,0.37,2026-05-05,0449,N,nominal,2.0NRT,302.03,3.14,D
-16.98574,127.84409,354.71,0.45,0.47,2026-05-05,0449,N,nominal,2.0NRT,300.87,8.8,D
-13.47155,131.4888,335.56,0.41,0.37,2026-05-05,0449,N,nominal,2.0NRT,301.42,3.14,D
-17.39749,124.15529,339.62,0.4,0.6,2026-05-05,0449,N,nominal,2.0NRT,299.96,5.73,D
-13.34073,132.3596,343.04,0.39,0.36,2026-05-05,0449,N,nominal,2.0NRT,302.58,5.47,D
-17.39789,124.15142,355.55,0.4,0.6,2026-05-05,0449,N,nominal,2.0NRT,299.6,4.72,D
-13.37561,132.12358,338.01,0.39,0.36,2026-05-05,0449,N,nominal,2.0NRT,302.02,4.11,D
-17.39828,124.14755,331.85,0.4,0.6,2026-05-05,0449,N,nominal,2.0NRT,297.75,4.72,D
-13.37615,132.11995,337.58,0.39,0.37,2026-05-05,0449,N,nominal,2.0NRT,301.88,4.11,D
-16.98087,127.8477,367,0.45,0.47,2026-05-05,0449,N,high,2.0NRT,300.57,7.15,D
-13.33201,132.39523,336.57,0.39,0.36,2026-05-05,0449,N,nominal,2.0NRT,300.14,2.36,D
-16.96431,127.98445,352.06,0.45,0.47,2026-05-05,0449,N,nominal,2.0NRT,297.77,13.19,D
-13.37224,132.12306,336.92,0.39,0.36,2026-05-05,0449,N,nominal,2.0NRT,303.04,4.11,D
-16.98036,127.85194,333.68,0.45,0.47,2026-05-05,0449,N,nominal,2.0NRT,299.13,7.15,D
-13.37277,132.1194,342.75,0.39,0.37,2026-05-05,0449,N,nominal,2.0NRT,305.46,4.11,D
-17.53457,122.63333,330.01,0.5,0.66,2026-05-05,0449,N,nominal,2.0NRT,295.57,36.12,D
-13.37331,132.11575,330.95,0.39,0.37,2026-05-05,0449,N,nominal,2.0NRT,301.57,2.94,D
-17.53502,122.62848,356.62,0.5,0.66,2026-05-05,0449,N,nominal,2.0NRT,307.4,36.12,D
-13.46632,131.47639,347.58,0.41,0.37,2026-05-05,0449,N,nominal,2.0NRT,301.12,15.34,D
-16.97009,127.86364,346.72,0.45,0.47,2026-05-05,0449,N,nominal,2.0NRT,301.79,7.33,D
-13.46687,131.47261,346.93,0.41,0.37,2026-05-05,0449,N,nominal,2.0NRT,306.58,15.34,D
-17.47659,123.18005,346.47,0.46,0.64,2026-05-05,0449,N,nominal,2.0NRT,298.52,7.62,D
-13.3714,132.12303,333.14,0.39,0.36,2026-05-05,0449,N,nominal,2.0NRT,302.22,5.63,D
-16.96972,127.86447,341.06,0.45,0.47,2026-05-05,0449,N,nominal,2.0NRT,300.85,7.09,D
-13.37194,132.11938,341.33,0.39,0.36,2026-05-05,0449,N,nominal,2.0NRT,304.18,5.63,D
-13.37249,132.11574,334.88,0.39,0.36,2026-05-05,0449,N,nominal,2.0NRT,302.68,5.6,D
-16.97029,127.86006,331.78,0.45,0.47,2026-05-05,0449,N,nominal,2.0NRT,300.39,4.14,D
-13.46734,131.47699,347.13,0.41,0.37,2026-05-05,0449,N,nominal,2.0NRT,300.56,15.49,D
-17.39969,124.15908,333.41,0.4,0.6,2026-05-05,0449,N,nominal,2.0NRT,300.5,6.24,D
-13.4679,131.47322,337.59,0.41,0.37,2026-05-05,0449,N,nominal,2.0NRT,303.5,15.49,D
-17.40012,124.15523,347.96,0.4,0.6,2026-05-05,0449,N,nominal,2.0NRT,300.43,6.24,D
-13.46446,131.4727,353.94,0.41,0.37,2026-05-05,0449,N,nominal,2.0NRT,299.78,15.49,D
-17.40054,124.15138,356.38,0.4,0.6,2026-05-05,0449,N,nominal,2.0NRT,299.65,5.51,D
-13.46502,131.4689,351.7,0.41,0.37,2026-05-05,0449,N,nominal,2.0NRT,298.65,14.84,D
-17.50421,123.18402,350.07,0.46,0.64,2026-05-05,0449,N,nominal,2.0NRT,299.38,5.74,D
-13.46558,131.4651,355.06,0.41,0.37,2026-05-05,0449,N,nominal,2.0NRT,306.5,14.84,D
-13.3652,132.11835,344.36,0.39,0.36,2026-05-05,0449,N,nominal,2.0NRT,305.02,5.47,D
-17.39535,124.1469,338.19,0.4,0.6,2026-05-05,0449,N,nominal,2.0NRT,298.43,5.51,D
-13.36575,132.11469,339.85,0.39,0.36,2026-05-05,0449,N,nominal,2.0NRT,305.68,8.45,D
-17.49824,123.18339,338.59,0.46,0.64,2026-05-05,0449,N,nominal,2.0NRT,296.94,5.74,D
-13.36629,132.11104,343.8,0.39,0.37,2026-05-05,0449,N,nominal,2.0NRT,305.02,8.45,D
-16.95232,127.862,331.12,0.45,0.47,2026-05-05,0449,N,nominal,2.0NRT,298.84,2.68,D
-13.36292,132.11052,367,0.39,0.37,2026-05-05,0449,N,high,2.0NRT,306.97,8.45,D
-13.36183,132.1178,339.39,0.39,0.36,2026-05-05,0449,N,nominal,2.0NRT,299.72,5.47,D
-17.5365,122.63033,367,0.5,0.66,2026-05-05,0449,N,high,2.0NRT,303.16,60.17,D
-13.36237,132.11415,344.9,0.39,0.36,2026-05-05,0449,N,nominal,2.0NRT,304.93,8.45,D
-17.48035,123.1813,343.96,0.46,0.64,2026-05-05,0449,N,nominal,2.0NRT,299.58,5.12,D
-13.359,132.11363,340.71,0.39,0.36,2026-05-05,0449,N,nominal,2.0NRT,298.8,4.1,D
-13.35955,132.11,336.02,0.39,0.37,2026-05-05,0449,N,nominal,2.0NRT,300,4.1,D
-17.53698,122.62549,339.66,0.5,0.66,2026-05-05,0449,N,nominal,2.0NRT,298.18,38.37,D
-13.35563,132.11311,344.75,0.39,0.36,2026-05-05,0449,N,nominal,2.0NRT,302.51,4.1,D
-17.47437,123.18074,335.25,0.46,0.64,2026-05-05,0449,N,nominal,2.0NRT,296.47,5.12,D
-13.35617,132.10947,344.96,0.39,0.37,2026-05-05,0449,N,nominal,2.0NRT,303.28,4.1,D
-17.28825,124.86852,335.73,0.36,0.57,2026-05-05,0449,N,nominal,2.0NRT,298.25,4.25,D
-13.35672,132.10582,352.57,0.39,0.37,2026-05-05,0449,N,nominal,2.0NRT,303.94,4.91,D
-17.28863,124.86507,336.81,0.36,0.57,2026-05-05,0449,N,nominal,2.0NRT,299.22,4.25,D
-13.35726,132.10217,335.56,0.39,0.37,2026-05-05,0449,N,nominal,2.0NRT,302.16,4.91,D
-17.28214,124.87483,367,0.36,0.57,2026-05-05,0449,N,high,2.0NRT,297.21,34.83,D
-13.35171,132.11624,331.04,0.39,0.36,2026-05-05,0449,N,nominal,2.0NRT,294.97,1.4,D
-16.92948,127.86768,341.96,0.45,0.47,2026-05-05,0449,N,nominal,2.0NRT,301.09,9.33,D
-13.3528,132.10895,339.68,0.39,0.37,2026-05-05,0449,N,nominal,2.0NRT,303.36,5.54,D
-17.28252,124.87139,339.87,0.36,0.57,2026-05-05,0449,N,nominal,2.0NRT,307.13,34.83,D
-13.35334,132.1053,352.12,0.39,0.37,2026-05-05,0449,N,nominal,2.0NRT,304.49,48.77,D
-17.2829,124.86792,337.43,0.36,0.57,2026-05-05,0449,N,nominal,2.0NRT,300.76,4.25,D
-13.35389,132.10165,356.18,0.39,0.37,2026-05-05,0449,N,nominal,2.0NRT,315.61,48.77,D
-17.28328,124.86446,331.77,0.36,0.57,2026-05-05,0449,N,nominal,2.0NRT,300.58,4.25,D
-13.34888,132.11208,337.83,0.39,0.36,2026-05-05,0449,N,nominal,2.0NRT,302.07,5.54,D
-17.27794,124.86385,367,0.36,0.57,2026-05-05,0449,N,high,2.0NRT,300.79,17.69,D
-13.34943,132.10843,353.54,0.39,0.37,2026-05-05,0449,N,nominal,2.0NRT,303.3,5.54,D
-13.34997,132.10478,354.97,0.39,0.37,2026-05-05,0449,N,nominal,2.0NRT,302.49,48.77,D
-16.92459,127.87143,338.14,0.45,0.47,2026-05-05,0449,N,nominal,2.0NRT,299.66,6.75,D
-13.3466,132.10426,343.62,0.39,0.37,2026-05-05,0449,N,nominal,2.0NRT,304.05,10.19,D
-16.92513,127.86711,341.25,0.45,0.47,2026-05-05,0449,N,nominal,2.0NRT,300.26,6.75,D
-13.59937,130.37016,334.57,0.45,0.39,2026-05-05,0449,N,nominal,2.0NRT,304.27,7.14,D
-17.27679,124.87423,347.56,0.36,0.57,2026-05-05,0449,N,nominal,2.0NRT,297.35,44.73,D
-13.60057,130.36179,335.39,0.45,0.39,2026-05-05,0449,N,nominal,2.0NRT,301.5,3.73,D
-17.27717,124.87077,345.49,0.36,0.57,2026-05-05,0449,N,nominal,2.0NRT,308.25,44.73,D
-13.34214,132.11102,330.63,0.39,0.36,2026-05-05,0449,N,low,2.0NRT,301.17,4.1,D
-17.27755,124.86732,354.58,0.36,0.57,2026-05-05,0449,N,nominal,2.0NRT,302.13,17.69,D
-13.34268,132.10739,336.32,0.39,0.37,2026-05-05,0449,N,nominal,2.0NRT,304.1,4.1,D
-17.3171,124.40217,347.13,0.38,0.59,2026-05-05,0449,N,nominal,2.0NRT,297.1,5.36,D
-13.34322,132.10374,353.19,0.39,0.37,2026-05-05,0449,N,nominal,2.0NRT,306.3,10.19,D
-17.27741,124.71925,339.37,0.37,0.58,2026-05-05,0449,N,nominal,2.0NRT,298.78,5.03,D
-13.34377,132.1001,343.82,0.39,0.37,2026-05-05,0449,N,nominal,2.0NRT,304.47,10.19,D
-17.3096,124.42005,332.81,0.38,0.59,2026-05-05,0449,N,nominal,2.0NRT,298.11,3.97,D
-13.33985,132.10323,367,0.39,0.37,2026-05-05,0449,N,high,2.0NRT,307.1,6.03,D
-17.3104,124.41264,349.18,0.38,0.59,2026-05-05,0449,N,nominal,2.0NRT,299.05,7.13,D
-13.33931,132.10687,337.26,0.39,0.37,2026-05-05,0449,N,nominal,2.0NRT,304.33,5.97,D
-17.31198,124.39784,340.87,0.38,0.59,2026-05-05,0449,N,nominal,2.0NRT,298.53,5.36,D
-13.34039,132.09958,330.35,0.39,0.37,2026-05-05,0449,N,nominal,2.0NRT,301.1,6.03,D
-17.31317,124.38672,343.08,0.38,0.59,2026-05-05,0449,N,nominal,2.0NRT,296.74,3.03,D
-13.33594,132.10635,342.53,0.39,0.37,2026-05-05,0449,N,nominal,2.0NRT,304.21,5.97,D
-17.50865,122.40233,367,0.52,0.67,2026-05-05,0449,N,high,2.0NRT,299.26,15.49,D
-13.33648,132.10271,338.68,0.39,0.37,2026-05-05,0449,N,nominal,2.0NRT,302.46,6.03,D
-17.29622,124.49327,332.7,0.38,0.59,2026-05-05,0449,N,nominal,2.0NRT,298.1,2.26,D
-13.33702,132.09906,341.8,0.39,0.37,2026-05-05,0449,N,nominal,2.0NRT,303.03,6.03,D
-17.30371,124.42314,344.99,0.38,0.59,2026-05-05,0449,N,nominal,2.0NRT,298.49,4.86,D
-13.33756,132.09541,353.21,0.39,0.37,2026-05-05,0449,N,nominal,2.0NRT,304.18,6.59,D
-17.30765,124.38611,354.71,0.38,0.59,2026-05-05,0449,N,nominal,2.0NRT,298.7,8.67,D
-13.58919,130.36438,339.22,0.45,0.39,2026-05-05,0449,N,nominal,2.0NRT,301.5,9.68,D
-17.50288,122.39658,367,0.52,0.67,2026-05-05,0449,N,high,2.0NRT,299.04,15.49,D
-13.33419,132.09489,367,0.39,0.37,2026-05-05,0449,N,high,2.0NRT,310.52,26.05,D
-17.50337,122.3914,344.65,0.52,0.67,2026-05-05,0449,N,nominal,2.0NRT,298.96,12.69,D
-13.33257,132.10582,342.95,0.39,0.37,2026-05-05,0449,N,nominal,2.0NRT,304.58,3.67,D
-17.49809,122.38042,367,0.52,0.67,2026-05-05,0449,N,high,2.0NRT,298.97,11.74,D
-13.33473,132.09123,352.61,0.39,0.37,2026-05-05,0449,N,nominal,2.0NRT,315.08,26.05,D
-17.4971,122.39079,352.54,0.52,0.67,2026-05-05,0449,N,nominal,2.0NRT,295.93,8.73,D
-13.32919,132.10529,335.13,0.39,0.37,2026-05-05,0449,N,nominal,2.0NRT,302.59,3.67,D
-17.4976,122.38557,336.61,0.52,0.67,2026-05-05,0449,N,nominal,2.0NRT,296.87,8.73,D
-13.33082,132.09436,349.75,0.39,0.37,2026-05-05,0449,N,nominal,2.0NRT,304.77,26.05,D
-17.49858,122.37528,352.9,0.52,0.67,2026-05-05,0449,N,nominal,2.0NRT,298.39,11.74,D
-13.33136,132.09071,356.66,0.39,0.37,2026-05-05,0449,N,nominal,2.0NRT,308.13,26.05,D
-17.49907,122.37018,341.05,0.52,0.67,2026-05-05,0449,N,nominal,2.0NRT,295.62,6.22,D
-13.3319,132.08707,337.29,0.39,0.37,2026-05-05,0449,N,nominal,2.0NRT,305.41,57.46,D
-17.28249,124.46585,342.29,0.38,0.59,2026-05-05,0449,N,nominal,2.0NRT,298.15,3.14,D
-13.3269,132.09749,339.78,0.39,0.37,2026-05-05,0449,N,nominal,2.0NRT,303.07,8.12,D
-13.42614,131.35004,339.27,0.41,0.37,2026-05-05,0449,N,nominal,2.0NRT,302.07,3.75,D
-17.28129,124.42439,330.21,0.38,0.59,2026-05-05,0449,N,nominal,2.0NRT,299.17,3.97,D
-13.32262,131.93933,346.32,0.4,0.37,2026-05-05,0449,N,nominal,2.0NRT,300.46,7.03,D
-17.26451,124.47846,330.2,0.38,0.59,2026-05-05,0449,N,nominal,2.0NRT,298.45,2.98,D
-13.29816,132.08182,337.78,0.39,0.37,2026-05-05,0449,N,nominal,2.0NRT,302.08,7.3,D
-17.27067,124.41945,330.02,0.38,0.59,2026-05-05,0449,N,nominal,2.0NRT,297.96,2.42,D
-13.31923,131.93881,339.78,0.4,0.37,2026-05-05,0449,N,nominal,2.0NRT,299.74,7.03,D
-17.47151,122.25742,337.77,0.53,0.67,2026-05-05,0449,N,nominal,2.0NRT,296.5,9.45,D
-13.29533,132.07764,333.06,0.39,0.37,2026-05-05,0449,N,nominal,2.0NRT,300.82,4.65,D
-13.29195,132.07712,344.15,0.39,0.37,2026-05-05,0449,N,nominal,2.0NRT,300.75,4.65,D
-17.46234,122.28768,367,0.53,0.67,2026-05-05,0449,N,high,2.0NRT,298.82,23.17,D
-13.31246,131.93776,334.22,0.4,0.37,2026-05-05,0449,N,nominal,2.0NRT,300.62,4.98,D
-17.18613,125.01593,367,0.35,0.57,2026-05-05,0449,N,high,2.0NRT,293.68,14.83,D
-13.39402,131.35298,332.95,0.41,0.37,2026-05-05,0449,N,low,2.0NRT,303.67,3.44,D
-17.45889,122.25591,351.18,0.53,0.67,2026-05-05,0449,N,nominal,2.0NRT,298.69,13.16,D
-13.39058,131.35246,339.67,0.41,0.37,2026-05-05,0449,N,nominal,2.0NRT,304.95,3.44,D
-17.18049,125.01868,367,0.35,0.57,2026-05-05,0449,N,high,2.0NRT,295.83,28.34,D
-13.38713,131.35194,348.73,0.41,0.37,2026-05-05,0449,N,nominal,2.0NRT,305.59,5.41,D
-15.76913,135.59416,348.37,0.41,0.37,2026-05-05,0449,N,nominal,2.0NRT,303.13,7.46,D
-13.24678,132.28947,330.55,0.39,0.36,2026-05-05,0449,N,nominal,2.0NRT,301.32,2.71,D
-13.38369,131.35143,343.68,0.41,0.37,2026-05-05,0449,N,nominal,2.0NRT,304.32,5.41,D
-15.77222,135.57516,335.41,0.41,0.37,2026-05-05,0449,N,nominal,2.0NRT,304.12,2.56,D
-13.38024,131.35088,338.49,0.41,0.37,2026-05-05,0449,N,nominal,2.0NRT,304.74,4.3,D
-17.18084,125.0153,356.87,0.35,0.57,2026-05-05,0449,N,low,2.0NRT,287.65,14.83,D
-13.37679,131.35036,334.81,0.41,0.37,2026-05-05,0449,N,nominal,2.0NRT,303.92,4.3,D
-15.76847,135.55508,333.45,0.4,0.37,2026-05-05,0449,N,nominal,2.0NRT,302.61,3.42,D
-13.3778,131.35066,336.37,0.41,0.37,2026-05-05,0449,N,nominal,2.0NRT,303.67,8.95,D
-15.76567,135.55072,335.64,0.4,0.37,2026-05-05,0449,N,nominal,2.0NRT,304.31,2.65,D
-13.37435,131.35013,345.19,0.41,0.37,2026-05-05,0449,N,nominal,2.0NRT,305.26,8.95,D
-15.76288,135.54634,334.18,0.4,0.37,2026-05-05,0449,N,nominal,2.0NRT,302.71,2.65,D
-13.37035,131.35342,331.75,0.41,0.37,2026-05-05,0449,N,nominal,2.0NRT,299.91,3.98,D
-15.76301,135.54686,334.55,0.4,0.37,2026-05-05,0449,N,nominal,2.0NRT,303.04,4.03,D
-13.36346,131.35237,335.54,0.41,0.37,2026-05-05,0449,N,nominal,2.0NRT,300.73,4.11,D
-15.7602,135.54248,343.02,0.4,0.37,2026-05-05,0449,N,nominal,2.0NRT,302.7,2.93,D
-13.36002,131.35185,339.67,0.41,0.37,2026-05-05,0449,N,nominal,2.0NRT,305.96,4.11,D
-15.75679,135.5419,339.04,0.4,0.37,2026-05-05,0449,N,nominal,2.0NRT,304.03,2.64,D
-13.35657,131.35133,346.79,0.41,0.37,2026-05-05,0449,N,nominal,2.0NRT,303.63,5.82,D
-13.24855,132.05901,342.93,0.39,0.37,2026-05-05,0449,N,nominal,2.0NRT,302.84,4.96,D
-15.75338,135.54131,335.53,0.4,0.37,2026-05-05,0449,N,nominal,2.0NRT,302.83,2.64,D
-13.24518,132.05849,338.96,0.39,0.37,2026-05-05,0449,N,nominal,2.0NRT,302.24,12.74,D
-15.74876,135.54831,336.7,0.4,0.37,2026-05-05,0449,N,nominal,2.0NRT,303.85,2.56,D
-13.21091,132.2652,332.88,0.39,0.36,2026-05-05,0449,N,nominal,2.0NRT,300.44,4.08,D
-15.74937,135.54453,330.22,0.4,0.37,2026-05-05,0449,N,low,2.0NRT,303.05,2.56,D
-13.24181,132.05795,345.07,0.39,0.37,2026-05-05,0449,N,nominal,2.0NRT,304.92,12.74,D
-15.74072,135.55473,338.4,0.41,0.37,2026-05-05,0449,N,nominal,2.0NRT,301.97,3.31,D
-15.74133,135.55093,331.01,0.4,0.37,2026-05-05,0449,N,low,2.0NRT,304.02,3.31,D
-13.23843,132.05743,331.37,0.39,0.37,2026-05-05,0449,N,low,2.0NRT,301.63,2.84,D
-13.18438,132.3277,336.75,0.39,0.36,2026-05-05,0449,N,nominal,2.0NRT,300.97,4.1,D
-17.18673,125.01664,330.78,0.35,0.57,2026-05-05,0449,N,nominal,2.0NRT,293.84,7.13,D
-15.73853,135.54655,355.37,0.4,0.37,2026-05-05,0449,N,nominal,2.0NRT,304.83,14.78,D
-13.18492,132.32408,331.6,0.39,0.36,2026-05-05,0449,N,low,2.0NRT,302.57,2.98,D
-13.18546,132.32048,333.93,0.39,0.36,2026-05-05,0449,N,nominal,2.0NRT,301.65,2.98,D
-17.18106,125.01939,336.62,0.35,0.57,2026-05-05,0449,N,nominal,2.0NRT,293.63,8.33,D
-13.186,132.31686,339.18,0.39,0.36,2026-05-05,0449,N,nominal,2.0NRT,302.13,5.62,D
-17.47402,122.26279,332.94,0.53,0.67,2026-05-05,0449,N,nominal,2.0NRT,296.87,6.37,D
-13.18654,132.31325,355.09,0.39,0.36,2026-05-05,0449,N,nominal,2.0NRT,303.2,5.62,D
-17.18144,125.01604,357.82,0.35,0.57,2026-05-05,0449,N,low,2.0NRT,287.96,7.13,D
-13.18708,132.30966,336.26,0.39,0.36,2026-05-05,0449,N,nominal,2.0NRT,301.25,4.21,D
-17.46516,122.28782,367,0.53,0.67,2026-05-05,0449,N,high,2.0NRT,300.61,17.85,D
-13.18762,132.30606,343.48,0.39,0.36,2026-05-05,0449,N,nominal,2.0NRT,302.04,4.21,D
-17.17539,125.02222,336.28,0.35,0.57,2026-05-05,0449,N,nominal,2.0NRT,298.07,4.22,D
-13.18049,132.33081,340.96,0.39,0.36,2026-05-05,0449,N,nominal,2.0NRT,300.98,4.1,D
-17.17577,125.01883,334.69,0.35,0.57,2026-05-05,0449,N,nominal,2.0NRT,300.57,4.22,D
-13.18211,132.31996,341.18,0.39,0.36,2026-05-05,0449,N,nominal,2.0NRT,299.44,2.98,D
-17.46822,122.25692,330.6,0.53,0.67,2026-05-05,0449,N,nominal,2.0NRT,296.3,4.62,D
-13.18426,132.30551,345.97,0.39,0.36,2026-05-05,0449,N,nominal,2.0NRT,301.72,4.21,D
-13.1848,132.3019,340.71,0.39,0.36,2026-05-05,0449,N,nominal,2.0NRT,301.58,5.7,D
-17.1701,125.02165,367,0.35,0.57,2026-05-05,0449,N,high,2.0NRT,301.19,4.22,D
-13.18751,132.28377,337.17,0.39,0.36,2026-05-05,0449,N,nominal,2.0NRT,303.05,3.43,D
-17.17048,125.0183,340,0.35,0.57,2026-05-05,0449,N,nominal,2.0NRT,301.37,4.22,D
-13.18804,132.28018,341.61,0.39,0.36,2026-05-05,0449,N,nominal,2.0NRT,303.63,8.22,D
-17.46191,122.2562,335.42,0.53,0.67,2026-05-05,0449,N,nominal,2.0NRT,297.49,4.62,D
-13.18253,132.29411,348.14,0.39,0.36,2026-05-05,0449,N,nominal,2.0NRT,302.71,5.13,D
-17.16482,125.02105,367,0.35,0.57,2026-05-05,0449,N,high,2.0NRT,302.94,5.8,D
-13.18415,132.28323,339.03,0.39,0.36,2026-05-05,0449,N,nominal,2.0NRT,302.89,4.18,D
-17.16519,125.01775,335.56,0.35,0.57,2026-05-05,0449,N,nominal,2.0NRT,301.94,5.8,D
-13.17917,132.29359,330.43,0.39,0.36,2026-05-05,0449,N,low,2.0NRT,301.24,5.13,D
-17.45561,122.25539,347.79,0.53,0.67,2026-05-05,0449,N,nominal,2.0NRT,296.54,5.89,D
-13.17971,132.28998,339.32,0.39,0.36,2026-05-05,0449,N,nominal,2.0NRT,300.23,5.13,D
-17.1599,125.01716,342.73,0.35,0.57,2026-05-05,0449,N,nominal,2.0NRT,300.41,5.8,D
-13.18025,132.28635,331.27,0.39,0.36,2026-05-05,0449,N,nominal,2.0NRT,300.21,4.18,D
-17.15463,125.01645,367,0.35,0.57,2026-05-05,0449,N,high,2.0NRT,302.01,21.27,D
-13.19644,132.17758,337.77,0.39,0.36,2026-05-05,0449,N,nominal,2.0NRT,302.4,4.46,D
-17.14935,125.01581,367,0.35,0.57,2026-05-05,0449,N,high,2.0NRT,303.78,21.27,D
-13.16707,132.32866,334.47,0.39,0.36,2026-05-05,0449,N,nominal,2.0NRT,297.2,1.81,D
-16.253,131.98515,340.44,0.41,0.37,2026-05-05,0449,N,nominal,2.0NRT,303.13,4.88,D
-13.16318,132.33173,331.17,0.39,0.36,2026-05-05,0449,N,low,2.0NRT,301.98,5.55,D
-13.16372,132.32812,333.99,0.39,0.36,2026-05-05,0449,N,nominal,2.0NRT,301.14,3.74,D
-16.25011,131.98076,339.29,0.41,0.37,2026-05-05,0449,N,nominal,2.0NRT,303.51,2.96,D
-13.15647,132.33069,332.56,0.39,0.36,2026-05-05,0449,N,nominal,2.0NRT,301.85,2.83,D
-16.24666,131.98021,334.75,0.41,0.37,2026-05-05,0449,N,nominal,2.0NRT,301.34,2.96,D
-13.15701,132.32706,335.85,0.39,0.36,2026-05-05,0449,N,nominal,2.0NRT,301.93,2.88,D
-16.24722,131.97633,335.42,0.41,0.37,2026-05-05,0449,N,nominal,2.0NRT,302.44,4.29,D
-13.18554,132.13501,332.63,0.39,0.36,2026-05-05,0449,N,nominal,2.0NRT,300.12,2.11,D
-16.24433,131.97191,339.99,0.41,0.37,2026-05-05,0449,N,nominal,2.0NRT,304.61,3.94,D
-13.18257,132.10847,344.3,0.39,0.36,2026-05-05,0449,N,nominal,2.0NRT,298.91,4.61,D
-16.24032,131.97525,331.9,0.41,0.37,2026-05-05,0449,N,nominal,2.0NRT,300.95,3.94,D
-13.18311,132.10483,343.85,0.39,0.36,2026-05-05,0449,N,nominal,2.0NRT,299.46,4.61,D
-16.24088,131.97137,338.83,0.41,0.37,2026-05-05,0449,N,nominal,2.0NRT,305.71,3.94,D
-13.18189,132.08977,330.67,0.39,0.36,2026-05-05,0449,N,nominal,2.0NRT,298.78,3.09,D
-16.23687,131.9747,347.92,0.41,0.37,2026-05-05,0449,N,nominal,2.0NRT,305.64,6.5,D
-13.18943,132.03867,341.15,0.39,0.37,2026-05-05,0449,N,nominal,2.0NRT,296.82,3.42,D
-16.23742,131.97083,338.56,0.41,0.37,2026-05-05,0449,N,nominal,2.0NRT,305.28,6.5,D
-13.18605,132.03815,352.34,0.39,0.37,2026-05-05,0449,N,nominal,2.0NRT,303.56,24.09,D
-17.37492,122.43374,345.49,0.52,0.67,2026-05-05,0449,N,nominal,2.0NRT,298.82,5.98,D
-13.17945,132.05954,367,0.39,0.37,2026-05-05,0449,N,high,2.0NRT,305.28,10.64,D
-17.37541,122.42857,330.57,0.52,0.67,2026-05-05,0449,N,nominal,2.0NRT,296.79,5.98,D
-13.17837,132.06685,338.63,0.39,0.37,2026-05-05,0449,N,nominal,2.0NRT,301.8,5.11,D
-17.36916,122.42797,339.38,0.52,0.67,2026-05-05,0449,N,nominal,2.0NRT,295.55,5.98,D
-13.17891,132.0632,342.99,0.39,0.37,2026-05-05,0449,N,nominal,2.0NRT,301.89,10.64,D
-16.15402,132.47635,343.68,0.4,0.37,2026-05-05,0449,N,nominal,2.0NRT,307.26,8.01,D
-13.17999,132.05589,340.76,0.39,0.37,2026-05-05,0449,N,nominal,2.0NRT,301.07,4.21,D
-16.22985,131.94981,340.79,0.41,0.37,2026-05-05,0449,N,nominal,2.0NRT,302.94,2.72,D
-13.18268,132.03763,353.44,0.39,0.37,2026-05-05,0449,N,nominal,2.0NRT,301.45,24.09,D
-16.2304,131.94594,337.95,0.41,0.37,2026-05-05,0449,N,nominal,2.0NRT,301.65,2.72,D
-13.17607,132.05904,344.67,0.39,0.37,2026-05-05,0449,N,nominal,2.0NRT,302.71,5.76,D
-17.17161,124.29756,338.28,0.39,0.59,2026-05-05,0449,N,nominal,2.0NRT,298.05,4.06,D
-13.17661,132.05537,350.25,0.39,0.37,2026-05-05,0449,N,nominal,2.0NRT,302.61,7.67,D
-16.22349,131.94485,338.26,0.41,0.37,2026-05-05,0449,N,nominal,2.0NRT,302.53,5.06,D
-13.17715,132.05171,343.42,0.39,0.37,2026-05-05,0449,N,nominal,2.0NRT,301.21,7.67,D
-16.22404,131.94099,331.15,0.41,0.37,2026-05-05,0449,N,low,2.0NRT,301.25,3.22,D
-13.1793,132.03709,343.95,0.39,0.37,2026-05-05,0449,N,nominal,2.0NRT,309.03,28.65,D
-17.16208,124.28125,335.52,0.39,0.59,2026-05-05,0449,N,nominal,2.0NRT,297.79,2.89,D
-13.17593,132.03658,367,0.39,0.37,2026-05-05,0449,N,high,2.0NRT,302.05,28.65,D
-17.16911,124.21281,338.28,0.39,0.6,2026-05-05,0449,N,nominal,2.0NRT,297.49,3.28,D
-13.17216,132.06218,341.78,0.39,0.37,2026-05-05,0449,N,nominal,2.0NRT,301.29,5.76,D
-17.16392,124.20837,333.43,0.39,0.6,2026-05-05,0449,N,nominal,2.0NRT,297.94,4.34,D
-13.1727,132.05852,349.61,0.39,0.37,2026-05-05,0449,N,nominal,2.0NRT,305.68,5.76,D
-16.13626,132.40816,330.73,0.4,0.37,2026-05-05,0449,N,low,2.0NRT,304.62,3.2,D
-13.17646,132.03293,346.78,0.4,0.37,2026-05-05,0449,N,nominal,2.0NRT,300.69,7.64,D
-17.37158,122.43058,367,0.52,0.67,2026-05-05,0449,N,high,2.0NRT,298.87,15.91,D
-13.16932,132.05798,340.23,0.39,0.37,2026-05-05,0449,N,nominal,2.0NRT,300.95,4.27,D
-17.17281,124.29741,338.39,0.39,0.59,2026-05-05,0449,N,nominal,2.0NRT,298.21,7.04,D
-13.16703,132.05016,352.4,0.39,0.37,2026-05-05,0449,N,nominal,2.0NRT,302.44,13.39,D
-17.17091,124.21284,332.01,0.39,0.6,2026-05-05,0449,N,nominal,2.0NRT,297.07,2.29,D
-13.16756,132.04648,332.6,0.39,0.37,2026-05-05,0449,N,nominal,2.0NRT,300.15,3.45,D
-17.15784,124.28053,338.54,0.39,0.59,2026-05-05,0449,N,nominal,2.0NRT,295.87,4.85,D
-13.1681,132.04285,332.14,0.39,0.37,2026-05-05,0449,N,nominal,2.0NRT,301.09,3.45,D
-17.16575,124.20844,332.48,0.39,0.6,2026-05-05,0449,N,nominal,2.0NRT,297.36,2.29,D
-13.16864,132.03918,340.82,0.39,0.37,2026-05-05,0449,N,nominal,2.0NRT,301.89,4.4,D
-16.16399,132.02693,330.81,0.41,0.37,2026-05-05,0449,N,low,2.0NRT,302.85,2.75,D
-13.17401,132.00261,346.16,0.4,0.37,2026-05-05,0449,N,nominal,2.0NRT,302.65,5.65,D
-16.16055,132.02641,343.24,0.41,0.37,2026-05-05,0449,N,nominal,2.0NRT,304.45,2.75,D
-13.17616,131.98798,342.34,0.4,0.37,2026-05-05,0449,N,nominal,2.0NRT,303.44,2.93,D
-16.1571,132.02588,342.89,0.41,0.37,2026-05-05,0449,N,nominal,2.0NRT,303.27,11.08,D
-13.1767,131.98431,335.87,0.4,0.37,2026-05-05,0449,N,nominal,2.0NRT,302.4,2.93,D
-13.16638,132.04959,351.22,0.39,0.37,2026-05-05,0449,N,nominal,2.0NRT,301.92,11.36,D
-16.15422,132.02148,354.56,0.41,0.37,2026-05-05,0449,N,nominal,2.0NRT,304.85,11.08,D
-13.16692,132.04591,331.18,0.39,0.37,2026-05-05,0449,N,nominal,2.0NRT,299.49,2.8,D
-16.15133,132.01712,343.41,0.41,0.37,2026-05-05,0449,N,nominal,2.0NRT,301.86,4.08,D
-13.16747,132.04227,331.96,0.39,0.37,2026-05-05,0449,N,nominal,2.0NRT,300.27,2.8,D
-17.13419,124.23972,331.41,0.39,0.59,2026-05-05,0449,N,nominal,2.0NRT,295.68,3.54,D
-16.90606,126.17896,335,0.58,0.52,2026-05-05,0449,N,nominal,2.0NRT,294.9,6.3,D
-13.16801,132.03862,343.42,0.39,0.37,2026-05-05,0449,N,nominal,2.0NRT,301.31,6.05,D
-13.17348,132.00208,353.66,0.4,0.37,2026-05-05,0449,N,nominal,2.0NRT,302.99,3.9,D
-16.90058,126.18362,340.4,0.58,0.52,2026-05-05,0449,N,nominal,2.0NRT,297.61,8.93,D
-16.11948,132.06735,336.93,0.41,0.37,2026-05-05,0449,N,nominal,2.0NRT,302.53,3.26,D
-13.17566,131.98746,341.61,0.4,0.37,2026-05-05,0449,N,nominal,2.0NRT,303.3,4.02,D
-16.12004,132.06351,341.86,0.41,0.37,2026-05-05,0449,N,nominal,2.0NRT,303.49,3.26,D
-13.17621,131.9838,337.06,0.4,0.37,2026-05-05,0449,N,nominal,2.0NRT,302.88,4.02,D
-16.12059,132.05966,351.87,0.41,0.37,2026-05-05,0449,N,nominal,2.0NRT,303.11,5.91,D
-13.16955,132.0052,331.37,0.4,0.37,2026-05-05,0449,N,nominal,2.0NRT,300.01,6.2,D
-13.1701,132.00156,332.65,0.4,0.37,2026-05-05,0449,N,nominal,2.0NRT,300.74,3.9,D
-16.1177,132.05528,352.46,0.41,0.37,2026-05-05,0449,N,nominal,2.0NRT,311.3,17.9,D
-13.17064,131.99789,330.84,0.4,0.37,2026-05-05,0449,N,nominal,2.0NRT,300.06,3.9,D
-16.11095,132.07782,331.17,0.41,0.37,2026-05-05,0449,N,low,2.0NRT,303.8,2.14,D
-13.17447,131.97227,349.23,0.4,0.37,2026-05-05,0449,N,nominal,2.0NRT,303.63,6.37,D
-16.11316,132.06244,336.15,0.41,0.37,2026-05-05,0449,N,nominal,2.0NRT,301.4,4.15,D
-13.17502,131.9686,332.63,0.4,0.37,2026-05-05,0449,N,low,2.0NRT,302.77,6.37,D
-16.11372,132.05859,339.73,0.41,0.37,2026-05-05,0449,N,nominal,2.0NRT,304.11,17.9,D
-13.16236,132.03027,348.61,0.39,0.37,2026-05-05,0449,N,nominal,2.0NRT,301.08,11.17,D
-16.11427,132.05473,342.93,0.41,0.37,2026-05-05,0449,N,nominal,2.0NRT,304.02,17.9,D
-13.1689,131.9864,350.34,0.4,0.37,2026-05-05,0449,N,nominal,2.0NRT,303.55,10.91,D
-16.11482,132.0509,343.41,0.41,0.37,2026-05-05,0449,N,nominal,2.0NRT,305.59,34.32,D
-13.17054,131.97542,341,0.4,0.37,2026-05-05,0449,N,nominal,2.0NRT,300.1,3.9,D
-16.10862,132.0696,331.1,0.41,0.37,2026-05-05,0449,N,low,2.0NRT,304.52,3.04,D
-13.17164,131.96808,336.36,0.4,0.37,2026-05-05,0449,N,nominal,2.0NRT,300.2,4.7,D
-16.10917,132.06575,332.63,0.41,0.37,2026-05-05,0449,N,nominal,2.0NRT,302.08,5.97,D
-13.15245,132.07353,332.04,0.39,0.36,2026-05-05,0449,N,nominal,2.0NRT,301.54,6.33,D
-16.10973,132.0619,331.32,0.41,0.37,2026-05-05,0449,N,nominal,2.0NRT,300.56,5.97,D
-13.16007,132.02246,351.88,0.4,0.37,2026-05-05,0449,N,nominal,2.0NRT,298.15,9.28,D
-13.16062,132.01878,356.87,0.4,0.37,2026-05-05,0449,N,nominal,2.0NRT,302.98,9.28,D
-16.11028,132.05806,343.19,0.41,0.37,2026-05-05,0449,N,nominal,2.0NRT,301.7,11.56,D
-13.16662,131.97856,344.67,0.4,0.37,2026-05-05,0449,N,nominal,2.0NRT,302.01,3.9,D
-16.11083,132.05421,354.34,0.41,0.37,2026-05-05,0449,N,nominal,2.0NRT,305.12,11.56,D
-13.16716,131.97488,341.96,0.4,0.37,2026-05-05,0449,N,nominal,2.0NRT,300.45,3.9,D
-16.11138,132.05037,344.58,0.41,0.37,2026-05-05,0449,N,nominal,2.0NRT,304.34,20.83,D
-13.18083,131.8831,342.46,0.4,0.37,2026-05-05,0449,N,nominal,2.0NRT,304.09,4.12,D
-16.10519,132.06906,331.95,0.41,0.37,2026-05-05,0449,N,low,2.0NRT,304.13,3.04,D
-13.15833,132.01096,331.91,0.4,0.37,2026-05-05,0449,N,nominal,2.0NRT,290.02,2.24,D
-16.10629,132.06139,349.03,0.41,0.37,2026-05-05,0449,N,nominal,2.0NRT,306.45,5.97,D
-13.16597,131.95969,346.33,0.4,0.37,2026-05-05,0449,N,nominal,2.0NRT,299,5.62,D
-13.16652,131.95602,344.71,0.4,0.37,2026-05-05,0449,N,nominal,2.0NRT,300.83,10.22,D
-16.1012,132.07236,338.34,0.41,0.37,2026-05-05,0449,N,nominal,2.0NRT,301.52,8.76,D
-13.17745,131.88258,330.37,0.4,0.37,2026-05-05,0449,N,low,2.0NRT,303.44,3.48,D
-16.1023,132.06467,338.07,0.41,0.37,2026-05-05,0449,N,nominal,2.0NRT,304.62,8.41,D
-13.16968,131.9115,335.55,0.4,0.37,2026-05-05,0449,N,nominal,2.0NRT,301.47,5.03,D
-16.10285,132.06084,355.93,0.41,0.37,2026-05-05,0449,N,nominal,2.0NRT,304.91,8.41,D
-13.17077,131.90417,337.94,0.4,0.37,2026-05-05,0449,N,nominal,2.0NRT,301.38,5.7,D
-16.1034,132.05699,353.58,0.41,0.37,2026-05-05,0449,N,nominal,2.0NRT,305.02,12.45,D
-13.17351,131.88576,338.61,0.4,0.37,2026-05-05,0449,N,nominal,2.0NRT,304.25,4.32,D
-16.09997,132.05644,367,0.41,0.37,2026-05-05,0449,N,high,2.0NRT,304.45,12.45,D
-13.16194,131.94032,350.29,0.4,0.37,2026-05-05,0449,N,nominal,2.0NRT,301.06,12.29,D
-13.16684,131.90732,338.66,0.4,0.37,2026-05-05,0449,N,nominal,2.0NRT,303.16,21.82,D
-16.09832,132.06799,350.86,0.41,0.37,2026-05-05,0449,N,nominal,2.0NRT,303.16,8.76,D
-13.16739,131.90366,346.76,0.4,0.37,2026-05-05,0449,N,nominal,2.0NRT,301.31,9.47,D
-16.09887,132.06413,348.99,0.41,0.37,2026-05-05,0449,N,nominal,2.0NRT,302.62,8.41,D
-13.1395,132.06779,332.75,0.39,0.36,2026-05-05,0449,N,nominal,2.0NRT,298.72,2.07,D
-16.09942,132.0603,342.46,0.41,0.37,2026-05-05,0449,N,nominal,2.0NRT,301.18,8.41,D
-13.16128,131.92146,335.87,0.4,0.37,2026-05-05,0449,N,nominal,2.0NRT,298.95,7.25,D
-16.10052,132.05263,330.79,0.41,0.37,2026-05-05,0449,N,nominal,2.0NRT,299.61,12.45,D
-13.16182,131.9178,333.26,0.4,0.37,2026-05-05,0449,N,nominal,2.0NRT,298.12,8.29,D
-17.00582,124.28958,335.81,0.39,0.59,2026-05-05,0449,N,nominal,2.0NRT,297.12,3.64,D
-13.16292,131.91045,344.11,0.4,0.37,2026-05-05,0449,N,nominal,2.0NRT,302.9,21.82,D
-17.00068,124.28529,331.58,0.39,0.59,2026-05-05,0449,N,nominal,2.0NRT,297.11,3.34,D
-13.13276,132.06676,336.15,0.39,0.36,2026-05-05,0449,N,nominal,2.0NRT,294.48,2.92,D
-13.1333,132.06311,337.57,0.39,0.36,2026-05-05,0449,N,nominal,2.0NRT,301.17,3.8,D
-16.68079,125.03273,367,0.34,0.56,2026-05-05,0449,N,high,2.0NRT,298.38,6.82,D
-13.84674,126.92094,355.59,0.47,0.48,2026-05-05,0449,N,nominal,2.0NRT,302.76,16.67,D
-16.66201,125.20358,342.99,0.33,0.56,2026-05-05,0449,N,nominal,2.0NRT,291.08,5.9,D
-13.84732,126.91653,341.05,0.47,0.48,2026-05-05,0449,N,nominal,2.0NRT,300.52,8.22,D
-16.66236,125.20037,338.22,0.33,0.56,2026-05-05,0449,N,nominal,2.0NRT,292.42,4,D
-13.82106,126.98017,337.23,0.47,0.48,2026-05-05,0449,N,nominal,2.0NRT,299.6,3.08,D
-16.68041,125.03623,332.04,0.34,0.56,2026-05-05,0449,N,nominal,2.0NRT,296.47,6.82,D
-13.82144,126.83581,330.94,0.48,0.48,2026-05-05,0449,N,nominal,2.0NRT,300.32,3.46,D
-16.65824,125.19007,367,0.33,0.56,2026-05-05,0449,N,high,2.0NRT,297.74,8.99,D
-13.06991,132.07196,331.93,0.39,0.36,2026-05-05,0449,N,low,2.0NRT,302.71,4.19,D
-13.06654,132.07143,334.58,0.39,0.36,2026-05-05,0449,N,nominal,2.0NRT,301.89,5.51,D
-16.67589,125.02894,367,0.34,0.56,2026-05-05,0449,N,high,2.0NRT,298.63,12.88,D
-13.05643,132.06987,340.46,0.39,0.36,2026-05-05,0449,N,nominal,2.0NRT,301.83,5.85,D
-16.65787,125.19339,347.45,0.33,0.56,2026-05-05,0449,N,nominal,2.0NRT,296.13,8.99,D
-13.05696,132.06622,355.32,0.39,0.36,2026-05-05,0449,N,nominal,2.0NRT,306.91,13.64,D
-13.0575,132.06259,331.89,0.39,0.36,2026-05-05,0449,N,nominal,2.0NRT,301.75,13.64,D
-16.6534,125.18622,367,0.34,0.56,2026-05-05,0449,N,high,2.0NRT,298.17,13.11,D
-13.05575,132.0658,355.31,0.39,0.36,2026-05-05,0449,N,nominal,2.0NRT,305.62,22.57,D
-16.65304,125.18953,346.67,0.33,0.56,2026-05-05,0449,N,nominal,2.0NRT,295.38,8.99,D
-12.99554,132.23822,330.66,0.39,0.36,2026-05-05,0449,N,nominal,2.0NRT,299.5,3.88,D
-12.99608,132.23463,330.31,0.39,0.36,2026-05-05,0449,N,nominal,2.0NRT,299.92,2.94,D
-16.64761,125.09404,331,0.34,0.56,2026-05-05,0449,N,nominal,2.0NRT,295.89,3.56,D
-12.99272,132.23409,332.8,0.39,0.36,2026-05-05,0449,N,nominal,2.0NRT,298.46,2.94,D
-16.64797,125.09074,347.32,0.34,0.56,2026-05-05,0449,N,nominal,2.0NRT,297.58,3.56,D
-12.99434,132.22327,332.72,0.39,0.36,2026-05-05,0449,N,nominal,2.0NRT,300.63,4.35,D
-12.9887,132.215,335.83,0.39,0.36,2026-05-05,0449,N,nominal,2.0NRT,300.65,3.06,D
-16.64276,125.08994,331.93,0.34,0.56,2026-05-05,0449,N,nominal,2.0NRT,297.11,3.56,D
-12.98845,132.17055,331.37,0.39,0.36,2026-05-05,0449,N,low,2.0NRT,302.81,3.7,D
-16.64792,125.09261,351.12,0.34,0.56,2026-05-05,0449,N,nominal,2.0NRT,297.1,4.91,D
-12.98899,132.16693,333.6,0.39,0.36,2026-05-05,0449,N,nominal,2.0NRT,302.48,2.03,D
-16.656,125.02267,349.31,0.34,0.56,2026-05-05,0449,N,nominal,2.0NRT,297.09,4.13,D
-12.98563,132.16641,338.1,0.39,0.36,2026-05-05,0449,N,nominal,2.0NRT,302.34,3.53,D
-12.98901,132.07411,332.31,0.39,0.36,2026-05-05,0449,N,nominal,2.0NRT,300.62,4.74,D
-16.64234,125.09512,330.21,0.34,0.56,2026-05-05,0449,N,nominal,2.0NRT,296.85,3.86,D
-12.98955,132.07047,341.22,0.39,0.36,2026-05-05,0449,N,nominal,2.0NRT,308.54,24.93,D
-16.6431,125.08852,335.67,0.34,0.56,2026-05-05,0449,N,nominal,2.0NRT,296.9,4.91,D
-12.98618,132.06995,342.01,0.39,0.36,2026-05-05,0449,N,nominal,2.0NRT,300.81,4.11,D
-12.78876,130.85619,330.58,0.42,0.38,2026-05-05,0449,N,low,2.0NRT,301.11,4.68,D
-16.63678,125.09748,333.44,0.34,0.56,2026-05-05,0449,N,nominal,2.0NRT,297.87,4.62,D
-12.58242,130.6937,337.95,0.43,0.38,2026-05-05,0449,N,nominal,2.0NRT,304.07,5.23,D
-16.64362,125.0379,337.17,0.34,0.56,2026-05-05,0449,N,nominal,2.0NRT,296.65,3.34,D
-12.57892,130.69318,342.9,0.43,0.38,2026-05-05,0449,N,nominal,2.0NRT,302.15,5.23,D
-16.64592,125.01779,333.29,0.34,0.56,2026-05-05,0449,N,nominal,2.0NRT,297.36,2.45,D
-12.57541,130.69266,340.49,0.43,0.38,2026-05-05,0449,N,nominal,2.0NRT,302.25,9.66,D
-12.57598,130.68871,335.28,0.43,0.38,2026-05-05,0449,N,nominal,2.0NRT,302.86,5.68,D
-16.63551,125.06235,333.12,0.34,0.56,2026-05-05,0449,N,nominal,2.0NRT,295.19,2.65,D
-12.56025,130.69843,331.66,0.43,0.38,2026-05-05,0449,N,low,2.0NRT,302.83,2.47,D
-16.63842,125.03687,345.58,0.34,0.56,2026-05-05,0449,N,nominal,2.0NRT,297.76,3.34,D
-12.6608,124.5435,349.9,0.33,0.55,2026-05-05,0449,N,nominal,2.0NRT,296.21,4.42,D
-16.61414,125.20291,343.43,0.33,0.56,2026-05-05,0449,N,nominal,2.0NRT,297.53,9.95,D
-11.49928,130.52809,337.21,0.43,0.38,2026-05-05,0449,N,nominal,2.0NRT,304.61,10.99,D
-16.61451,125.19968,345.42,0.33,0.56,2026-05-05,0449,N,nominal,2.0NRT,296.81,6.46,D
-11.49579,130.52756,343.35,0.43,0.38,2026-05-05,0449,N,nominal,2.0NRT,307.87,10.99,D
-11.49636,130.52364,335.74,0.43,0.38,2026-05-05,0449,N,nominal,2.0NRT,302.95,7.12,D
-16.61926,125.15826,330.23,0.34,0.56,2026-05-05,0449,N,nominal,2.0NRT,296.58,6.91,D
-11.4888,130.52649,335.06,0.43,0.38,2026-05-05,0449,N,low,2.0NRT,305.95,5.94,D
-16.60748,125.21518,335.43,0.33,0.55,2026-05-05,0449,N,nominal,2.0NRT,296.49,3.28,D
-16.60785,125.21194,352.65,0.33,0.56,2026-05-05,0449,N,nominal,2.0NRT,298.04,5.4,D
-16.60822,125.20872,344.88,0.33,0.56,2026-05-05,0449,N,nominal,2.0NRT,297.2,5.4,D
-16.60268,125.21133,347.15,0.33,0.56,2026-05-05,0449,N,nominal,2.0NRT,298.2,5.02,D
-16.60305,125.20809,341.48,0.33,0.56,2026-05-05,0449,N,nominal,2.0NRT,297.03,5.02,D
-16.59713,125.21397,333.77,0.33,0.55,2026-05-05,0449,N,nominal,2.0NRT,298.19,6.22,D
-16.59196,125.21331,367,0.33,0.55,2026-05-05,0449,N,high,2.0NRT,298.47,12.26,D
-16.58842,125.1515,339.28,0.34,0.56,2026-05-05,0449,N,nominal,2.0NRT,289.01,2.32,D
-16.5888,125.14809,331.67,0.34,0.56,2026-05-05,0449,N,nominal,2.0NRT,292.22,2.32,D
-16.57061,125.122,334.57,0.34,0.56,2026-05-05,0449,N,nominal,2.0NRT,295.36,7.12,D
-16.57098,125.1187,356.93,0.34,0.56,2026-05-05,0449,N,nominal,2.0NRT,297.58,7.12,D
-16.55593,125.15952,330.91,0.34,0.56,2026-05-05,0449,N,nominal,2.0NRT,298.7,10.66,D
-16.55557,125.1628,357.05,0.34,0.56,2026-05-05,0449,N,low,2.0NRT,290.09,21.58,D
-16.54555,125.15823,346.65,0.34,0.56,2026-05-05,0449,N,nominal,2.0NRT,296.83,6.88,D
-16.55494,125.0235,367,0.34,0.56,2026-05-05,0449,N,high,2.0NRT,298.78,18.76,D
-16.55532,125.02,367,0.34,0.56,2026-05-05,0449,N,high,2.0NRT,299.09,14.29,D
-16.5557,125.01653,355.27,0.34,0.56,2026-05-05,0449,N,nominal,2.0NRT,297.05,14.29,D
-16.54455,125.15666,332.37,0.34,0.56,2026-05-05,0449,N,nominal,2.0NRT,295.83,3.92,D
-16.55532,125.01868,367,0.34,0.56,2026-05-05,0449,N,high,2.0NRT,300.51,12.6,D
-16.55451,125.02567,351.74,0.34,0.56,2026-05-05,0449,N,nominal,2.0NRT,297.1,11.53,D
-16.55492,125.02217,355.32,0.34,0.56,2026-05-05,0449,N,nominal,2.0NRT,297.91,11.53,D
-16.55573,125.01522,334.76,0.34,0.56,2026-05-05,0449,N,nominal,2.0NRT,296.51,12.6,D
-15.36173,133.71773,338.45,0.38,0.36,2026-05-05,0449,N,nominal,2.0NRT,302.76,4.24,D
-15.35785,133.72078,333.67,0.38,0.36,2026-05-05,0449,N,low,2.0NRT,304.31,3.49,D
-15.3584,133.71719,349.26,0.38,0.36,2026-05-05,0449,N,nominal,2.0NRT,306.04,3.49,D
-15.35452,133.72025,334.61,0.38,0.36,2026-05-05,0449,N,nominal,2.0NRT,303.15,3.49,D
-15.35506,133.71664,336.4,0.38,0.36,2026-05-05,0449,N,nominal,2.0NRT,304.85,3.49,D
-15.35228,133.71252,331.47,0.38,0.36,2026-05-05,0449,N,low,2.0NRT,305.17,2.8,D
-16.50339,125.00829,367,0.34,0.56,2026-05-05,0449,N,high,2.0NRT,297.11,8.55,D
-15.3495,133.7084,331.53,0.38,0.36,2026-05-05,0449,N,low,2.0NRT,303.52,2.8,D
-16.50303,125.01152,337.3,0.34,0.56,2026-05-05,0449,N,nominal,2.0NRT,297.3,9.66,D
-16.49813,125.00776,367,0.34,0.56,2026-05-05,0449,N,high,2.0NRT,299.91,7.73,D
-15.34562,133.71144,330.41,0.38,0.36,2026-05-05,0449,N,low,2.0NRT,302.53,2.34,D
-15.34617,133.70787,335.29,0.38,0.36,2026-05-05,0449,N,nominal,2.0NRT,303.21,2.34,D
-16.4985,125.00451,355.44,0.34,0.56,2026-05-05,0449,N,nominal,2.0NRT,295.05,7.73,D
-15.34284,133.70732,334,0.38,0.36,2026-05-05,0449,N,nominal,2.0NRT,301.88,2.34,D
-16.4929,125.00705,334.02,0.34,0.56,2026-05-05,0449,N,nominal,2.0NRT,289.26,7.73,D
-15.3406,133.69962,336.68,0.38,0.36,2026-05-05,0449,N,nominal,2.0NRT,303.19,4.16,D
-15.33727,133.69907,347.38,0.38,0.36,2026-05-05,0449,N,nominal,2.0NRT,303.82,4.16,D
-15.33504,133.69136,332.58,0.38,0.36,2026-05-05,0449,N,nominal,2.0NRT,302.27,2.03,D
-15.32066,133.71843,331.67,0.38,0.36,2026-05-05,0449,N,low,2.0NRT,301.7,2.35,D
-15.31569,133.72862,334.64,0.38,0.36,2026-05-05,0449,N,nominal,2.0NRT,300.11,2.49,D
-15.31236,133.7281,337.9,0.38,0.36,2026-05-05,0449,N,nominal,2.0NRT,301.11,2.49,D
-15.31345,133.72093,336.55,0.38,0.36,2026-05-05,0449,N,nominal,2.0NRT,302.19,5.29,D
-15.31455,133.71376,340.19,0.38,0.36,2026-05-05,0449,N,nominal,2.0NRT,301.89,3.1,D
-15.31122,133.71321,346.35,0.38,0.36,2026-05-05,0449,N,nominal,2.0NRT,301.71,3.82,D
-15.29844,133.70747,335.35,0.38,0.36,2026-05-05,0449,N,nominal,2.0NRT,301.37,6.11,D
-15.30391,133.67162,350.59,0.38,0.36,2026-05-05,0449,N,nominal,2.0NRT,303.85,6.07,D
-15.28908,133.74635,334.49,0.38,0.36,2026-05-05,0449,N,nominal,2.0NRT,302.84,3.95,D
-15.28661,133.74893,338.4,0.38,0.36,2026-05-05,0449,N,nominal,2.0NRT,302.84,3.39,D
-15.28716,133.74535,335.66,0.38,0.36,2026-05-05,0449,N,nominal,2.0NRT,304.87,3.16,D
-15.28771,133.74178,337.29,0.38,0.36,2026-05-05,0449,N,nominal,2.0NRT,302.74,3.16,D
-15.28328,133.7484,344.4,0.38,0.36,2026-05-05,0449,N,nominal,2.0NRT,303.22,3.39,D
-15.28383,133.74481,348.28,0.38,0.36,2026-05-05,0449,N,nominal,2.0NRT,306.02,3.16,D
-15.28437,133.74123,331.95,0.38,0.36,2026-05-05,0449,N,low,2.0NRT,304.15,3.16,D
-15.24782,133.77936,336.8,0.38,0.36,2026-05-05,0449,N,nominal,2.0NRT,302.99,2.13,D
-15.24837,133.77579,331.79,0.38,0.36,2026-05-05,0449,N,low,2.0NRT,304.69,4.47,D
-15.24394,133.78241,334.52,0.38,0.36,2026-05-05,0449,N,nominal,2.0NRT,302.68,2.13,D
-15.24449,133.77882,330.03,0.38,0.36,2026-05-05,0449,N,low,2.0NRT,304.11,2.13,D
-15.24504,133.77524,343.99,0.38,0.36,2026-05-05,0449,N,nominal,2.0NRT,304.32,4.47,D
-15.24116,133.77829,338.07,0.38,0.36,2026-05-05,0449,N,nominal,2.0NRT,304.1,3.29,D
-15.24171,133.77469,332.39,0.38,0.36,2026-05-05,0449,N,low,2.0NRT,302.73,6.55,D
-15.24225,133.77112,348.59,0.38,0.36,2026-05-05,0449,N,nominal,2.0NRT,306.45,6.55,D
-15.23673,133.78491,333.54,0.38,0.36,2026-05-05,0449,N,nominal,2.0NRT,303.43,2.65,D
-15.23783,133.77774,332.73,0.38,0.36,2026-05-05,0449,N,nominal,2.0NRT,302.27,3.29,D
-15.23285,133.78795,342.37,0.38,0.36,2026-05-05,0449,N,nominal,2.0NRT,304.22,4.05,D
-15.23449,133.77719,351.81,0.38,0.36,2026-05-05,0449,N,nominal,2.0NRT,305.51,7.74,D
-15.23007,133.78383,336.81,0.38,0.36,2026-05-05,0449,N,nominal,2.0NRT,304.29,4.05,D
-15.23061,133.78024,337.8,0.38,0.36,2026-05-05,0449,N,nominal,2.0NRT,303.05,7.74,D
-15.23116,133.77666,352.72,0.38,0.36,2026-05-05,0449,N,nominal,2.0NRT,301.95,7.74,D
-15.22729,133.77971,331.61,0.38,0.36,2026-05-05,0449,N,low,2.0NRT,303.69,2.43,D
-15.23492,133.70749,330.64,0.38,0.36,2026-05-05,0449,N,low,2.0NRT,300.98,2.04,D
-15.22007,133.78221,337.98,0.38,0.36,2026-05-05,0449,N,nominal,2.0NRT,302.75,4.55,D
-15.21674,133.78166,346.82,0.38,0.36,2026-05-05,0449,N,nominal,2.0NRT,303.09,4.55,D
-15.17238,133.80383,335.29,0.38,0.36,2026-05-05,0449,N,nominal,2.0NRT,300.94,2.74,D
-15.1591,133.87468,343.29,0.38,0.36,2026-05-05,0449,N,nominal,2.0NRT,304.5,7.66,D
-15.17009,133.80301,334.8,0.38,0.36,2026-05-05,0449,N,nominal,2.0NRT,302.12,6.35,D
-15.20947,133.52296,334.03,0.38,0.36,2026-05-05,0449,N,nominal,2.0NRT,302.03,4.82,D
-15.14969,133.89149,330.27,0.38,0.36,2026-05-05,0449,N,low,2.0NRT,303.69,3.4,D
-15.15024,133.88792,343.22,0.38,0.36,2026-05-05,0449,N,nominal,2.0NRT,304.73,3.4,D
-15.15189,133.87717,338.13,0.38,0.36,2026-05-05,0449,N,nominal,2.0NRT,302.84,3.38,D
-15.15244,133.8736,333.16,0.38,0.36,2026-05-05,0449,N,nominal,2.0NRT,301.49,3.38,D
-15.20613,133.52242,337.12,0.38,0.36,2026-05-05,0449,N,nominal,2.0NRT,301.47,4.34,D
-15.14636,133.89096,340.11,0.38,0.36,2026-05-05,0449,N,nominal,2.0NRT,304.21,3.4,D
-15.15186,133.85512,330.99,0.38,0.36,2026-05-05,0449,N,low,2.0NRT,302.79,3.9,D
-15.14357,133.88683,336.15,0.38,0.36,2026-05-05,0449,N,nominal,2.0NRT,304.02,4.58,D
-15.14468,133.87967,347.25,0.38,0.36,2026-05-05,0449,N,nominal,2.0NRT,305.56,3.58,D
-15.14523,133.87608,340.6,0.38,0.36,2026-05-05,0449,N,nominal,2.0NRT,304.84,4.11,D
-15.14578,133.8725,339.48,0.38,0.36,2026-05-05,0449,N,nominal,2.0NRT,302.02,4.11,D
-15.14963,133.84741,331.44,0.38,0.36,2026-05-05,0449,N,low,2.0NRT,302.65,3.75,D
-15.19947,133.52135,331.13,0.38,0.36,2026-05-05,0449,N,nominal,2.0NRT,300.62,2.07,D
-15.14079,133.88271,332.39,0.38,0.36,2026-05-05,0449,N,low,2.0NRT,302.75,3.58,D
-15.14134,133.87912,334.23,0.38,0.36,2026-05-05,0449,N,low,2.0NRT,304.77,3.58,D
-15.14245,133.87195,343.34,0.38,0.36,2026-05-05,0449,N,nominal,2.0NRT,303.58,4.11,D
-15.1474,133.83972,335.91,0.38,0.36,2026-05-05,0449,N,nominal,2.0NRT,302.28,3.54,D
-15.19614,133.5208,335.23,0.38,0.36,2026-05-05,0449,N,nominal,2.0NRT,300.63,2.07,D
-15.13856,133.875,332.65,0.38,0.36,2026-05-05,0449,N,low,2.0NRT,304.71,2.2,D
-15.13911,133.87141,331.36,0.38,0.36,2026-05-05,0449,N,low,2.0NRT,304.57,2.2,D
-15.14352,133.84274,347.88,0.38,0.36,2026-05-05,0449,N,nominal,2.0NRT,302.85,7.51,D
-15.13578,133.87088,336.66,0.38,0.36,2026-05-05,0449,N,nominal,2.0NRT,303.67,2.2,D
-15.1856,133.52278,334.11,0.38,0.36,2026-05-05,0449,N,nominal,2.0NRT,301.17,2.73,D
-15.10528,133.89162,331.52,0.38,0.36,2026-05-05,0449,N,nominal,2.0NRT,300.91,0.81,D
-15.10195,133.89107,345.49,0.38,0.36,2026-05-05,0449,N,nominal,2.0NRT,303.61,3.81,D
-15.09253,133.9079,330.86,0.38,0.36,2026-05-05,0449,N,low,2.0NRT,301.64,2.15,D
-15.08086,133.89497,335.81,0.38,0.36,2026-05-05,0449,N,nominal,2.0NRT,303.87,1.82,D
-15.13513,133.54034,343.8,0.38,0.36,2026-05-05,0449,N,nominal,2.0NRT,302.31,6.64,D
-15.13234,133.53622,331.58,0.38,0.36,2026-05-05,0449,N,nominal,2.0NRT,301.05,3.14,D
-15.06808,133.88922,331.4,0.38,0.36,2026-05-05,0449,N,low,2.0NRT,303.24,4.59,D
-15.02623,133.92638,335.17,0.38,0.36,2026-05-05,0449,N,nominal,2.0NRT,300.97,2.02,D
-16.08114,126.24247,335.89,0.56,0.52,2026-05-05,0449,N,nominal,2.0NRT,293.73,7.9,D
-15.55909,129.99342,344.34,0.49,0.4,2026-05-05,0449,N,nominal,2.0NRT,302.04,8.45,D
-15.70572,128.70619,331.53,0.39,0.44,2026-05-05,0449,N,nominal,2.0NRT,299.38,2.21,D
-15.98857,126.11575,330.68,0.57,0.52,2026-05-05,0449,N,nominal,2.0NRT,294.63,5.65,D
-15.48551,130.05023,346.68,0.49,0.4,2026-05-05,0449,N,nominal,2.0NRT,302.46,4.87,D
-15.4868,130.04099,339.77,0.49,0.4,2026-05-05,0449,N,nominal,2.0NRT,302.6,6.71,D
-15.48179,130.04964,350.28,0.49,0.4,2026-05-05,0449,N,nominal,2.0NRT,304.7,7.17,D
-15.47807,130.04903,342.25,0.49,0.4,2026-05-05,0449,N,nominal,2.0NRT,303.6,7.17,D
-15.47435,130.04839,340.63,0.49,0.4,2026-05-05,0449,N,nominal,2.0NRT,302.59,3.89,D
-15.47064,130.04773,336.31,0.49,0.4,2026-05-05,0449,N,nominal,2.0NRT,303.12,3.89,D
-15.46692,130.04712,331.06,0.49,0.4,2026-05-05,0449,N,low,2.0NRT,302.02,2.37,D
-15.4632,130.04646,333.26,0.49,0.4,2026-05-05,0449,N,nominal,2.0NRT,301.94,2.37,D
-15.46383,130.04192,337.9,0.49,0.4,2026-05-05,0449,N,nominal,2.0NRT,305.2,6.82,D
-15.4601,130.04132,349.5,0.49,0.4,2026-05-05,0449,N,nominal,2.0NRT,304.9,13.2,D
-15.52107,129.56525,336.28,0.52,0.41,2026-05-05,0449,N,nominal,2.0NRT,303.23,2.94,D
-15.52173,129.56038,330.07,0.52,0.41,2026-05-05,0449,N,low,2.0NRT,302.21,2.2,D
-15.95716,126.14257,330.37,0.57,0.52,2026-05-05,0449,N,nominal,2.0NRT,292.33,5.97,D
-15.9672,125.93346,336.24,0.59,0.53,2026-05-05,0449,N,nominal,2.0NRT,294.35,8.48,D
-15.50504,129.56816,330.55,0.52,0.41,2026-05-05,0449,N,low,2.0NRT,301.66,3.22,D
-15.50056,129.57243,336.79,0.52,0.41,2026-05-05,0449,N,nominal,2.0NRT,303.4,2.58,D
-15.96229,125.84779,333.12,0.59,0.53,2026-05-05,0449,N,nominal,2.0NRT,295.26,7.48,D
-15.95245,125.84664,353.58,0.59,0.53,2026-05-05,0449,N,nominal,2.0NRT,293.86,24.61,D
-15.90693,126.02646,333.15,0.58,0.52,2026-05-05,0449,N,nominal,2.0NRT,291.53,4.76,D
-15.88919,126.09547,341.87,0.57,0.52,2026-05-05,0449,N,nominal,2.0NRT,297.93,11.88,D
-15.90156,125.98722,334.45,0.58,0.52,2026-05-05,0449,N,nominal,2.0NRT,297.09,5.7,D
-15.90219,125.98164,334.13,0.58,0.52,2026-05-05,0449,N,nominal,2.0NRT,297.84,5.7,D
-32.58842,116.00491,338.12,0.44,0.38,2026-05-05,0622,N,nominal,2.0NRT,292,3.8,D
-33.28842,117.6618,331.24,0.5,0.41,2026-05-05,0622,N,nominal,2.0NRT,298.8,6.18,D
-33.33681,117.40791,332.28,0.49,0.4,2026-05-05,0622,N,nominal,2.0NRT,300.68,8.9,D
-34.43761,117.56782,347.33,0.47,0.4,2026-05-05,0625,N,nominal,2.0NRT,290.88,6.59,D
-33.28469,117.66076,333.7,0.5,0.41,2026-05-05,0622,N,nominal,2.0NRT,296.63,6.18,D
-33.33311,117.40695,343.89,0.49,0.4,2026-05-05,0622,N,nominal,2.0NRT,298.77,8.9,D
-34.45855,117.43837,327.79,0.47,0.4,2026-05-05,0625,N,nominal,2.0NRT,295.25,4.31,D
-33.33924,117.35419,332.85,0.48,0.4,2026-05-05,0622,N,nominal,2.0NRT,298.54,16.7,D
-33.34022,117.34895,345.6,0.48,0.4,2026-05-05,0622,N,nominal,2.0NRT,304.33,16.7,D
-34.43704,117.56467,327.31,0.47,0.4,2026-05-05,0625,N,nominal,2.0NRT,290.42,2.93,D
-33.27826,117.65327,330.97,0.5,0.41,2026-05-05,0622,N,nominal,2.0NRT,296.81,5.44,D
-34.46007,117.44109,329.48,0.47,0.4,2026-05-05,0625,N,nominal,2.0NRT,294.62,3.9,D
-33.57436,116.03304,331.65,0.43,0.38,2026-05-05,0622,N,nominal,2.0NRT,293.57,3.49,D
-33.6514,120.61853,343.61,0.46,0.47,2026-05-05,0625,N,nominal,2.0NRT,290.68,5.86,D
-33.30134,117.2083,347.13,0.48,0.4,2026-05-05,0622,N,nominal,2.0NRT,302.76,18.21,D
-33.6471,120.61716,342.72,0.46,0.47,2026-05-05,0625,N,nominal,2.0NRT,295.54,5.86,D
-33.29768,117.20728,342.47,0.48,0.4,2026-05-05,0622,N,nominal,2.0NRT,304.22,35.71,D
-34.15562,116.8885,346.51,0.45,0.39,2026-05-05,0625,N,nominal,2.0NRT,294.38,6.74,D
-33.29865,117.20221,354.38,0.48,0.4,2026-05-05,0622,N,nominal,2.0NRT,315.98,31.55,D
-34.15205,116.88754,356.63,0.45,0.39,2026-05-05,0625,N,nominal,2.0NRT,297.55,19.7,D
-33.29962,117.19715,346.39,0.48,0.4,2026-05-05,0622,N,nominal,2.0NRT,313.82,31.55,D
-34.32512,115.51287,338.69,0.41,0.37,2026-05-05,0625,N,nominal,2.0NRT,291.82,32.41,D
-33.29596,117.19616,339.31,0.48,0.4,2026-05-05,0622,N,nominal,2.0NRT,297.08,31.55,D
-34.32093,115.51648,339.11,0.41,0.37,2026-05-05,0625,N,nominal,2.0NRT,296.25,10.98,D
-33.2994,117.21037,333.65,0.48,0.4,2026-05-05,0622,N,nominal,2.0NRT,297.4,16.26,D
-34.32246,115.50757,326.43,0.41,0.37,2026-05-05,0625,N,nominal,2.0NRT,291.95,32.41,D
-33.30035,117.20529,340.05,0.48,0.4,2026-05-05,0622,N,nominal,2.0NRT,307.92,19.5,D
-34.3217,115.51202,367,0.41,0.37,2026-05-05,0625,N,low,2.0NRT,326.82,32.41,D
-33.3013,117.2002,348.46,0.48,0.4,2026-05-05,0622,N,nominal,2.0NRT,301.49,19.5,D
-34.31828,115.51116,331.08,0.41,0.37,2026-05-05,0625,N,nominal,2.0NRT,296.27,18.02,D
-33.30224,117.19511,328.65,0.48,0.4,2026-05-05,0622,N,nominal,2.0NRT,303.09,9.58,D
-34.31904,115.50671,340.37,0.41,0.37,2026-05-05,0625,N,nominal,2.0NRT,292.24,18.02,D
-33.2967,117.20427,355.67,0.48,0.4,2026-05-05,0622,N,nominal,2.0NRT,302.02,38.58,D
-34.31562,115.50586,348.97,0.41,0.37,2026-05-05,0625,N,nominal,2.0NRT,296.59,18.02,D
-33.29763,117.19922,353.13,0.48,0.4,2026-05-05,0622,N,nominal,2.0NRT,311.67,38.58,D
-34.31639,115.50141,333.08,0.41,0.37,2026-05-05,0625,N,nominal,2.0NRT,290.73,4.79,D
-33.29858,117.19414,344.52,0.48,0.4,2026-05-05,0622,N,nominal,2.0NRT,301.51,8.76,D
-34.31144,115.50945,335.23,0.41,0.37,2026-05-05,0625,N,nominal,2.0NRT,297,5.26,D
-33.54393,115.66944,350.62,0.42,0.38,2026-05-05,0622,N,nominal,2.0NRT,299.03,12.76,D
-34.3122,115.505,353.78,0.41,0.37,2026-05-05,0625,N,nominal,2.0NRT,292.68,5.26,D
-33.54472,115.66492,330.68,0.42,0.38,2026-05-05,0622,N,nominal,2.0NRT,298.61,4.49,D
-34.30878,115.50416,331.33,0.41,0.37,2026-05-05,0625,N,nominal,2.0NRT,291.18,5.26,D
-33.54047,115.66859,347.84,0.42,0.38,2026-05-05,0622,N,nominal,2.0NRT,298.02,12.76,D
-33.86584,117.80094,330.58,0.49,0.41,2026-05-05,0625,N,nominal,2.0NRT,297.33,2.2,D
-33.16163,117.56824,336.41,0.5,0.41,2026-05-05,0622,N,nominal,2.0NRT,298.98,2.24,D
-33.86211,117.79992,326.95,0.49,0.41,2026-05-05,0625,N,nominal,2.0NRT,298.13,2.76,D
-33.51191,115.605,336.54,0.42,0.37,2026-05-05,0622,N,nominal,2.0NRT,298.43,4.16,D
-34.17142,116.02102,334.47,0.42,0.38,2026-05-05,0625,N,nominal,2.0NRT,292.6,4.8,D
-33.28299,116.70679,332.71,0.46,0.39,2026-05-05,0622,N,nominal,2.0NRT,297.57,2.52,D
-34.17174,116.01788,326,0.42,0.38,2026-05-05,0625,N,nominal,2.0NRT,292.45,4.81,D
-33.2794,116.70583,329.76,0.46,0.39,2026-05-05,0622,N,nominal,2.0NRT,297.07,2.52,D
-33.99661,116.50606,335.3,0.44,0.38,2026-05-05,0625,N,nominal,2.0NRT,298.03,3.33,D
-33.12372,117.48373,334.03,0.49,0.4,2026-05-05,0622,N,nominal,2.0NRT,296.11,4.04,D
-34.00346,116.44816,367,0.44,0.38,2026-05-05,0625,N,high,2.0NRT,327.01,125,D
-33.12401,117.4616,335.17,0.49,0.4,2026-05-05,0622,N,nominal,2.0NRT,301.92,5.87,D
-33.99307,116.50513,335.21,0.44,0.38,2026-05-05,0625,N,nominal,2.0NRT,298.12,3.33,D
-33.12029,117.46063,335.56,0.49,0.4,2026-05-05,0622,N,nominal,2.0NRT,299.45,5.87,D
-34.00259,116.45293,333.71,0.44,0.38,2026-05-05,0625,N,nominal,2.0NRT,286.83,13.32,D
-33.09076,117.37003,348.55,0.49,0.4,2026-05-05,0622,N,nominal,2.0NRT,300.72,5.96,D
-33.99993,116.44728,336.42,0.44,0.38,2026-05-05,0625,N,nominal,2.0NRT,302.34,85.79,D
-33.08706,117.36904,337.26,0.49,0.4,2026-05-05,0622,N,nominal,2.0NRT,300.08,4.75,D
-33.91942,116.3934,329.3,0.44,0.38,2026-05-05,0625,N,nominal,2.0NRT,292.48,4.87,D
-32.98728,116.82294,332.23,0.46,0.39,2026-05-05,0622,N,nominal,2.0NRT,297.58,6.44,D
-33.78804,116.57655,335.31,0.44,0.39,2026-05-05,0625,N,nominal,2.0NRT,297.44,3.83,D
-32.98367,116.82196,340.91,0.46,0.39,2026-05-05,0622,N,nominal,2.0NRT,297.81,6.44,D
-33.78892,116.57174,328.53,0.44,0.39,2026-05-05,0625,N,nominal,2.0NRT,295.62,3.83,D
-32.9846,116.81694,353.66,0.46,0.39,2026-05-05,0622,N,nominal,2.0NRT,298.47,6.44,D
-33.6245,117.33066,345.66,0.48,0.4,2026-05-05,0625,N,nominal,2.0NRT,294.59,8.48,D
-32.97874,116.3985,342.55,0.45,0.39,2026-05-05,0622,N,nominal,2.0NRT,298.32,16.53,D
-33.71258,116.65987,354.09,0.45,0.39,2026-05-05,0625,N,nominal,2.0NRT,302.05,12.53,D
-32.9743,116.40234,340.54,0.45,0.39,2026-05-05,0622,N,nominal,2.0NRT,294.05,16.53,D
-33.43194,117.90566,330.27,0.51,0.41,2026-05-05,0625,N,nominal,2.0NRT,296.79,2.72,D
-33.0593,115.88838,338.53,0.43,0.38,2026-05-05,0622,N,nominal,2.0NRT,295.65,7.3,D
-33.42817,117.90464,329.28,0.51,0.41,2026-05-05,0625,N,nominal,2.0NRT,296.97,2.43,D
-32.89138,116.56806,336.4,0.46,0.39,2026-05-05,0622,N,nominal,2.0NRT,301.03,3.68,D
-33.41726,117.72223,328.01,0.5,0.41,2026-05-05,0625,N,nominal,2.0NRT,296.76,2.04,D
-32.86257,116.64568,330.33,0.46,0.39,2026-05-05,0622,N,nominal,2.0NRT,300.57,1.75,D
-33.55984,116.79594,344.53,0.46,0.39,2026-05-05,0625,N,nominal,2.0NRT,298.91,5.96,D
-32.85612,116.51584,339.35,0.45,0.39,2026-05-05,0622,N,nominal,2.0NRT,299.16,22.59,D
-33.56076,116.79099,331.52,0.46,0.39,2026-05-05,0625,N,nominal,2.0NRT,298.25,5.96,D
-32.67098,117.4864,332.85,0.5,0.41,2026-05-05,0622,N,nominal,2.0NRT,296.72,2.93,D
-33.79914,115.34734,325.1,0.41,0.37,2026-05-05,0625,N,nominal,2.0NRT,297.73,1.27,D
-32.66826,117.48005,345.36,0.5,0.41,2026-05-05,0622,N,nominal,2.0NRT,297.59,7.29,D
-33.39695,117.52087,347.57,0.49,0.4,2026-05-05,0625,N,nominal,2.0NRT,297.77,8.7,D
-32.66928,117.47469,353.14,0.5,0.41,2026-05-05,0622,N,nominal,2.0NRT,299.19,7.29,D
-33.39323,117.51989,345.77,0.49,0.4,2026-05-05,0625,N,nominal,2.0NRT,297.32,8.9,D
-32.6703,117.46935,331.36,0.5,0.41,2026-05-05,0622,N,nominal,2.0NRT,296.16,4.98,D
-33.50918,116.88616,328.38,0.46,0.39,2026-05-05,0625,N,nominal,2.0NRT,295.67,1.91,D
-32.47387,118.45283,342.93,0.56,0.43,2026-05-05,0622,N,nominal,2.0NRT,299.37,5.28,D
-33.54831,116.67494,345.08,0.45,0.39,2026-05-05,0625,N,nominal,2.0NRT,294.58,4.99,D
-32.66657,117.46832,344.17,0.5,0.41,2026-05-05,0622,N,nominal,2.0NRT,297.8,4.98,D
-33.54921,116.67004,346.87,0.45,0.39,2026-05-05,0625,N,nominal,2.0NRT,294.27,4.71,D
-32.66759,117.46297,341.09,0.5,0.41,2026-05-05,0622,N,nominal,2.0NRT,298.68,4.98,D
-33.54563,116.66913,357.42,0.45,0.39,2026-05-05,0625,N,nominal,2.0NRT,296.1,16.65,D
-32.46994,118.45174,337.34,0.56,0.43,2026-05-05,0622,N,nominal,2.0NRT,300.01,12.58,D
-33.77859,115.30097,332.27,0.41,0.37,2026-05-05,0625,N,nominal,2.0NRT,296.94,4.35,D
-32.47113,118.44578,348.23,0.56,0.43,2026-05-05,0622,N,nominal,2.0NRT,302.61,14.15,D
-32.94395,115.82334,331.02,0.43,0.38,2026-05-05,0622,N,nominal,2.0NRT,296.98,3.65,D
-32.74955,116.70428,334.58,0.46,0.39,2026-05-05,0622,N,nominal,2.0NRT,300.06,2.64,D
-32.63568,117.28236,331.37,0.49,0.4,2026-05-05,0622,N,nominal,2.0NRT,297.66,7.15,D
-32.74592,116.70337,347.42,0.46,0.39,2026-05-05,0622,N,nominal,2.0NRT,304.35,17.49,D
-32.74685,116.69847,356.54,0.46,0.39,2026-05-05,0622,N,nominal,2.0NRT,306.6,17.49,D
-32.63197,117.28137,353.08,0.49,0.4,2026-05-05,0622,N,nominal,2.0NRT,301.85,7.15,D
-32.74229,116.70247,339.12,0.46,0.39,2026-05-05,0622,N,nominal,2.0NRT,299.75,17.49,D
-32.62825,117.28039,335.02,0.49,0.4,2026-05-05,0622,N,nominal,2.0NRT,299.84,4.25,D
-32.74353,116.69989,354.97,0.46,0.39,2026-05-05,0622,N,nominal,2.0NRT,300.45,13.99,D
-32.63138,117.28403,330.3,0.49,0.4,2026-05-05,0622,N,nominal,2.0NRT,299.26,8.06,D
-32.63236,117.27885,346.66,0.49,0.4,2026-05-05,0622,N,nominal,2.0NRT,300.87,8.06,D
-32.62864,117.27787,335.72,0.49,0.4,2026-05-05,0622,N,nominal,2.0NRT,299.23,4.13,D
-32.31397,118.09601,332.13,0.54,0.42,2026-05-05,0622,N,nominal,2.0NRT,300.33,4.8,D
-32.42838,117.48981,348.62,0.5,0.41,2026-05-05,0622,N,nominal,2.0NRT,300.55,11.7,D
-32.48144,117.19234,339.58,0.49,0.4,2026-05-05,0622,N,low,2.0NRT,309.61,32.61,D
-32.43992,117.16512,337.33,0.49,0.4,2026-05-05,0622,N,nominal,2.0NRT,299.93,3.88,D
-32.44011,117.16251,333.41,0.49,0.4,2026-05-05,0622,N,nominal,2.0NRT,297.49,2.85,D
-32.37226,117.37695,332.41,0.5,0.41,2026-05-05,0622,N,nominal,2.0NRT,297.93,6.41,D
-32.37328,117.37162,331.68,0.5,0.41,2026-05-05,0622,N,nominal,2.0NRT,298.39,6.41,D
-32.36852,117.37595,340.55,0.5,0.41,2026-05-05,0622,N,nominal,2.0NRT,304.57,38.84,D
-32.36953,117.37064,339.82,0.5,0.41,2026-05-05,0622,N,low,2.0NRT,312.44,38.84,D
-32.37054,117.36533,333.12,0.5,0.41,2026-05-05,0622,N,nominal,2.0NRT,299.58,10.74,D
-32.68475,115.64882,337.13,0.43,0.38,2026-05-05,0622,N,nominal,2.0NRT,293.23,4.48,D
-32.68555,115.64427,325.6,0.43,0.38,2026-05-05,0622,N,nominal,2.0NRT,292.62,2.83,D
-32.36578,117.36964,342.14,0.5,0.41,2026-05-05,0622,N,nominal,2.0NRT,299.64,38.84,D
-32.68126,115.64797,342.41,0.43,0.38,2026-05-05,0622,N,nominal,2.0NRT,292.97,4.48,D
-32.68206,115.64342,337.22,0.43,0.38,2026-05-05,0622,N,nominal,2.0NRT,293.86,2.83,D
-32.67777,115.64711,350.23,0.43,0.38,2026-05-05,0622,N,nominal,2.0NRT,296.05,6.53,D
-32.67857,115.64256,346.5,0.43,0.38,2026-05-05,0622,N,nominal,2.0NRT,296.68,4.6,D
-32.67429,115.64625,343.16,0.43,0.38,2026-05-05,0622,N,nominal,2.0NRT,294.63,6.53,D
-32.67509,115.6417,331.06,0.43,0.38,2026-05-05,0622,N,nominal,2.0NRT,293.88,4.6,D
-32.58926,116.00027,326.99,0.44,0.38,2026-05-05,0622,N,nominal,2.0NRT,293.26,3.8,D
-32.58489,116.00401,347.32,0.44,0.38,2026-05-05,0622,N,nominal,2.0NRT,292.75,5.56,D
-32.58572,115.9994,334.03,0.44,0.38,2026-05-05,0622,N,nominal,2.0NRT,292.44,5.56,D
-32.5822,115.9985,347.69,0.44,0.38,2026-05-05,0622,N,nominal,2.0NRT,293.66,5.56,D
-32.58302,115.9939,349.63,0.44,0.38,2026-05-05,0622,N,nominal,2.0NRT,293.53,8.5,D
-32.57866,115.9976,367,0.44,0.38,2026-05-05,0622,N,high,2.0NRT,298.03,14.98,D
-32.57783,116.00223,339.76,0.44,0.38,2026-05-05,0622,N,nominal,2.0NRT,290.69,14.98,D
-32.57949,115.99302,345.56,0.44,0.38,2026-05-05,0622,N,nominal,2.0NRT,295.51,12.77,D
-32.5743,116.00134,347.09,0.44,0.38,2026-05-05,0622,N,nominal,2.0NRT,291.35,14.98,D
-32.57513,115.9967,356.6,0.44,0.38,2026-05-05,0622,N,nominal,2.0NRT,299.49,14.98,D
-32.57161,115.9958,345.15,0.44,0.38,2026-05-05,0622,N,nominal,2.0NRT,291.2,10.23,D
-32.56807,115.99494,347.89,0.44,0.38,2026-05-05,0622,N,nominal,2.0NRT,293.86,10.23,D
-32.56454,115.99407,330.02,0.44,0.38,2026-05-05,0622,N,nominal,2.0NRT,291.43,3.64,D
-32.25088,117.51375,334.62,0.51,0.41,2026-05-05,0622,N,nominal,2.0NRT,303.94,59.06,D
-32.25349,117.51156,342.81,0.51,0.41,2026-05-05,0622,N,nominal,2.0NRT,300.1,6.36,D
-32.24593,117.50958,351.62,0.51,0.41,2026-05-05,0622,N,nominal,2.0NRT,310.89,119.18,D
-32.24696,117.50417,332.98,0.51,0.41,2026-05-05,0622,N,nominal,2.0NRT,300.32,11.12,D
-32.09968,118.1366,351.84,0.55,0.43,2026-05-05,0622,N,nominal,2.0NRT,299.81,8.71,D
-32.30834,116.99527,333.46,0.48,0.4,2026-05-05,0622,N,nominal,2.0NRT,305.39,20.5,D
-32.30368,116.99944,340.72,0.48,0.4,2026-05-05,0622,N,nominal,2.0NRT,298.63,20.5,D
-32.30465,116.99432,346.36,0.48,0.4,2026-05-05,0622,N,nominal,2.0NRT,297.43,20.5,D
-32.1189,116.92509,342.45,0.48,0.4,2026-05-05,0622,N,nominal,2.0NRT,307.46,27.19,D
-32.11987,116.91993,349.4,0.48,0.4,2026-05-05,0622,N,nominal,2.0NRT,305.3,27.19,D
-32.13318,116.68465,335.06,0.47,0.4,2026-05-05,0622,N,nominal,2.0NRT,297.63,6.41,D
-32.13412,116.67963,347.09,0.47,0.4,2026-05-05,0622,N,nominal,2.0NRT,301.36,6.41,D
-31.98768,117.18414,347.53,0.5,0.41,2026-05-05,0622,N,nominal,2.0NRT,307.74,42.46,D
-31.98858,117.18172,355.14,0.5,0.41,2026-05-05,0622,N,nominal,2.0NRT,309.86,37.31,D
-31.98485,117.18072,340.51,0.5,0.41,2026-05-05,0622,N,nominal,2.0NRT,303.78,28.93,D
-32.07518,116.3067,343.38,0.46,0.39,2026-05-05,0622,N,nominal,2.0NRT,289.99,3.85,D
-31.95867,116.90766,336.28,0.48,0.4,2026-05-05,0622,N,nominal,2.0NRT,300.38,3.35,D
-31.95204,116.92211,343.97,0.48,0.4,2026-05-05,0622,N,nominal,2.0NRT,299.7,5.53,D
-31.95301,116.91701,337.18,0.48,0.4,2026-05-05,0622,N,nominal,2.0NRT,298.5,4.44,D
-31.95399,116.91186,331.55,0.48,0.4,2026-05-05,0622,N,nominal,2.0NRT,297.7,4.44,D
-31.94736,116.92631,350.02,0.48,0.4,2026-05-05,0622,N,nominal,2.0NRT,301.85,5.01,D
-31.94834,116.92119,342.31,0.48,0.4,2026-05-05,0622,N,nominal,2.0NRT,299.32,5.01,D
-31.94366,116.92538,332.21,0.48,0.4,2026-05-05,0622,N,nominal,2.0NRT,301.09,5.01,D
-32.05628,116.28684,333.48,0.46,0.39,2026-05-05,0622,N,nominal,2.0NRT,291.18,3.64,D
-31.72925,117.95697,338.79,0.54,0.42,2026-05-05,0622,N,nominal,2.0NRT,299.42,5.68,D
-32.05625,116.28847,329.67,0.46,0.39,2026-05-05,0622,N,nominal,2.0NRT,290.65,4.94,D
-31.7313,117.95493,345.4,0.54,0.42,2026-05-05,0622,N,nominal,2.0NRT,300.03,6.68,D
-32.04635,116.28087,333.97,0.46,0.39,2026-05-05,0622,N,nominal,2.0NRT,300.56,27.03,D
-32.04363,116.27518,345.87,0.46,0.39,2026-05-05,0622,N,nominal,2.0NRT,294.93,8.24,D
-31.80321,117.04869,352.04,0.49,0.4,2026-05-05,0622,N,nominal,2.0NRT,318.69,59.61,D
-31.80422,117.0435,298.07,0.49,0.4,2026-05-05,0622,N,low,2.0NRT,303.24,29.39,D
-31.79949,117.04774,367,0.49,0.4,2026-05-05,0622,N,high,2.0NRT,300.03,17.22,D
-31.79891,117.05126,337.12,0.49,0.41,2026-05-05,0622,N,nominal,2.0NRT,298,8.35,D
-31.79988,117.04606,346.13,0.49,0.41,2026-05-05,0622,N,nominal,2.0NRT,299.29,10.92,D
-31.81367,116.80663,332.6,0.48,0.4,2026-05-05,0622,N,nominal,2.0NRT,300.85,3.83,D
-31.41752,118.78704,341.06,0.4,0.45,2026-05-05,0622,N,nominal,2.0NRT,299.18,5.12,D
-31.41841,118.78274,339.5,0.4,0.45,2026-05-05,0622,N,nominal,2.0NRT,298.21,4.28,D
-31.41344,118.7859,337.18,0.4,0.45,2026-05-05,0622,N,nominal,2.0NRT,298.35,5.12,D
-31.8136,116.41853,332.37,0.46,0.39,2026-05-05,0622,N,nominal,2.0NRT,298.96,3.56,D
-31.84718,116.2181,336.95,0.46,0.39,2026-05-05,0622,N,nominal,2.0NRT,291.74,5.19,D
-31.81447,116.42058,333.37,0.46,0.39,2026-05-05,0622,N,nominal,2.0NRT,298.55,3.05,D
-31.63681,117.02267,343.8,0.49,0.41,2026-05-05,0622,N,nominal,2.0NRT,300.77,5.19,D
-31.60895,117.00466,355.48,0.49,0.41,2026-05-05,0622,N,nominal,2.0NRT,303.06,17.27,D
-31.60422,117.00891,339.06,0.49,0.41,2026-05-05,0622,N,nominal,2.0NRT,305.56,28.73,D
-31.60523,117.00365,346.17,0.49,0.41,2026-05-05,0622,N,nominal,2.0NRT,315.5,28.73,D
-31.60624,116.9984,347.4,0.49,0.41,2026-05-05,0622,N,nominal,2.0NRT,301.63,7.28,D
-31.60152,117.00263,335.97,0.49,0.41,2026-05-05,0622,N,nominal,2.0NRT,298.99,28.73,D
-31.60253,116.99737,333.97,0.49,0.41,2026-05-05,0622,N,nominal,2.0NRT,299.79,7.28,D
-31.60452,116.987,332.35,0.49,0.41,2026-05-05,0622,N,nominal,2.0NRT,300.67,4.08,D
-31.60079,116.98605,346.03,0.49,0.41,2026-05-05,0622,N,nominal,2.0NRT,299.69,6,D
-31.60153,116.98349,340.21,0.49,0.41,2026-05-05,0622,N,nominal,2.0NRT,300.45,6.98,D
-31.61038,116.7698,348.39,0.48,0.4,2026-05-05,0622,N,nominal,2.0NRT,297.74,21.35,D
-31.60574,116.77393,333.68,0.48,0.4,2026-05-05,0622,N,nominal,2.0NRT,294.13,21.35,D
-31.60669,116.76884,354.8,0.48,0.4,2026-05-05,0622,N,nominal,2.0NRT,308.21,21.35,D
-31.603,116.76788,347.57,0.48,0.4,2026-05-05,0622,N,nominal,2.0NRT,295.2,6.69,D
-31.64102,116.3379,346.35,0.46,0.39,2026-05-05,0622,N,nominal,2.0NRT,297.48,7.23,D
-31.6374,116.33699,339.7,0.46,0.39,2026-05-05,0622,N,nominal,2.0NRT,305.11,23.15,D
-31.63287,116.34097,332.93,0.46,0.39,2026-05-05,0622,N,nominal,2.0NRT,294.64,23.15,D
-31.63379,116.33604,336.05,0.46,0.39,2026-05-05,0622,N,nominal,2.0NRT,303.85,23.15,D
-31.68671,115.79792,331.4,0.44,0.38,2026-05-05,0622,N,nominal,2.0NRT,294.46,2.9,D
-31.61741,116.14136,350.01,0.46,0.39,2026-05-05,0622,N,nominal,2.0NRT,297.09,11.22,D
-31.61828,116.13657,346.62,0.46,0.39,2026-05-05,0622,N,nominal,2.0NRT,294.62,7.25,D
-31.61296,116.1452,348.55,0.46,0.39,2026-05-05,0622,N,nominal,2.0NRT,294.79,11.22,D
-31.61382,116.14043,351.11,0.46,0.39,2026-05-05,0622,N,nominal,2.0NRT,295.02,11.22,D
-31.61469,116.13569,353.8,0.46,0.39,2026-05-05,0622,N,nominal,2.0NRT,293.89,7.25,D
-31.60849,116.14909,337.4,0.46,0.39,2026-05-05,0622,N,nominal,2.0NRT,293.96,5.61,D
-31.60936,116.14428,349.27,0.46,0.39,2026-05-05,0622,N,nominal,2.0NRT,296.04,7.5,D
-31.61023,116.13953,348.39,0.46,0.39,2026-05-05,0622,N,nominal,2.0NRT,294.12,7.5,D
-31.60402,116.15298,335.55,0.46,0.39,2026-05-05,0622,N,nominal,2.0NRT,292.15,5.61,D
-31.6049,116.14816,351.2,0.46,0.39,2026-05-05,0622,N,nominal,2.0NRT,294.07,5.61,D
-31.60577,116.14338,355.39,0.46,0.39,2026-05-05,0622,N,nominal,2.0NRT,294.62,7.5,D
-31.60664,116.13861,336.44,0.46,0.39,2026-05-05,0622,N,nominal,2.0NRT,291.68,7.5,D
-31.6013,116.14729,367,0.46,0.39,2026-05-05,0622,N,high,2.0NRT,295.51,8.82,D
-31.60043,116.15205,338.54,0.46,0.39,2026-05-05,0622,N,nominal,2.0NRT,292.67,8.82,D
-31.60217,116.14249,346.25,0.46,0.39,2026-05-05,0622,N,nominal,2.0NRT,294.58,8.44,D
-31.60305,116.13773,351.31,0.46,0.39,2026-05-05,0622,N,nominal,2.0NRT,293.56,8.44,D
-31.60392,116.13291,331.67,0.46,0.39,2026-05-05,0622,N,nominal,2.0NRT,291.38,3.15,D
-31.5977,116.14642,367,0.46,0.39,2026-05-05,0622,N,high,2.0NRT,294.42,8.82,D
-31.59857,116.14165,367,0.46,0.39,2026-05-05,0622,N,high,2.0NRT,295.76,8.44,D
-31.59684,116.15116,353.4,0.46,0.39,2026-05-05,0622,N,nominal,2.0NRT,296.64,8.82,D
-31.59945,116.13686,351.06,0.46,0.39,2026-05-05,0622,N,nominal,2.0NRT,294.12,8.44,D
-31.59324,116.15028,354.39,0.46,0.39,2026-05-05,0622,N,nominal,2.0NRT,294.67,6.25,D
-31.5941,116.14556,352.41,0.46,0.39,2026-05-05,0622,N,nominal,2.0NRT,293.66,6.25,D
-31.59497,116.14081,337.66,0.46,0.39,2026-05-05,0622,N,nominal,2.0NRT,293.05,7.79,D
-31.59584,116.136,356.18,0.46,0.39,2026-05-05,0622,N,nominal,2.0NRT,295.11,7.79,D
-31.58964,116.14941,333.22,0.46,0.39,2026-05-05,0622,N,nominal,2.0NRT,291.99,6.25,D
-31.5905,116.14468,330.83,0.46,0.39,2026-05-05,0622,N,nominal,2.0NRT,291.07,6.25,D
-31.59136,116.13996,353.2,0.46,0.39,2026-05-05,0622,N,nominal,2.0NRT,295.72,7.79,D
-31.59225,116.13515,347.09,0.46,0.39,2026-05-05,0622,N,nominal,2.0NRT,292.39,7.79,D
-31.5869,116.14381,367,0.46,0.39,2026-05-05,0622,N,high,2.0NRT,295.5,7.1,D
-31.58516,116.15331,331.23,0.46,0.39,2026-05-05,0622,N,nominal,2.0NRT,293.52,7.17,D
-31.58603,116.14854,353.27,0.46,0.39,2026-05-05,0622,N,nominal,2.0NRT,294.74,7.1,D
-31.58776,116.13911,356.1,0.46,0.39,2026-05-05,0622,N,nominal,2.0NRT,296.23,10.87,D
-31.58864,116.13428,339.75,0.46,0.39,2026-05-05,0622,N,nominal,2.0NRT,292.55,10.87,D
-31.58954,116.1294,342.01,0.46,0.39,2026-05-05,0622,N,nominal,2.0NRT,292.31,4.59,D
-31.59041,116.1246,335.6,0.45,0.39,2026-05-05,0622,N,nominal,2.0NRT,292.17,4.59,D
-31.5798,116.16205,330.13,0.46,0.39,2026-05-05,0622,N,nominal,2.0NRT,292.78,2.82,D
-31.58243,116.1477,339.93,0.46,0.39,2026-05-05,0622,N,nominal,2.0NRT,292.53,7.1,D
-31.58329,116.14297,341.67,0.46,0.39,2026-05-05,0622,N,nominal,2.0NRT,292.17,7.1,D
-31.58415,116.1383,357.02,0.46,0.39,2026-05-05,0622,N,nominal,2.0NRT,296.86,10.87,D
-31.58504,116.13346,337.55,0.46,0.39,2026-05-05,0622,N,nominal,2.0NRT,291.61,10.87,D
-31.58593,116.12857,350.16,0.46,0.39,2026-05-05,0622,N,nominal,2.0NRT,293.08,4.59,D
-31.58682,116.12372,335.83,0.45,0.39,2026-05-05,0622,N,nominal,2.0NRT,291.92,4.59,D
-31.57619,116.16122,345.2,0.46,0.39,2026-05-05,0622,N,nominal,2.0NRT,293.59,6.15,D
-31.57706,116.15645,350.96,0.46,0.39,2026-05-05,0622,N,nominal,2.0NRT,293.24,4.69,D
-31.57795,116.15166,333.51,0.46,0.39,2026-05-05,0622,N,nominal,2.0NRT,292.42,4.69,D
-31.57969,116.14215,345.89,0.46,0.39,2026-05-05,0622,N,nominal,2.0NRT,293.16,10.14,D
-31.58054,116.13747,347.24,0.46,0.39,2026-05-05,0622,N,nominal,2.0NRT,292.44,10.06,D
-31.42685,116.71458,339.47,0.48,0.4,2026-05-05,0622,N,nominal,2.0NRT,299.55,19.85,D
-31.42316,116.71366,356.6,0.48,0.4,2026-05-05,0622,N,nominal,2.0NRT,303.3,19.85,D
-31.42414,116.70853,336.46,0.48,0.4,2026-05-05,0622,N,nominal,2.0NRT,297.66,13.41,D
-31.42545,116.71679,346.3,0.48,0.4,2026-05-05,0622,N,nominal,2.0NRT,301.25,9.12,D
-31.4264,116.71165,354.34,0.48,0.4,2026-05-05,0622,N,nominal,2.0NRT,308.58,19.99,D
-31.42176,116.71583,347.9,0.48,0.4,2026-05-05,0622,N,nominal,2.0NRT,298.94,9.12,D
-31.42271,116.71069,343.64,0.48,0.4,2026-05-05,0622,N,nominal,2.0NRT,297.14,19.99,D
-31.43343,116.5491,340.52,0.48,0.4,2026-05-05,0622,N,nominal,2.0NRT,300.82,6.16,D
-31.43435,116.54412,333.71,0.48,0.4,2026-05-05,0622,N,nominal,2.0NRT,300.09,3.23,D
-31.31812,117.14211,337.64,0.51,0.41,2026-05-05,0622,N,nominal,2.0NRT,304.75,14.03,D
-31.31914,117.13673,351.15,0.51,0.41,2026-05-05,0622,N,nominal,2.0NRT,298.85,14.03,D
-31.31537,117.13579,351.42,0.51,0.41,2026-05-05,0622,N,nominal,2.0NRT,308.33,61.02,D
-31.31639,117.13044,331.08,0.51,0.41,2026-05-05,0622,N,nominal,2.0NRT,299.06,3.93,D
-31.43183,116.16787,332.07,0.46,0.39,2026-05-05,0622,N,nominal,2.0NRT,297.4,1.84,D
-31.38824,116.38132,345.4,0.47,0.4,2026-05-05,0622,N,nominal,2.0NRT,301.03,11.46,D
-31.38366,116.38543,333.02,0.47,0.4,2026-05-05,0622,N,nominal,2.0NRT,301.94,11.46,D
-31.38459,116.38047,346.91,0.47,0.4,2026-05-05,0622,N,nominal,2.0NRT,303.73,11.46,D
-31.38095,116.37958,330.2,0.47,0.4,2026-05-05,0622,N,nominal,2.0NRT,297.31,4.71,D
-31.38574,116.38351,346.77,0.47,0.4,2026-05-05,0622,N,nominal,2.0NRT,304.79,16.52,D
-31.38665,116.37854,332.02,0.47,0.4,2026-05-05,0622,N,nominal,2.0NRT,299.55,7,D
-31.38209,116.38263,342.92,0.47,0.4,2026-05-05,0622,N,nominal,2.0NRT,300.7,16.52,D
-31.41942,116.17744,335.87,0.46,0.39,2026-05-05,0622,N,nominal,2.0NRT,298.11,3.22,D
-30.78923,118.35764,330.99,0.39,0.44,2026-05-05,0622,N,nominal,2.0NRT,300.91,2.81,D
-31.16978,116.36286,330.85,0.47,0.4,2026-05-05,0622,N,low,2.0NRT,303.19,5.2,D
-31.17136,116.3652,334.91,0.47,0.4,2026-05-05,0622,N,nominal,2.0NRT,303.31,3.54,D
-31.16862,116.35932,338.26,0.47,0.4,2026-05-05,0622,N,nominal,2.0NRT,303.42,4.3,D
-31.14946,116.31826,332.38,0.47,0.4,2026-05-05,0622,N,nominal,2.0NRT,305.42,3.96,D
-31.27381,115.63129,336.34,0.44,0.38,2026-05-05,0622,N,nominal,2.0NRT,304.16,16.1,D
-30.97904,116.56602,350.28,0.48,0.4,2026-05-05,0622,N,nominal,2.0NRT,300.92,3.86,D
-30.97999,116.56095,338.15,0.48,0.4,2026-05-05,0622,N,nominal,2.0NRT,300.29,3.86,D
-30.9744,116.57015,355.3,0.48,0.4,2026-05-05,0622,N,nominal,2.0NRT,304.63,14.11,D
-30.97535,116.5651,333.73,0.48,0.4,2026-05-05,0622,N,nominal,2.0NRT,299.12,3.86,D
-30.97629,116.56002,334.52,0.48,0.4,2026-05-05,0622,N,nominal,2.0NRT,298.55,3.86,D
-30.9707,116.56924,336.46,0.48,0.4,2026-05-05,0622,N,nominal,2.0NRT,298.79,3.52,D
-31.04083,116.17098,339.63,0.46,0.39,2026-05-05,0622,N,nominal,2.0NRT,301.61,3.27,D
-30.88713,116.39342,330.89,0.48,0.4,2026-05-05,0622,N,nominal,2.0NRT,300.63,6.69,D
-30.88253,116.39749,345.03,0.48,0.4,2026-05-05,0622,N,nominal,2.0NRT,301.49,6.69,D
-30.88346,116.3925,350.65,0.48,0.4,2026-05-05,0622,N,nominal,2.0NRT,303.14,6.69,D
-30.8844,116.38749,346.98,0.48,0.4,2026-05-05,0622,N,nominal,2.0NRT,304.07,13.1,D
-30.87886,116.39658,331.49,0.48,0.4,2026-05-05,0622,N,nominal,2.0NRT,300.21,3.39,D
-30.87979,116.39159,339.28,0.48,0.4,2026-05-05,0622,N,nominal,2.0NRT,300.06,3.39,D
-30.87613,116.39067,337.63,0.48,0.4,2026-05-05,0622,N,nominal,2.0NRT,300.66,3.39,D
-30.87246,116.38977,352.18,0.48,0.4,2026-05-05,0622,N,nominal,2.0NRT,303.21,14.68,D
-30.95921,115.79813,333.95,0.45,0.39,2026-05-05,0622,N,nominal,2.0NRT,299.76,2.22,D
-30.87478,116.03348,344.19,0.46,0.39,2026-05-05,0622,N,nominal,2.0NRT,308.17,28.47,D
-30.87117,116.03261,345.42,0.46,0.39,2026-05-05,0622,N,nominal,2.0NRT,310.11,28.47,D
-30.90224,115.63442,335.11,0.44,0.39,2026-05-05,0622,N,nominal,2.0NRT,304.2,4.26,D
-30.75291,116.40405,336.84,0.48,0.4,2026-05-05,0622,N,nominal,2.0NRT,300.18,10.48,D
-30.74829,116.40814,339.31,0.48,0.4,2026-05-05,0622,N,nominal,2.0NRT,304.21,10.48,D
-30.60434,116.53291,331.53,0.49,0.4,2026-05-05,0622,N,nominal,2.0NRT,302.74,60.76,D
-30.60063,116.53201,367,0.49,0.4,2026-05-05,0622,N,high,2.0NRT,339.81,60.76,D
-30.59692,116.53111,349.99,0.49,0.4,2026-05-05,0622,N,nominal,2.0NRT,304.18,39.98,D
-30.59592,116.53341,332.59,0.49,0.4,2026-05-05,0622,N,nominal,2.0NRT,299.93,5.16,D
-30.59687,116.52829,333.15,0.49,0.4,2026-05-05,0622,N,nominal,2.0NRT,299.55,5.16,D
-30.61172,116.07405,344.58,0.47,0.39,2026-05-05,0622,N,nominal,2.0NRT,301.77,10.02,D
-30.61261,116.0692,346.36,0.47,0.39,2026-05-05,0622,N,nominal,2.0NRT,301.71,5,D
-30.50516,116.62322,347.62,0.49,0.41,2026-05-05,0622,N,nominal,2.0NRT,307.56,11.7,D
-30.50615,116.61803,345.58,0.49,0.41,2026-05-05,0622,N,nominal,2.0NRT,301.66,5.63,D
-30.60898,116.0683,330.91,0.47,0.39,2026-05-05,0622,N,low,2.0NRT,301.63,5,D
-30.60987,116.06344,335.77,0.47,0.39,2026-05-05,0622,N,nominal,2.0NRT,301.26,5,D
-30.50439,116.60673,367,0.49,0.4,2026-05-05,0622,N,high,2.0NRT,304.85,11.49,D
-30.50144,116.6223,341.74,0.49,0.41,2026-05-05,0622,N,low,2.0NRT,316.56,33.61,D
-30.50242,116.61708,353.8,0.49,0.41,2026-05-05,0622,N,nominal,2.0NRT,302.42,21.96,D
-30.50341,116.61188,342.83,0.49,0.4,2026-05-05,0622,N,nominal,2.0NRT,300,21.96,D
-30.50536,116.6016,332.45,0.49,0.4,2026-05-05,0622,N,nominal,2.0NRT,297.72,11.49,D
-30.60535,116.0674,337.23,0.47,0.39,2026-05-05,0622,N,nominal,2.0NRT,302.28,6.55,D
-30.49771,116.62137,344.76,0.49,0.41,2026-05-05,0622,N,nominal,2.0NRT,312.5,33.61,D
-30.50066,116.6058,356.58,0.49,0.4,2026-05-05,0622,N,nominal,2.0NRT,305.53,11.49,D
-30.50164,116.60066,332.36,0.49,0.4,2026-05-05,0622,N,nominal,2.0NRT,299.25,11.49,D
-30.59992,116.07623,333.84,0.47,0.39,2026-05-05,0622,N,nominal,2.0NRT,301.93,5.07,D
-30.60082,116.07137,338.1,0.47,0.39,2026-05-05,0622,N,nominal,2.0NRT,301.68,5.07,D
-30.49694,116.60484,346.35,0.49,0.4,2026-05-05,0622,N,nominal,2.0NRT,306.45,20.54,D
-30.49322,116.60391,338.2,0.49,0.4,2026-05-05,0622,N,nominal,2.0NRT,306.97,20.54,D
-30.48949,116.603,342.01,0.49,0.4,2026-05-05,0622,N,nominal,2.0NRT,303.39,9.51,D
-30.49046,116.59787,356.62,0.49,0.4,2026-05-05,0622,N,nominal,2.0NRT,306.54,9.51,D
-30.48674,116.59695,350.29,0.49,0.4,2026-05-05,0622,N,nominal,2.0NRT,305.29,9.51,D
-30.54231,116.26236,331.32,0.48,0.4,2026-05-05,0622,N,low,2.0NRT,302.37,2.29,D
-30.53864,116.26148,337.22,0.48,0.4,2026-05-05,0622,N,nominal,2.0NRT,302.17,5.48,D
-30.53675,116.26381,338.01,0.48,0.4,2026-05-05,0622,N,nominal,2.0NRT,302.8,4.18,D
-30.33737,116.10014,337.3,0.47,0.4,2026-05-05,0622,N,nominal,2.0NRT,301.44,4.85,D
-30.44655,115.49383,338.04,0.44,0.39,2026-05-05,0622,N,nominal,2.0NRT,301.24,7.35,D
-30.443,115.49297,340.74,0.44,0.39,2026-05-05,0622,N,nominal,2.0NRT,301.87,17.42,D
-30.43944,115.49208,343.94,0.44,0.39,2026-05-05,0622,N,nominal,2.0NRT,308.14,17.42,D
-30.32194,116.12192,349.07,0.47,0.4,2026-05-05,0622,N,nominal,2.0NRT,304.32,6.82,D
-30.43589,115.49122,367,0.44,0.39,2026-05-05,0622,N,low,2.0NRT,327.59,162.71,D
-30.31828,116.12103,343.61,0.47,0.4,2026-05-05,0622,N,nominal,2.0NRT,302.25,6.82,D
-30.42794,115.49416,333.24,0.45,0.39,2026-05-05,0622,N,nominal,2.0NRT,300.55,87.53,D
-30.23887,116.04224,330.47,0.47,0.4,2026-05-05,0622,N,low,2.0NRT,304.09,1.28,D
-30.10022,116.20653,341.87,0.48,0.4,2026-05-05,0622,N,nominal,2.0NRT,303.44,4.13,D
-30.09654,116.20564,342.38,0.48,0.4,2026-05-05,0622,N,nominal,2.0NRT,303.32,8.78,D
-30.07813,116.20115,344.7,0.48,0.4,2026-05-05,0622,N,nominal,2.0NRT,303.68,7.4,D
-30.23693,115.17954,346.49,0.44,0.38,2026-05-05,0622,N,nominal,2.0NRT,307.57,9.18,D
-30.16107,115.29462,338.78,0.44,0.38,2026-05-05,0622,N,nominal,2.0NRT,306.3,3.5,D
-30.15969,115.29183,334.38,0.44,0.38,2026-05-05,0622,N,low,2.0NRT,305.45,3.68,D
-29.71172,116.37285,333.25,0.49,0.41,2026-05-05,0622,N,nominal,2.0NRT,304.06,7.56,D
-29.71268,116.36772,333.05,0.49,0.41,2026-05-05,0622,N,nominal,2.0NRT,303.95,5,D
-29.70895,116.36679,339.37,0.49,0.41,2026-05-05,0622,N,nominal,2.0NRT,303.71,3.5,D
-28.00619,122.96592,329.53,0.41,0.61,2026-05-05,0625,N,nominal,2.0NRT,295.5,1.94,D
-29.50146,115.68234,347.93,0.46,0.39,2026-05-05,0625,N,nominal,2.0NRT,305.72,8.73,D
-29.37794,115.9912,334.59,0.48,0.4,2026-05-05,0625,N,nominal,2.0NRT,302.35,3.65,D
-29.16123,115.26055,333.82,0.45,0.39,2026-05-05,0625,N,nominal,2.0NRT,303.44,2.9,D
-28.96766,115.25208,351.96,0.45,0.39,2026-05-05,0625,N,nominal,2.0NRT,295.11,7.01,D
-28.96408,115.25124,367,0.45,0.39,2026-05-05,0625,N,high,2.0NRT,292.82,11.32,D
-28.96325,115.25591,335.49,0.45,0.39,2026-05-05,0625,N,nominal,2.0NRT,294.45,5.09,D
-28.96049,115.25039,367,0.45,0.39,2026-05-05,0625,N,high,2.0NRT,295.37,11.32,D
-28.95966,115.25506,338.69,0.45,0.39,2026-05-05,0625,N,nominal,2.0NRT,296.09,5.09,D
-28.90914,114.69573,343.32,0.43,0.38,2026-05-05,0625,N,nominal,2.0NRT,307.33,8.12,D
-28.90562,114.69492,349.26,0.43,0.38,2026-05-05,0625,N,nominal,2.0NRT,308.35,8.12,D
-28.90132,114.69856,336.17,0.43,0.38,2026-05-05,0625,N,nominal,2.0NRT,309.9,9.48,D
-28.9021,114.69414,330.83,0.43,0.38,2026-05-05,0625,N,low,2.0NRT,303.77,9.48,D
-28.87064,114.78918,343.64,0.44,0.38,2026-05-05,0625,N,nominal,2.0NRT,311.09,17.68,D
-28.87142,114.78476,335.45,0.44,0.38,2026-05-05,0625,N,nominal,2.0NRT,303.41,5.75,D
-28.8671,114.78839,344.47,0.44,0.38,2026-05-05,0625,N,nominal,2.0NRT,309.79,17.68,D
-28.62102,115.48615,355.87,0.47,0.4,2026-05-05,0625,N,nominal,2.0NRT,307.67,13.39,D
-27.95403,114.44151,340.58,0.43,0.38,2026-05-05,0625,N,nominal,2.0NRT,300.3,3.37,D
-27.89458,114.18007,343.18,0.43,0.38,2026-05-05,0625,N,nominal,2.0NRT,312.07,32.11,D
-27.89533,114.17576,304.54,0.43,0.38,2026-05-05,0625,N,low,2.0NRT,311.92,23.35,D
-27.86541,114.16026,332.85,0.43,0.38,2026-05-05,0625,N,low,2.0NRT,307.68,7.08,D
-27.85734,114.14574,339.76,0.43,0.38,2026-05-05,0625,N,low,2.0NRT,313.7,11.34,D
-27.85311,114.1493,349.48,0.43,0.38,2026-05-05,0625,N,nominal,2.0NRT,313.43,10.08,D
-27.85386,114.14497,355.21,0.43,0.38,2026-05-05,0625,N,nominal,2.0NRT,318.01,10.08,D
-27.84962,114.14854,347,0.43,0.38,2026-05-05,0625,N,nominal,2.0NRT,313.73,10.08,D
-27.85036,114.14422,342.94,0.43,0.38,2026-05-05,0625,N,nominal,2.0NRT,310.64,10.08,D
-27.84613,114.14777,348.44,0.43,0.38,2026-05-05,0625,N,nominal,2.0NRT,314.76,34.82,D
-27.84687,114.14346,357.19,0.43,0.38,2026-05-05,0625,N,nominal,2.0NRT,319.31,34.82,D
-27.84761,114.13916,351.72,0.43,0.38,2026-05-05,0625,N,nominal,2.0NRT,306.56,7.4,D
-27.8419,114.15133,349.81,0.43,0.38,2026-05-05,0625,N,nominal,2.0NRT,311.27,8.1,D
-27.84264,114.147,357.47,0.43,0.38,2026-05-05,0625,N,nominal,2.0NRT,320.16,34.82,D
-27.83841,114.15055,355.94,0.43,0.38,2026-05-05,0625,N,nominal,2.0NRT,330.74,55.3,D
-27.83916,114.14621,367,0.43,0.38,2026-05-05,0625,N,low,2.0NRT,340.97,142.29,D
-27.83567,114.14545,367,0.43,0.38,2026-05-05,0625,N,high,2.0NRT,359.77,142.29,D
-27.83492,114.14977,367,0.43,0.38,2026-05-05,0625,N,low,2.0NRT,342.9,55.3,D
-27.83641,114.14115,367,0.43,0.38,2026-05-05,0625,N,low,2.0NRT,364.65,142.29,D
-27.83218,114.14468,347.98,0.43,0.38,2026-05-05,0625,N,nominal,2.0NRT,303.62,6.2,D
-27.83292,114.14039,331.96,0.43,0.38,2026-05-05,0625,N,nominal,2.0NRT,303.63,6.2,D
-27.83143,114.14899,367,0.43,0.38,2026-05-05,0625,N,low,2.0NRT,326.71,33.23,D
-27.82719,114.15259,335.12,0.43,0.38,2026-05-05,0625,N,low,2.0NRT,306.72,33.23,D
-27.82794,114.14824,349.06,0.43,0.38,2026-05-05,0625,N,nominal,2.0NRT,306.83,33.23,D
-27.81071,114.12222,343.27,0.43,0.38,2026-05-05,0625,N,nominal,2.0NRT,307.08,7.53,D
-27.72433,114.18126,334.01,0.43,0.38,2026-05-05,0625,N,low,2.0NRT,308.27,30.65,D
-27.71807,114.17542,345.88,0.43,0.38,2026-05-05,0625,N,low,2.0NRT,318.33,12.01,D
-27.71232,114.18765,330.53,0.43,0.38,2026-05-05,0625,N,low,2.0NRT,304.77,8.59,D
-27.70957,114.18256,336.07,0.43,0.38,2026-05-05,0625,N,low,2.0NRT,306.76,5.66,D
-21.62938,122.28264,350.8,0.51,0.66,2026-05-05,0625,N,nominal,2.0NRT,307.16,3.81,D
-21.62326,122.28105,334.58,0.51,0.66,2026-05-05,0625,N,nominal,2.0NRT,305.44,3.81,D
-21.61714,122.27946,332.71,0.51,0.66,2026-05-05,0625,N,low,2.0NRT,306.38,4.16,D
-21.6314,122.28366,342.65,0.52,0.66,2026-05-05,0625,N,nominal,2.0NRT,304.95,4.44,D
-21.62528,122.28207,341.11,0.52,0.66,2026-05-05,0625,N,nominal,2.0NRT,306.6,2.84,D
-21.61917,122.28046,330.87,0.52,0.66,2026-05-05,0625,N,low,2.0NRT,304.47,2.84,D
-21.61306,122.27882,332.73,0.52,0.66,2026-05-05,0625,N,nominal,2.0NRT,306.25,3.02,D
-20.59648,116.78498,341.44,0.5,0.49,2026-05-05,0627,N,nominal,2.0NRT,306.19,18.1,D
-20.59742,116.78023,339.86,0.49,0.49,2026-05-05,0627,N,nominal,2.0NRT,306.82,11.61,D
-18.85474,121.86314,332.55,0.55,0.68,2026-05-05,0627,N,nominal,2.0NRT,303.51,9.7,D
-18.8484,121.86169,367,0.55,0.68,2026-05-05,0627,N,high,2.0NRT,305.54,9.7,D
-18.84718,121.86703,347.95,0.55,0.68,2026-05-05,0627,N,nominal,2.0NRT,299.1,9.7,D
-18.84962,121.85635,334.12,0.55,0.68,2026-05-05,0627,N,nominal,2.0NRT,302.26,4.97,D
-18.84208,121.86021,354.88,0.55,0.68,2026-05-05,0627,N,nominal,2.0NRT,312.08,74.1,D
-18.84452,121.84956,334.18,0.55,0.68,2026-05-05,0627,N,nominal,2.0NRT,302.27,14.73,D
-18.83576,121.85867,367,0.55,0.68,2026-05-05,0627,N,high,2.0NRT,310.99,74.1,D
-18.83698,121.85338,339.11,0.55,0.68,2026-05-05,0627,N,nominal,2.0NRT,302.45,14.73,D
-18.8382,121.84805,351.98,0.55,0.68,2026-05-05,0627,N,nominal,2.0NRT,305.15,14.73,D
-18.82946,121.85705,367,0.55,0.68,2026-05-05,0627,N,high,2.0NRT,299.28,48.84,D
-18.83068,121.85175,355.31,0.55,0.68,2026-05-05,0627,N,nominal,2.0NRT,307.19,69.4,D
-18.83191,121.84644,353.98,0.55,0.68,2026-05-05,0627,N,nominal,2.0NRT,315.29,69.4,D
-18.82439,121.85012,367,0.55,0.68,2026-05-05,0627,N,high,2.0NRT,299.66,69.4,D
-18.82561,121.84481,208,0.55,0.68,2026-05-05,0627,N,low,2.0NRT,314.24,69.4,D
-17.78465,123.96786,330.58,0.78,0.78,2026-05-05,0627,N,nominal,2.0NRT,292.54,5.57,D
-17.77489,123.07834,331.13,0.69,0.74,2026-05-05,0627,N,nominal,2.0NRT,294.89,15.8,D
-17.77653,123.07142,330.9,0.69,0.74,2026-05-05,0627,N,nominal,2.0NRT,296.52,13.91,D
-17.76803,123.07655,352.9,0.69,0.74,2026-05-05,0627,N,nominal,2.0NRT,294.53,15.8,D
-17.76967,123.06964,356.68,0.69,0.74,2026-05-05,0627,N,nominal,2.0NRT,297,13.91,D
-17.74646,123.0144,331.48,0.69,0.74,2026-05-05,0627,N,nominal,2.0NRT,295.16,8.03,D
-17.73958,123.01281,356.56,0.69,0.74,2026-05-05,0627,N,nominal,2.0NRT,296.23,8.03,D
-17.77047,123.07374,367,0.69,0.74,2026-05-05,0627,N,high,2.0NRT,299.25,19.08,D
-17.7636,123.07198,336.66,0.69,0.74,2026-05-05,0627,N,nominal,2.0NRT,294.42,19.08,D
-17.74858,123.01142,340.77,0.69,0.74,2026-05-05,0627,N,nominal,2.0NRT,296.24,7.31,D
-17.7417,123.00981,341.81,0.69,0.74,2026-05-05,0627,N,nominal,2.0NRT,296.88,7.59,D
-17.73482,123.00819,342.16,0.69,0.74,2026-05-05,0627,N,nominal,2.0NRT,296.13,7.59,D
-17.72795,123.00652,330.92,0.69,0.74,2026-05-05,0627,N,nominal,2.0NRT,295.19,4.67,D
-17.50429,123.18687,337.58,0.71,0.75,2026-05-05,0627,N,nominal,2.0NRT,295.79,6.64,D
-17.49733,123.1852,345.84,0.71,0.75,2026-05-05,0627,N,nominal,2.0NRT,295.47,6.64,D
-17.4997,123.18895,352.57,0.71,0.75,2026-05-05,0627,N,nominal,2.0NRT,295.51,18.22,D
-17.53628,122.62914,330.52,0.66,0.73,2026-05-05,0627,N,nominal,2.0NRT,295.11,8.77,D
-17.53509,122.62962,333.72,0.66,0.73,2026-05-05,0627,N,nominal,2.0NRT,295.19,6.65,D
-17.47676,122.30111,330.04,0.63,0.72,2026-05-05,0627,N,nominal,2.0NRT,296.25,5.45,D
-17.45559,122.2605,329.61,0.63,0.72,2026-05-05,0627,N,nominal,2.0NRT,295.57,3.1,D
-17.37348,122.43333,334.19,0.64,0.72,2026-05-05,0627,N,nominal,2.0NRT,296.54,10.72,D
-17.36676,122.43181,367,0.64,0.72,2026-05-05,0627,N,high,2.0NRT,295.21,10.72,D
-17.37093,122.4363,332.4,0.65,0.73,2026-05-05,0627,N,nominal,2.0NRT,293.85,6.73,D
-17.3723,122.43025,339.55,0.64,0.72,2026-05-05,0627,N,nominal,2.0NRT,296.44,6.73,D
-17.36557,122.42878,353.12,0.64,0.72,2026-05-05,0627,N,nominal,2.0NRT,294.93,12.76,D
-22.25433,166.44131,307.88,0.39,0.36,2026-05-05,1416,N,nominal,2.0NRT,294.19,1.24,N
-29.90864,148.42982,298.05,0.63,0.72,2026-05-05,1420,N,nominal,2.0NRT,281.23,0.9,N
-29.91516,148.42735,306.66,0.63,0.72,2026-05-05,1420,N,nominal,2.0NRT,281.49,0.9,N
-30.46024,148.62367,297.81,0.6,0.7,2026-05-05,1420,N,nominal,2.0NRT,281.76,0.9,N
-30.45797,148.62578,301.33,0.6,0.7,2026-05-05,1420,N,nominal,2.0NRT,281.64,1.46,N
-31.42779,151.66975,307.21,0.39,0.59,2026-05-05,1420,N,nominal,2.0NRT,277.23,1.17,N
-31.25908,150.44197,296.11,0.46,0.63,2026-05-05,1420,N,nominal,2.0NRT,281.2,0.92,N
-31.26197,150.43854,304.13,0.46,0.63,2026-05-05,1420,N,nominal,2.0NRT,279.56,1.02,N
-30.63169,147.74132,298.9,0.66,0.73,2026-05-05,1420,N,nominal,2.0NRT,283.36,0.54,N
-30.63186,147.74286,297.1,0.66,0.73,2026-05-05,1420,N,nominal,2.0NRT,282.81,1.76,N
-30.69273,147.74988,301.65,0.66,0.73,2026-05-05,1420,N,nominal,2.0NRT,281.96,1.3,N
-30.582,146.73056,298.12,0.75,0.77,2026-05-05,1420,N,nominal,2.0NRT,281.87,1.21,N
-30.58432,146.73845,298.57,0.75,0.77,2026-05-05,1420,N,nominal,2.0NRT,281.25,1.21,N
-30.58892,146.72775,296.92,0.75,0.77,2026-05-05,1420,N,nominal,2.0NRT,281.76,1.21,N
-30.59123,146.73564,304.73,0.75,0.77,2026-05-05,1420,N,nominal,2.0NRT,281.48,1.21,N
-30.58454,146.73344,305.58,0.75,0.77,2026-05-05,1420,N,nominal,2.0NRT,281.72,2.19,N
-30.59146,146.73067,305.07,0.75,0.77,2026-05-05,1420,N,nominal,2.0NRT,281.67,2.19,N
-32.23037,150.8557,298.78,0.41,0.61,2026-05-05,1420,N,nominal,2.0NRT,282.53,0.74,N
-31.75654,148.8932,299.62,0.54,0.68,2026-05-05,1420,N,nominal,2.0NRT,281.22,0.86,N
-31.75817,148.89903,297.42,0.54,0.68,2026-05-05,1420,N,nominal,2.0NRT,281.6,0.86,N
-32.25276,146.14639,299.12,0.72,0.76,2026-05-05,1420,N,nominal,2.0NRT,280,0.66,N
-37.2015,174.72054,295.85,0.46,0.64,2026-05-05,1420,N,nominal,2.0NRT,278.93,0.83,N
-34.04715,150.97169,299.48,0.36,0.58,2026-05-05,1420,N,nominal,2.0NRT,282.97,0.34,N
-34.4519,150.87767,296.9,0.36,0.57,2026-05-05,1420,N,nominal,2.0NRT,284.36,0.52,N
-34.4591,150.88351,335.74,0.36,0.57,2026-05-05,1420,N,nominal,2.0NRT,287.93,2.31,N
-34.4571,150.87567,302.21,0.36,0.57,2026-05-05,1420,N,nominal,2.0NRT,284.06,1.44,N
-34.4581,150.87959,309.33,0.36,0.57,2026-05-05,1420,N,nominal,2.0NRT,286.43,1.44,N
-34.4633,150.87762,300.24,0.36,0.57,2026-05-05,1420,N,nominal,2.0NRT,283.93,1.44,N
-34.4643,150.88156,303.22,0.36,0.57,2026-05-05,1420,N,nominal,2.0NRT,282.99,2.31,N
-34.46728,150.8933,299.41,0.36,0.57,2026-05-05,1420,N,nominal,2.0NRT,285.96,1.62,N
-34.0462,147.82654,297.25,0.53,0.67,2026-05-05,1420,N,nominal,2.0NRT,278.65,0.51,N
-36.07773,150.07068,303.65,0.36,0.58,2026-05-05,1422,N,nominal,2.0NRT,282.53,0.79,N
-35.432,147.47704,295.47,0.51,0.66,2026-05-05,1422,N,nominal,2.0NRT,278.14,0.54,N
-39.92046,176.68233,308.59,0.61,0.71,2026-05-05,1422,N,nominal,2.0NRT,278.18,2.4,N
-39.92722,176.68208,304.46,0.61,0.71,2026-05-05,1422,N,nominal,2.0NRT,278.05,1.87,N
-39.92215,176.68115,310.48,0.61,0.71,2026-05-05,1422,N,nominal,2.0NRT,278.19,2.56,N
-35.74823,147.79646,312.91,0.49,0.65,2026-05-05,1422,N,nominal,2.0NRT,279.1,2.3,N
-35.74994,147.80257,316.72,0.48,0.65,2026-05-05,1422,N,nominal,2.0NRT,279.76,2.3,N
-35.75161,147.80852,310.33,0.48,0.65,2026-05-05,1422,N,nominal,2.0NRT,278.28,1.65,N
-35.75405,147.79393,335.74,0.49,0.65,2026-05-05,1422,N,nominal,2.0NRT,280.47,5.25,N
-35.75578,147.80009,331.09,0.48,0.65,2026-05-05,1422,N,nominal,2.0NRT,279.86,5.25,N
-35.73629,147.73085,307.9,0.49,0.65,2026-05-05,1422,N,nominal,2.0NRT,277.53,2.66,N
-35.73789,147.73653,305.85,0.49,0.65,2026-05-05,1422,N,nominal,2.0NRT,277.1,1.15,N
-35.75232,147.7878,311.36,0.49,0.65,2026-05-05,1422,N,nominal,2.0NRT,279.24,4.94,N
-35.74808,147.79607,310.65,0.48,0.65,2026-05-05,1422,N,nominal,2.0NRT,279.36,3.9,N
-35.74983,147.80215,315.57,0.48,0.65,2026-05-05,1422,N,nominal,2.0NRT,279.7,3.2,N
-35.75154,147.80809,314.49,0.48,0.65,2026-05-05,1422,N,nominal,2.0NRT,278.86,3.2,N
-35.75391,147.79355,336.25,0.48,0.65,2026-05-05,1422,N,nominal,2.0NRT,280.51,3.9,N
-35.75568,147.79971,332.73,0.48,0.65,2026-05-05,1422,N,nominal,2.0NRT,280.12,3.2,N
-35.73581,147.73074,307.29,0.49,0.65,2026-05-05,1422,N,nominal,2.0NRT,277.26,1.17,N
-35.73745,147.7364,306.16,0.49,0.65,2026-05-05,1422,N,nominal,2.0NRT,277.05,1.17,N
-35.75215,147.78746,307.85,0.49,0.65,2026-05-05,1422,N,nominal,2.0NRT,279.31,3.9,N
-36.03272,147.6906,299.29,0.48,0.65,2026-05-05,1422,N,nominal,2.0NRT,279.21,1.22,N
-40.63457,176.36053,301.94,0.59,0.7,2026-05-05,1422,N,nominal,2.0NRT,281.47,0.8,N
-40.64125,176.35966,367,0.59,0.7,2026-05-05,1422,N,high,2.0NRT,288.15,30.58,N
-40.64109,176.35239,301.61,0.59,0.7,2026-05-05,1422,N,nominal,2.0NRT,281.94,22.47,N
-40.63649,176.3558,367,0.59,0.7,2026-05-05,1422,N,high,2.0NRT,283.57,9.97,N
-40.63661,176.36319,354.9,0.59,0.7,2026-05-05,1422,N,nominal,2.0NRT,283.75,9.97,N
-40.64317,176.35472,331.95,0.59,0.7,2026-05-05,1422,N,nominal,2.0NRT,282.04,9.97,N
-40.64329,176.36258,330.79,0.59,0.7,2026-05-05,1422,N,nominal,2.0NRT,282.1,9.97,N
-36.65311,146.64824,302.53,0.52,0.67,2026-05-05,1422,N,nominal,2.0NRT,279.6,1.45,N
-36.65893,146.6216,309.21,0.53,0.67,2026-05-05,1422,N,nominal,2.0NRT,279.57,2.41,N
-36.6634,146.63695,314.79,0.52,0.67,2026-05-05,1422,N,nominal,2.0NRT,279.83,2.09,N
-36.66809,146.62971,309.29,0.52,0.67,2026-05-05,1422,N,nominal,2.0NRT,279.7,2.09,N
-36.66964,146.63506,316.22,0.52,0.67,2026-05-05,1422,N,nominal,2.0NRT,279.81,2.09,N
-36.65019,146.64957,306.32,0.52,0.67,2026-05-05,1422,N,nominal,2.0NRT,279.58,1.69,N
-36.6664,146.63542,326.41,0.52,0.67,2026-05-05,1422,N,nominal,2.0NRT,280.86,2.48,N
-36.6618,146.61995,307.68,0.53,0.67,2026-05-05,1422,N,nominal,2.0NRT,279.26,2,N
-36.66811,146.6412,299.22,0.52,0.67,2026-05-05,1422,N,nominal,2.0NRT,279.26,2.48,N
-36.67114,146.62849,324.06,0.52,0.67,2026-05-05,1422,N,nominal,2.0NRT,280.43,7.82,N
-36.67272,146.63383,325.27,0.52,0.67,2026-05-05,1422,N,nominal,2.0NRT,280.74,2.48,N
-36.67439,146.63943,298.76,0.52,0.67,2026-05-05,1422,N,nominal,2.0NRT,279.69,2.48,N
-36.73581,145.90935,312.17,0.57,0.69,2026-05-05,1422,N,nominal,2.0NRT,278.69,2.29,N
-38.22471,147.16309,300.22,0.45,0.63,2026-05-05,1422,N,nominal,2.0NRT,280.85,1.05,N
-43.79074,171.63016,309.28,0.36,0.57,2026-05-05,1422,N,nominal,2.0NRT,272.46,1.69,N
-43.79111,171.62921,303.24,0.36,0.57,2026-05-05,1422,N,nominal,2.0NRT,272.82,0.77,N
-43.79131,171.63387,307.48,0.36,0.57,2026-05-05,1422,N,nominal,2.0NRT,271.62,0.77,N
-40.85136,145.37871,301.51,0.46,0.64,2026-05-05,1422,N,nominal,2.0NRT,283.63,1.1,N
-42.19241,147.5853,304.14,0.33,0.56,2026-05-05,1422,N,nominal,2.0NRT,263.24,0.7,N
-42.1936,147.58971,301.36,0.33,0.56,2026-05-05,1422,N,nominal,2.0NRT,263.26,0.7,N
-42.19273,147.58781,312.16,0.33,0.56,2026-05-05,1422,N,nominal,2.0NRT,264.62,1.27,N
-42.27238,146.41377,298.12,0.38,0.59,2026-05-05,1422,N,nominal,2.0NRT,276.83,1.47,N
-39.92096,176.68698,297.26,0.51,0.49,2026-05-05,1240,N,nominal,2.0NRT,278.89,1.56,N
-39.92538,176.685,324.36,0.51,0.49,2026-05-05,1240,N,nominal,2.0NRT,278.69,1.56,N
-39.92386,176.67877,296.03,0.51,0.49,2026-05-05,1240,N,nominal,2.0NRT,277.64,3.27,N
-40.636,176.3607,338.85,0.51,0.49,2026-05-05,1240,N,nominal,2.0NRT,292,17.51,N
-40.63745,176.36665,296.27,0.51,0.49,2026-05-05,1240,N,nominal,2.0NRT,281.83,17.51,N
-40.6405,176.35905,341.51,0.51,0.49,2026-05-05,1240,N,nominal,2.0NRT,283.59,27.06,N
-40.79567,175.73438,295.34,0.54,0.51,2026-05-05,1240,N,nominal,2.0NRT,281,0.55,N
-29.90557,148.43204,299.63,0.36,0.57,2026-05-05,1558,N,nominal,2.0NRT,280.63,0.5,N
-29.91599,148.42709,296.44,0.36,0.57,2026-05-05,1558,N,nominal,2.0NRT,280.25,0.92,N
-29.9163,148.43088,301.79,0.36,0.57,2026-05-05,1558,N,nominal,2.0NRT,281.08,0.92,N
-11.87218,142.01666,305.6,0.39,0.36,2026-05-05,1556,N,nominal,2.0NRT,290.33,0.71,N
-29.91337,148.42879,312.9,0.36,0.57,2026-05-05,1558,N,nominal,2.0NRT,280.77,1.68,N
-11.87275,142.02022,307.98,0.39,0.36,2026-05-05,1556,N,nominal,2.0NRT,290.43,0.59,N
-30.3493,148.13994,298.31,0.35,0.56,2026-05-05,1558,N,nominal,2.0NRT,279.81,0.6,N
-30.45832,148.62759,302.82,0.37,0.58,2026-05-05,1558,N,nominal,2.0NRT,281.73,0.57,N
-30.45864,148.63158,302.04,0.37,0.58,2026-05-05,1558,N,nominal,2.0NRT,281.23,0.57,N
-13.17932,132.31555,308.61,0.4,0.6,2026-05-05,1556,N,nominal,2.0NRT,292.1,1.09,N
-13.17763,132.31694,304.23,0.4,0.6,2026-05-05,1556,N,nominal,2.0NRT,292.23,1.13,N
-30.45856,148.63031,303.56,0.37,0.58,2026-05-05,1558,N,nominal,2.0NRT,281.32,1.08,N
-30.63312,147.74342,306.01,0.33,0.55,2026-05-05,1558,N,nominal,2.0NRT,283.26,1.16,N
-13.3773,132.95407,304.55,0.36,0.57,2026-05-05,1556,N,nominal,2.0NRT,291.05,0.63,N
-30.58254,146.73904,304.27,0.57,0.52,2026-05-05,1558,N,nominal,2.0NRT,281.63,2.35,N
-13.38779,132.97974,311.08,0.36,0.57,2026-05-05,1556,N,nominal,2.0NRT,291.96,1.18,N
-30.58686,146.73228,298.05,0.57,0.52,2026-05-05,1558,N,nominal,2.0NRT,281.9,1.43,N
-13.37314,132.49582,304.09,0.39,0.59,2026-05-05,1556,N,nominal,2.0NRT,292.34,0.41,N
-30.58743,146.73845,307.29,0.57,0.52,2026-05-05,1558,N,nominal,2.0NRT,282.01,1.43,N
-13.3803,132.35858,303.98,0.39,0.6,2026-05-05,1556,N,nominal,2.0NRT,292.18,0.46,N
-30.59175,146.73167,296.88,0.57,0.52,2026-05-05,1558,N,nominal,2.0NRT,282.12,1.43,N
-13.37941,132.35994,305.13,0.39,0.6,2026-05-05,1556,N,nominal,2.0NRT,292.18,0.47,N
-30.5923,146.73784,310.6,0.57,0.52,2026-05-05,1558,N,nominal,2.0NRT,281.96,1.43,N
-13.44791,132.35878,303.59,0.39,0.6,2026-05-05,1556,N,nominal,2.0NRT,292.67,0.75,N
-30.59719,146.73724,299.44,0.57,0.52,2026-05-05,1558,N,nominal,2.0NRT,280.95,1.61,N
-13.50419,132.35417,307.77,0.39,0.6,2026-05-05,1556,N,nominal,2.0NRT,292.18,0.7,N
-30.69173,147.75473,296.46,0.33,0.55,2026-05-05,1558,N,nominal,2.0NRT,281.44,0.61,N
-13.50346,132.35287,305.16,0.39,0.59,2026-05-05,1556,N,nominal,2.0NRT,291.98,0.86,N
-30.74092,148.28873,298.45,0.36,0.57,2026-05-05,1558,N,nominal,2.0NRT,282.17,0.46,N
-13.51302,132.40001,304.41,0.39,0.59,2026-05-05,1556,N,nominal,2.0NRT,292.4,0.48,N
-30.74353,148.28822,300.29,0.36,0.57,2026-05-05,1558,N,nominal,2.0NRT,282.15,0.56,N
-13.65691,132.32462,303.62,0.39,0.59,2026-05-05,1556,N,nominal,2.0NRT,291.94,0.79,N
-31.26346,150.44061,298.31,0.48,0.65,2026-05-05,1558,N,nominal,2.0NRT,279.36,0.77,N
-14.06439,131.88553,306.04,0.41,0.61,2026-05-05,1556,N,nominal,2.0NRT,292.12,0.71,N
-31.33993,148.67421,301.63,0.38,0.59,2026-05-05,1558,N,nominal,2.0NRT,279.95,0.81,N
-14.06742,131.88548,303.74,0.41,0.61,2026-05-05,1556,N,nominal,2.0NRT,292.09,1.04,N
-31.75763,148.899,297.5,0.4,0.6,2026-05-05,1558,N,nominal,2.0NRT,280.16,1.12,N
-14.06821,131.88936,315.39,0.41,0.61,2026-05-05,1556,N,nominal,2.0NRT,292.03,1.04,N
-31.8106,148.53819,297.89,0.38,0.58,2026-05-05,1558,N,nominal,2.0NRT,280.56,0.55,N
-13.83731,130.59734,339.87,0.5,0.66,2026-05-05,1556,N,nominal,2.0NRT,293.34,3.86,N
-30.44275,136.85625,295.61,0.39,0.36,2026-05-05,1558,N,nominal,2.0NRT,283.19,1.04,N
-13.8383,130.60208,320.76,0.5,0.66,2026-05-05,1556,N,nominal,2.0NRT,292.78,3.86,N
-30.44343,136.86032,317.22,0.39,0.36,2026-05-05,1558,N,nominal,2.0NRT,285.64,1.04,N
-13.84438,130.60077,306.78,0.5,0.66,2026-05-05,1556,N,nominal,2.0NRT,292.88,3.12,N
-30.44679,136.85957,302.78,0.39,0.36,2026-05-05,1558,N,nominal,2.0NRT,284.42,1.04,N
-13.84537,130.60553,318.81,0.5,0.66,2026-05-05,1556,N,nominal,2.0NRT,293.29,2.04,N
-32.22943,150.85301,300.93,0.52,0.67,2026-05-05,1558,N,nominal,2.0NRT,281.94,1.08,N
-13.84636,130.61026,309.52,0.5,0.66,2026-05-05,1556,N,nominal,2.0NRT,292.88,2.04,N
-32.25499,146.14935,297.63,0.55,0.51,2026-05-05,1558,N,nominal,2.0NRT,279.33,0.72,N
-14.58065,131.99998,305.91,0.4,0.6,2026-05-05,1556,N,nominal,2.0NRT,291.92,0.74,N
-32.25408,146.14911,302.29,0.55,0.51,2026-05-05,1558,N,nominal,2.0NRT,279.83,0.93,N
-14.58615,131.99879,317.5,0.4,0.6,2026-05-05,1556,N,nominal,2.0NRT,291.6,2.19,N
-34.05047,147.82745,302.2,0.36,0.57,2026-05-05,1601,N,nominal,2.0NRT,278.55,0.89,N
-15.71777,135.51518,303.53,0.45,0.47,2026-05-05,1556,N,nominal,2.0NRT,291.9,0.69,N
-34.45393,150.87544,309.66,0.54,0.68,2026-05-05,1601,N,nominal,2.0NRT,283.42,2.61,N
-15.71854,135.51933,307.08,0.45,0.47,2026-05-05,1556,N,nominal,2.0NRT,292.6,0.69,N
-34.46062,150.88118,319,0.54,0.68,2026-05-05,1601,N,nominal,2.0NRT,284.91,2.61,N
-15.72284,135.51852,302.07,0.45,0.47,2026-05-05,1556,N,nominal,2.0NRT,291.77,0.69,N
-15.33091,133.39046,301.63,0.62,0.54,2026-05-05,1556,N,nominal,2.0NRT,290.63,0.84,N
-34.46091,150.88736,296.48,0.54,0.68,2026-05-05,1601,N,nominal,2.0NRT,285.22,2.64,N
-15.33204,133.39629,311.28,0.62,0.54,2026-05-05,1556,N,nominal,2.0NRT,290.87,2.22,N
-34.46732,150.88689,296.61,0.54,0.68,2026-05-05,1601,N,nominal,2.0NRT,282.97,0.74,N
-15.33316,133.4021,311.91,0.62,0.54,2026-05-05,1556,N,nominal,2.0NRT,290.92,2.22,N
-34.46761,150.89313,301.7,0.54,0.68,2026-05-05,1601,N,nominal,2.0NRT,284.95,0.74,N
-15.73297,135.52513,301.79,0.45,0.47,2026-05-05,1556,N,nominal,2.0NRT,291.49,1.49,N
-34.45512,150.8759,315.21,0.54,0.68,2026-05-05,1601,N,nominal,2.0NRT,283.91,3.51,N
-15.73373,135.52928,302.35,0.45,0.47,2026-05-05,1556,N,nominal,2.0NRT,291.59,0.83,N
-34.46178,150.88159,319.96,0.54,0.68,2026-05-05,1601,N,nominal,2.0NRT,284.36,2.38,N
-15.33812,133.40105,313.5,0.62,0.54,2026-05-05,1556,N,nominal,2.0NRT,290.57,3.14,N
-34.46204,150.8878,298.97,0.54,0.68,2026-05-05,1601,N,nominal,2.0NRT,284.87,2.38,N
-15.33924,133.40685,301.12,0.62,0.54,2026-05-05,1556,N,nominal,2.0NRT,290.26,1.33,N
-35.73786,147.73027,306.32,0.37,0.58,2026-05-05,1601,N,nominal,2.0NRT,277.42,1.62,N
-15.72937,135.52328,304.25,0.45,0.47,2026-05-05,1556,N,nominal,2.0NRT,291.68,1.34,N
-35.73813,147.73431,306.09,0.37,0.58,2026-05-05,1601,N,nominal,2.0NRT,276.92,1.87,N
-15.73525,135.53073,303.65,0.45,0.47,2026-05-05,1556,N,nominal,2.0NRT,291.77,0.75,N
-35.75282,147.78989,336.93,0.37,0.58,2026-05-05,1601,N,nominal,2.0NRT,280.64,3.25,N
-35.75307,147.79372,327.09,0.37,0.58,2026-05-05,1601,N,nominal,2.0NRT,279.48,3.25,N
-15.33122,133.3958,305.97,0.62,0.54,2026-05-05,1556,N,nominal,2.0NRT,290.78,1.9,N
-35.75333,147.79756,337.47,0.37,0.58,2026-05-05,1601,N,nominal,2.0NRT,280.37,3.17,N
-15.33238,133.40158,313.96,0.62,0.54,2026-05-05,1556,N,nominal,2.0NRT,290.94,1.6,N
-35.75358,147.80144,334.78,0.37,0.58,2026-05-05,1601,N,nominal,2.0NRT,280.07,3.17,N
-15.33501,133.38892,300.59,0.62,0.54,2026-05-05,1556,N,nominal,2.0NRT,290.07,1.9,N
-15.33734,133.40053,313.19,0.62,0.54,2026-05-05,1556,N,nominal,2.0NRT,290.33,1.6,N
-35.75384,147.8054,313.65,0.37,0.58,2026-05-05,1601,N,nominal,2.0NRT,278.08,3.22,N
-35.75856,147.79327,306.43,0.37,0.58,2026-05-05,1601,N,nominal,2.0NRT,279.26,3.25,N
-15.3385,133.40634,301.42,0.62,0.54,2026-05-05,1556,N,nominal,2.0NRT,290.12,1.6,N
-35.75881,147.79707,297.87,0.37,0.58,2026-05-05,1601,N,nominal,2.0NRT,278.68,3.17,N
-15.34346,133.40527,300.71,0.62,0.54,2026-05-05,1556,N,nominal,2.0NRT,289.61,1.25,N
-35.73845,147.73079,304.86,0.37,0.58,2026-05-05,1601,N,nominal,2.0NRT,277.34,1.65,N
-15.34174,133.34482,300.24,0.63,0.54,2026-05-05,1556,N,nominal,2.0NRT,290.13,1.36,N
-35.73869,147.73483,311.6,0.37,0.58,2026-05-05,1601,N,nominal,2.0NRT,277.17,1.58,N
-15.32903,133.2551,322.13,0.63,0.54,2026-05-05,1556,N,nominal,2.0NRT,291.18,3.33,N
-35.75305,147.79041,344.21,0.37,0.58,2026-05-05,1601,N,nominal,2.0NRT,280.42,4.32,N
-15.32041,133.21191,307.99,0.32,0.55,2026-05-05,1556,N,nominal,2.0NRT,290.73,0.39,N
-35.75328,147.79424,324.54,0.37,0.58,2026-05-05,1601,N,nominal,2.0NRT,279.93,4.32,N
-15.33496,133.28479,302.13,0.63,0.54,2026-05-05,1556,N,nominal,2.0NRT,290.57,1.76,N
-35.75352,147.7981,341.09,0.37,0.58,2026-05-05,1601,N,nominal,2.0NRT,280.58,4.2,N
-15.33614,133.29071,302.84,0.63,0.54,2026-05-05,1556,N,nominal,2.0NRT,290.36,0.92,N
-35.75375,147.80199,333.08,0.37,0.58,2026-05-05,1601,N,nominal,2.0NRT,279.53,4.2,N
-15.33167,133.24214,332.79,0.64,0.54,2026-05-05,1556,N,nominal,2.0NRT,292.35,13.45,N
-35.75399,147.80598,314.24,0.37,0.58,2026-05-05,1601,N,nominal,2.0NRT,278.05,2.64,N
-15.32543,133.21083,311.26,0.32,0.55,2026-05-05,1556,N,nominal,2.0NRT,290.56,0.99,N
-35.75878,147.79379,305.96,0.37,0.58,2026-05-05,1601,N,nominal,2.0NRT,279.12,1.49,N
-15.33404,133.25403,316.65,0.63,0.54,2026-05-05,1556,N,nominal,2.0NRT,291.16,8.35,N
-36.02779,147.6906,303.49,0.37,0.58,2026-05-05,1601,N,nominal,2.0NRT,278.93,0.97,N
-15.33523,133.25998,319.24,0.63,0.54,2026-05-05,1556,N,nominal,2.0NRT,291.54,8.35,N
-36.03321,147.68944,311.87,0.37,0.58,2026-05-05,1601,N,nominal,2.0NRT,279.3,0.97,N
-15.34113,133.28966,306.15,0.63,0.54,2026-05-05,1556,N,nominal,2.0NRT,290.22,1.6,N
-34.7614,135.77368,303.8,0.39,0.36,2026-05-05,1601,N,nominal,2.0NRT,282.7,0.58,N
-15.34232,133.29556,305.18,0.63,0.54,2026-05-05,1556,N,nominal,2.0NRT,290.33,1.6,N
-36.66985,146.63672,300.96,0.33,0.55,2026-05-05,1601,N,nominal,2.0NRT,279.4,1.41,N
-15.33668,133.24107,349.93,0.64,0.54,2026-05-05,1556,N,nominal,2.0NRT,295.56,13.45,N
-36.67468,146.63115,312.78,0.33,0.55,2026-05-05,1601,N,nominal,2.0NRT,280,1.41,N
-15.33786,133.24701,328.49,0.64,0.54,2026-05-05,1556,N,nominal,2.0NRT,291.68,13.45,N
-36.67497,146.63533,313.42,0.33,0.55,2026-05-05,1601,N,nominal,2.0NRT,279.87,1.41,N
-15.33905,133.25298,351.08,0.63,0.54,2026-05-05,1556,N,nominal,2.0NRT,294.6,8.35,N
-36.67525,146.63933,308,0.33,0.55,2026-05-05,1601,N,nominal,2.0NRT,279.16,1.2,N
-15.33342,133.22469,314.78,0.32,0.54,2026-05-05,1556,N,nominal,2.0NRT,291.1,1.59,N
-36.72831,145.91458,297.47,0.6,0.53,2026-05-05,1601,N,nominal,2.0NRT,277.39,0.6,N
-15.33401,133.22766,316.53,0.32,0.54,2026-05-05,1556,N,nominal,2.0NRT,290.81,1.23,N
-36.73277,145.90714,306.06,0.6,0.53,2026-05-05,1601,N,nominal,2.0NRT,278.9,2.05,N
-15.33579,133.2366,304.4,0.32,0.54,2026-05-05,1556,N,nominal,2.0NRT,290.84,12.08,N
-36.73332,145.91438,310.57,0.6,0.53,2026-05-05,1601,N,nominal,2.0NRT,278.84,2.05,N
-15.34142,133.26488,315.97,0.63,0.54,2026-05-05,1556,N,nominal,2.0NRT,291.11,2.2,N
-36.73834,145.91432,302.85,0.6,0.53,2026-05-05,1601,N,nominal,2.0NRT,278.6,2.05,N
-15.3426,133.27081,307.65,0.63,0.54,2026-05-05,1556,N,nominal,2.0NRT,291.01,2.2,N
-36.78984,145.87241,303.91,0.6,0.53,2026-05-05,1601,N,nominal,2.0NRT,279.86,2.84,N
-15.34378,133.27676,305.21,0.63,0.54,2026-05-05,1556,N,nominal,2.0NRT,290.59,2.55,N
-36.79487,145.87265,306,0.6,0.53,2026-05-05,1601,N,nominal,2.0NRT,279.99,2.35,N
-15.34731,133.29451,306.89,0.63,0.54,2026-05-05,1556,N,nominal,2.0NRT,290.12,1.6,N
-15.3476,133.26974,334.17,0.63,0.54,2026-05-05,1556,N,nominal,2.0NRT,291.69,3.53,N
-35.96364,136.81244,310.63,0.39,0.36,2026-05-05,1601,N,nominal,2.0NRT,283.31,1.03,N
-15.33903,133.22661,301.42,0.32,0.54,2026-05-05,1556,N,nominal,2.0NRT,290.36,0.9,N
-38.23162,147.1736,296.82,0.36,0.57,2026-05-05,1601,N,nominal,2.0NRT,278.18,0.47,N
-15.33962,133.22957,311.15,0.32,0.54,2026-05-05,1556,N,nominal,2.0NRT,290.85,0.9,N
-38.22739,147.17267,295.31,0.36,0.57,2026-05-05,1601,N,nominal,2.0NRT,279.55,0.86,N
-15.34169,133.24001,312.02,0.64,0.54,2026-05-05,1556,N,nominal,2.0NRT,290.77,2.13,N
-37.82847,141.24113,300.53,0.53,0.42,2026-05-05,1601,N,nominal,2.0NRT,280.63,1.36,N
-15.34287,133.24596,310.12,0.64,0.54,2026-05-05,1556,N,nominal,2.0NRT,290.77,2.13,N
-37.82726,141.24115,297,0.53,0.42,2026-05-05,1601,N,nominal,2.0NRT,280.3,0.46,N
-15.34406,133.25189,319.28,0.63,0.54,2026-05-05,1556,N,nominal,2.0NRT,291.26,2.51,N
-38.75768,146.16144,303.16,0.32,0.55,2026-05-05,1601,N,nominal,2.0NRT,280.66,0.41,N
-15.34524,133.25786,306.12,0.63,0.54,2026-05-05,1556,N,nominal,2.0NRT,290.98,2.51,N
-42.05513,147.78192,305.83,0.42,0.61,2026-05-05,1603,N,nominal,2.0NRT,278.49,0.74,N
-15.34642,133.26381,306.01,0.63,0.54,2026-05-05,1556,N,nominal,2.0NRT,290.49,3.53,N
-42.26188,146.85693,297.65,0.37,0.58,2026-05-05,1603,N,nominal,2.0NRT,277.45,0.46,N
-15.34878,133.27571,308.45,0.63,0.54,2026-05-05,1556,N,nominal,2.0NRT,290.71,2.58,N
-42.2726,146.4124,298.7,0.36,0.57,2026-05-05,1603,N,nominal,2.0NRT,278.4,1.4,N
-15.35024,133.25679,320.07,0.63,0.54,2026-05-05,1556,N,nominal,2.0NRT,290.94,2.51,N
-42.27284,146.4173,311.19,0.36,0.57,2026-05-05,1603,N,nominal,2.0NRT,279.29,1.52,N
-15.34523,133.23151,310.8,0.32,0.54,2026-05-05,1556,N,nominal,2.0NRT,290.47,1.32,N
-42.27824,146.41667,305.74,0.36,0.57,2026-05-05,1603,N,nominal,2.0NRT,279.2,1.27,N
-15.34788,133.24487,308.85,0.64,0.54,2026-05-05,1556,N,nominal,2.0NRT,290.53,2.13,N
-15.34906,133.25082,313.27,0.63,0.54,2026-05-05,1556,N,nominal,2.0NRT,290.73,2.51,N
-15.3526,133.26868,306.26,0.63,0.54,2026-05-05,1556,N,nominal,2.0NRT,290.22,3.53,N
-15.35378,133.27463,315.51,0.63,0.54,2026-05-05,1556,N,nominal,2.0NRT,290.48,2.58,N
-15.35083,133.23338,302.04,0.32,0.54,2026-05-05,1556,N,nominal,2.0NRT,290.16,0.54,N
-15.35525,133.25571,306.93,0.63,0.54,2026-05-05,1556,N,nominal,2.0NRT,290.68,2.64,N
-15.35643,133.26167,308.96,0.63,0.54,2026-05-05,1556,N,nominal,2.0NRT,290.84,2.2,N
-15.46344,130.04538,315.18,0.51,0.66,2026-05-05,1556,N,nominal,2.0NRT,291.99,2.87,N
-15.47067,130.04932,311.62,0.51,0.66,2026-05-05,1556,N,nominal,2.0NRT,291.91,1.97,N
-15.47791,130.05331,305.07,0.51,0.66,2026-05-05,1556,N,nominal,2.0NRT,291.38,1.37,N
-15.48922,130.04642,307.88,0.51,0.66,2026-05-05,1556,N,nominal,2.0NRT,291.42,0.63,N
-15.48841,130.04828,305.14,0.51,0.66,2026-05-05,1556,N,nominal,2.0NRT,291.15,1.16,N
-15.55678,129.97978,309.83,0.51,0.66,2026-05-05,1556,N,nominal,2.0NRT,291.83,1.31,N
-15.56411,129.98415,303.93,0.51,0.66,2026-05-05,1556,N,nominal,2.0NRT,291.05,1.31,N
-15.56522,129.98932,306.77,0.51,0.66,2026-05-05,1556,N,nominal,2.0NRT,290.86,1.84,N
-16.6915,135.60126,316.17,0.43,0.46,2026-05-05,1556,N,nominal,2.0NRT,291.15,1.42,N
-16.6957,135.60043,308.36,0.43,0.46,2026-05-05,1556,N,nominal,2.0NRT,290.63,1.42,N
-15.50225,129.57333,306.01,0.54,0.68,2026-05-05,1556,N,nominal,2.0NRT,291.23,0.93,N
-15.51466,129.56995,303.67,0.54,0.68,2026-05-05,1556,N,nominal,2.0NRT,290.85,0.8,N
-15.50447,129.57048,303.23,0.54,0.68,2026-05-05,1556,N,nominal,2.0NRT,290.63,1.05,N
-15.52305,129.56522,305.6,0.54,0.68,2026-05-05,1556,N,nominal,2.0NRT,290.41,1.01,N
-16.15206,132.47708,312.73,0.34,0.56,2026-05-05,1556,N,nominal,2.0NRT,290.81,1,N
-16.11942,132.0466,313.65,0.37,0.58,2026-05-05,1556,N,nominal,2.0NRT,290.32,1.29,N
-16.12012,132.05006,300.82,0.37,0.58,2026-05-05,1556,N,nominal,2.0NRT,289.73,0.53,N
-16.14304,132.0164,301.92,0.37,0.58,2026-05-05,1556,N,nominal,2.0NRT,289.96,0.47,N
-16.14837,132.0152,302.05,0.37,0.58,2026-05-05,1556,N,nominal,2.0NRT,290.05,0.47,N
-16.14909,132.01865,300.16,0.37,0.58,2026-05-05,1556,N,nominal,2.0NRT,289.63,0.47,N
-16.88246,135.71689,313.29,0.42,0.45,2026-05-05,1556,N,nominal,2.0NRT,291.07,1.34,N
-16.88319,135.72078,302.5,0.42,0.45,2026-05-05,1556,N,nominal,2.0NRT,291.12,0.68,N
-16.23754,131.98744,301.36,0.37,0.58,2026-05-05,1556,N,nominal,2.0NRT,289.59,0.61,N
-16.24076,131.97575,314.06,0.37,0.58,2026-05-05,1556,N,nominal,2.0NRT,290.07,1.52,N
-16.24147,131.97926,303.23,0.37,0.58,2026-05-05,1556,N,nominal,2.0NRT,289.67,0.93,N
-16.23773,131.97665,312.5,0.37,0.58,2026-05-05,1556,N,nominal,2.0NRT,290.15,0.85,N
-16.23992,131.98714,303.77,0.37,0.58,2026-05-05,1556,N,nominal,2.0NRT,289.91,0.52,N
-16.2438,131.97902,300.5,0.37,0.58,2026-05-05,1556,N,nominal,2.0NRT,289.99,0.46,N
-16.80641,132.79958,304.39,0.32,0.54,2026-05-05,1556,N,nominal,2.0NRT,290,0.7,N
-16.82943,132.81007,300.69,0.32,0.54,2026-05-05,1556,N,nominal,2.0NRT,289.94,0.54,N
-16.8315,132.82051,311.01,0.64,0.54,2026-05-05,1556,N,nominal,2.0NRT,290.21,2.99,N
-16.83269,132.82648,309.12,0.63,0.54,2026-05-05,1556,N,nominal,2.0NRT,289.87,1.61,N
-16.83769,132.82539,303.81,0.63,0.54,2026-05-05,1556,N,nominal,2.0NRT,290.04,1.69,N
-16.83888,132.83141,310.82,0.63,0.54,2026-05-05,1556,N,nominal,2.0NRT,290.2,1.69,N
-16.84245,132.84943,300.4,0.63,0.54,2026-05-05,1556,N,nominal,2.0NRT,289.99,1.18,N
-16.84745,132.84834,301.76,0.63,0.54,2026-05-05,1556,N,nominal,2.0NRT,290.01,1.18,N
-16.85245,132.84724,309.82,0.63,0.54,2026-05-05,1556,N,nominal,2.0NRT,289.87,2.15,N
-16.83012,132.81985,305.32,0.63,0.54,2026-05-05,1556,N,nominal,2.0NRT,290.34,2.45,N
-16.83635,132.82474,313.36,0.63,0.54,2026-05-05,1556,N,nominal,2.0NRT,290.02,2.45,N
-16.83758,132.83072,313.7,0.63,0.54,2026-05-05,1556,N,nominal,2.0NRT,290.22,1.62,N
-16.83882,132.8367,302.03,0.63,0.54,2026-05-05,1556,N,nominal,2.0NRT,289.86,1.62,N
-16.85128,132.84656,311.85,0.63,0.54,2026-05-05,1556,N,nominal,2.0NRT,289.9,2.59,N
-16.8525,132.85252,300.5,0.63,0.54,2026-05-05,1556,N,nominal,2.0NRT,289.74,1.74,N
-16.82819,132.68265,303.58,0.32,0.55,2026-05-05,1556,N,nominal,2.0NRT,289.91,0.76,N
-16.83072,132.66924,306.27,0.32,0.55,2026-05-05,1556,N,nominal,2.0NRT,289.88,0.76,N
-16.83324,132.68155,302.51,0.32,0.55,2026-05-05,1556,N,nominal,2.0NRT,289.44,0.67,N
-16.84009,132.71503,305.86,0.32,0.55,2026-05-05,1556,N,nominal,2.0NRT,289.83,0.57,N
-16.86505,132.83731,305.32,0.63,0.54,2026-05-05,1556,N,nominal,2.0NRT,290.31,1.14,N
-16.83578,132.66817,309.62,0.32,0.55,2026-05-05,1556,N,nominal,2.0NRT,289.44,0.76,N
-16.83641,132.67122,303.98,0.32,0.55,2026-05-05,1556,N,nominal,2.0NRT,289.67,1.22,N
-16.86883,132.83023,301.52,0.63,0.54,2026-05-05,1556,N,nominal,2.0NRT,289.88,1.28,N
-16.87004,132.83621,302.63,0.63,0.54,2026-05-05,1556,N,nominal,2.0NRT,290.25,1.14,N
-16.87125,132.84215,304.49,0.63,0.54,2026-05-05,1556,N,nominal,2.0NRT,289.78,1.14,N
-16.87745,132.84698,301.06,0.63,0.54,2026-05-05,1556,N,nominal,2.0NRT,289.86,1.54,N
-16.87866,132.85295,312.46,0.63,0.54,2026-05-05,1556,N,nominal,2.0NRT,290.24,1.54,N
-16.87987,132.8589,304.29,0.63,0.54,2026-05-05,1556,N,nominal,2.0NRT,290.24,1.16,N
-16.86876,132.77841,302.56,0.32,0.54,2026-05-05,1556,N,nominal,2.0NRT,289.3,0.71,N
-16.88365,132.85184,301.85,0.63,0.54,2026-05-05,1556,N,nominal,2.0NRT,290.01,1.54,N
-16.88485,132.85777,309.92,0.63,0.54,2026-05-05,1556,N,nominal,2.0NRT,290.12,1.16,N
-16.88605,132.86368,302.67,0.63,0.54,2026-05-05,1556,N,nominal,2.0NRT,289.75,1.16,N
-16.86026,132.71069,306.2,0.32,0.55,2026-05-05,1556,N,nominal,2.0NRT,290.22,0.61,N
-16.88984,132.85666,304.83,0.63,0.54,2026-05-05,1556,N,nominal,2.0NRT,290.06,1.2,N
-16.89941,132.90404,300.77,0.63,0.54,2026-05-05,1556,N,nominal,2.0NRT,290,0.91,N
-16.86345,132.70042,335.06,0.32,0.55,2026-05-05,1556,N,nominal,2.0NRT,292.05,1.9,N
-16.8622,132.69431,311.94,0.32,0.55,2026-05-05,1556,N,nominal,2.0NRT,290.77,1.45,N
-16.86282,132.69737,308.13,0.32,0.55,2026-05-05,1556,N,nominal,2.0NRT,290.38,1.9,N
-16.86407,132.70351,313.22,0.32,0.55,2026-05-05,1556,N,nominal,2.0NRT,290.94,1.21,N
-16.86468,132.70654,305.87,0.32,0.55,2026-05-05,1556,N,nominal,2.0NRT,290.15,1.21,N
-16.86911,132.70239,324.06,0.32,0.55,2026-05-05,1556,N,nominal,2.0NRT,290.88,1.51,N
-16.87034,132.70848,321.75,0.32,0.55,2026-05-05,1556,N,nominal,2.0NRT,290.21,1.39,N
-16.86663,132.69014,313.61,0.32,0.55,2026-05-05,1556,N,nominal,2.0NRT,290.04,0.87,N
-16.86849,132.69933,304.8,0.32,0.55,2026-05-05,1556,N,nominal,2.0NRT,289.96,1.8,N
-16.86972,132.70544,319.98,0.32,0.55,2026-05-05,1556,N,nominal,2.0NRT,290.62,1.51,N
-16.87096,132.71155,307.31,0.32,0.55,2026-05-05,1556,N,nominal,2.0NRT,290.12,1.39,N
-16.90837,132.87109,327.51,0.63,0.54,2026-05-05,1556,N,nominal,2.0NRT,291.26,3.22,N
-16.87229,132.69209,304.06,0.32,0.55,2026-05-05,1556,N,nominal,2.0NRT,289.85,0.87,N
-16.87476,132.70432,306.86,0.32,0.55,2026-05-05,1556,N,nominal,2.0NRT,289.58,1.51,N
-16.90718,132.86519,305.14,0.63,0.54,2026-05-05,1556,N,nominal,2.0NRT,290.27,3.22,N
-16.91335,132.86998,313.8,0.63,0.54,2026-05-05,1556,N,nominal,2.0NRT,290.75,1.91,N
-16.88299,132.6929,301.15,0.32,0.55,2026-05-05,1556,N,nominal,2.0NRT,289.66,0.78,N
-16.88422,132.69902,302.94,0.32,0.55,2026-05-05,1556,N,nominal,2.0NRT,289.81,0.53,N
-16.91714,132.86296,308.03,0.63,0.54,2026-05-05,1556,N,nominal,2.0NRT,290.01,1.91,N
-16.89048,132.70399,299.72,0.32,0.55,2026-05-05,1556,N,nominal,2.0NRT,289.02,0.94,N
-16.89109,132.70703,314.77,0.32,0.55,2026-05-05,1556,N,nominal,2.0NRT,289.84,0.94,N
-16.8917,132.71008,307.42,0.32,0.55,2026-05-05,1556,N,nominal,2.0NRT,289.56,1.25,N
-16.89232,132.71313,305.43,0.32,0.55,2026-05-05,1556,N,nominal,2.0NRT,289.46,1.25,N
-16.89293,132.71617,303.22,0.32,0.55,2026-05-05,1556,N,nominal,2.0NRT,289.24,0.63,N
-16.89965,132.74966,300.1,0.32,0.55,2026-05-05,1556,N,nominal,2.0NRT,289.51,0.42,N
-16.89796,132.71506,308.45,0.32,0.55,2026-05-05,1556,N,nominal,2.0NRT,288.72,0.63,N
-16.89857,132.71811,306.03,0.32,0.55,2026-05-05,1556,N,nominal,2.0NRT,288.91,0.63,N
-16.8998,132.72423,302.48,0.32,0.55,2026-05-05,1556,N,nominal,2.0NRT,288.97,1.16,N
-16.90041,132.72726,308.8,0.32,0.55,2026-05-05,1556,N,nominal,2.0NRT,288.92,0.91,N
-16.90102,132.73033,310.02,0.32,0.55,2026-05-05,1556,N,nominal,2.0NRT,289.42,0.91,N
-16.92496,132.8239,304.61,0.63,0.54,2026-05-05,1556,N,nominal,2.0NRT,289.87,1.47,N
-16.92615,132.82986,310.73,0.63,0.54,2026-05-05,1556,N,nominal,2.0NRT,289.97,1.47,N
-16.92853,132.8418,300.65,0.63,0.54,2026-05-05,1556,N,nominal,2.0NRT,289.76,2.96,N
-16.92972,132.84775,300.1,0.63,0.54,2026-05-05,1556,N,nominal,2.0NRT,289.92,0.85,N
-16.93189,132.83879,310.95,0.63,0.54,2026-05-05,1556,N,nominal,2.0NRT,290.07,2.31,N
-17.04184,132.78944,299.35,0.63,0.54,2026-05-05,1556,N,nominal,2.0NRT,289.16,0.69,N
-16.99871,132.51987,300.75,0.33,0.55,2026-05-05,1556,N,nominal,2.0NRT,289.58,0.31,N
-17.04085,132.78886,302.03,0.63,0.54,2026-05-05,1556,N,nominal,2.0NRT,289.18,1.12,N
-17.00216,132.52512,299.76,0.33,0.55,2026-05-05,1556,N,nominal,2.0NRT,289.37,0.64,N
-19.11819,143.49367,308.59,0.43,0.38,2026-05-05,1558,N,nominal,2.0NRT,290.93,1.24,N
-19.46319,144.44911,312.95,0.48,0.4,2026-05-05,1558,N,nominal,2.0NRT,286.96,1.56,N
-19.46624,144.44395,302.01,0.48,0.4,2026-05-05,1558,N,nominal,2.0NRT,286.94,1.36,N
-19.46925,144.44984,297.19,0.48,0.4,2026-05-05,1558,N,nominal,2.0NRT,286.33,0.56,N
-21.6539,147.98286,304.83,0.54,0.51,2026-05-05,1558,N,nominal,2.0NRT,286.53,0.9,N
-20.73314,139.47714,339.68,0.39,0.36,2026-05-05,1558,N,nominal,2.0NRT,290.94,5.42,N
-20.7365,139.47655,303.94,0.39,0.36,2026-05-05,1558,N,nominal,2.0NRT,288.06,1.23,N
-22.04027,146.35898,300.62,0.43,0.46,2026-05-05,1558,N,nominal,2.0NRT,289.83,1.36,N
-22.59965,149.70946,302.71,0.36,0.57,2026-05-05,1558,N,nominal,2.0NRT,287.36,1.85,N
-22.60501,149.70886,301.51,0.36,0.57,2026-05-05,1558,N,nominal,2.0NRT,287.2,1.14,N
-22.61605,149.7112,310.14,0.36,0.57,2026-05-05,1558,N,nominal,2.0NRT,286.37,0.97,N
-23.04736,148.59337,303.04,0.61,0.54,2026-05-05,1558,N,nominal,2.0NRT,287.35,1.2,N
-22.95796,147.31473,306.42,0.51,0.49,2026-05-05,1558,N,nominal,2.0NRT,286.73,1.31,N
-23.18332,148.29654,313.67,0.59,0.53,2026-05-05,1558,N,nominal,2.0NRT,286.37,1.36,N
-23.18825,148.29594,300.77,0.59,0.53,2026-05-05,1558,N,nominal,2.0NRT,285.71,1.36,N
-21.28336,134.8148,297.2,0.4,0.44,2026-05-05,1558,N,nominal,2.0NRT,283.42,0.28,N
-23.30289,148.33446,305.01,0.59,0.53,2026-05-05,1558,N,nominal,2.0NRT,286.47,1.43,N
-29.11299,150.32344,296.56,0.45,0.63,2026-05-05,1601,N,nominal,2.0NRT,283.31,1.3,N
-29.1152,150.32257,297.81,0.45,0.63,2026-05-05,1601,N,nominal,2.0NRT,282.98,1.04,N
-29.33624,149.72423,298.29,0.42,0.61,2026-05-05,1601,N,nominal,2.0NRT,282.18,0.94,N
-43.7925,171.62798,322.56,0.35,0.57,2026-05-05,1242,N,nominal,2.0NRT,273.83,1.9,N
-12.65956,124.54238,308.33,0.55,0.51,2026-05-05,1737,N,nominal,2.0NRT,292.14,1.95,N
-12.66023,124.54753,309.96,0.55,0.51,2026-05-05,1737,N,nominal,2.0NRT,293.08,1.95,N
-13.58668,130.3688,303.81,0.69,0.74,2026-05-05,1737,N,nominal,2.0NRT,290.88,0.93,N
-13.83925,130.5986,305.26,0.72,0.76,2026-05-05,1737,N,nominal,2.0NRT,292.01,1.76,N
-15.47668,130.05438,340.32,0.69,0.74,2026-05-05,1739,N,nominal,2.0NRT,290.45,6.55,N
-15.48985,130.04486,302.26,0.69,0.74,2026-05-05,1739,N,nominal,2.0NRT,289.42,1.43,N
-15.47457,130.05659,332.7,0.69,0.74,2026-05-05,1739,N,nominal,2.0NRT,290.5,3.84,N
-15.48142,130.05431,310.85,0.69,0.74,2026-05-05,1739,N,nominal,2.0NRT,289.6,3.84,N
-15.48772,130.04623,303.71,0.69,0.74,2026-05-05,1739,N,nominal,2.0NRT,289.64,1.88,N
-15.56631,129.98453,303.75,0.69,0.74,2026-05-05,1739,N,nominal,2.0NRT,288.98,1.25,N
-15.56696,129.99092,307.39,0.69,0.74,2026-05-05,1739,N,nominal,2.0NRT,288.62,1.25,N
-15.56549,129.98578,307.09,0.69,0.74,2026-05-05,1739,N,nominal,2.0NRT,288.77,2.35,N
-15.56613,129.99254,305.66,0.69,0.74,2026-05-05,1739,N,nominal,2.0NRT,288.77,1.56,N
-16.49734,124.99115,300.9,0.33,0.55,2026-05-05,1739,N,nominal,2.0NRT,285.08,1.23,N
-16.4992,124.99262,308.3,0.33,0.55,2026-05-05,1739,N,nominal,2.0NRT,283.44,0.99,N
-17.13309,124.25137,317.69,0.6,0.53,2026-05-05,1739,N,nominal,2.0NRT,289.97,2.12,N
-17.13378,124.25715,308.76,0.6,0.53,2026-05-05,1739,N,nominal,2.0NRT,289.29,2.12,N
-17.16721,124.20058,323.6,0.6,0.53,2026-05-05,1739,N,nominal,2.0NRT,289.97,2.91,N
-17.1679,124.20629,310.46,0.6,0.53,2026-05-05,1739,N,nominal,2.0NRT,289.97,2.91,N
-17.16838,124.20602,326.31,0.6,0.53,2026-05-05,1739,N,nominal,2.0NRT,290.82,2.53,N
-17.16772,124.20029,314.65,0.6,0.53,2026-05-05,1739,N,nominal,2.0NRT,289.64,4.79,N
-17.17333,124.20539,320.43,0.6,0.53,2026-05-05,1739,N,nominal,2.0NRT,289.18,2.53,N
-17.17398,124.21111,302.13,0.6,0.53,2026-05-05,1739,N,nominal,2.0NRT,289.7,2.53,N
-17.1796,124.21621,300.59,0.6,0.53,2026-05-05,1739,N,nominal,2.0NRT,289.36,1.54,N
-17.25374,124.86911,303.58,0.33,0.56,2026-05-05,1739,N,nominal,2.0NRT,289.66,0.53,N
-17.2541,124.87231,303.68,0.33,0.56,2026-05-05,1739,N,nominal,2.0NRT,289.55,0.53,N
-17.18456,124.2156,303.52,0.6,0.53,2026-05-05,1739,N,nominal,2.0NRT,289.38,1.54,N
-17.18522,124.22136,309.69,0.6,0.53,2026-05-05,1739,N,nominal,2.0NRT,289.38,1.54,N
-17.26214,124.89723,307.18,0.33,0.56,2026-05-05,1739,N,nominal,2.0NRT,288.62,0.31,N
-17.26733,124.89654,301.44,0.33,0.56,2026-05-05,1739,N,nominal,2.0NRT,287.89,0.36,N
-17.28143,124.88171,302.56,0.33,0.56,2026-05-05,1739,N,nominal,2.0NRT,289.48,0.5,N
-17.28626,124.87789,342.48,0.33,0.56,2026-05-05,1739,N,nominal,2.0NRT,290.57,2.88,N
-17.29144,124.87727,349.88,0.33,0.56,2026-05-05,1739,N,nominal,2.0NRT,291.09,2.88,N
-17.29108,124.87408,318.69,0.33,0.56,2026-05-05,1739,N,nominal,2.0NRT,289.83,6.09,N
-17.29181,124.88045,302.89,0.33,0.56,2026-05-05,1739,N,nominal,2.0NRT,289.36,2.88,N
-17.28434,124.72443,301.46,0.33,0.55,2026-05-05,1739,N,nominal,2.0NRT,287.9,0.7,N
-17.28911,124.72067,309.23,0.33,0.55,2026-05-05,1739,N,nominal,2.0NRT,288.05,0.84,N
-17.28947,124.7238,301.77,0.33,0.55,2026-05-05,1739,N,nominal,2.0NRT,288.83,0.86,N
-17.29064,124.4279,342.5,0.62,0.54,2026-05-05,1739,N,nominal,2.0NRT,291.06,4.47,N
-17.28992,124.42195,300.33,0.62,0.54,2026-05-05,1739,N,nominal,2.0NRT,289.41,2.94,N
-17.29135,124.43384,302.15,0.62,0.54,2026-05-05,1739,N,nominal,2.0NRT,289.41,4.47,N
-17.29567,124.42726,308.55,0.62,0.54,2026-05-05,1739,N,nominal,2.0NRT,285.53,2.48,N
-17.29638,124.43319,318.56,0.62,0.54,2026-05-05,1739,N,nominal,2.0NRT,289.06,2.48,N
-17.28999,124.4274,332.64,0.62,0.54,2026-05-05,1739,N,nominal,2.0NRT,291,4.97,N
-17.29569,124.43269,327.64,0.62,0.54,2026-05-05,1739,N,nominal,2.0NRT,288.71,6.64,N
-17.29502,124.42674,316.33,0.62,0.54,2026-05-05,1739,N,nominal,2.0NRT,285.67,4.97,N
-17.40596,124.16103,300.99,0.6,0.53,2026-05-05,1739,N,nominal,2.0NRT,289.35,0.29,N
-17.34476,122.43456,305.46,0.46,0.47,2026-05-05,1739,N,nominal,2.0NRT,292.3,0.83,N
-17.34532,122.43894,306.84,0.46,0.47,2026-05-05,1739,N,nominal,2.0NRT,291.3,0.83,N
-17.34973,122.43837,310.01,0.46,0.47,2026-05-05,1739,N,nominal,2.0NRT,291.86,1.68,N
-17.3519,122.4203,340.32,0.46,0.47,2026-05-05,1739,N,nominal,2.0NRT,293.9,5.99,N
-17.35415,122.43778,317.68,0.46,0.47,2026-05-05,1739,N,nominal,2.0NRT,291.69,1.68,N
-17.3563,122.41971,331.33,0.46,0.47,2026-05-05,1739,N,nominal,2.0NRT,293.32,6.02,N
-17.35686,122.42408,321.62,0.46,0.47,2026-05-05,1739,N,nominal,2.0NRT,293.04,3.4,N
-17.35855,122.43715,317.17,0.46,0.47,2026-05-05,1739,N,nominal,2.0NRT,291.92,1.82,N
-17.36126,122.42344,340.87,0.46,0.47,2026-05-05,1739,N,nominal,2.0NRT,293.96,3.4,N
-17.36295,122.43652,321.03,0.46,0.47,2026-05-05,1739,N,nominal,2.0NRT,292.02,1.82,N
-17.36566,122.42281,347.99,0.46,0.47,2026-05-05,1739,N,nominal,2.0NRT,296.43,4.47,N
-17.36735,122.43588,305.67,0.46,0.47,2026-05-05,1739,N,nominal,2.0NRT,291.3,0.7,N
-17.37006,122.42218,307.02,0.46,0.47,2026-05-05,1739,N,nominal,2.0NRT,291.33,4.47,N
-17.37062,122.42652,312.01,0.46,0.47,2026-05-05,1739,N,nominal,2.0NRT,291.75,4.47,N
-17.37175,122.43525,305.71,0.46,0.47,2026-05-05,1739,N,nominal,2.0NRT,291.51,0.7,N
-17.35573,122.42237,335.36,0.46,0.47,2026-05-05,1739,N,nominal,2.0NRT,294.29,3.4,N
-17.3552,122.41801,319.07,0.46,0.47,2026-05-05,1739,N,nominal,2.0NRT,292.25,3.4,N
-17.35627,122.42676,302.78,0.46,0.47,2026-05-05,1739,N,nominal,2.0NRT,291.71,2.28,N
-17.35733,122.43549,305.17,0.46,0.47,2026-05-05,1739,N,nominal,2.0NRT,291.54,1.5,N
-17.35786,122.43988,311.05,0.47,0.47,2026-05-05,1739,N,nominal,2.0NRT,291.27,1.5,N
-17.36013,122.42171,327.57,0.46,0.47,2026-05-05,1739,N,nominal,2.0NRT,293.08,3.4,N
-17.36226,122.43924,314.58,0.47,0.47,2026-05-05,1739,N,nominal,2.0NRT,291.6,1.5,N
-17.36453,122.42109,340.32,0.46,0.47,2026-05-05,1739,N,nominal,2.0NRT,296.69,7.17,N
-17.36507,122.42546,310.92,0.46,0.47,2026-05-05,1739,N,nominal,2.0NRT,292.16,2.97,N
-17.36667,122.43858,310.15,0.47,0.47,2026-05-05,1739,N,nominal,2.0NRT,291.25,2.14,N
-17.36893,122.42046,302.7,0.46,0.47,2026-05-05,1739,N,nominal,2.0NRT,291.07,7.17,N
-17.36947,122.42481,318.16,0.46,0.47,2026-05-05,1739,N,nominal,2.0NRT,291.82,2.97,N
-17.37387,122.42423,310.6,0.46,0.47,2026-05-05,1739,N,nominal,2.0NRT,291.34,1.44,N
-17.37441,122.42859,315.25,0.46,0.47,2026-05-05,1739,N,nominal,2.0NRT,291.93,1.44,N
-17.37548,122.43736,311.18,0.47,0.47,2026-05-05,1739,N,nominal,2.0NRT,291.34,1.51,N
-17.50839,123.18909,307,0.52,0.5,2026-05-05,1739,N,nominal,2.0NRT,289.81,1.38,N
-17.51768,123.18784,300.38,0.52,0.5,2026-05-05,1739,N,nominal,2.0NRT,289.2,0.91,N
-17.52207,122.64961,308.65,0.48,0.48,2026-05-05,1739,N,nominal,2.0NRT,288.38,1.83,N
-17.52264,122.65423,312.16,0.48,0.48,2026-05-05,1739,N,nominal,2.0NRT,287.97,1.3,N
-17.88852,124.85648,330.29,0.34,0.56,2026-05-05,1739,N,nominal,2.0NRT,285.59,1.78,N
-17.89373,124.85579,308.66,0.34,0.56,2026-05-05,1739,N,nominal,2.0NRT,284.18,1.78,N
-17.89409,124.85904,295.88,0.34,0.56,2026-05-05,1739,N,nominal,2.0NRT,275.53,1.24,N
-17.79219,123.90999,301.74,0.59,0.53,2026-05-05,1739,N,nominal,2.0NRT,288.39,1.4,N
-17.79612,123.94402,305.13,0.59,0.53,2026-05-05,1739,N,nominal,2.0NRT,289.37,1.35,N
-17.72262,123.0802,306.11,0.52,0.5,2026-05-05,1739,N,nominal,2.0NRT,290.79,1.12,N
-17.72323,123.08524,301.44,0.52,0.5,2026-05-05,1739,N,nominal,2.0NRT,290.31,1.62,N
-17.72663,123.07462,307.84,0.52,0.5,2026-05-05,1739,N,nominal,2.0NRT,290.4,1.12,N
-17.72724,123.0796,304.12,0.52,0.5,2026-05-05,1739,N,nominal,2.0NRT,290.54,1.12,N
-17.72908,123.09465,301,0.52,0.5,2026-05-05,1739,N,nominal,2.0NRT,289.8,0.87,N
-17.73125,123.07401,313.21,0.52,0.5,2026-05-05,1739,N,nominal,2.0NRT,290.89,2.07,N
-17.73588,123.07339,322.68,0.52,0.5,2026-05-05,1739,N,nominal,2.0NRT,290.31,2.07,N
-17.74792,123.05688,298.5,0.51,0.5,2026-05-05,1739,N,nominal,2.0NRT,285.7,0.44,N
-17.79666,123.11981,300.47,0.52,0.5,2026-05-05,1739,N,nominal,2.0NRT,286.52,0.64,N
-18.69885,121.75851,300.31,0.44,0.46,2026-05-05,1739,N,nominal,2.0NRT,289.83,1.77,N
-18.70315,121.7579,331.85,0.44,0.46,2026-05-05,1739,N,nominal,2.0NRT,290.94,1.77,N
-18.80504,121.86251,300.84,0.45,0.47,2026-05-05,1739,N,nominal,2.0NRT,289.75,1.23,N
-18.80572,121.83202,330.07,0.44,0.46,2026-05-05,1739,N,nominal,2.0NRT,292.14,3.44,N
-18.80936,121.86185,330.97,0.45,0.47,2026-05-05,1739,N,nominal,2.0NRT,290.92,2.18,N
-18.80951,121.82715,314.75,0.44,0.46,2026-05-05,1739,N,nominal,2.0NRT,292.1,2.5,N
-18.81369,121.86123,303.92,0.45,0.47,2026-05-05,1739,N,nominal,2.0NRT,289.7,2.18,N
-18.81435,121.83076,330.95,0.44,0.46,2026-05-05,1739,N,nominal,2.0NRT,292.2,1.94,N
-18.81383,121.82651,307.99,0.44,0.46,2026-05-05,1739,N,nominal,2.0NRT,290.83,1.94,N
-18.81867,121.83015,314.08,0.44,0.46,2026-05-05,1739,N,nominal,2.0NRT,290.41,1.94,N
-18.8192,121.83443,315.94,0.44,0.46,2026-05-05,1739,N,nominal,2.0NRT,290.85,1.94,N
-18.82288,121.86433,299.56,0.45,0.47,2026-05-05,1739,N,nominal,2.0NRT,289.15,0.47,N
-18.82721,121.86375,302.62,0.45,0.47,2026-05-05,1739,N,nominal,2.0NRT,289.09,0.53,N
-18.8327,121.83694,331.32,0.44,0.46,2026-05-05,1739,N,nominal,2.0NRT,292.28,2.37,N
-18.83756,121.84064,302.5,0.45,0.47,2026-05-05,1739,N,nominal,2.0NRT,289.87,2.37,N
-18.84508,121.86568,315.68,0.45,0.47,2026-05-05,1739,N,nominal,2.0NRT,290.28,1.45,N
-18.85374,121.86446,302.27,0.45,0.47,2026-05-05,1739,N,nominal,2.0NRT,289.75,1.26,N
-19.85995,122.34722,327.75,0.49,0.49,2026-05-05,1739,N,nominal,2.0NRT,290.91,4.34,N
-19.85258,122.28504,317.11,0.49,0.48,2026-05-05,1739,N,nominal,2.0NRT,289.55,3.24,N
-19.86052,122.35199,304.58,0.49,0.49,2026-05-05,1739,N,nominal,2.0NRT,288.83,1.25,N
-19.86392,122.34183,324.72,0.49,0.49,2026-05-05,1739,N,nominal,2.0NRT,290.06,2.57,N
-19.86676,122.36576,326.77,0.49,0.49,2026-05-05,1739,N,nominal,2.0NRT,290.71,2.21,N
-19.86904,122.38498,331.93,0.5,0.49,2026-05-05,1739,N,nominal,2.0NRT,291.95,2.95,N
-19.85598,122.27503,306.72,0.49,0.48,2026-05-05,1739,N,nominal,2.0NRT,287.47,1.04,N
-19.85654,122.27975,310.08,0.49,0.48,2026-05-05,1739,N,nominal,2.0NRT,287.74,1.04,N
-19.85711,122.28451,315.98,0.49,0.48,2026-05-05,1739,N,nominal,2.0NRT,288.9,2.07,N
-19.86449,122.3466,308.34,0.49,0.49,2026-05-05,1739,N,nominal,2.0NRT,289.12,2.57,N
-19.86506,122.35138,316.22,0.49,0.49,2026-05-05,1739,N,nominal,2.0NRT,290.11,1.88,N
-19.87358,122.38437,322.1,0.5,0.49,2026-05-05,1739,N,nominal,2.0NRT,291.07,2.95,N
-19.8639,122.30303,300.77,0.49,0.49,2026-05-05,1739,N,nominal,2.0NRT,287.32,0.66,N
-19.8713,122.36514,305.48,0.49,0.49,2026-05-05,1739,N,nominal,2.0NRT,289.75,2.21,N
-19.87416,122.38919,312.53,0.5,0.49,2026-05-05,1739,N,nominal,2.0NRT,290.72,3.23,N
-19.87988,122.43748,301.56,0.5,0.49,2026-05-05,1739,N,nominal,2.0NRT,289.85,0.59,N
-19.88445,122.43687,332.67,0.5,0.49,2026-05-05,1739,N,nominal,2.0NRT,291.13,2.77,N
-19.88042,122.40303,309.27,0.5,0.49,2026-05-05,1739,N,nominal,2.0NRT,290.59,1.85,N
-19.881,122.40786,319.63,0.5,0.49,2026-05-05,1739,N,nominal,2.0NRT,290.81,2.51,N
-19.88215,122.41751,302.97,0.5,0.49,2026-05-05,1739,N,nominal,2.0NRT,290.01,0.74,N
-19.88387,122.43201,315.33,0.5,0.49,2026-05-05,1739,N,nominal,2.0NRT,290.11,2.36,N
-19.88502,122.4417,305.78,0.5,0.49,2026-05-05,1739,N,nominal,2.0NRT,289.79,2.77,N
-19.90795,122.4782,322.34,0.5,0.49,2026-05-05,1739,N,nominal,2.0NRT,292.2,2.46,N
-19.90853,122.48309,301.25,0.5,0.49,2026-05-05,1739,N,nominal,2.0NRT,290.3,1.26,N
-19.91252,122.4776,314.31,0.5,0.49,2026-05-05,1739,N,nominal,2.0NRT,291.94,2.46,N
-19.9171,122.47694,354.14,0.5,0.49,2026-05-05,1739,N,nominal,2.0NRT,292.81,11.46,N
-19.91768,122.48183,301.98,0.5,0.49,2026-05-05,1739,N,nominal,2.0NRT,290.53,2.42,N
-19.91945,122.49654,302.11,0.5,0.49,2026-05-05,1739,N,nominal,2.0NRT,290.53,1.13,N
-19.92226,122.48121,334.9,0.5,0.49,2026-05-05,1739,N,nominal,2.0NRT,292.96,2.42,N
-19.92403,122.4959,318.07,0.5,0.49,2026-05-05,1739,N,nominal,2.0NRT,290.41,1.13,N
-19.92743,122.4855,330.63,0.5,0.49,2026-05-05,1739,N,nominal,2.0NRT,292.4,4.74,N
-19.92861,122.49528,310.3,0.5,0.49,2026-05-05,1739,N,nominal,2.0NRT,290.5,2.2,N
-19.93379,122.49953,306.29,0.51,0.49,2026-05-05,1739,N,nominal,2.0NRT,290.5,1.38,N
-19.93718,122.48914,337.84,0.5,0.49,2026-05-05,1739,N,nominal,2.0NRT,292.2,2.9,N
-19.93777,122.49402,306.94,0.5,0.49,2026-05-05,1739,N,nominal,2.0NRT,290.03,2.9,N
-19.93837,122.49892,300.41,0.51,0.49,2026-05-05,1739,N,nominal,2.0NRT,290.28,0.68,N
-19.94236,122.49342,311.04,0.5,0.49,2026-05-05,1739,N,nominal,2.0NRT,290.62,2.9,N
-19.92177,122.48349,321.31,0.5,0.49,2026-05-05,1739,N,nominal,2.0NRT,292.18,2.24,N
-19.92344,122.49823,321.62,0.51,0.49,2026-05-05,1739,N,nominal,2.0NRT,291.14,2.09,N
-19.92121,122.4786,318.65,0.5,0.49,2026-05-05,1739,N,nominal,2.0NRT,291.74,3.18,N
-19.92635,122.48289,320.56,0.5,0.49,2026-05-05,1739,N,nominal,2.0NRT,291.1,2.24,N
-19.9269,122.48779,316.07,0.5,0.49,2026-05-05,1739,N,nominal,2.0NRT,291.26,2.24,N
-19.92802,122.4976,314.33,0.51,0.49,2026-05-05,1739,N,nominal,2.0NRT,290.74,2.09,N
-19.9326,122.49696,310.42,0.51,0.49,2026-05-05,1739,N,nominal,2.0NRT,290.62,2.2,N
-19.93662,122.49142,326.62,0.51,0.49,2026-05-05,1739,N,nominal,2.0NRT,291.16,2.2,N
-19.93607,122.48653,313.39,0.5,0.49,2026-05-05,1739,N,nominal,2.0NRT,290.91,2.87,N
-19.94121,122.49081,327.57,0.51,0.49,2026-05-05,1739,N,nominal,2.0NRT,291.08,1.94,N
-19.94177,122.4957,303.02,0.51,0.49,2026-05-05,1739,N,nominal,2.0NRT,290.54,1.94,N
-20.04441,122.49685,338.93,0.51,0.49,2026-05-05,1739,N,nominal,2.0NRT,292.76,5.67,N
-20.04501,122.50176,313.17,0.51,0.49,2026-05-05,1739,N,nominal,2.0NRT,290.84,5.67,N
-20.0496,122.50115,345.12,0.51,0.49,2026-05-05,1739,N,nominal,2.0NRT,292.23,5.67,N
-20.0502,122.50607,323.14,0.51,0.49,2026-05-05,1739,N,nominal,2.0NRT,290.74,1.9,N
-20.0508,122.51102,302.48,0.51,0.49,2026-05-05,1739,N,nominal,2.0NRT,289.9,1.9,N
-20.0514,122.51595,302.14,0.51,0.49,2026-05-05,1739,N,nominal,2.0NRT,290.6,0.77,N
-20.04448,122.50029,338.2,0.51,0.49,2026-05-05,1739,N,nominal,2.0NRT,292.53,4.54,N
-20.04392,122.49536,309.41,0.51,0.49,2026-05-05,1739,N,nominal,2.0NRT,290.52,3.64,N
-20.04907,122.49966,329.77,0.51,0.49,2026-05-05,1739,N,nominal,2.0NRT,291.18,5.83,N
-20.04963,122.50459,340.76,0.51,0.49,2026-05-05,1739,N,nominal,2.0NRT,292.79,5.83,N
-20.05479,122.5089,323.62,0.51,0.49,2026-05-05,1739,N,nominal,2.0NRT,290.95,2.75,N
-20.05536,122.51384,317.56,0.51,0.49,2026-05-05,1739,N,nominal,2.0NRT,290.9,2.75,N
-20.05995,122.5132,320.77,0.51,0.49,2026-05-05,1739,N,nominal,2.0NRT,291.02,3.1,N
-20.06051,122.51813,324.35,0.51,0.49,2026-05-05,1739,N,nominal,2.0NRT,291.39,3.07,N
-20.1302,122.55415,302.25,0.51,0.5,2026-05-05,1739,N,nominal,2.0NRT,290.69,2.33,N
-20.13079,122.55911,302.2,0.51,0.5,2026-05-05,1739,N,nominal,2.0NRT,290.28,1.63,N
-20.1354,122.55848,328.39,0.51,0.5,2026-05-05,1739,N,nominal,2.0NRT,291.13,1.63,N
-20.14002,122.55788,319.73,0.51,0.5,2026-05-05,1739,N,nominal,2.0NRT,290.59,1.73,N
-20.14463,122.55728,311.87,0.51,0.5,2026-05-05,1739,N,nominal,2.0NRT,290.06,1.73,N
-20.14523,122.56226,304.42,0.51,0.5,2026-05-05,1739,N,nominal,2.0NRT,290.06,1.73,N
-20.14865,122.5517,300.1,0.51,0.5,2026-05-05,1739,N,nominal,2.0NRT,289.85,0.51,N
-20.14925,122.55666,311.75,0.51,0.5,2026-05-05,1739,N,nominal,2.0NRT,290.55,2.18,N
-20.14291,122.5562,302.22,0.51,0.5,2026-05-05,1739,N,nominal,2.0NRT,289.39,1.77,N
-20.14347,122.56117,313.86,0.51,0.5,2026-05-05,1739,N,nominal,2.0NRT,290.55,1.56,N
-20.14753,122.55559,310.46,0.51,0.5,2026-05-05,1739,N,nominal,2.0NRT,290.49,1.77,N
-20.14809,122.56055,319.33,0.51,0.5,2026-05-05,1739,N,nominal,2.0NRT,290.85,1.56,N
-20.16768,122.56799,309.82,0.51,0.5,2026-05-05,1739,N,nominal,2.0NRT,290.09,0.72,N
-20.24681,122.56233,305.57,0.51,0.5,2026-05-05,1739,N,nominal,2.0NRT,290.2,1.39,N
-20.2474,122.56735,311.54,0.51,0.5,2026-05-05,1739,N,nominal,2.0NRT,290,1.33,N
-20.25142,122.56168,307.89,0.51,0.5,2026-05-05,1739,N,nominal,2.0NRT,290.1,1.39,N
-20.25202,122.5667,307.25,0.51,0.5,2026-05-05,1739,N,nominal,2.0NRT,290.33,1.33,N
-20.25014,122.56065,308.6,0.51,0.5,2026-05-05,1739,N,nominal,2.0NRT,289.98,1.68,N
-20.2507,122.56568,318.24,0.52,0.5,2026-05-05,1739,N,nominal,2.0NRT,290.7,1.68,N
-20.28715,122.515,300.98,0.51,0.49,2026-05-05,1739,N,nominal,2.0NRT,290.15,0.69,N
-20.29695,122.51876,338.96,0.51,0.5,2026-05-05,1739,N,nominal,2.0NRT,293.1,6.25,N
-20.29638,122.51379,316.12,0.51,0.49,2026-05-05,1739,N,nominal,2.0NRT,290.48,6.25,N
-20.30156,122.51813,329.27,0.51,0.5,2026-05-05,1739,N,nominal,2.0NRT,290.92,5.21,N
-20.30214,122.52312,313.5,0.51,0.5,2026-05-05,1739,N,nominal,2.0NRT,290.39,1.34,N
-20.25977,122.04504,312.55,0.48,0.48,2026-05-05,1739,N,nominal,2.0NRT,289.67,1.44,N
-20.3183,122.54114,306.52,0.51,0.5,2026-05-05,1739,N,nominal,2.0NRT,290.03,0.95,N
-20.27037,122.05775,305.1,0.48,0.48,2026-05-05,1739,N,nominal,2.0NRT,289.7,0.52,N
-20.33892,122.47756,309.31,0.51,0.49,2026-05-05,1739,N,nominal,2.0NRT,290.05,1.11,N
-20.33952,122.48257,301.29,0.51,0.49,2026-05-05,1739,N,nominal,2.0NRT,289.37,1.11,N
-20.27086,121.80256,307.45,0.46,0.47,2026-05-05,1739,N,nominal,2.0NRT,289.19,0.96,N
-20.28516,121.80965,301.54,0.46,0.47,2026-05-05,1739,N,nominal,2.0NRT,289.48,0.86,N
-20.33005,122.17348,317.37,0.49,0.48,2026-05-05,1739,N,nominal,2.0NRT,290.75,2.34,N
-20.27035,121.8052,303.73,0.46,0.47,2026-05-05,1739,N,nominal,2.0NRT,289.66,1.2,N
-20.28407,121.80781,301.76,0.46,0.47,2026-05-05,1739,N,nominal,2.0NRT,289.13,0.93,N
-20.33137,122.17641,321.75,0.49,0.48,2026-05-05,1739,N,nominal,2.0NRT,290.69,1.6,N
-20.33082,122.17168,299.77,0.49,0.48,2026-05-05,1739,N,nominal,2.0NRT,289.22,1.41,N
-20.33588,122.17579,312.05,0.49,0.48,2026-05-05,1739,N,nominal,2.0NRT,289.56,1.6,N
-20.30648,121.84608,300.58,0.47,0.47,2026-05-05,1739,N,nominal,2.0NRT,289.01,0.56,N
-20.3109,121.84548,301.42,0.47,0.47,2026-05-05,1739,N,nominal,2.0NRT,289.21,0.73,N
-20.35846,122.17289,323.03,0.49,0.48,2026-05-05,1739,N,nominal,2.0NRT,290.11,2.03,N
-20.36178,122.20132,342.61,0.49,0.49,2026-05-05,1739,N,nominal,2.0NRT,291.97,3.22,N
-20.35791,122.16815,307.21,0.49,0.48,2026-05-05,1739,N,nominal,2.0NRT,289.73,1.51,N
-20.35901,122.1776,306.93,0.49,0.48,2026-05-05,1739,N,nominal,2.0NRT,289.35,2.03,N
-20.35956,122.18233,302.88,0.49,0.48,2026-05-05,1739,N,nominal,2.0NRT,288.92,2.48,N
-20.36679,122.24431,302.5,0.49,0.49,2026-05-05,1739,N,nominal,2.0NRT,289.08,1.38,N
-20.36735,122.24911,310.23,0.49,0.49,2026-05-05,1739,N,nominal,2.0NRT,290.11,1.6,N
-20.36464,122.18649,332.6,0.49,0.49,2026-05-05,1739,N,nominal,2.0NRT,290.95,2.48,N
-20.36519,122.19122,331.23,0.49,0.49,2026-05-05,1739,N,nominal,2.0NRT,290.69,4.14,N
-20.36575,122.19596,322.5,0.49,0.49,2026-05-05,1739,N,nominal,2.0NRT,290.29,4.14,N
-20.36408,122.18176,318.93,0.49,0.48,2026-05-05,1739,N,nominal,2.0NRT,290.03,2.48,N
-20.3663,122.20071,310.88,0.49,0.49,2026-05-05,1739,N,nominal,2.0NRT,290.03,3.22,N
-19.65084,115.92955,315.97,0.39,0.36,2026-05-05,1739,N,nominal,2.0NRT,297.92,0.98,N
-19.9294,115.38316,311.12,0.38,0.36,2026-05-05,1739,N,nominal,2.0NRT,297.76,0.44,N
-20.59647,116.78197,340.92,0.4,0.37,2026-05-05,1739,N,nominal,2.0NRT,295.74,2.99,N
-20.5959,116.77811,307.83,0.4,0.37,2026-05-05,1739,N,nominal,2.0NRT,295.74,2.99,N
-20.61063,116.75976,309.78,0.4,0.37,2026-05-05,1739,N,nominal,2.0NRT,293.04,0.92,N
-21.61813,122.28307,310.23,0.51,0.5,2026-05-05,1741,N,nominal,2.0NRT,289.14,1.7,N
-21.61613,122.28193,303.17,0.51,0.5,2026-05-05,1741,N,nominal,2.0NRT,288.53,0.9,N
-21.62593,122.28577,316.67,0.51,0.5,2026-05-05,1741,N,nominal,2.0NRT,289.24,2.6,N
-21.63056,122.28514,337.58,0.51,0.5,2026-05-05,1741,N,nominal,2.0NRT,289.79,5.98,N
-20.78904,115.44736,306.14,0.38,0.36,2026-05-05,1741,N,nominal,2.0NRT,294.53,1.02,N
-20.78962,115.45106,304.17,0.38,0.36,2026-05-05,1741,N,nominal,2.0NRT,294.15,1.02,N
-20.79237,115.44677,333.81,0.38,0.36,2026-05-05,1741,N,nominal,2.0NRT,293.24,2.22,N
-21.69635,114.99968,310.36,0.38,0.36,2026-05-05,1741,N,nominal,2.0NRT,292.4,0.88,N
-21.69694,115.0034,303.22,0.38,0.36,2026-05-05,1741,N,nominal,2.0NRT,291.37,0.88,N
-28.00816,122.96485,297.8,0.34,0.56,2026-05-05,1741,N,nominal,2.0NRT,279.2,0.41,N
-27.89419,114.1796,296.91,0.39,0.36,2026-05-05,1741,N,nominal,2.0NRT,285.82,0.43,N
-28.42336,114.71419,296.87,0.4,0.37,2026-05-05,1743,N,nominal,2.0NRT,284.73,0.55,N
-29.46222,115.13871,296.95,0.41,0.37,2026-05-05,1743,N,nominal,2.0NRT,286.94,0.24,N
-29.62368,115.78978,297.13,0.44,0.38,2026-05-05,1743,N,nominal,2.0NRT,282.58,0.91,N
-30.0845,116.10751,300.8,0.45,0.39,2026-05-05,1743,N,nominal,2.0NRT,281.09,0.73,N
-31.03959,116.16553,298.27,0.46,0.39,2026-05-05,1741,N,nominal,2.0NRT,284.4,0.72,N
-31.04022,116.17051,299.83,0.46,0.39,2026-05-05,1741,N,nominal,2.0NRT,284.23,0.56,N
-31.04325,116.16486,297.61,0.46,0.39,2026-05-05,1741,N,nominal,2.0NRT,284.64,0.66,N
-31.14689,115.57165,309.76,0.44,0.38,2026-05-05,1741,N,nominal,2.0NRT,281.85,1.39,N
-31.27498,115.61393,298.22,0.44,0.39,2026-05-05,1741,N,nominal,2.0NRT,284.67,1.05,N
-31.27857,115.61331,315.24,0.44,0.39,2026-05-05,1741,N,nominal,2.0NRT,284.78,1.05,N
-31.27901,115.61137,305.38,0.44,0.39,2026-05-05,1741,N,nominal,2.0NRT,282.69,1.1,N
-31.27962,115.61607,300.05,0.44,0.39,2026-05-05,1741,N,nominal,2.0NRT,283.79,0.97,N
-31.57654,116.144,296.99,0.47,0.4,2026-05-05,1741,N,nominal,2.0NRT,284.71,0.68,N
-31.57716,116.14888,297.78,0.47,0.4,2026-05-05,1741,N,nominal,2.0NRT,285.22,0.68,N
-31.57778,116.15385,306.86,0.47,0.4,2026-05-05,1741,N,nominal,2.0NRT,285.05,1.32,N
-31.5784,116.1588,310.32,0.47,0.4,2026-05-05,1741,N,nominal,2.0NRT,285.11,1.32,N
-31.58022,116.1433,300.22,0.47,0.4,2026-05-05,1741,N,nominal,2.0NRT,284.84,0.68,N
-31.58083,116.14819,307.22,0.47,0.4,2026-05-05,1741,N,nominal,2.0NRT,285.07,0.68,N
-31.58265,116.1328,297.76,0.47,0.4,2026-05-05,1741,N,nominal,2.0NRT,285.24,0.49,N
-31.58328,116.1378,296.73,0.47,0.4,2026-05-05,1741,N,nominal,2.0NRT,284.94,0.49,N
-31.58451,116.14751,300.88,0.47,0.4,2026-05-05,1741,N,nominal,2.0NRT,284.82,0.82,N
-31.58506,116.12202,295.4,0.47,0.4,2026-05-05,1741,N,nominal,2.0NRT,284.92,0.78,N
-31.58569,116.12703,297.74,0.47,0.4,2026-05-05,1741,N,nominal,2.0NRT,284.75,0.78,N
-31.58632,116.13206,297.82,0.47,0.4,2026-05-05,1741,N,nominal,2.0NRT,285.13,0.49,N
-31.58696,116.13711,296.52,0.47,0.4,2026-05-05,1741,N,nominal,2.0NRT,285.18,0.49,N
-31.58818,116.14686,295.25,0.47,0.4,2026-05-05,1741,N,nominal,2.0NRT,284.43,0.82,N
-31.58936,116.12632,295.74,0.47,0.4,2026-05-05,1741,N,nominal,2.0NRT,284.71,1.23,N
-31.59063,116.1364,297.58,0.47,0.4,2026-05-05,1741,N,nominal,2.0NRT,284.82,0.74,N
-31.5943,116.1357,298.99,0.47,0.4,2026-05-05,1741,N,nominal,2.0NRT,284.53,0.74,N
-31.59555,116.14561,299.32,0.47,0.4,2026-05-05,1741,N,nominal,2.0NRT,284.69,1.19,N
-31.59617,116.15051,298.3,0.47,0.4,2026-05-05,1741,N,nominal,2.0NRT,284.49,0.49,N
-31.59797,116.135,300.05,0.47,0.4,2026-05-05,1741,N,nominal,2.0NRT,284.94,0.75,N
-31.59861,116.14001,300.42,0.47,0.4,2026-05-05,1741,N,nominal,2.0NRT,284.78,0.89,N
-31.59923,116.14494,310.7,0.47,0.4,2026-05-05,1741,N,nominal,2.0NRT,285.55,0.89,N
-31.60165,116.13434,297.88,0.47,0.4,2026-05-05,1741,N,nominal,2.0NRT,284.9,0.75,N
-31.60228,116.13932,295.74,0.47,0.4,2026-05-05,1741,N,nominal,2.0NRT,284.46,0.89,N
-31.60291,116.14425,309.35,0.47,0.4,2026-05-05,1741,N,nominal,2.0NRT,284.9,0.89,N
-31.60354,116.14924,299.43,0.47,0.4,2026-05-05,1741,N,nominal,2.0NRT,284.25,1.07,N
-31.60533,116.13369,297.46,0.47,0.4,2026-05-05,1741,N,nominal,2.0NRT,284.88,1.02,N
-31.60596,116.13866,297.43,0.47,0.4,2026-05-05,1741,N,nominal,2.0NRT,284.61,0.71,N
-31.60659,116.14362,300.17,0.47,0.4,2026-05-05,1741,N,nominal,2.0NRT,284.54,0.71,N
-31.60722,116.14862,301.13,0.47,0.4,2026-05-05,1741,N,nominal,2.0NRT,284.55,1.1,N
-31.60965,116.13806,297.99,0.47,0.4,2026-05-05,1741,N,nominal,2.0NRT,284.42,0.71,N
-31.61638,116.1319,296.05,0.47,0.4,2026-05-05,1741,N,nominal,2.0NRT,284.45,0.81,N
-31.61701,116.13685,299.62,0.47,0.4,2026-05-05,1741,N,nominal,2.0NRT,284.32,1.29,N
-31.6882,115.79588,308.1,0.45,0.39,2026-05-05,1741,N,nominal,2.0NRT,284.64,1.17,N
-31.81643,116.41228,297.36,0.48,0.4,2026-05-05,1741,N,nominal,2.0NRT,282.29,0.64,N
-31.81637,116.41103,296.25,0.48,0.4,2026-05-05,1741,N,nominal,2.0NRT,282.54,0.66,N
-31.8455,116.21713,299.74,0.47,0.4,2026-05-05,1741,N,nominal,2.0NRT,283.26,1.03,N
-31.84809,116.23769,295.23,0.48,0.4,2026-05-05,1741,N,nominal,2.0NRT,283.44,0.99,N
-32.31784,116.99866,295.16,0.52,0.42,2026-05-05,1741,N,nominal,2.0NRT,281.59,1.12,N
-32.31785,116.99786,296.31,0.52,0.42,2026-05-05,1741,N,nominal,2.0NRT,281.62,0.6,N
-32.32559,116.99655,301.75,0.52,0.42,2026-05-05,1741,N,nominal,2.0NRT,281.76,1.28,N
-32.22213,115.77689,295.96,0.46,0.39,2026-05-05,1741,N,nominal,2.0NRT,283.66,0.51,N
-32.56399,115.99157,298.16,0.47,0.4,2026-05-05,1741,N,nominal,2.0NRT,283.79,0.48,N
-32.56463,115.99661,295.26,0.47,0.4,2026-05-05,1741,N,nominal,2.0NRT,283.25,0.48,N
-32.56769,115.99091,303.27,0.47,0.4,2026-05-05,1741,N,nominal,2.0NRT,283.73,0.78,N
-32.56833,115.99596,299.72,0.47,0.4,2026-05-05,1741,N,nominal,2.0NRT,283.32,0.78,N
-32.57202,115.99532,300.49,0.47,0.4,2026-05-05,1741,N,nominal,2.0NRT,283.63,0.78,N
-32.57265,116.00035,302.74,0.47,0.4,2026-05-05,1741,N,nominal,2.0NRT,283.32,1.19,N
-32.57573,115.99473,311.12,0.47,0.4,2026-05-05,1741,N,nominal,2.0NRT,283.98,1.67,N
-32.57636,115.99976,298.48,0.47,0.4,2026-05-05,1741,N,nominal,2.0NRT,283.06,0.59,N
-32.57943,115.99414,313.89,0.47,0.4,2026-05-05,1741,N,nominal,2.0NRT,283.69,1.67,N
-32.58006,115.99914,295.31,0.47,0.4,2026-05-05,1741,N,nominal,2.0NRT,283.06,0.59,N
-32.58251,115.98861,295.6,0.47,0.4,2026-05-05,1741,N,nominal,2.0NRT,283.43,0.98,N
-32.58313,115.99354,309.89,0.47,0.4,2026-05-05,1741,N,nominal,2.0NRT,283.63,0.98,N
-32.77593,116.68964,299.16,0.51,0.41,2026-05-05,1741,N,nominal,2.0NRT,279.74,0.91,N
-32.67514,115.64291,298.33,0.46,0.39,2026-05-05,1741,N,nominal,2.0NRT,284.69,0.59,N
-32.67878,115.64226,299.33,0.46,0.39,2026-05-05,1741,N,nominal,2.0NRT,284.67,0.59,N
-32.67942,115.64719,297.16,0.46,0.39,2026-05-05,1741,N,nominal,2.0NRT,284.47,0.47,N
-32.67798,115.64054,296.15,0.46,0.39,2026-05-05,1741,N,nominal,2.0NRT,284.75,0.63,N
-32.6786,115.64545,297.33,0.46,0.39,2026-05-05,1741,N,nominal,2.0NRT,284.73,0.63,N
-32.85156,116.52442,300.51,0.5,0.41,2026-05-05,1741,N,nominal,2.0NRT,281.58,1.01,N
-32.85537,116.52382,296.69,0.5,0.41,2026-05-05,1741,N,nominal,2.0NRT,281,1,N
-32.85785,116.51231,295.18,0.5,0.41,2026-05-05,1741,N,nominal,2.0NRT,280.83,0.71,N
-32.91332,116.87607,319.64,0.52,0.42,2026-05-05,1741,N,nominal,2.0NRT,280.65,2.6,N
-33.22754,116.75677,295.47,0.52,0.41,2026-05-05,1741,N,nominal,2.0NRT,277.23,1.11,N
-33.29219,116.62989,298.3,0.51,0.41,2026-05-05,1741,N,nominal,2.0NRT,279.55,0.87,N
-33.2456,115.74578,301.49,0.47,0.4,2026-05-05,1741,N,nominal,2.0NRT,283.66,0.82,N
-33.40736,115.78766,310.27,0.47,0.4,2026-05-05,1741,N,nominal,2.0NRT,283.52,1.07,N
-33.78108,117.60691,295.97,0.39,0.44,2026-05-05,1741,N,nominal,2.0NRT,280.83,0.48,N
-33.8534,117.14336,314.29,0.55,0.43,2026-05-05,1741,N,nominal,2.0NRT,279.56,1.49,N
-33.86145,117.1793,325.28,0.55,0.43,2026-05-05,1741,N,nominal,2.0NRT,278.33,2.22,N
-33.86543,117.17864,305.05,0.55,0.43,2026-05-05,1741,N,nominal,2.0NRT,277.83,2.22,N
-33.95487,116.54061,303.93,0.52,0.41,2026-05-05,1741,N,nominal,2.0NRT,276.39,1,N
-34.00367,116.45068,300.3,0.51,0.41,2026-05-05,1741,N,nominal,2.0NRT,278.58,1.01,N
-34.33679,117.51603,327.64,0.39,0.44,2026-05-05,1741,N,nominal,2.0NRT,280.27,2.82,N
-34.33633,117.51178,308.32,0.39,0.44,2026-05-05,1741,N,nominal,2.0NRT,280.83,1.58,N
-34.31887,115.51459,306.02,0.47,0.4,2026-05-05,1741,N,nominal,2.0NRT,278.23,0.93,N
